timestamp_s,src,dst,protocolo,ip_len,info
1779589093.564125,,,TCP,60,"1779589093.564125 IP (tos 0x0, ttl 64, id 25400, offset 0, flags [DF], proto TCP (6), length 60)"
1779589093.664348,,,TCP,60,"1779589093.664348 IP (tos 0x0, ttl 64, id 0, offset 0, flags [DF], proto TCP (6), length 60)"
1779589093.664481,,,TCP,52,"1779589093.664481 IP (tos 0x0, ttl 64, id 25401, offset 0, flags [DF], proto TCP (6), length 52)"
1779589093.664781,,,TCP,88,"1779589093.664781 IP (tos 0x0, ttl 64, id 25402, offset 0, flags [DF], proto TCP (6), length 88)"
1779589093.674322,,,TCP,2948,"1779589093.674322 IP (tos 0x0, ttl 64, id 25403, offset 0, flags [DF], proto TCP (6), length 2948)"
1779589093.674986,,,TCP,2948,"1779589093.674986 IP (tos 0x0, ttl 64, id 25405, offset 0, flags [DF], proto TCP (6), length 2948)"
1779589093.675028,,,TCP,1500,"1779589093.675028 IP (tos 0x0, ttl 64, id 25407, offset 0, flags [DF], proto TCP (6), length 1500)"
1779589093.675380,,,TCP,2948,"1779589093.675380 IP (tos 0x0, ttl 64, id 25408, offset 0, flags [DF], proto TCP (6), length 2948)"
1779589093.675391,,,TCP,1500,"1779589093.675391 IP (tos 0x0, ttl 64, id 25410, offset 0, flags [DF], proto TCP (6), length 1500)"
1779589093.675886,,,TCP,1500,"1779589093.675886 IP (tos 0x0, ttl 64, id 25411, offset 0, flags [DF], proto TCP (6), length 1500)"
1779589093.764937,,,TCP,52,"1779589093.764937 IP (tos 0x0, ttl 64, id 16918, offset 0, flags [DF], proto TCP (6), length 52)"
1779589093.765001,,,TCP,2948,"1779589093.765001 IP (tos 0x0, ttl 64, id 25412, offset 0, flags [DF], proto TCP (6), length 2948)"
1779589093.774514,,,TCP,52,"1779589093.774514 IP (tos 0x0, ttl 64, id 16919, offset 0, flags [DF], proto TCP (6), length 52)"
1779589093.774582,,,TCP,2948,"1779589093.774582 IP (tos 0x0, ttl 64, id 25414, offset 0, flags [DF], proto TCP (6), length 2948)"
1779589093.774621,,,TCP,2948,"1779589093.774621 IP (tos 0x0, ttl 64, id 25416, offset 0, flags [DF], proto TCP (6), length 2948)"
1779589093.775062,,,TCP,52,"1779589093.775062 IP (tos 0x0, ttl 64, id 16921, offset 0, flags [DF], proto TCP (6), length 52)"
1779589093.775090,,,TCP,2948,"1779589093.775090 IP (tos 0x0, ttl 64, id 25418, offset 0, flags [DF], proto TCP (6), length 2948)"
1779589093.775095,,,TCP,2948,"1779589093.775095 IP (tos 0x0, ttl 64, id 25420, offset 0, flags [DF], proto TCP (6), length 2948)"
1779589093.775101,,,TCP,2948,"1779589093.775101 IP (tos 0x0, ttl 64, id 25422, offset 0, flags [DF], proto TCP (6), length 2948)"
1779589093.775415,,,TCP,52,"1779589093.775415 IP (tos 0x0, ttl 64, id 16922, offset 0, flags [DF], proto TCP (6), length 52)"
1779589093.775416,,,TCP,52,"1779589093.775416 IP (tos 0x0, ttl 64, id 16923, offset 0, flags [DF], proto TCP (6), length 52)"
1779589093.775469,,,TCP,2948,"1779589093.775469 IP (tos 0x0, ttl 64, id 25424, offset 0, flags [DF], proto TCP (6), length 2948)"
1779589093.775477,,,TCP,2948,"1779589093.775477 IP (tos 0x0, ttl 64, id 25426, offset 0, flags [DF], proto TCP (6), length 2948)"
1779589093.775491,,,TCP,2948,"1779589093.775491 IP (tos 0x0, ttl 64, id 25428, offset 0, flags [DF], proto TCP (6), length 2948)"
1779589093.775968,,,TCP,52,"1779589093.775968 IP (tos 0x0, ttl 64, id 16924, offset 0, flags [DF], proto TCP (6), length 52)"
1779589093.776035,,,TCP,2948,"1779589093.776035 IP (tos 0x0, ttl 64, id 25430, offset 0, flags [DF], proto TCP (6), length 2948)"
1779589093.874811,,,TCP,52,"1779589093.874811 IP (tos 0x0, ttl 64, id 16926, offset 0, flags [DF], proto TCP (6), length 52)"
1779589093.874818,,,TCP,52,"1779589093.874818 IP (tos 0x0, ttl 64, id 16927, offset 0, flags [DF], proto TCP (6), length 52)"
1779589093.874938,,,TCP,2948,"1779589093.874938 IP (tos 0x0, ttl 64, id 25432, offset 0, flags [DF], proto TCP (6), length 2948)"
1779589093.875021,,,TCP,2948,"1779589093.875021 IP (tos 0x0, ttl 64, id 25434, offset 0, flags [DF], proto TCP (6), length 2948)"
1779589093.875091,,,TCP,2948,"1779589093.875091 IP (tos 0x0, ttl 64, id 25436, offset 0, flags [DF], proto TCP (6), length 2948)"
1779589093.875120,,,TCP,52,"1779589093.875120 IP (tos 0x0, ttl 64, id 16929, offset 0, flags [DF], proto TCP (6), length 52)"
1779589093.875122,,,TCP,52,"1779589093.875122 IP (tos 0x0, ttl 64, id 16930, offset 0, flags [DF], proto TCP (6), length 52)"
1779589093.875125,,,TCP,2948,"1779589093.875125 IP (tos 0x0, ttl 64, id 25438, offset 0, flags [DF], proto TCP (6), length 2948)"
1779589093.875233,,,TCP,2948,"1779589093.875233 IP (tos 0x0, ttl 64, id 25440, offset 0, flags [DF], proto TCP (6), length 2948)"
1779589093.875243,,,TCP,2948,"1779589093.875243 IP (tos 0x0, ttl 64, id 25442, offset 0, flags [DF], proto TCP (6), length 2948)"
1779589093.875264,,,TCP,2948,"1779589093.875264 IP (tos 0x0, ttl 64, id 25444, offset 0, flags [DF], proto TCP (6), length 2948)"
1779589093.875269,,,TCP,2948,"1779589093.875269 IP (tos 0x0, ttl 64, id 25446, offset 0, flags [DF], proto TCP (6), length 2948)"
1779589093.875289,,,TCP,2948,"1779589093.875289 IP (tos 0x0, ttl 64, id 25448, offset 0, flags [DF], proto TCP (6), length 2948)"
1779589093.875295,,,TCP,2948,"1779589093.875295 IP (tos 0x0, ttl 64, id 25450, offset 0, flags [DF], proto TCP (6), length 2948)"
1779589093.875404,,,TCP,2948,"1779589093.875404 IP (tos 0x0, ttl 64, id 25452, offset 0, flags [DF], proto TCP (6), length 2948)"
1779589093.875459,,,TCP,2948,"1779589093.875459 IP (tos 0x0, ttl 64, id 25454, offset 0, flags [DF], proto TCP (6), length 2948)"
1779589093.875502,,,TCP,52,"1779589093.875502 IP (tos 0x0, ttl 64, id 16931, offset 0, flags [DF], proto TCP (6), length 52)"
1779589093.875504,,,TCP,52,"1779589093.875504 IP (tos 0x0, ttl 64, id 16932, offset 0, flags [DF], proto TCP (6), length 52)"
1779589093.875505,,,TCP,52,"1779589093.875505 IP (tos 0x0, ttl 64, id 16933, offset 0, flags [DF], proto TCP (6), length 52)"
1779589093.875532,,,TCP,2948,"1779589093.875532 IP (tos 0x0, ttl 64, id 25456, offset 0, flags [DF], proto TCP (6), length 2948)"
1779589093.875536,,,TCP,2948,"1779589093.875536 IP (tos 0x0, ttl 64, id 25458, offset 0, flags [DF], proto TCP (6), length 2948)"
1779589093.875545,,,TCP,2948,"1779589093.875545 IP (tos 0x0, ttl 64, id 25460, offset 0, flags [DF], proto TCP (6), length 2948)"
1779589093.875547,,,TCP,2948,"1779589093.875547 IP (tos 0x0, ttl 64, id 25462, offset 0, flags [DF], proto TCP (6), length 2948)"
1779589093.875554,,,TCP,2948,"1779589093.875554 IP (tos 0x0, ttl 64, id 25464, offset 0, flags [DF], proto TCP (6), length 2948)"
1779589093.875557,,,TCP,2948,"1779589093.875557 IP (tos 0x0, ttl 64, id 25466, offset 0, flags [DF], proto TCP (6), length 2948)"
1779589093.876175,,,TCP,52,"1779589093.876175 IP (tos 0x0, ttl 64, id 16934, offset 0, flags [DF], proto TCP (6), length 52)"
1779589093.876229,,,TCP,2948,"1779589093.876229 IP (tos 0x0, ttl 64, id 25468, offset 0, flags [DF], proto TCP (6), length 2948)"
1779589093.876235,,,TCP,2948,"1779589093.876235 IP (tos 0x0, ttl 64, id 25470, offset 0, flags [DF], proto TCP (6), length 2948)"
1779589093.975187,,,TCP,52,"1779589093.975187 IP (tos 0x0, ttl 64, id 16935, offset 0, flags [DF], proto TCP (6), length 52)"
1779589093.975195,,,TCP,52,"1779589093.975195 IP (tos 0x0, ttl 64, id 16938, offset 0, flags [DF], proto TCP (6), length 52)"
1779589093.975314,,,TCP,2948,"1779589093.975314 IP (tos 0x0, ttl 64, id 25472, offset 0, flags [DF], proto TCP (6), length 2948)"
1779589093.975396,,,TCP,52,"1779589093.975396 IP (tos 0x0, ttl 64, id 16939, offset 0, flags [DF], proto TCP (6), length 52)"
1779589093.975398,,,TCP,52,"1779589093.975398 IP (tos 0x0, ttl 64, id 16940, offset 0, flags [DF], proto TCP (6), length 52)"
1779589093.975398,,,TCP,52,"1779589093.975398 IP (tos 0x0, ttl 64, id 16941, offset 0, flags [DF], proto TCP (6), length 52)"
1779589093.975399,,,TCP,52,"1779589093.975399 IP (tos 0x0, ttl 64, id 16942, offset 0, flags [DF], proto TCP (6), length 52)"
1779589093.975400,,,TCP,52,"1779589093.975400 IP (tos 0x0, ttl 64, id 16943, offset 0, flags [DF], proto TCP (6), length 52)"
1779589093.975430,,,TCP,52,"1779589093.975430 IP (tos 0x0, ttl 64, id 16944, offset 0, flags [DF], proto TCP (6), length 52)"
1779589093.975433,,,TCP,2948,"1779589093.975433 IP (tos 0x0, ttl 64, id 25474, offset 0, flags [DF], proto TCP (6), length 2948)"
1779589093.975637,,,TCP,2948,"1779589093.975637 IP (tos 0x0, ttl 64, id 25476, offset 0, flags [DF], proto TCP (6), length 2948)"
1779589093.975650,,,TCP,52,"1779589093.975650 IP (tos 0x0, ttl 64, id 16945, offset 0, flags [DF], proto TCP (6), length 52)"
1779589093.975670,,,TCP,52,"1779589093.975670 IP (tos 0x0, ttl 64, id 16946, offset 0, flags [DF], proto TCP (6), length 52)"
1779589093.975671,,,TCP,52,"1779589093.975671 IP (tos 0x0, ttl 64, id 16947, offset 0, flags [DF], proto TCP (6), length 52)"
1779589093.975672,,,TCP,52,"1779589093.975672 IP (tos 0x0, ttl 64, id 16948, offset 0, flags [DF], proto TCP (6), length 52)"
1779589093.975673,,,TCP,52,"1779589093.975673 IP (tos 0x0, ttl 64, id 16949, offset 0, flags [DF], proto TCP (6), length 52)"
1779589093.975674,,,TCP,52,"1779589093.975674 IP (tos 0x0, ttl 64, id 16950, offset 0, flags [DF], proto TCP (6), length 52)"
1779589093.975675,,,TCP,52,"1779589093.975675 IP (tos 0x0, ttl 64, id 16952, offset 0, flags [DF], proto TCP (6), length 52)"
1779589093.975678,,,TCP,2948,"1779589093.975678 IP (tos 0x0, ttl 64, id 25478, offset 0, flags [DF], proto TCP (6), length 2948)"
1779589093.975734,,,TCP,2948,"1779589093.975734 IP (tos 0x0, ttl 64, id 25480, offset 0, flags [DF], proto TCP (6), length 2948)"
1779589093.975742,,,TCP,2948,"1779589093.975742 IP (tos 0x0, ttl 64, id 25482, offset 0, flags [DF], proto TCP (6), length 2948)"
1779589093.975816,,,TCP,2948,"1779589093.975816 IP (tos 0x0, ttl 64, id 25484, offset 0, flags [DF], proto TCP (6), length 2948)"
1779589093.975854,,,TCP,1500,"1779589093.975854 IP (tos 0x0, ttl 64, id 25486, offset 0, flags [DF], proto TCP (6), length 1500)"
1779589093.975866,,,TCP,2948,"1779589093.975866 IP (tos 0x0, ttl 64, id 25487, offset 0, flags [DF], proto TCP (6), length 2948)"
1779589093.975876,,,TCP,2948,"1779589093.975876 IP (tos 0x0, ttl 64, id 25489, offset 0, flags [DF], proto TCP (6), length 2948)"
1779589093.975885,,,TCP,2948,"1779589093.975885 IP (tos 0x0, ttl 64, id 25491, offset 0, flags [DF], proto TCP (6), length 2948)"
1779589093.975895,,,TCP,2948,"1779589093.975895 IP (tos 0x0, ttl 64, id 25493, offset 0, flags [DF], proto TCP (6), length 2948)"
1779589093.975906,,,TCP,2948,"1779589093.975906 IP (tos 0x0, ttl 64, id 25495, offset 0, flags [DF], proto TCP (6), length 2948)"
1779589093.975915,,,TCP,2948,"1779589093.975915 IP (tos 0x0, ttl 64, id 25497, offset 0, flags [DF], proto TCP (6), length 2948)"
1779589093.975923,,,TCP,2948,"1779589093.975923 IP (tos 0x0, ttl 64, id 25499, offset 0, flags [DF], proto TCP (6), length 2948)"
1779589093.975933,,,TCP,2948,"1779589093.975933 IP (tos 0x0, ttl 64, id 25501, offset 0, flags [DF], proto TCP (6), length 2948)"
1779589093.975942,,,TCP,2948,"1779589093.975942 IP (tos 0x0, ttl 64, id 25503, offset 0, flags [DF], proto TCP (6), length 2948)"
1779589093.975951,,,TCP,2948,"1779589093.975951 IP (tos 0x0, ttl 64, id 25505, offset 0, flags [DF], proto TCP (6), length 2948)"
1779589093.975960,,,TCP,2948,"1779589093.975960 IP (tos 0x0, ttl 64, id 25507, offset 0, flags [DF], proto TCP (6), length 2948)"
1779589093.975969,,,TCP,2948,"1779589093.975969 IP (tos 0x0, ttl 64, id 25509, offset 0, flags [DF], proto TCP (6), length 2948)"
1779589093.975979,,,TCP,2948,"1779589093.975979 IP (tos 0x0, ttl 64, id 25511, offset 0, flags [DF], proto TCP (6), length 2948)"
1779589093.976276,,,TCP,2948,"1779589093.976276 IP (tos 0x0, ttl 64, id 25513, offset 0, flags [DF], proto TCP (6), length 2948)"
1779589093.976316,,,TCP,52,"1779589093.976316 IP (tos 0x0, ttl 64, id 16953, offset 0, flags [DF], proto TCP (6), length 52)"
1779589093.976369,,,TCP,52,"1779589093.976369 IP (tos 0x0, ttl 64, id 16954, offset 0, flags [DF], proto TCP (6), length 52)"
1779589093.976398,,,TCP,2948,"1779589093.976398 IP (tos 0x0, ttl 64, id 25515, offset 0, flags [DF], proto TCP (6), length 2948)"
1779589093.976410,,,TCP,2948,"1779589093.976410 IP (tos 0x0, ttl 64, id 25517, offset 0, flags [DF], proto TCP (6), length 2948)"
1779589093.976419,,,TCP,1500,"1779589093.976419 IP (tos 0x0, ttl 64, id 25519, offset 0, flags [DF], proto TCP (6), length 1500)"
1779589093.976428,,,TCP,2948,"1779589093.976428 IP (tos 0x0, ttl 64, id 25520, offset 0, flags [DF], proto TCP (6), length 2948)"
1779589093.976438,,,TCP,2948,"1779589093.976438 IP (tos 0x0, ttl 64, id 25522, offset 0, flags [DF], proto TCP (6), length 2948)"
1779589093.976448,,,TCP,2948,"1779589093.976448 IP (tos 0x0, ttl 64, id 25524, offset 0, flags [DF], proto TCP (6), length 2948)"
1779589093.976457,,,TCP,2948,"1779589093.976457 IP (tos 0x0, ttl 64, id 25526, offset 0, flags [DF], proto TCP (6), length 2948)"
1779589093.976466,,,TCP,2948,"1779589093.976466 IP (tos 0x0, ttl 64, id 25528, offset 0, flags [DF], proto TCP (6), length 2948)"
1779589093.976475,,,TCP,2948,"1779589093.976475 IP (tos 0x0, ttl 64, id 25530, offset 0, flags [DF], proto TCP (6), length 2948)"
1779589093.976485,,,TCP,2948,"1779589093.976485 IP (tos 0x0, ttl 64, id 25532, offset 0, flags [DF], proto TCP (6), length 2948)"
1779589093.976493,,,TCP,2948,"1779589093.976493 IP (tos 0x0, ttl 64, id 25534, offset 0, flags [DF], proto TCP (6), length 2948)"
1779589093.976501,,,TCP,2948,"1779589093.976501 IP (tos 0x0, ttl 64, id 25536, offset 0, flags [DF], proto TCP (6), length 2948)"
1779589093.976510,,,TCP,2948,"1779589093.976510 IP (tos 0x0, ttl 64, id 25538, offset 0, flags [DF], proto TCP (6), length 2948)"
1779589093.976518,,,TCP,2948,"1779589093.976518 IP (tos 0x0, ttl 64, id 25540, offset 0, flags [DF], proto TCP (6), length 2948)"
1779589093.976655,,,TCP,2948,"1779589093.976655 IP (tos 0x0, ttl 64, id 25542, offset 0, flags [DF], proto TCP (6), length 2948)"
1779589093.976917,,,TCP,2948,"1779589093.976917 IP (tos 0x0, ttl 64, id 25544, offset 0, flags [DF], proto TCP (6), length 2948)"
1779589093.977143,,,TCP,2948,"1779589093.977143 IP (tos 0x0, ttl 64, id 25546, offset 0, flags [DF], proto TCP (6), length 2948)"
1779589093.977297,,,TCP,2948,"1779589093.977297 IP (tos 0x0, ttl 64, id 25548, offset 0, flags [DF], proto TCP (6), length 2948)"
1779589093.977311,,,TCP,2948,"1779589093.977311 IP (tos 0x0, ttl 64, id 25550, offset 0, flags [DF], proto TCP (6), length 2948)"
1779589094.075665,,,TCP,52,"1779589094.075665 IP (tos 0x0, ttl 64, id 16955, offset 0, flags [DF], proto TCP (6), length 52)"
1779589094.075673,,,TCP,52,"1779589094.075673 IP (tos 0x0, ttl 64, id 16956, offset 0, flags [DF], proto TCP (6), length 52)"
1779589094.075815,,,TCP,1500,"1779589094.075815 IP (tos 0x0, ttl 64, id 25552, offset 0, flags [DF], proto TCP (6), length 1500)"
1779589094.075931,,,TCP,52,"1779589094.075931 IP (tos 0x0, ttl 64, id 16959, offset 0, flags [DF], proto TCP (6), length 52)"
1779589094.075933,,,TCP,52,"1779589094.075933 IP (tos 0x0, ttl 64, id 16964, offset 0, flags [DF], proto TCP (6), length 52)"
1779589094.075934,,,TCP,52,"1779589094.075934 IP (tos 0x0, ttl 64, id 16966, offset 0, flags [DF], proto TCP (6), length 52)"
1779589094.075935,,,TCP,52,"1779589094.075935 IP (tos 0x0, ttl 64, id 16967, offset 0, flags [DF], proto TCP (6), length 52)"
1779589094.075939,,,TCP,52,"1779589094.075939 IP (tos 0x0, ttl 64, id 16968, offset 0, flags [DF], proto TCP (6), length 52)"
1779589094.075940,,,TCP,52,"1779589094.075940 IP (tos 0x0, ttl 64, id 16969, offset 0, flags [DF], proto TCP (6), length 52)"
1779589094.075941,,,TCP,52,"1779589094.075941 IP (tos 0x0, ttl 64, id 16970, offset 0, flags [DF], proto TCP (6), length 52)"
1779589094.075944,,,TCP,2948,"1779589094.075944 IP (tos 0x0, ttl 64, id 25553, offset 0, flags [DF], proto TCP (6), length 2948)"
1779589094.075962,,,TCP,52,"1779589094.075962 IP (tos 0x0, ttl 64, id 16971, offset 0, flags [DF], proto TCP (6), length 52)"
1779589094.075968,,,TCP,52,"1779589094.075968 IP (tos 0x0, ttl 64, id 16972, offset 0, flags [DF], proto TCP (6), length 52)"
1779589094.075972,,,TCP,52,"1779589094.075972 IP (tos 0x0, ttl 64, id 16973, offset 0, flags [DF], proto TCP (6), length 52)"
1779589094.075979,,,TCP,2948,"1779589094.075979 IP (tos 0x0, ttl 64, id 25555, offset 0, flags [DF], proto TCP (6), length 2948)"
1779589094.075986,,,TCP,52,"1779589094.075986 IP (tos 0x0, ttl 64, id 16974, offset 0, flags [DF], proto TCP (6), length 52)"
1779589094.076087,,,TCP,2948,"1779589094.076087 IP (tos 0x0, ttl 64, id 25557, offset 0, flags [DF], proto TCP (6), length 2948)"
1779589094.076093,,,TCP,2948,"1779589094.076093 IP (tos 0x0, ttl 64, id 25559, offset 0, flags [DF], proto TCP (6), length 2948)"
1779589094.076131,,,TCP,2948,"1779589094.076131 IP (tos 0x0, ttl 64, id 25561, offset 0, flags [DF], proto TCP (6), length 2948)"
1779589094.076137,,,TCP,2948,"1779589094.076137 IP (tos 0x0, ttl 64, id 25563, offset 0, flags [DF], proto TCP (6), length 2948)"
1779589094.076155,,,TCP,2948,"1779589094.076155 IP (tos 0x0, ttl 64, id 25565, offset 0, flags [DF], proto TCP (6), length 2948)"
1779589094.076160,,,TCP,2948,"1779589094.076160 IP (tos 0x0, ttl 64, id 25567, offset 0, flags [DF], proto TCP (6), length 2948)"
1779589094.076192,,,TCP,52,"1779589094.076192 IP (tos 0x0, ttl 64, id 16975, offset 0, flags [DF], proto TCP (6), length 52)"
1779589094.076212,,,TCP,2948,"1779589094.076212 IP (tos 0x0, ttl 64, id 25569, offset 0, flags [DF], proto TCP (6), length 2948)"
1779589094.076253,,,TCP,2948,"1779589094.076253 IP (tos 0x0, ttl 64, id 25571, offset 0, flags [DF], proto TCP (6), length 2948)"
1779589094.076266,,,TCP,2948,"1779589094.076266 IP (tos 0x0, ttl 64, id 25573, offset 0, flags [DF], proto TCP (6), length 2948)"
1779589094.076278,,,TCP,2948,"1779589094.076278 IP (tos 0x0, ttl 64, id 25575, offset 0, flags [DF], proto TCP (6), length 2948)"
1779589094.076290,,,TCP,2948,"1779589094.076290 IP (tos 0x0, ttl 64, id 25577, offset 0, flags [DF], proto TCP (6), length 2948)"
1779589094.076302,,,TCP,2948,"1779589094.076302 IP (tos 0x0, ttl 64, id 25579, offset 0, flags [DF], proto TCP (6), length 2948)"
1779589094.076313,,,TCP,2948,"1779589094.076313 IP (tos 0x0, ttl 64, id 25581, offset 0, flags [DF], proto TCP (6), length 2948)"
1779589094.076326,,,TCP,2948,"1779589094.076326 IP (tos 0x0, ttl 64, id 25583, offset 0, flags [DF], proto TCP (6), length 2948)"
1779589094.076337,,,TCP,1500,"1779589094.076337 IP (tos 0x0, ttl 64, id 25585, offset 0, flags [DF], proto TCP (6), length 1500)"
1779589094.076349,,,TCP,2948,"1779589094.076349 IP (tos 0x0, ttl 64, id 25586, offset 0, flags [DF], proto TCP (6), length 2948)"
1779589094.076360,,,TCP,2948,"1779589094.076360 IP (tos 0x0, ttl 64, id 25588, offset 0, flags [DF], proto TCP (6), length 2948)"
1779589094.076372,,,TCP,2948,"1779589094.076372 IP (tos 0x0, ttl 64, id 25590, offset 0, flags [DF], proto TCP (6), length 2948)"
1779589094.076385,,,TCP,52,"1779589094.076385 IP (tos 0x0, ttl 64, id 16976, offset 0, flags [DF], proto TCP (6), length 52)"
1779589094.076403,,,TCP,2948,"1779589094.076403 IP (tos 0x0, ttl 64, id 25592, offset 0, flags [DF], proto TCP (6), length 2948)"
1779589094.076428,,,TCP,52,"1779589094.076428 IP (tos 0x0, ttl 64, id 16977, offset 0, flags [DF], proto TCP (6), length 52)"
1779589094.076430,,,TCP,52,"1779589094.076430 IP (tos 0x0, ttl 64, id 16978, offset 0, flags [DF], proto TCP (6), length 52)"
1779589094.076439,,,TCP,52,"1779589094.076439 IP (tos 0x0, ttl 64, id 16979, offset 0, flags [DF], proto TCP (6), length 52)"
1779589094.076447,,,TCP,52,"1779589094.076447 IP (tos 0x0, ttl 64, id 16980, offset 0, flags [DF], proto TCP (6), length 52)"
1779589094.076450,,,TCP,52,"1779589094.076450 IP (tos 0x0, ttl 64, id 16981, offset 0, flags [DF], proto TCP (6), length 52)"
1779589094.076459,,,TCP,52,"1779589094.076459 IP (tos 0x0, ttl 64, id 16982, offset 0, flags [DF], proto TCP (6), length 52)"
1779589094.076468,,,TCP,52,"1779589094.076468 IP (tos 0x0, ttl 64, id 16983, offset 0, flags [DF], proto TCP (6), length 52)"
1779589094.076521,,,TCP,2948,"1779589094.076521 IP (tos 0x0, ttl 64, id 25594, offset 0, flags [DF], proto TCP (6), length 2948)"
1779589094.076532,,,TCP,2948,"1779589094.076532 IP (tos 0x0, ttl 64, id 25596, offset 0, flags [DF], proto TCP (6), length 2948)"
1779589094.076544,,,TCP,2948,"1779589094.076544 IP (tos 0x0, ttl 64, id 25598, offset 0, flags [DF], proto TCP (6), length 2948)"
1779589094.076912,,,TCP,52,"1779589094.076912 IP (tos 0x0, ttl 64, id 16985, offset 0, flags [DF], proto TCP (6), length 52)"
1779589094.076950,,,TCP,2948,"1779589094.076950 IP (tos 0x0, ttl 64, id 25600, offset 0, flags [DF], proto TCP (6), length 2948)"
1779589094.076965,,,TCP,2948,"1779589094.076965 IP (tos 0x0, ttl 64, id 25602, offset 0, flags [DF], proto TCP (6), length 2948)"
1779589094.076977,,,TCP,2948,"1779589094.076977 IP (tos 0x0, ttl 64, id 25604, offset 0, flags [DF], proto TCP (6), length 2948)"
1779589094.076990,,,TCP,2948,"1779589094.076990 IP (tos 0x0, ttl 64, id 25606, offset 0, flags [DF], proto TCP (6), length 2948)"
1779589094.077004,,,TCP,2948,"1779589094.077004 IP (tos 0x0, ttl 64, id 25608, offset 0, flags [DF], proto TCP (6), length 2948)"
1779589094.077019,,,TCP,2948,"1779589094.077019 IP (tos 0x0, ttl 64, id 25610, offset 0, flags [DF], proto TCP (6), length 2948)"
1779589094.077038,,,TCP,2948,"1779589094.077038 IP (tos 0x0, ttl 64, id 25612, offset 0, flags [DF], proto TCP (6), length 2948)"
1779589094.077056,,,TCP,2948,"1779589094.077056 IP (tos 0x0, ttl 64, id 25614, offset 0, flags [DF], proto TCP (6), length 2948)"
1779589094.077074,,,TCP,2948,"1779589094.077074 IP (tos 0x0, ttl 64, id 25616, offset 0, flags [DF], proto TCP (6), length 2948)"
1779589094.077091,,,TCP,2948,"1779589094.077091 IP (tos 0x0, ttl 64, id 25618, offset 0, flags [DF], proto TCP (6), length 2948)"
1779589094.077102,,,TCP,2948,"1779589094.077102 IP (tos 0x0, ttl 64, id 25620, offset 0, flags [DF], proto TCP (6), length 2948)"
1779589094.077114,,,TCP,2948,"1779589094.077114 IP (tos 0x0, ttl 64, id 25622, offset 0, flags [DF], proto TCP (6), length 2948)"
1779589094.077126,,,TCP,2948,"1779589094.077126 IP (tos 0x0, ttl 64, id 25624, offset 0, flags [DF], proto TCP (6), length 2948)"
1779589094.077403,,,TCP,52,"1779589094.077403 IP (tos 0x0, ttl 64, id 16986, offset 0, flags [DF], proto TCP (6), length 52)"
1779589094.077433,,,TCP,2948,"1779589094.077433 IP (tos 0x0, ttl 64, id 25626, offset 0, flags [DF], proto TCP (6), length 2948)"
1779589094.077448,,,TCP,2948,"1779589094.077448 IP (tos 0x0, ttl 64, id 25628, offset 0, flags [DF], proto TCP (6), length 2948)"
1779589094.077508,,,TCP,1500,"1779589094.077508 IP (tos 0x0, ttl 64, id 25630, offset 0, flags [DF], proto TCP (6), length 1500)"
1779589094.077524,,,TCP,2948,"1779589094.077524 IP (tos 0x0, ttl 64, id 25631, offset 0, flags [DF], proto TCP (6), length 2948)"
1779589094.077536,,,TCP,2948,"1779589094.077536 IP (tos 0x0, ttl 64, id 25633, offset 0, flags [DF], proto TCP (6), length 2948)"
1779589094.077825,,,TCP,2948,"1779589094.077825 IP (tos 0x0, ttl 64, id 25635, offset 0, flags [DF], proto TCP (6), length 2948)"
1779589094.077940,,,TCP,2948,"1779589094.077940 IP (tos 0x0, ttl 64, id 25637, offset 0, flags [DF], proto TCP (6), length 2948)"
1779589094.077989,,,TCP,2948,"1779589094.077989 IP (tos 0x0, ttl 64, id 25639, offset 0, flags [DF], proto TCP (6), length 2948)"
1779589094.077998,,,TCP,2948,"1779589094.077998 IP (tos 0x0, ttl 64, id 25641, offset 0, flags [DF], proto TCP (6), length 2948)"
1779589094.078045,,,TCP,2948,"1779589094.078045 IP (tos 0x0, ttl 64, id 25643, offset 0, flags [DF], proto TCP (6), length 2948)"
1779589094.078053,,,TCP,2948,"1779589094.078053 IP (tos 0x0, ttl 64, id 25645, offset 0, flags [DF], proto TCP (6), length 2948)"
1779589094.078059,,,TCP,2948,"1779589094.078059 IP (tos 0x0, ttl 64, id 25647, offset 0, flags [DF], proto TCP (6), length 2948)"
1779589094.078063,,,TCP,2948,"1779589094.078063 IP (tos 0x0, ttl 64, id 25649, offset 0, flags [DF], proto TCP (6), length 2948)"
1779589094.078069,,,TCP,2948,"1779589094.078069 IP (tos 0x0, ttl 64, id 25651, offset 0, flags [DF], proto TCP (6), length 2948)"
1779589094.078105,,,TCP,2948,"1779589094.078105 IP (tos 0x0, ttl 64, id 25653, offset 0, flags [DF], proto TCP (6), length 2948)"
1779589094.078118,,,TCP,2948,"1779589094.078118 IP (tos 0x0, ttl 64, id 25655, offset 0, flags [DF], proto TCP (6), length 2948)"
1779589094.078129,,,TCP,2948,"1779589094.078129 IP (tos 0x0, ttl 64, id 25657, offset 0, flags [DF], proto TCP (6), length 2948)"
1779589094.078134,,,TCP,2948,"1779589094.078134 IP (tos 0x0, ttl 64, id 25659, offset 0, flags [DF], proto TCP (6), length 2948)"
1779589094.078138,,,TCP,2948,"1779589094.078138 IP (tos 0x0, ttl 64, id 25661, offset 0, flags [DF], proto TCP (6), length 2948)"
1779589094.078142,,,TCP,2948,"1779589094.078142 IP (tos 0x0, ttl 64, id 25663, offset 0, flags [DF], proto TCP (6), length 2948)"
1779589094.078146,,,TCP,2948,"1779589094.078146 IP (tos 0x0, ttl 64, id 25665, offset 0, flags [DF], proto TCP (6), length 2948)"
1779589094.078150,,,TCP,2948,"1779589094.078150 IP (tos 0x0, ttl 64, id 25667, offset 0, flags [DF], proto TCP (6), length 2948)"
1779589094.078154,,,TCP,2948,"1779589094.078154 IP (tos 0x0, ttl 64, id 25669, offset 0, flags [DF], proto TCP (6), length 2948)"
1779589094.078158,,,TCP,2948,"1779589094.078158 IP (tos 0x0, ttl 64, id 25671, offset 0, flags [DF], proto TCP (6), length 2948)"
1779589094.078162,,,TCP,2948,"1779589094.078162 IP (tos 0x0, ttl 64, id 25673, offset 0, flags [DF], proto TCP (6), length 2948)"
1779589094.078166,,,TCP,1500,"1779589094.078166 IP (tos 0x0, ttl 64, id 25675, offset 0, flags [DF], proto TCP (6), length 1500)"
1779589094.078170,,,TCP,2948,"1779589094.078170 IP (tos 0x0, ttl 64, id 25676, offset 0, flags [DF], proto TCP (6), length 2948)"
1779589094.078174,,,TCP,2948,"1779589094.078174 IP (tos 0x0, ttl 64, id 25678, offset 0, flags [DF], proto TCP (6), length 2948)"
1779589094.078178,,,TCP,2948,"1779589094.078178 IP (tos 0x0, ttl 64, id 25680, offset 0, flags [DF], proto TCP (6), length 2948)"
1779589094.078182,,,TCP,2948,"1779589094.078182 IP (tos 0x0, ttl 64, id 25682, offset 0, flags [DF], proto TCP (6), length 2948)"
1779589094.078190,,,TCP,2948,"1779589094.078190 IP (tos 0x0, ttl 64, id 25684, offset 0, flags [DF], proto TCP (6), length 2948)"
1779589094.078193,,,TCP,2948,"1779589094.078193 IP (tos 0x0, ttl 64, id 25686, offset 0, flags [DF], proto TCP (6), length 2948)"
1779589094.078198,,,TCP,2948,"1779589094.078198 IP (tos 0x0, ttl 64, id 25688, offset 0, flags [DF], proto TCP (6), length 2948)"
1779589094.078202,,,TCP,2948,"1779589094.078202 IP (tos 0x0, ttl 64, id 25690, offset 0, flags [DF], proto TCP (6), length 2948)"
1779589094.078210,,,TCP,2948,"1779589094.078210 IP (tos 0x0, ttl 64, id 25692, offset 0, flags [DF], proto TCP (6), length 2948)"
1779589094.078215,,,TCP,2948,"1779589094.078215 IP (tos 0x0, ttl 64, id 25694, offset 0, flags [DF], proto TCP (6), length 2948)"
1779589094.078220,,,TCP,2948,"1779589094.078220 IP (tos 0x0, ttl 64, id 25696, offset 0, flags [DF], proto TCP (6), length 2948)"
1779589094.078226,,,TCP,2948,"1779589094.078226 IP (tos 0x0, ttl 64, id 25698, offset 0, flags [DF], proto TCP (6), length 2948)"
1779589094.078236,,,TCP,2948,"1779589094.078236 IP (tos 0x0, ttl 64, id 25700, offset 0, flags [DF], proto TCP (6), length 2948)"
1779589094.078243,,,TCP,2948,"1779589094.078243 IP (tos 0x0, ttl 64, id 25702, offset 0, flags [DF], proto TCP (6), length 2948)"
1779589094.176078,,,TCP,52,"1779589094.176078 IP (tos 0x0, ttl 64, id 16988, offset 0, flags [DF], proto TCP (6), length 52)"
1779589094.176084,,,TCP,52,"1779589094.176084 IP (tos 0x0, ttl 64, id 16989, offset 0, flags [DF], proto TCP (6), length 52)"
1779589094.176084,,,TCP,52,"1779589094.176084 IP (tos 0x0, ttl 64, id 16990, offset 0, flags [DF], proto TCP (6), length 52)"
1779589094.176227,,,TCP,2948,"1779589094.176227 IP (tos 0x0, ttl 64, id 25704, offset 0, flags [DF], proto TCP (6), length 2948)"
1779589094.176246,,,TCP,52,"1779589094.176246 IP (tos 0x0, ttl 64, id 16991, offset 0, flags [DF], proto TCP (6), length 52)"
1779589094.176247,,,TCP,52,"1779589094.176247 IP (tos 0x0, ttl 64, id 16992, offset 0, flags [DF], proto TCP (6), length 52)"
1779589094.176248,,,TCP,52,"1779589094.176248 IP (tos 0x0, ttl 64, id 16993, offset 0, flags [DF], proto TCP (6), length 52)"
1779589094.176249,,,TCP,52,"1779589094.176249 IP (tos 0x0, ttl 64, id 16994, offset 0, flags [DF], proto TCP (6), length 52)"
1779589094.176249,,,TCP,52,"1779589094.176249 IP (tos 0x0, ttl 64, id 16995, offset 0, flags [DF], proto TCP (6), length 52)"
1779589094.176249,,,TCP,52,"1779589094.176249 IP (tos 0x0, ttl 64, id 16996, offset 0, flags [DF], proto TCP (6), length 52)"
1779589094.176252,,,TCP,2948,"1779589094.176252 IP (tos 0x0, ttl 64, id 25706, offset 0, flags [DF], proto TCP (6), length 2948)"
1779589094.176277,,,TCP,52,"1779589094.176277 IP (tos 0x0, ttl 64, id 16999, offset 0, flags [DF], proto TCP (6), length 52)"
1779589094.176286,,,TCP,52,"1779589094.176286 IP (tos 0x0, ttl 64, id 17000, offset 0, flags [DF], proto TCP (6), length 52)"
1779589094.176309,,,TCP,52,"1779589094.176309 IP (tos 0x0, ttl 64, id 17002, offset 0, flags [DF], proto TCP (6), length 52)"
1779589094.176345,,,TCP,52,"1779589094.176345 IP (tos 0x0, ttl 64, id 17005, offset 0, flags [DF], proto TCP (6), length 52)"
1779589094.176357,,,TCP,52,"1779589094.176357 IP (tos 0x0, ttl 64, id 17006, offset 0, flags [DF], proto TCP (6), length 52)"
1779589094.176369,,,TCP,52,"1779589094.176369 IP (tos 0x0, ttl 64, id 17007, offset 0, flags [DF], proto TCP (6), length 52)"
1779589094.176372,,,TCP,2948,"1779589094.176372 IP (tos 0x0, ttl 64, id 25708, offset 0, flags [DF], proto TCP (6), length 2948)"
1779589094.176380,,,TCP,52,"1779589094.176380 IP (tos 0x0, ttl 64, id 17008, offset 0, flags [DF], proto TCP (6), length 52)"
1779589094.176386,,,TCP,2948,"1779589094.176386 IP (tos 0x0, ttl 64, id 25710, offset 0, flags [DF], proto TCP (6), length 2948)"
1779589094.176392,,,TCP,2948,"1779589094.176392 IP (tos 0x0, ttl 64, id 25712, offset 0, flags [DF], proto TCP (6), length 2948)"
1779589094.176415,,,TCP,2948,"1779589094.176415 IP (tos 0x0, ttl 64, id 25714, offset 0, flags [DF], proto TCP (6), length 2948)"
1779589094.176426,,,TCP,52,"1779589094.176426 IP (tos 0x0, ttl 64, id 17009, offset 0, flags [DF], proto TCP (6), length 52)"
1779589094.176440,,,TCP,2948,"1779589094.176440 IP (tos 0x0, ttl 64, id 25716, offset 0, flags [DF], proto TCP (6), length 2948)"
1779589094.176448,,,TCP,2948,"1779589094.176448 IP (tos 0x0, ttl 64, id 25718, offset 0, flags [DF], proto TCP (6), length 2948)"
1779589094.176455,,,TCP,1500,"1779589094.176455 IP (tos 0x0, ttl 64, id 25720, offset 0, flags [DF], proto TCP (6), length 1500)"
1779589094.176476,,,TCP,4396,"1779589094.176476 IP (tos 0x0, ttl 64, id 25721, offset 0, flags [DF], proto TCP (6), length 4396)"
1779589094.176485,,,TCP,4396,"1779589094.176485 IP (tos 0x0, ttl 64, id 25724, offset 0, flags [DF], proto TCP (6), length 4396)"
1779589094.176492,,,TCP,4396,"1779589094.176492 IP (tos 0x0, ttl 64, id 25727, offset 0, flags [DF], proto TCP (6), length 4396)"
1779589094.176499,,,TCP,4396,"1779589094.176499 IP (tos 0x0, ttl 64, id 25730, offset 0, flags [DF], proto TCP (6), length 4396)"
1779589094.176506,,,TCP,4396,"1779589094.176506 IP (tos 0x0, ttl 64, id 25733, offset 0, flags [DF], proto TCP (6), length 4396)"
1779589094.176514,,,TCP,4396,"1779589094.176514 IP (tos 0x0, ttl 64, id 25736, offset 0, flags [DF], proto TCP (6), length 4396)"
1779589094.176521,,,TCP,4396,"1779589094.176521 IP (tos 0x0, ttl 64, id 25739, offset 0, flags [DF], proto TCP (6), length 4396)"
1779589094.176535,,,TCP,52,"1779589094.176535 IP (tos 0x0, ttl 64, id 17010, offset 0, flags [DF], proto TCP (6), length 52)"
1779589094.176540,,,TCP,52,"1779589094.176540 IP (tos 0x0, ttl 64, id 17011, offset 0, flags [DF], proto TCP (6), length 52)"
1779589094.176552,,,TCP,4396,"1779589094.176552 IP (tos 0x0, ttl 64, id 25742, offset 0, flags [DF], proto TCP (6), length 4396)"
1779589094.176559,,,TCP,4396,"1779589094.176559 IP (tos 0x0, ttl 64, id 25745, offset 0, flags [DF], proto TCP (6), length 4396)"
1779589094.176564,,,TCP,4396,"1779589094.176564 IP (tos 0x0, ttl 64, id 25748, offset 0, flags [DF], proto TCP (6), length 4396)"
1779589094.176570,,,TCP,4396,"1779589094.176570 IP (tos 0x0, ttl 64, id 25751, offset 0, flags [DF], proto TCP (6), length 4396)"
1779589094.176577,,,TCP,4396,"1779589094.176577 IP (tos 0x0, ttl 64, id 25754, offset 0, flags [DF], proto TCP (6), length 4396)"
1779589094.176584,,,TCP,4396,"1779589094.176584 IP (tos 0x0, ttl 64, id 25757, offset 0, flags [DF], proto TCP (6), length 4396)"
1779589094.176590,,,TCP,4396,"1779589094.176590 IP (tos 0x0, ttl 64, id 25760, offset 0, flags [DF], proto TCP (6), length 4396)"
1779589094.176596,,,TCP,4396,"1779589094.176596 IP (tos 0x0, ttl 64, id 25763, offset 0, flags [DF], proto TCP (6), length 4396)"
1779589094.176603,,,TCP,4396,"1779589094.176603 IP (tos 0x0, ttl 64, id 25766, offset 0, flags [DF], proto TCP (6), length 4396)"
1779589094.176610,,,TCP,4396,"1779589094.176610 IP (tos 0x0, ttl 64, id 25769, offset 0, flags [DF], proto TCP (6), length 4396)"
1779589094.176616,,,TCP,4396,"1779589094.176616 IP (tos 0x0, ttl 64, id 25772, offset 0, flags [DF], proto TCP (6), length 4396)"
1779589094.176623,,,TCP,4396,"1779589094.176623 IP (tos 0x0, ttl 64, id 25775, offset 0, flags [DF], proto TCP (6), length 4396)"
1779589094.176630,,,TCP,4396,"1779589094.176630 IP (tos 0x0, ttl 64, id 25778, offset 0, flags [DF], proto TCP (6), length 4396)"
1779589094.176636,,,TCP,4396,"1779589094.176636 IP (tos 0x0, ttl 64, id 25781, offset 0, flags [DF], proto TCP (6), length 4396)"
1779589094.176644,,,TCP,4396,"1779589094.176644 IP (tos 0x0, ttl 64, id 25784, offset 0, flags [DF], proto TCP (6), length 4396)"
1779589094.176653,,,TCP,4396,"1779589094.176653 IP (tos 0x0, ttl 64, id 25787, offset 0, flags [DF], proto TCP (6), length 4396)"
1779589094.176660,,,TCP,4396,"1779589094.176660 IP (tos 0x0, ttl 64, id 25790, offset 0, flags [DF], proto TCP (6), length 4396)"
1779589094.176674,,,TCP,4396,"1779589094.176674 IP (tos 0x0, ttl 64, id 25793, offset 0, flags [DF], proto TCP (6), length 4396)"
1779589094.176687,,,TCP,4396,"1779589094.176687 IP (tos 0x0, ttl 64, id 25796, offset 0, flags [DF], proto TCP (6), length 4396)"
1779589094.176695,,,TCP,4396,"1779589094.176695 IP (tos 0x0, ttl 64, id 25799, offset 0, flags [DF], proto TCP (6), length 4396)"
1779589094.176964,,,TCP,52,"1779589094.176964 IP (tos 0x0, ttl 64, id 17012, offset 0, flags [DF], proto TCP (6), length 52)"
1779589094.176968,,,TCP,52,"1779589094.176968 IP (tos 0x0, ttl 64, id 17013, offset 0, flags [DF], proto TCP (6), length 52)"
1779589094.177012,,,TCP,4396,"1779589094.177012 IP (tos 0x0, ttl 64, id 25802, offset 0, flags [DF], proto TCP (6), length 4396)"
1779589094.177020,,,TCP,52,"1779589094.177020 IP (tos 0x0, ttl 64, id 17014, offset 0, flags [DF], proto TCP (6), length 52)"
1779589094.177020,,,TCP,52,"1779589094.177020 IP (tos 0x0, ttl 64, id 17015, offset 0, flags [DF], proto TCP (6), length 52)"
1779589094.177021,,,TCP,52,"1779589094.177021 IP (tos 0x0, ttl 64, id 17017, offset 0, flags [DF], proto TCP (6), length 52)"
1779589094.177022,,,TCP,4396,"1779589094.177022 IP (tos 0x0, ttl 64, id 25805, offset 0, flags [DF], proto TCP (6), length 4396)"
1779589094.177043,,,TCP,4396,"1779589094.177043 IP (tos 0x0, ttl 64, id 25808, offset 0, flags [DF], proto TCP (6), length 4396)"
1779589094.177048,,,TCP,52,"1779589094.177048 IP (tos 0x0, ttl 64, id 17018, offset 0, flags [DF], proto TCP (6), length 52)"
1779589094.177049,,,TCP,52,"1779589094.177049 IP (tos 0x0, ttl 64, id 17019, offset 0, flags [DF], proto TCP (6), length 52)"
1779589094.177051,,,TCP,4396,"1779589094.177051 IP (tos 0x0, ttl 64, id 25811, offset 0, flags [DF], proto TCP (6), length 4396)"
1779589094.177078,,,TCP,4396,"1779589094.177078 IP (tos 0x0, ttl 64, id 25814, offset 0, flags [DF], proto TCP (6), length 4396)"
1779589094.177087,,,TCP,52,"1779589094.177087 IP (tos 0x0, ttl 64, id 17020, offset 0, flags [DF], proto TCP (6), length 52)"
1779589094.177088,,,TCP,52,"1779589094.177088 IP (tos 0x0, ttl 64, id 17021, offset 0, flags [DF], proto TCP (6), length 52)"
1779589094.177090,,,TCP,5844,"1779589094.177090 IP (tos 0x0, ttl 64, id 25817, offset 0, flags [DF], proto TCP (6), length 5844)"
1779589094.177144,,,TCP,5844,"1779589094.177144 IP (tos 0x0, ttl 64, id 25821, offset 0, flags [DF], proto TCP (6), length 5844)"
1779589094.177157,,,TCP,52,"1779589094.177157 IP (tos 0x0, ttl 64, id 17022, offset 0, flags [DF], proto TCP (6), length 52)"
1779589094.177157,,,TCP,52,"1779589094.177157 IP (tos 0x0, ttl 64, id 17023, offset 0, flags [DF], proto TCP (6), length 52)"
1779589094.177158,,,TCP,52,"1779589094.177158 IP (tos 0x0, ttl 64, id 17024, offset 0, flags [DF], proto TCP (6), length 52)"
1779589094.177200,,,TCP,5844,"1779589094.177200 IP (tos 0x0, ttl 64, id 25825, offset 0, flags [DF], proto TCP (6), length 5844)"
1779589094.177204,,,TCP,5844,"1779589094.177204 IP (tos 0x0, ttl 64, id 25829, offset 0, flags [DF], proto TCP (6), length 5844)"
1779589094.177226,,,TCP,5844,"1779589094.177226 IP (tos 0x0, ttl 64, id 25833, offset 0, flags [DF], proto TCP (6), length 5844)"
1779589094.177262,,,TCP,5844,"1779589094.177262 IP (tos 0x0, ttl 64, id 25837, offset 0, flags [DF], proto TCP (6), length 5844)"
1779589094.177303,,,TCP,5844,"1779589094.177303 IP (tos 0x0, ttl 64, id 25841, offset 0, flags [DF], proto TCP (6), length 5844)"
1779589094.177308,,,TCP,5844,"1779589094.177308 IP (tos 0x0, ttl 64, id 25845, offset 0, flags [DF], proto TCP (6), length 5844)"
1779589094.177327,,,TCP,5844,"1779589094.177327 IP (tos 0x0, ttl 64, id 25849, offset 0, flags [DF], proto TCP (6), length 5844)"
1779589094.177332,,,TCP,4396,"1779589094.177332 IP (tos 0x0, ttl 64, id 25853, offset 0, flags [DF], proto TCP (6), length 4396)"
1779589094.177408,,,TCP,52,"1779589094.177408 IP (tos 0x0, ttl 64, id 17025, offset 0, flags [DF], proto TCP (6), length 52)"
1779589094.177432,,,TCP,5844,"1779589094.177432 IP (tos 0x0, ttl 64, id 25856, offset 0, flags [DF], proto TCP (6), length 5844)"
1779589094.177443,,,TCP,52,"1779589094.177443 IP (tos 0x0, ttl 64, id 17026, offset 0, flags [DF], proto TCP (6), length 52)"
1779589094.177458,,,TCP,5844,"1779589094.177458 IP (tos 0x0, ttl 64, id 25860, offset 0, flags [DF], proto TCP (6), length 5844)"
1779589094.177462,,,TCP,52,"1779589094.177462 IP (tos 0x0, ttl 64, id 17027, offset 0, flags [DF], proto TCP (6), length 52)"
1779589094.177471,,,TCP,5844,"1779589094.177471 IP (tos 0x0, ttl 64, id 25864, offset 0, flags [DF], proto TCP (6), length 5844)"
1779589094.177520,,,TCP,52,"1779589094.177520 IP (tos 0x0, ttl 64, id 17028, offset 0, flags [DF], proto TCP (6), length 52)"
1779589094.177543,,,TCP,52,"1779589094.177543 IP (tos 0x0, ttl 64, id 17029, offset 0, flags [DF], proto TCP (6), length 52)"
1779589094.177543,,,TCP,52,"1779589094.177543 IP (tos 0x0, ttl 64, id 17030, offset 0, flags [DF], proto TCP (6), length 52)"
1779589094.177565,,,TCP,5844,"1779589094.177565 IP (tos 0x0, ttl 64, id 25868, offset 0, flags [DF], proto TCP (6), length 5844)"
1779589094.177570,,,TCP,5844,"1779589094.177570 IP (tos 0x0, ttl 64, id 25872, offset 0, flags [DF], proto TCP (6), length 5844)"
1779589094.178003,,,TCP,52,"1779589094.178003 IP (tos 0x0, ttl 64, id 17032, offset 0, flags [DF], proto TCP (6), length 52)"
1779589094.178008,,,TCP,52,"1779589094.178008 IP (tos 0x0, ttl 64, id 17033, offset 0, flags [DF], proto TCP (6), length 52)"
1779589094.178091,,,TCP,52,"1779589094.178091 IP (tos 0x0, ttl 64, id 17036, offset 0, flags [DF], proto TCP (6), length 52)"
1779589094.178092,,,TCP,52,"1779589094.178092 IP (tos 0x0, ttl 64, id 17037, offset 0, flags [DF], proto TCP (6), length 52)"
1779589094.178135,,,TCP,5844,"1779589094.178135 IP (tos 0x0, ttl 64, id 25876, offset 0, flags [DF], proto TCP (6), length 5844)"
1779589094.178156,,,TCP,5844,"1779589094.178156 IP (tos 0x0, ttl 64, id 25880, offset 0, flags [DF], proto TCP (6), length 5844)"
1779589094.178166,,,TCP,5844,"1779589094.178166 IP (tos 0x0, ttl 64, id 25884, offset 0, flags [DF], proto TCP (6), length 5844)"
1779589094.178176,,,TCP,5844,"1779589094.178176 IP (tos 0x0, ttl 64, id 25888, offset 0, flags [DF], proto TCP (6), length 5844)"
1779589094.178186,,,TCP,5844,"1779589094.178186 IP (tos 0x0, ttl 64, id 25892, offset 0, flags [DF], proto TCP (6), length 5844)"
1779589094.178200,,,TCP,5844,"1779589094.178200 IP (tos 0x0, ttl 64, id 25896, offset 0, flags [DF], proto TCP (6), length 5844)"
1779589094.178211,,,TCP,1500,"1779589094.178211 IP (tos 0x0, ttl 64, id 25900, offset 0, flags [DF], proto TCP (6), length 1500)"
1779589094.178219,,,TCP,5844,"1779589094.178219 IP (tos 0x0, ttl 64, id 25901, offset 0, flags [DF], proto TCP (6), length 5844)"
1779589094.179429,,,TCP,1500,"1779589094.179429 IP (tos 0x0, ttl 64, id 25905, offset 0, flags [DF], proto TCP (6), length 1500)"
1779589094.264428,,,TCP,60,"1779589094.264428 IP (tos 0x0, ttl 64, id 48275, offset 0, flags [DF], proto TCP (6), length 60)"
1779589094.276356,,,TCP,52,"1779589094.276356 IP (tos 0x0, ttl 64, id 17040, offset 0, flags [DF], proto TCP (6), length 52)"
1779589094.276424,,,TCP,7292,"1779589094.276424 IP (tos 0x0, ttl 64, id 25906, offset 0, flags [DF], proto TCP (6), length 7292)"
1779589094.276466,,,TCP,52,"1779589094.276466 IP (tos 0x0, ttl 64, id 17041, offset 0, flags [DF], proto TCP (6), length 52)"
1779589094.276467,,,TCP,52,"1779589094.276467 IP (tos 0x0, ttl 64, id 17043, offset 0, flags [DF], proto TCP (6), length 52)"
1779589094.276468,,,TCP,52,"1779589094.276468 IP (tos 0x0, ttl 64, id 17044, offset 0, flags [DF], proto TCP (6), length 52)"
1779589094.276468,,,TCP,52,"1779589094.276468 IP (tos 0x0, ttl 64, id 17045, offset 0, flags [DF], proto TCP (6), length 52)"
1779589094.276468,,,TCP,52,"1779589094.276468 IP (tos 0x0, ttl 64, id 17046, offset 0, flags [DF], proto TCP (6), length 52)"
1779589094.276469,,,TCP,52,"1779589094.276469 IP (tos 0x0, ttl 64, id 17047, offset 0, flags [DF], proto TCP (6), length 52)"
1779589094.276471,,,TCP,7292,"1779589094.276471 IP (tos 0x0, ttl 64, id 25911, offset 0, flags [DF], proto TCP (6), length 7292)"
1779589094.276510,,,TCP,7292,"1779589094.276510 IP (tos 0x0, ttl 64, id 25916, offset 0, flags [DF], proto TCP (6), length 7292)"
1779589094.276515,,,TCP,52,"1779589094.276515 IP (tos 0x0, ttl 64, id 17048, offset 0, flags [DF], proto TCP (6), length 52)"
1779589094.276516,,,TCP,52,"1779589094.276516 IP (tos 0x0, ttl 64, id 17049, offset 0, flags [DF], proto TCP (6), length 52)"
1779589094.276516,,,TCP,52,"1779589094.276516 IP (tos 0x0, ttl 64, id 17050, offset 0, flags [DF], proto TCP (6), length 52)"
1779589094.276517,,,TCP,52,"1779589094.276517 IP (tos 0x0, ttl 64, id 17051, offset 0, flags [DF], proto TCP (6), length 52)"
1779589094.276517,,,TCP,52,"1779589094.276517 IP (tos 0x0, ttl 64, id 17052, offset 0, flags [DF], proto TCP (6), length 52)"
1779589094.276518,,,TCP,7292,"1779589094.276518 IP (tos 0x0, ttl 64, id 25921, offset 0, flags [DF], proto TCP (6), length 7292)"
1779589094.276540,,,TCP,7292,"1779589094.276540 IP (tos 0x0, ttl 64, id 25926, offset 0, flags [DF], proto TCP (6), length 7292)"
1779589094.276543,,,TCP,8740,"1779589094.276543 IP (tos 0x0, ttl 64, id 25931, offset 0, flags [DF], proto TCP (6), length 8740)"
1779589094.276545,,,TCP,8740,"1779589094.276545 IP (tos 0x0, ttl 64, id 25937, offset 0, flags [DF], proto TCP (6), length 8740)"
1779589094.276555,,,TCP,4396,"1779589094.276555 IP (tos 0x0, ttl 64, id 25943, offset 0, flags [DF], proto TCP (6), length 4396)"
1779589094.276558,,,TCP,8740,"1779589094.276558 IP (tos 0x0, ttl 64, id 25946, offset 0, flags [DF], proto TCP (6), length 8740)"
1779589094.276560,,,TCP,8740,"1779589094.276560 IP (tos 0x0, ttl 64, id 25952, offset 0, flags [DF], proto TCP (6), length 8740)"
1779589094.276568,,,TCP,8740,"1779589094.276568 IP (tos 0x0, ttl 64, id 25958, offset 0, flags [DF], proto TCP (6), length 8740)"
1779589094.276571,,,TCP,8740,"1779589094.276571 IP (tos 0x0, ttl 64, id 25964, offset 0, flags [DF], proto TCP (6), length 8740)"
1779589094.276579,,,TCP,8740,"1779589094.276579 IP (tos 0x0, ttl 64, id 25970, offset 0, flags [DF], proto TCP (6), length 8740)"
1779589094.276581,,,TCP,8740,"1779589094.276581 IP (tos 0x0, ttl 64, id 25976, offset 0, flags [DF], proto TCP (6), length 8740)"
1779589094.276591,,,TCP,8740,"1779589094.276591 IP (tos 0x0, ttl 64, id 25982, offset 0, flags [DF], proto TCP (6), length 8740)"
1779589094.276593,,,TCP,4396,"1779589094.276593 IP (tos 0x0, ttl 64, id 25988, offset 0, flags [DF], proto TCP (6), length 4396)"
1779589094.276620,,,TCP,8740,"1779589094.276620 IP (tos 0x0, ttl 64, id 25991, offset 0, flags [DF], proto TCP (6), length 8740)"
1779589094.276647,,,TCP,8740,"1779589094.276647 IP (tos 0x0, ttl 64, id 25997, offset 0, flags [DF], proto TCP (6), length 8740)"
1779589094.276650,,,TCP,8740,"1779589094.276650 IP (tos 0x0, ttl 64, id 26003, offset 0, flags [DF], proto TCP (6), length 8740)"
1779589094.276658,,,TCP,8740,"1779589094.276658 IP (tos 0x0, ttl 64, id 26009, offset 0, flags [DF], proto TCP (6), length 8740)"
1779589094.276660,,,TCP,8740,"1779589094.276660 IP (tos 0x0, ttl 64, id 26015, offset 0, flags [DF], proto TCP (6), length 8740)"
1779589094.276667,,,TCP,8740,"1779589094.276667 IP (tos 0x0, ttl 64, id 26021, offset 0, flags [DF], proto TCP (6), length 8740)"
1779589094.276668,,,TCP,8740,"1779589094.276668 IP (tos 0x0, ttl 64, id 26027, offset 0, flags [DF], proto TCP (6), length 8740)"
1779589094.276677,,,TCP,4396,"1779589094.276677 IP (tos 0x0, ttl 64, id 26033, offset 0, flags [DF], proto TCP (6), length 4396)"
1779589094.276679,,,TCP,8740,"1779589094.276679 IP (tos 0x0, ttl 64, id 26036, offset 0, flags [DF], proto TCP (6), length 8740)"
1779589094.276680,,,TCP,8740,"1779589094.276680 IP (tos 0x0, ttl 64, id 26042, offset 0, flags [DF], proto TCP (6), length 8740)"
1779589094.276687,,,TCP,8740,"1779589094.276687 IP (tos 0x0, ttl 64, id 26048, offset 0, flags [DF], proto TCP (6), length 8740)"
1779589094.276689,,,TCP,8740,"1779589094.276689 IP (tos 0x0, ttl 64, id 26054, offset 0, flags [DF], proto TCP (6), length 8740)"
1779589094.276696,,,TCP,8740,"1779589094.276696 IP (tos 0x0, ttl 64, id 26060, offset 0, flags [DF], proto TCP (6), length 8740)"
1779589094.276698,,,TCP,8740,"1779589094.276698 IP (tos 0x0, ttl 64, id 26066, offset 0, flags [DF], proto TCP (6), length 8740)"
1779589094.276702,,,TCP,8740,"1779589094.276702 IP (tos 0x0, ttl 64, id 26072, offset 0, flags [DF], proto TCP (6), length 8740)"
1779589094.277099,,,TCP,52,"1779589094.277099 IP (tos 0x0, ttl 64, id 17054, offset 0, flags [DF], proto TCP (6), length 52)"
1779589094.277101,,,TCP,52,"1779589094.277101 IP (tos 0x0, ttl 64, id 17055, offset 0, flags [DF], proto TCP (6), length 52)"
1779589094.277102,,,TCP,52,"1779589094.277102 IP (tos 0x0, ttl 64, id 17056, offset 0, flags [DF], proto TCP (6), length 52)"
1779589094.277102,,,TCP,52,"1779589094.277102 IP (tos 0x0, ttl 64, id 17057, offset 0, flags [DF], proto TCP (6), length 52)"
1779589094.277103,,,TCP,52,"1779589094.277103 IP (tos 0x0, ttl 64, id 17058, offset 0, flags [DF], proto TCP (6), length 52)"
1779589094.277185,,,TCP,4396,"1779589094.277185 IP (tos 0x0, ttl 64, id 26078, offset 0, flags [DF], proto TCP (6), length 4396)"
1779589094.277190,,,TCP,10188,"1779589094.277190 IP (tos 0x0, ttl 64, id 26081, offset 0, flags [DF], proto TCP (6), length 10188)"
1779589094.277191,,,TCP,10188,"1779589094.277191 IP (tos 0x0, ttl 64, id 26088, offset 0, flags [DF], proto TCP (6), length 10188)"
1779589094.277209,,,TCP,10188,"1779589094.277209 IP (tos 0x0, ttl 64, id 26095, offset 0, flags [DF], proto TCP (6), length 10188)"
1779589094.277211,,,TCP,11636,"1779589094.277211 IP (tos 0x0, ttl 64, id 26102, offset 0, flags [DF], proto TCP (6), length 11636)"
1779589094.277213,,,TCP,11636,"1779589094.277213 IP (tos 0x0, ttl 64, id 26110, offset 0, flags [DF], proto TCP (6), length 11636)"
1779589094.277216,,,TCP,52,"1779589094.277216 IP (tos 0x0, ttl 64, id 17061, offset 0, flags [DF], proto TCP (6), length 52)"
1779589094.277217,,,TCP,52,"1779589094.277217 IP (tos 0x0, ttl 64, id 17062, offset 0, flags [DF], proto TCP (6), length 52)"
1779589094.277229,,,TCP,11636,"1779589094.277229 IP (tos 0x0, ttl 64, id 26118, offset 0, flags [DF], proto TCP (6), length 11636)"
1779589094.277235,,,TCP,1724,"1779589094.277235 IP (tos 0x0, ttl 64, id 26126, offset 0, flags [DF], proto TCP (6), length 1724)"
1779589094.277238,,,TCP,52,"1779589094.277238 IP (tos 0x0, ttl 64, id 17063, offset 0, flags [DF], proto TCP (6), length 52)"
1779589094.277341,,,TCP,52,"1779589094.277341 IP (tos 0x0, ttl 64, id 17065, offset 0, flags [DF], proto TCP (6), length 52)"
1779589094.277343,,,TCP,52,"1779589094.277343 IP (tos 0x0, ttl 64, id 17067, offset 0, flags [DF], proto TCP (6), length 52)"
1779589094.277486,,,TCP,52,"1779589094.277486 IP (tos 0x0, ttl 64, id 17070, offset 0, flags [DF], proto TCP (6), length 52)"
1779589094.277609,,,TCP,52,"1779589094.277609 IP (tos 0x0, ttl 64, id 17072, offset 0, flags [DF], proto TCP (6), length 52)"
1779589094.278182,,,TCP,52,"1779589094.278182 IP (tos 0x0, ttl 64, id 17074, offset 0, flags [DF], proto TCP (6), length 52)"
1779589094.278184,,,TCP,52,"1779589094.278184 IP (tos 0x0, ttl 64, id 17076, offset 0, flags [DF], proto TCP (6), length 52)"
1779589094.278185,,,TCP,52,"1779589094.278185 IP (tos 0x0, ttl 64, id 17077, offset 0, flags [DF], proto TCP (6), length 52)"
1779589094.278208,,,TCP,52,"1779589094.278208 IP (tos 0x0, ttl 64, id 17079, offset 0, flags [DF], proto TCP (6), length 52)"
1779589094.278241,,,TCP,52,"1779589094.278241 IP (tos 0x0, ttl 64, id 17080, offset 0, flags [DF], proto TCP (6), length 52)"
1779589094.278242,,,TCP,52,"1779589094.278242 IP (tos 0x0, ttl 64, id 17081, offset 0, flags [DF], proto TCP (6), length 52)"
1779589094.279486,,,TCP,52,"1779589094.279486 IP (tos 0x0, ttl 64, id 17082, offset 0, flags [DF], proto TCP (6), length 52)"
1779589094.376714,,,TCP,52,"1779589094.376714 IP (tos 0x0, ttl 64, id 17084, offset 0, flags [DF], proto TCP (6), length 52)"
1779589094.376719,,,TCP,52,"1779589094.376719 IP (tos 0x0, ttl 64, id 17085, offset 0, flags [DF], proto TCP (6), length 52)"
1779589094.376719,,,TCP,52,"1779589094.376719 IP (tos 0x0, ttl 64, id 17086, offset 0, flags [DF], proto TCP (6), length 52)"
1779589094.376720,,,TCP,52,"1779589094.376720 IP (tos 0x0, ttl 64, id 17087, offset 0, flags [DF], proto TCP (6), length 52)"
1779589094.376720,,,TCP,52,"1779589094.376720 IP (tos 0x0, ttl 64, id 17088, offset 0, flags [DF], proto TCP (6), length 52)"
1779589094.376720,,,TCP,52,"1779589094.376720 IP (tos 0x0, ttl 64, id 17089, offset 0, flags [DF], proto TCP (6), length 52)"
1779589094.376721,,,TCP,52,"1779589094.376721 IP (tos 0x0, ttl 64, id 17090, offset 0, flags [DF], proto TCP (6), length 52)"
1779589094.376721,,,TCP,52,"1779589094.376721 IP (tos 0x0, ttl 64, id 17091, offset 0, flags [DF], proto TCP (6), length 52)"
1779589094.376722,,,TCP,52,"1779589094.376722 IP (tos 0x0, ttl 64, id 17093, offset 0, flags [DF], proto TCP (6), length 52)"
1779589094.376726,,,TCP,52,"1779589094.376726 IP (tos 0x0, ttl 64, id 17095, offset 0, flags [DF], proto TCP (6), length 52)"
1779589094.376726,,,TCP,52,"1779589094.376726 IP (tos 0x0, ttl 64, id 17096, offset 0, flags [DF], proto TCP (6), length 52)"
1779589094.376726,,,TCP,52,"1779589094.376726 IP (tos 0x0, ttl 64, id 17097, offset 0, flags [DF], proto TCP (6), length 52)"
1779589094.376727,,,TCP,52,"1779589094.376727 IP (tos 0x0, ttl 64, id 17098, offset 0, flags [DF], proto TCP (6), length 52)"
1779589094.376727,,,TCP,52,"1779589094.376727 IP (tos 0x0, ttl 64, id 17099, offset 0, flags [DF], proto TCP (6), length 52)"
1779589094.377194,,,TCP,52,"1779589094.377194 IP (tos 0x0, ttl 64, id 17100, offset 0, flags [DF], proto TCP (6), length 52)"
1779589094.377443,,,TCP,52,"1779589094.377443 IP (tos 0x0, ttl 64, id 17101, offset 0, flags [DF], proto TCP (6), length 52)"
1779589094.405451,,,TCP,52,"1779589094.405451 IP (tos 0x0, ttl 64, id 17102, offset 0, flags [DF], proto TCP (6), length 52)"
1779589094.405543,,,TCP,52,"1779589094.405543 IP (tos 0x0, ttl 64, id 0, offset 0, flags [DF], proto TCP (6), length 52)"
1779589095.288140,,,TCP,60,"1779589095.288140 IP (tos 0x0, ttl 64, id 48276, offset 0, flags [DF], proto TCP (6), length 60)"
1779589095.388442,,,TCP,60,"1779589095.388442 IP (tos 0x0, ttl 64, id 0, offset 0, flags [DF], proto TCP (6), length 60)"
1779589095.388449,,,TCP,60,"1779589095.388449 IP (tos 0x0, ttl 64, id 0, offset 0, flags [DF], proto TCP (6), length 60)"
1779589095.388568,,,TCP,52,"1779589095.388568 IP (tos 0x0, ttl 64, id 48277, offset 0, flags [DF], proto TCP (6), length 52)"
1779589095.388683,,,TCP,52,"1779589095.388683 IP (tos 0x0, ttl 64, id 48278, offset 0, flags [DF], proto TCP (6), length 52)"
1779589095.388934,,,TCP,88,"1779589095.388934 IP (tos 0x0, ttl 64, id 48279, offset 0, flags [DF], proto TCP (6), length 88)"
1779589095.394202,,,TCP,2948,"1779589095.394202 IP (tos 0x0, ttl 64, id 48280, offset 0, flags [DF], proto TCP (6), length 2948)"
1779589095.394841,,,TCP,2948,"1779589095.394841 IP (tos 0x0, ttl 64, id 48282, offset 0, flags [DF], proto TCP (6), length 2948)"
1779589095.394857,,,TCP,1500,"1779589095.394857 IP (tos 0x0, ttl 64, id 48284, offset 0, flags [DF], proto TCP (6), length 1500)"
1779589095.395128,,,TCP,2948,"1779589095.395128 IP (tos 0x0, ttl 64, id 48285, offset 0, flags [DF], proto TCP (6), length 2948)"
1779589095.395145,,,TCP,1500,"1779589095.395145 IP (tos 0x0, ttl 64, id 48287, offset 0, flags [DF], proto TCP (6), length 1500)"
1779589095.395456,,,TCP,1500,"1779589095.395456 IP (tos 0x0, ttl 64, id 48288, offset 0, flags [DF], proto TCP (6), length 1500)"
1779589095.489296,,,TCP,52,"1779589095.489296 IP (tos 0x0, ttl 64, id 39690, offset 0, flags [DF], proto TCP (6), length 52)"
1779589095.489354,,,TCP,2948,"1779589095.489354 IP (tos 0x0, ttl 64, id 48289, offset 0, flags [DF], proto TCP (6), length 2948)"
1779589095.494475,,,TCP,52,"1779589095.494475 IP (tos 0x0, ttl 64, id 39691, offset 0, flags [DF], proto TCP (6), length 52)"
1779589095.494570,,,TCP,2948,"1779589095.494570 IP (tos 0x0, ttl 64, id 48291, offset 0, flags [DF], proto TCP (6), length 2948)"
1779589095.494650,,,TCP,2948,"1779589095.494650 IP (tos 0x0, ttl 64, id 48293, offset 0, flags [DF], proto TCP (6), length 2948)"
1779589095.495056,,,TCP,52,"1779589095.495056 IP (tos 0x0, ttl 64, id 39692, offset 0, flags [DF], proto TCP (6), length 52)"
1779589095.495061,,,TCP,52,"1779589095.495061 IP (tos 0x0, ttl 64, id 39693, offset 0, flags [DF], proto TCP (6), length 52)"
1779589095.495166,,,TCP,2948,"1779589095.495166 IP (tos 0x0, ttl 64, id 48295, offset 0, flags [DF], proto TCP (6), length 2948)"
1779589095.495185,,,TCP,52,"1779589095.495185 IP (tos 0x0, ttl 64, id 39694, offset 0, flags [DF], proto TCP (6), length 52)"
1779589095.495187,,,TCP,52,"1779589095.495187 IP (tos 0x0, ttl 64, id 39695, offset 0, flags [DF], proto TCP (6), length 52)"
1779589095.495191,,,TCP,2948,"1779589095.495191 IP (tos 0x0, ttl 64, id 48297, offset 0, flags [DF], proto TCP (6), length 2948)"
1779589095.495338,,,TCP,2948,"1779589095.495338 IP (tos 0x0, ttl 64, id 48299, offset 0, flags [DF], proto TCP (6), length 2948)"
1779589095.495362,,,TCP,2948,"1779589095.495362 IP (tos 0x0, ttl 64, id 48301, offset 0, flags [DF], proto TCP (6), length 2948)"
1779589095.495400,,,TCP,2948,"1779589095.495400 IP (tos 0x0, ttl 64, id 48303, offset 0, flags [DF], proto TCP (6), length 2948)"
1779589095.495412,,,TCP,2948,"1779589095.495412 IP (tos 0x0, ttl 64, id 48305, offset 0, flags [DF], proto TCP (6), length 2948)"
1779589095.495588,,,TCP,52,"1779589095.495588 IP (tos 0x0, ttl 64, id 39696, offset 0, flags [DF], proto TCP (6), length 52)"
1779589095.495745,,,TCP,2948,"1779589095.495745 IP (tos 0x0, ttl 64, id 48307, offset 0, flags [DF], proto TCP (6), length 2948)"
1779589095.589736,,,TCP,52,"1779589095.589736 IP (tos 0x0, ttl 64, id 39697, offset 0, flags [DF], proto TCP (6), length 52)"
1779589095.589852,,,TCP,2948,"1779589095.589852 IP (tos 0x0, ttl 64, id 48309, offset 0, flags [DF], proto TCP (6), length 2948)"
1779589095.589956,,,TCP,2948,"1779589095.589956 IP (tos 0x0, ttl 64, id 48311, offset 0, flags [DF], proto TCP (6), length 2948)"
1779589095.594906,,,TCP,52,"1779589095.594906 IP (tos 0x0, ttl 64, id 39698, offset 0, flags [DF], proto TCP (6), length 52)"
1779589095.594914,,,TCP,52,"1779589095.594914 IP (tos 0x0, ttl 64, id 39699, offset 0, flags [DF], proto TCP (6), length 52)"
1779589095.595042,,,TCP,2948,"1779589095.595042 IP (tos 0x0, ttl 64, id 48313, offset 0, flags [DF], proto TCP (6), length 2948)"
1779589095.595146,,,TCP,2948,"1779589095.595146 IP (tos 0x0, ttl 64, id 48315, offset 0, flags [DF], proto TCP (6), length 2948)"
1779589095.595209,,,TCP,2948,"1779589095.595209 IP (tos 0x0, ttl 64, id 48317, offset 0, flags [DF], proto TCP (6), length 2948)"
1779589095.595225,,,TCP,52,"1779589095.595225 IP (tos 0x0, ttl 64, id 39700, offset 0, flags [DF], proto TCP (6), length 52)"
1779589095.595227,,,TCP,52,"1779589095.595227 IP (tos 0x0, ttl 64, id 39701, offset 0, flags [DF], proto TCP (6), length 52)"
1779589095.595231,,,TCP,2948,"1779589095.595231 IP (tos 0x0, ttl 64, id 48319, offset 0, flags [DF], proto TCP (6), length 2948)"
1779589095.595279,,,TCP,2948,"1779589095.595279 IP (tos 0x0, ttl 64, id 48321, offset 0, flags [DF], proto TCP (6), length 2948)"
1779589095.595283,,,TCP,2948,"1779589095.595283 IP (tos 0x0, ttl 64, id 48323, offset 0, flags [DF], proto TCP (6), length 2948)"
1779589095.595392,,,TCP,52,"1779589095.595392 IP (tos 0x0, ttl 64, id 39702, offset 0, flags [DF], proto TCP (6), length 52)"
1779589095.595394,,,TCP,52,"1779589095.595394 IP (tos 0x0, ttl 64, id 39703, offset 0, flags [DF], proto TCP (6), length 52)"
1779589095.595446,,,TCP,2948,"1779589095.595446 IP (tos 0x0, ttl 64, id 48325, offset 0, flags [DF], proto TCP (6), length 2948)"
1779589095.595472,,,TCP,52,"1779589095.595472 IP (tos 0x0, ttl 64, id 39705, offset 0, flags [DF], proto TCP (6), length 52)"
1779589095.595478,,,TCP,2948,"1779589095.595478 IP (tos 0x0, ttl 64, id 48327, offset 0, flags [DF], proto TCP (6), length 2948)"
1779589095.595784,,,TCP,2948,"1779589095.595784 IP (tos 0x0, ttl 64, id 48329, offset 0, flags [DF], proto TCP (6), length 2948)"
1779589095.595812,,,TCP,52,"1779589095.595812 IP (tos 0x0, ttl 64, id 39706, offset 0, flags [DF], proto TCP (6), length 52)"
1779589095.595819,,,TCP,2948,"1779589095.595819 IP (tos 0x0, ttl 64, id 48331, offset 0, flags [DF], proto TCP (6), length 2948)"
1779589095.595865,,,TCP,2948,"1779589095.595865 IP (tos 0x0, ttl 64, id 48333, offset 0, flags [DF], proto TCP (6), length 2948)"
1779589095.595877,,,TCP,2948,"1779589095.595877 IP (tos 0x0, ttl 64, id 48335, offset 0, flags [DF], proto TCP (6), length 2948)"
1779589095.595935,,,TCP,2948,"1779589095.595935 IP (tos 0x0, ttl 64, id 48337, offset 0, flags [DF], proto TCP (6), length 2948)"
1779589095.595955,,,TCP,2948,"1779589095.595955 IP (tos 0x0, ttl 64, id 48339, offset 0, flags [DF], proto TCP (6), length 2948)"
1779589095.596054,,,TCP,2948,"1779589095.596054 IP (tos 0x0, ttl 64, id 48341, offset 0, flags [DF], proto TCP (6), length 2948)"
1779589095.596064,,,TCP,2948,"1779589095.596064 IP (tos 0x0, ttl 64, id 48343, offset 0, flags [DF], proto TCP (6), length 2948)"
1779589095.596084,,,TCP,2948,"1779589095.596084 IP (tos 0x0, ttl 64, id 48345, offset 0, flags [DF], proto TCP (6), length 2948)"
1779589095.596089,,,TCP,2948,"1779589095.596089 IP (tos 0x0, ttl 64, id 48347, offset 0, flags [DF], proto TCP (6), length 2948)"
1779589095.690327,,,TCP,52,"1779589095.690327 IP (tos 0x0, ttl 64, id 39707, offset 0, flags [DF], proto TCP (6), length 52)"
1779589095.690336,,,TCP,52,"1779589095.690336 IP (tos 0x0, ttl 64, id 39708, offset 0, flags [DF], proto TCP (6), length 52)"
1779589095.690462,,,TCP,2948,"1779589095.690462 IP (tos 0x0, ttl 64, id 48349, offset 0, flags [DF], proto TCP (6), length 2948)"
1779589095.690582,,,TCP,2948,"1779589095.690582 IP (tos 0x0, ttl 64, id 48351, offset 0, flags [DF], proto TCP (6), length 2948)"
1779589095.690674,,,TCP,2948,"1779589095.690674 IP (tos 0x0, ttl 64, id 48353, offset 0, flags [DF], proto TCP (6), length 2948)"
1779589095.690693,,,TCP,2948,"1779589095.690693 IP (tos 0x0, ttl 64, id 48355, offset 0, flags [DF], proto TCP (6), length 2948)"
1779589095.695351,,,TCP,52,"1779589095.695351 IP (tos 0x0, ttl 64, id 39709, offset 0, flags [DF], proto TCP (6), length 52)"
1779589095.695359,,,TCP,52,"1779589095.695359 IP (tos 0x0, ttl 64, id 39711, offset 0, flags [DF], proto TCP (6), length 52)"
1779589095.695359,,,TCP,52,"1779589095.695359 IP (tos 0x0, ttl 64, id 39713, offset 0, flags [DF], proto TCP (6), length 52)"
1779589095.695360,,,TCP,52,"1779589095.695360 IP (tos 0x0, ttl 64, id 39714, offset 0, flags [DF], proto TCP (6), length 52)"
1779589095.695651,,,TCP,2948,"1779589095.695651 IP (tos 0x0, ttl 64, id 48357, offset 0, flags [DF], proto TCP (6), length 2948)"
1779589095.695758,,,TCP,52,"1779589095.695758 IP (tos 0x0, ttl 64, id 39715, offset 0, flags [DF], proto TCP (6), length 52)"
1779589095.695761,,,TCP,52,"1779589095.695761 IP (tos 0x0, ttl 64, id 39716, offset 0, flags [DF], proto TCP (6), length 52)"
1779589095.695767,,,TCP,2948,"1779589095.695767 IP (tos 0x0, ttl 64, id 48359, offset 0, flags [DF], proto TCP (6), length 2948)"
1779589095.695853,,,TCP,2948,"1779589095.695853 IP (tos 0x0, ttl 64, id 48361, offset 0, flags [DF], proto TCP (6), length 2948)"
1779589095.695855,,,TCP,52,"1779589095.695855 IP (tos 0x0, ttl 64, id 39717, offset 0, flags [DF], proto TCP (6), length 52)"
1779589095.695857,,,TCP,52,"1779589095.695857 IP (tos 0x0, ttl 64, id 39718, offset 0, flags [DF], proto TCP (6), length 52)"
1779589095.695903,,,TCP,52,"1779589095.695903 IP (tos 0x0, ttl 64, id 39719, offset 0, flags [DF], proto TCP (6), length 52)"
1779589095.695909,,,TCP,52,"1779589095.695909 IP (tos 0x0, ttl 64, id 39720, offset 0, flags [DF], proto TCP (6), length 52)"
1779589095.695957,,,TCP,2948,"1779589095.695957 IP (tos 0x0, ttl 64, id 48363, offset 0, flags [DF], proto TCP (6), length 2948)"
1779589095.695984,,,TCP,52,"1779589095.695984 IP (tos 0x0, ttl 64, id 39722, offset 0, flags [DF], proto TCP (6), length 52)"
1779589095.696014,,,TCP,2948,"1779589095.696014 IP (tos 0x0, ttl 64, id 48365, offset 0, flags [DF], proto TCP (6), length 2948)"
1779589095.696029,,,TCP,2948,"1779589095.696029 IP (tos 0x0, ttl 64, id 48367, offset 0, flags [DF], proto TCP (6), length 2948)"
1779589095.696047,,,TCP,2948,"1779589095.696047 IP (tos 0x0, ttl 64, id 48369, offset 0, flags [DF], proto TCP (6), length 2948)"
1779589095.696060,,,TCP,2948,"1779589095.696060 IP (tos 0x0, ttl 64, id 48371, offset 0, flags [DF], proto TCP (6), length 2948)"
1779589095.696076,,,TCP,52,"1779589095.696076 IP (tos 0x0, ttl 64, id 39723, offset 0, flags [DF], proto TCP (6), length 52)"
1779589095.696077,,,TCP,52,"1779589095.696077 IP (tos 0x0, ttl 64, id 39724, offset 0, flags [DF], proto TCP (6), length 52)"
1779589095.696100,,,TCP,2948,"1779589095.696100 IP (tos 0x0, ttl 64, id 48373, offset 0, flags [DF], proto TCP (6), length 2948)"
1779589095.696113,,,TCP,2948,"1779589095.696113 IP (tos 0x0, ttl 64, id 48375, offset 0, flags [DF], proto TCP (6), length 2948)"
1779589095.696127,,,TCP,2948,"1779589095.696127 IP (tos 0x0, ttl 64, id 48377, offset 0, flags [DF], proto TCP (6), length 2948)"
1779589095.696140,,,TCP,2948,"1779589095.696140 IP (tos 0x0, ttl 64, id 48379, offset 0, flags [DF], proto TCP (6), length 2948)"
1779589095.696167,,,TCP,2948,"1779589095.696167 IP (tos 0x0, ttl 64, id 48381, offset 0, flags [DF], proto TCP (6), length 2948)"
1779589095.696327,,,TCP,2948,"1779589095.696327 IP (tos 0x0, ttl 64, id 48383, offset 0, flags [DF], proto TCP (6), length 2948)"
1779589095.696353,,,TCP,2948,"1779589095.696353 IP (tos 0x0, ttl 64, id 48385, offset 0, flags [DF], proto TCP (6), length 2948)"
1779589095.696367,,,TCP,2948,"1779589095.696367 IP (tos 0x0, ttl 64, id 48387, offset 0, flags [DF], proto TCP (6), length 2948)"
1779589095.696390,,,TCP,2948,"1779589095.696390 IP (tos 0x0, ttl 64, id 48389, offset 0, flags [DF], proto TCP (6), length 2948)"
1779589095.696404,,,TCP,2948,"1779589095.696404 IP (tos 0x0, ttl 64, id 48391, offset 0, flags [DF], proto TCP (6), length 2948)"
1779589095.696419,,,TCP,2948,"1779589095.696419 IP (tos 0x0, ttl 64, id 48393, offset 0, flags [DF], proto TCP (6), length 2948)"
1779589095.696432,,,TCP,2948,"1779589095.696432 IP (tos 0x0, ttl 64, id 48395, offset 0, flags [DF], proto TCP (6), length 2948)"
1779589095.696454,,,TCP,2948,"1779589095.696454 IP (tos 0x0, ttl 64, id 48397, offset 0, flags [DF], proto TCP (6), length 2948)"
1779589095.696470,,,TCP,2948,"1779589095.696470 IP (tos 0x0, ttl 64, id 48399, offset 0, flags [DF], proto TCP (6), length 2948)"
1779589095.696484,,,TCP,2948,"1779589095.696484 IP (tos 0x0, ttl 64, id 48401, offset 0, flags [DF], proto TCP (6), length 2948)"
1779589095.696497,,,TCP,2948,"1779589095.696497 IP (tos 0x0, ttl 64, id 48403, offset 0, flags [DF], proto TCP (6), length 2948)"
1779589095.696510,,,TCP,2948,"1779589095.696510 IP (tos 0x0, ttl 64, id 48405, offset 0, flags [DF], proto TCP (6), length 2948)"
1779589095.696523,,,TCP,2948,"1779589095.696523 IP (tos 0x0, ttl 64, id 48407, offset 0, flags [DF], proto TCP (6), length 2948)"
1779589095.696558,,,TCP,2948,"1779589095.696558 IP (tos 0x0, ttl 64, id 48409, offset 0, flags [DF], proto TCP (6), length 2948)"
1779589095.696571,,,TCP,2948,"1779589095.696571 IP (tos 0x0, ttl 64, id 48411, offset 0, flags [DF], proto TCP (6), length 2948)"
1779589095.696623,,,TCP,2948,"1779589095.696623 IP (tos 0x0, ttl 64, id 48413, offset 0, flags [DF], proto TCP (6), length 2948)"
1779589095.696634,,,TCP,2948,"1779589095.696634 IP (tos 0x0, ttl 64, id 48415, offset 0, flags [DF], proto TCP (6), length 2948)"
1779589095.696644,,,TCP,2948,"1779589095.696644 IP (tos 0x0, ttl 64, id 48417, offset 0, flags [DF], proto TCP (6), length 2948)"
1779589095.696666,,,TCP,2948,"1779589095.696666 IP (tos 0x0, ttl 64, id 48419, offset 0, flags [DF], proto TCP (6), length 2948)"
1779589095.790752,,,TCP,52,"1779589095.790752 IP (tos 0x0, ttl 64, id 39726, offset 0, flags [DF], proto TCP (6), length 52)"
1779589095.790760,,,TCP,52,"1779589095.790760 IP (tos 0x0, ttl 64, id 39727, offset 0, flags [DF], proto TCP (6), length 52)"
1779589095.790761,,,TCP,52,"1779589095.790761 IP (tos 0x0, ttl 64, id 39728, offset 0, flags [DF], proto TCP (6), length 52)"
1779589095.790762,,,TCP,52,"1779589095.790762 IP (tos 0x0, ttl 64, id 39729, offset 0, flags [DF], proto TCP (6), length 52)"
1779589095.790911,,,TCP,2948,"1779589095.790911 IP (tos 0x0, ttl 64, id 48421, offset 0, flags [DF], proto TCP (6), length 2948)"
1779589095.791009,,,TCP,2948,"1779589095.791009 IP (tos 0x0, ttl 64, id 48423, offset 0, flags [DF], proto TCP (6), length 2948)"
1779589095.791090,,,TCP,1500,"1779589095.791090 IP (tos 0x0, ttl 64, id 48425, offset 0, flags [DF], proto TCP (6), length 1500)"
1779589095.791099,,,TCP,2948,"1779589095.791099 IP (tos 0x0, ttl 64, id 48426, offset 0, flags [DF], proto TCP (6), length 2948)"
1779589095.791107,,,TCP,2948,"1779589095.791107 IP (tos 0x0, ttl 64, id 48428, offset 0, flags [DF], proto TCP (6), length 2948)"
1779589095.791133,,,TCP,2948,"1779589095.791133 IP (tos 0x0, ttl 64, id 48430, offset 0, flags [DF], proto TCP (6), length 2948)"
1779589095.791135,,,TCP,2948,"1779589095.791135 IP (tos 0x0, ttl 64, id 48432, offset 0, flags [DF], proto TCP (6), length 2948)"
1779589095.791152,,,TCP,2948,"1779589095.791152 IP (tos 0x0, ttl 64, id 48434, offset 0, flags [DF], proto TCP (6), length 2948)"
1779589095.791155,,,TCP,2948,"1779589095.791155 IP (tos 0x0, ttl 64, id 48436, offset 0, flags [DF], proto TCP (6), length 2948)"
1779589095.791172,,,TCP,2948,"1779589095.791172 IP (tos 0x0, ttl 64, id 48438, offset 0, flags [DF], proto TCP (6), length 2948)"
1779589095.791178,,,TCP,2948,"1779589095.791178 IP (tos 0x0, ttl 64, id 48440, offset 0, flags [DF], proto TCP (6), length 2948)"
1779589095.791194,,,TCP,2948,"1779589095.791194 IP (tos 0x0, ttl 64, id 48442, offset 0, flags [DF], proto TCP (6), length 2948)"
1779589095.792961,,,TCP,1500,"1779589095.792961 IP (tos 0x0, ttl 64, id 48444, offset 0, flags [DF], proto TCP (6), length 1500)"
1779589095.795817,,,TCP,52,"1779589095.795817 IP (tos 0x0, ttl 64, id 39730, offset 0, flags [DF], proto TCP (6), length 52)"
1779589095.795822,,,TCP,52,"1779589095.795822 IP (tos 0x0, ttl 64, id 39731, offset 0, flags [DF], proto TCP (6), length 52)"
1779589095.795938,,,TCP,2948,"1779589095.795938 IP (tos 0x0, ttl 64, id 48445, offset 0, flags [DF], proto TCP (6), length 2948)"
1779589095.795954,,,TCP,52,"1779589095.795954 IP (tos 0x0, ttl 64, id 39732, offset 0, flags [DF], proto TCP (6), length 52)"
1779589095.796070,,,TCP,2948,"1779589095.796070 IP (tos 0x0, ttl 64, id 48447, offset 0, flags [DF], proto TCP (6), length 2948)"
1779589095.796094,,,TCP,52,"1779589095.796094 IP (tos 0x0, ttl 64, id 39733, offset 0, flags [DF], proto TCP (6), length 52)"
1779589095.796096,,,TCP,52,"1779589095.796096 IP (tos 0x0, ttl 64, id 39734, offset 0, flags [DF], proto TCP (6), length 52)"
1779589095.796113,,,TCP,52,"1779589095.796113 IP (tos 0x0, ttl 64, id 39736, offset 0, flags [DF], proto TCP (6), length 52)"
1779589095.796114,,,TCP,52,"1779589095.796114 IP (tos 0x0, ttl 64, id 39737, offset 0, flags [DF], proto TCP (6), length 52)"
1779589095.796118,,,TCP,52,"1779589095.796118 IP (tos 0x0, ttl 64, id 39738, offset 0, flags [DF], proto TCP (6), length 52)"
1779589095.796201,,,TCP,2948,"1779589095.796201 IP (tos 0x0, ttl 64, id 48449, offset 0, flags [DF], proto TCP (6), length 2948)"
1779589095.796211,,,TCP,52,"1779589095.796211 IP (tos 0x0, ttl 64, id 39740, offset 0, flags [DF], proto TCP (6), length 52)"
1779589095.796212,,,TCP,52,"1779589095.796212 IP (tos 0x0, ttl 64, id 39741, offset 0, flags [DF], proto TCP (6), length 52)"
1779589095.796213,,,TCP,52,"1779589095.796213 IP (tos 0x0, ttl 64, id 39742, offset 0, flags [DF], proto TCP (6), length 52)"
1779589095.796216,,,TCP,2948,"1779589095.796216 IP (tos 0x0, ttl 64, id 48451, offset 0, flags [DF], proto TCP (6), length 2948)"
1779589095.796255,,,TCP,2948,"1779589095.796255 IP (tos 0x0, ttl 64, id 48453, offset 0, flags [DF], proto TCP (6), length 2948)"
1779589095.796262,,,TCP,2948,"1779589095.796262 IP (tos 0x0, ttl 64, id 48455, offset 0, flags [DF], proto TCP (6), length 2948)"
1779589095.796326,,,TCP,2948,"1779589095.796326 IP (tos 0x0, ttl 64, id 48457, offset 0, flags [DF], proto TCP (6), length 2948)"
1779589095.796354,,,TCP,2948,"1779589095.796354 IP (tos 0x0, ttl 64, id 48459, offset 0, flags [DF], proto TCP (6), length 2948)"
1779589095.796362,,,TCP,52,"1779589095.796362 IP (tos 0x0, ttl 64, id 39743, offset 0, flags [DF], proto TCP (6), length 52)"
1779589095.796382,,,TCP,52,"1779589095.796382 IP (tos 0x0, ttl 64, id 39745, offset 0, flags [DF], proto TCP (6), length 52)"
1779589095.796406,,,TCP,2948,"1779589095.796406 IP (tos 0x0, ttl 64, id 48461, offset 0, flags [DF], proto TCP (6), length 2948)"
1779589095.796415,,,TCP,52,"1779589095.796415 IP (tos 0x0, ttl 64, id 39746, offset 0, flags [DF], proto TCP (6), length 52)"
1779589095.796416,,,TCP,52,"1779589095.796416 IP (tos 0x0, ttl 64, id 39747, offset 0, flags [DF], proto TCP (6), length 52)"
1779589095.796445,,,TCP,52,"1779589095.796445 IP (tos 0x0, ttl 64, id 39748, offset 0, flags [DF], proto TCP (6), length 52)"
1779589095.796449,,,TCP,52,"1779589095.796449 IP (tos 0x0, ttl 64, id 39749, offset 0, flags [DF], proto TCP (6), length 52)"
1779589095.796470,,,TCP,2948,"1779589095.796470 IP (tos 0x0, ttl 64, id 48463, offset 0, flags [DF], proto TCP (6), length 2948)"
1779589095.796484,,,TCP,2948,"1779589095.796484 IP (tos 0x0, ttl 64, id 48465, offset 0, flags [DF], proto TCP (6), length 2948)"
1779589095.796540,,,TCP,52,"1779589095.796540 IP (tos 0x0, ttl 64, id 39752, offset 0, flags [DF], proto TCP (6), length 52)"
1779589095.796542,,,TCP,52,"1779589095.796542 IP (tos 0x0, ttl 64, id 39753, offset 0, flags [DF], proto TCP (6), length 52)"
1779589095.796543,,,TCP,52,"1779589095.796543 IP (tos 0x0, ttl 64, id 39755, offset 0, flags [DF], proto TCP (6), length 52)"
1779589095.796571,,,TCP,2948,"1779589095.796571 IP (tos 0x0, ttl 64, id 48467, offset 0, flags [DF], proto TCP (6), length 2948)"
1779589095.796584,,,TCP,2948,"1779589095.796584 IP (tos 0x0, ttl 64, id 48469, offset 0, flags [DF], proto TCP (6), length 2948)"
1779589095.796596,,,TCP,2948,"1779589095.796596 IP (tos 0x0, ttl 64, id 48471, offset 0, flags [DF], proto TCP (6), length 2948)"
1779589095.796610,,,TCP,2948,"1779589095.796610 IP (tos 0x0, ttl 64, id 48473, offset 0, flags [DF], proto TCP (6), length 2948)"
1779589095.796622,,,TCP,2948,"1779589095.796622 IP (tos 0x0, ttl 64, id 48475, offset 0, flags [DF], proto TCP (6), length 2948)"
1779589095.796633,,,TCP,2948,"1779589095.796633 IP (tos 0x0, ttl 64, id 48477, offset 0, flags [DF], proto TCP (6), length 2948)"
1779589095.796645,,,TCP,2948,"1779589095.796645 IP (tos 0x0, ttl 64, id 48479, offset 0, flags [DF], proto TCP (6), length 2948)"
1779589095.796656,,,TCP,2948,"1779589095.796656 IP (tos 0x0, ttl 64, id 48481, offset 0, flags [DF], proto TCP (6), length 2948)"
1779589095.796669,,,TCP,2948,"1779589095.796669 IP (tos 0x0, ttl 64, id 48483, offset 0, flags [DF], proto TCP (6), length 2948)"
1779589095.796681,,,TCP,2948,"1779589095.796681 IP (tos 0x0, ttl 64, id 48485, offset 0, flags [DF], proto TCP (6), length 2948)"
1779589095.796692,,,TCP,2948,"1779589095.796692 IP (tos 0x0, ttl 64, id 48487, offset 0, flags [DF], proto TCP (6), length 2948)"
1779589095.796702,,,TCP,2948,"1779589095.796702 IP (tos 0x0, ttl 64, id 48489, offset 0, flags [DF], proto TCP (6), length 2948)"
1779589095.796712,,,TCP,1500,"1779589095.796712 IP (tos 0x0, ttl 64, id 48491, offset 0, flags [DF], proto TCP (6), length 1500)"
1779589095.796723,,,TCP,2948,"1779589095.796723 IP (tos 0x0, ttl 64, id 48492, offset 0, flags [DF], proto TCP (6), length 2948)"
1779589095.796732,,,TCP,2948,"1779589095.796732 IP (tos 0x0, ttl 64, id 48494, offset 0, flags [DF], proto TCP (6), length 2948)"
1779589095.796756,,,TCP,2948,"1779589095.796756 IP (tos 0x0, ttl 64, id 48496, offset 0, flags [DF], proto TCP (6), length 2948)"
1779589095.796766,,,TCP,2948,"1779589095.796766 IP (tos 0x0, ttl 64, id 48498, offset 0, flags [DF], proto TCP (6), length 2948)"
1779589095.796775,,,TCP,2948,"1779589095.796775 IP (tos 0x0, ttl 64, id 48500, offset 0, flags [DF], proto TCP (6), length 2948)"
1779589095.796785,,,TCP,2948,"1779589095.796785 IP (tos 0x0, ttl 64, id 48502, offset 0, flags [DF], proto TCP (6), length 2948)"
1779589095.796794,,,TCP,2948,"1779589095.796794 IP (tos 0x0, ttl 64, id 48504, offset 0, flags [DF], proto TCP (6), length 2948)"
1779589095.796804,,,TCP,2948,"1779589095.796804 IP (tos 0x0, ttl 64, id 48506, offset 0, flags [DF], proto TCP (6), length 2948)"
1779589095.796813,,,TCP,2948,"1779589095.796813 IP (tos 0x0, ttl 64, id 48508, offset 0, flags [DF], proto TCP (6), length 2948)"
1779589095.796822,,,TCP,2948,"1779589095.796822 IP (tos 0x0, ttl 64, id 48510, offset 0, flags [DF], proto TCP (6), length 2948)"
1779589095.796832,,,TCP,2948,"1779589095.796832 IP (tos 0x0, ttl 64, id 48512, offset 0, flags [DF], proto TCP (6), length 2948)"
1779589095.796841,,,TCP,2948,"1779589095.796841 IP (tos 0x0, ttl 64, id 48514, offset 0, flags [DF], proto TCP (6), length 2948)"
1779589095.796851,,,TCP,2948,"1779589095.796851 IP (tos 0x0, ttl 64, id 48516, offset 0, flags [DF], proto TCP (6), length 2948)"
1779589095.796860,,,TCP,2948,"1779589095.796860 IP (tos 0x0, ttl 64, id 48518, offset 0, flags [DF], proto TCP (6), length 2948)"
1779589095.796871,,,TCP,2948,"1779589095.796871 IP (tos 0x0, ttl 64, id 48520, offset 0, flags [DF], proto TCP (6), length 2948)"
1779589095.796880,,,TCP,2948,"1779589095.796880 IP (tos 0x0, ttl 64, id 48522, offset 0, flags [DF], proto TCP (6), length 2948)"
1779589095.796899,,,TCP,2948,"1779589095.796899 IP (tos 0x0, ttl 64, id 48524, offset 0, flags [DF], proto TCP (6), length 2948)"
1779589095.796910,,,TCP,2948,"1779589095.796910 IP (tos 0x0, ttl 64, id 48526, offset 0, flags [DF], proto TCP (6), length 2948)"
1779589095.796921,,,TCP,2948,"1779589095.796921 IP (tos 0x0, ttl 64, id 48528, offset 0, flags [DF], proto TCP (6), length 2948)"
1779589095.796930,,,TCP,2948,"1779589095.796930 IP (tos 0x0, ttl 64, id 48530, offset 0, flags [DF], proto TCP (6), length 2948)"
1779589095.796940,,,TCP,2948,"1779589095.796940 IP (tos 0x0, ttl 64, id 48532, offset 0, flags [DF], proto TCP (6), length 2948)"
1779589095.796950,,,TCP,2948,"1779589095.796950 IP (tos 0x0, ttl 64, id 48534, offset 0, flags [DF], proto TCP (6), length 2948)"
1779589095.796959,,,TCP,1500,"1779589095.796959 IP (tos 0x0, ttl 64, id 48536, offset 0, flags [DF], proto TCP (6), length 1500)"
1779589095.796968,,,TCP,2948,"1779589095.796968 IP (tos 0x0, ttl 64, id 48537, offset 0, flags [DF], proto TCP (6), length 2948)"
1779589095.796977,,,TCP,2948,"1779589095.796977 IP (tos 0x0, ttl 64, id 48539, offset 0, flags [DF], proto TCP (6), length 2948)"
1779589095.796987,,,TCP,2948,"1779589095.796987 IP (tos 0x0, ttl 64, id 48541, offset 0, flags [DF], proto TCP (6), length 2948)"
1779589095.796996,,,TCP,2948,"1779589095.796996 IP (tos 0x0, ttl 64, id 48543, offset 0, flags [DF], proto TCP (6), length 2948)"
1779589095.797005,,,TCP,2948,"1779589095.797005 IP (tos 0x0, ttl 64, id 48545, offset 0, flags [DF], proto TCP (6), length 2948)"
1779589095.797014,,,TCP,2948,"1779589095.797014 IP (tos 0x0, ttl 64, id 48547, offset 0, flags [DF], proto TCP (6), length 2948)"
1779589095.797070,,,TCP,52,"1779589095.797070 IP (tos 0x0, ttl 64, id 39756, offset 0, flags [DF], proto TCP (6), length 52)"
1779589095.797104,,,TCP,2948,"1779589095.797104 IP (tos 0x0, ttl 64, id 48549, offset 0, flags [DF], proto TCP (6), length 2948)"
1779589095.797109,,,TCP,2948,"1779589095.797109 IP (tos 0x0, ttl 64, id 48551, offset 0, flags [DF], proto TCP (6), length 2948)"
1779589095.797125,,,TCP,2948,"1779589095.797125 IP (tos 0x0, ttl 64, id 48553, offset 0, flags [DF], proto TCP (6), length 2948)"
1779589095.797128,,,TCP,2948,"1779589095.797128 IP (tos 0x0, ttl 64, id 48555, offset 0, flags [DF], proto TCP (6), length 2948)"
1779589095.797143,,,TCP,2948,"1779589095.797143 IP (tos 0x0, ttl 64, id 48557, offset 0, flags [DF], proto TCP (6), length 2948)"
1779589095.797146,,,TCP,2948,"1779589095.797146 IP (tos 0x0, ttl 64, id 48559, offset 0, flags [DF], proto TCP (6), length 2948)"
1779589095.797281,,,TCP,2948,"1779589095.797281 IP (tos 0x0, ttl 64, id 48561, offset 0, flags [DF], proto TCP (6), length 2948)"
1779589095.797289,,,TCP,2948,"1779589095.797289 IP (tos 0x0, ttl 64, id 48563, offset 0, flags [DF], proto TCP (6), length 2948)"
1779589095.797307,,,TCP,2948,"1779589095.797307 IP (tos 0x0, ttl 64, id 48565, offset 0, flags [DF], proto TCP (6), length 2948)"
1779589095.797311,,,TCP,2948,"1779589095.797311 IP (tos 0x0, ttl 64, id 48567, offset 0, flags [DF], proto TCP (6), length 2948)"
1779589095.797336,,,TCP,2948,"1779589095.797336 IP (tos 0x0, ttl 64, id 48569, offset 0, flags [DF], proto TCP (6), length 2948)"
1779589095.797340,,,TCP,2948,"1779589095.797340 IP (tos 0x0, ttl 64, id 48571, offset 0, flags [DF], proto TCP (6), length 2948)"
1779589095.911454,,,TCP,52,"1779589095.911454 IP (tos 0x0, ttl 64, id 39757, offset 0, flags [DF], proto TCP (6), length 52)"
1779589095.911461,,,TCP,52,"1779589095.911461 IP (tos 0x0, ttl 64, id 39758, offset 0, flags [DF], proto TCP (6), length 52)"
1779589095.911462,,,TCP,52,"1779589095.911462 IP (tos 0x0, ttl 64, id 39759, offset 0, flags [DF], proto TCP (6), length 52)"
1779589095.911463,,,TCP,52,"1779589095.911463 IP (tos 0x0, ttl 64, id 39761, offset 0, flags [DF], proto TCP (6), length 52)"
1779589095.911464,,,TCP,52,"1779589095.911464 IP (tos 0x0, ttl 64, id 39762, offset 0, flags [DF], proto TCP (6), length 52)"
1779589095.911465,,,TCP,52,"1779589095.911465 IP (tos 0x0, ttl 64, id 39763, offset 0, flags [DF], proto TCP (6), length 52)"
1779589095.911466,,,TCP,52,"1779589095.911466 IP (tos 0x0, ttl 64, id 39764, offset 0, flags [DF], proto TCP (6), length 52)"
1779589095.911466,,,TCP,52,"1779589095.911466 IP (tos 0x0, ttl 64, id 39765, offset 0, flags [DF], proto TCP (6), length 52)"
1779589095.911467,,,TCP,52,"1779589095.911467 IP (tos 0x0, ttl 64, id 39767, offset 0, flags [DF], proto TCP (6), length 52)"
1779589095.911471,,,TCP,52,"1779589095.911471 IP (tos 0x0, ttl 64, id 39768, offset 0, flags [DF], proto TCP (6), length 52)"
1779589095.911472,,,TCP,52,"1779589095.911472 IP (tos 0x0, ttl 64, id 39769, offset 0, flags [DF], proto TCP (6), length 52)"
1779589095.911473,,,TCP,52,"1779589095.911473 IP (tos 0x0, ttl 64, id 39771, offset 0, flags [DF], proto TCP (6), length 52)"
1779589095.911474,,,TCP,52,"1779589095.911474 IP (tos 0x0, ttl 64, id 39772, offset 0, flags [DF], proto TCP (6), length 52)"
1779589095.911475,,,TCP,52,"1779589095.911475 IP (tos 0x0, ttl 64, id 39773, offset 0, flags [DF], proto TCP (6), length 52)"
1779589095.911476,,,TCP,52,"1779589095.911476 IP (tos 0x0, ttl 64, id 39775, offset 0, flags [DF], proto TCP (6), length 52)"
1779589095.911476,,,TCP,52,"1779589095.911476 IP (tos 0x0, ttl 64, id 39776, offset 0, flags [DF], proto TCP (6), length 52)"
1779589095.911477,,,TCP,52,"1779589095.911477 IP (tos 0x0, ttl 64, id 39777, offset 0, flags [DF], proto TCP (6), length 52)"
1779589095.911478,,,TCP,52,"1779589095.911478 IP (tos 0x0, ttl 64, id 39778, offset 0, flags [DF], proto TCP (6), length 52)"
1779589095.911481,,,TCP,52,"1779589095.911481 IP (tos 0x0, ttl 64, id 39779, offset 0, flags [DF], proto TCP (6), length 52)"
1779589095.911482,,,TCP,52,"1779589095.911482 IP (tos 0x0, ttl 64, id 39780, offset 0, flags [DF], proto TCP (6), length 52)"
1779589095.911483,,,TCP,52,"1779589095.911483 IP (tos 0x0, ttl 64, id 39781, offset 0, flags [DF], proto TCP (6), length 52)"
1779589095.911484,,,TCP,52,"1779589095.911484 IP (tos 0x0, ttl 64, id 39784, offset 0, flags [DF], proto TCP (6), length 52)"
1779589095.911485,,,TCP,52,"1779589095.911485 IP (tos 0x0, ttl 64, id 39785, offset 0, flags [DF], proto TCP (6), length 52)"
1779589095.911486,,,TCP,52,"1779589095.911486 IP (tos 0x0, ttl 64, id 39786, offset 0, flags [DF], proto TCP (6), length 52)"
1779589095.911487,,,TCP,52,"1779589095.911487 IP (tos 0x0, ttl 64, id 39787, offset 0, flags [DF], proto TCP (6), length 52)"
1779589095.911487,,,TCP,52,"1779589095.911487 IP (tos 0x0, ttl 64, id 39788, offset 0, flags [DF], proto TCP (6), length 52)"
1779589095.911488,,,TCP,52,"1779589095.911488 IP (tos 0x0, ttl 64, id 39789, offset 0, flags [DF], proto TCP (6), length 52)"
1779589095.911490,,,TCP,52,"1779589095.911490 IP (tos 0x0, ttl 64, id 39790, offset 0, flags [DF], proto TCP (6), length 52)"
1779589095.911491,,,TCP,52,"1779589095.911491 IP (tos 0x0, ttl 64, id 39791, offset 0, flags [DF], proto TCP (6), length 52)"
1779589095.911492,,,TCP,52,"1779589095.911492 IP (tos 0x0, ttl 64, id 39792, offset 0, flags [DF], proto TCP (6), length 52)"
1779589095.912416,,,TCP,4396,"1779589095.912416 IP (tos 0x0, ttl 64, id 48573, offset 0, flags [DF], proto TCP (6), length 4396)"
1779589095.912521,,,TCP,4396,"1779589095.912521 IP (tos 0x0, ttl 64, id 48576, offset 0, flags [DF], proto TCP (6), length 4396)"
1779589095.912540,,,TCP,4396,"1779589095.912540 IP (tos 0x0, ttl 64, id 48579, offset 0, flags [DF], proto TCP (6), length 4396)"
1779589095.912553,,,TCP,4396,"1779589095.912553 IP (tos 0x0, ttl 64, id 48582, offset 0, flags [DF], proto TCP (6), length 4396)"
1779589095.912573,,,TCP,4396,"1779589095.912573 IP (tos 0x0, ttl 64, id 48585, offset 0, flags [DF], proto TCP (6), length 4396)"
1779589095.912585,,,TCP,4396,"1779589095.912585 IP (tos 0x0, ttl 64, id 48588, offset 0, flags [DF], proto TCP (6), length 4396)"
1779589095.912597,,,TCP,4396,"1779589095.912597 IP (tos 0x0, ttl 64, id 48591, offset 0, flags [DF], proto TCP (6), length 4396)"
1779589095.912611,,,TCP,4396,"1779589095.912611 IP (tos 0x0, ttl 64, id 48594, offset 0, flags [DF], proto TCP (6), length 4396)"
1779589095.912621,,,TCP,4396,"1779589095.912621 IP (tos 0x0, ttl 64, id 48597, offset 0, flags [DF], proto TCP (6), length 4396)"
1779589095.912630,,,TCP,4396,"1779589095.912630 IP (tos 0x0, ttl 64, id 48600, offset 0, flags [DF], proto TCP (6), length 4396)"
1779589095.912638,,,TCP,4396,"1779589095.912638 IP (tos 0x0, ttl 64, id 48603, offset 0, flags [DF], proto TCP (6), length 4396)"
1779589095.912648,,,TCP,4396,"1779589095.912648 IP (tos 0x0, ttl 64, id 48606, offset 0, flags [DF], proto TCP (6), length 4396)"
1779589095.912660,,,TCP,4396,"1779589095.912660 IP (tos 0x0, ttl 64, id 48609, offset 0, flags [DF], proto TCP (6), length 4396)"
1779589095.912780,,,TCP,4396,"1779589095.912780 IP (tos 0x0, ttl 64, id 48612, offset 0, flags [DF], proto TCP (6), length 4396)"
1779589095.912816,,,TCP,4396,"1779589095.912816 IP (tos 0x0, ttl 64, id 48615, offset 0, flags [DF], proto TCP (6), length 4396)"
1779589095.912839,,,TCP,4396,"1779589095.912839 IP (tos 0x0, ttl 64, id 48618, offset 0, flags [DF], proto TCP (6), length 4396)"
1779589095.912868,,,TCP,4396,"1779589095.912868 IP (tos 0x0, ttl 64, id 48621, offset 0, flags [DF], proto TCP (6), length 4396)"
1779589095.912883,,,TCP,4396,"1779589095.912883 IP (tos 0x0, ttl 64, id 48624, offset 0, flags [DF], proto TCP (6), length 4396)"
1779589095.912895,,,TCP,4396,"1779589095.912895 IP (tos 0x0, ttl 64, id 48627, offset 0, flags [DF], proto TCP (6), length 4396)"
1779589095.912907,,,TCP,4396,"1779589095.912907 IP (tos 0x0, ttl 64, id 48630, offset 0, flags [DF], proto TCP (6), length 4396)"
1779589095.912967,,,TCP,4396,"1779589095.912967 IP (tos 0x0, ttl 64, id 48633, offset 0, flags [DF], proto TCP (6), length 4396)"
1779589095.912996,,,TCP,4396,"1779589095.912996 IP (tos 0x0, ttl 64, id 48636, offset 0, flags [DF], proto TCP (6), length 4396)"
1779589095.913011,,,TCP,4396,"1779589095.913011 IP (tos 0x0, ttl 64, id 48639, offset 0, flags [DF], proto TCP (6), length 4396)"
1779589095.913027,,,TCP,4396,"1779589095.913027 IP (tos 0x0, ttl 64, id 48642, offset 0, flags [DF], proto TCP (6), length 4396)"
1779589095.913040,,,TCP,4396,"1779589095.913040 IP (tos 0x0, ttl 64, id 48645, offset 0, flags [DF], proto TCP (6), length 4396)"
1779589095.913052,,,TCP,4396,"1779589095.913052 IP (tos 0x0, ttl 64, id 48648, offset 0, flags [DF], proto TCP (6), length 4396)"
1779589095.913063,,,TCP,4396,"1779589095.913063 IP (tos 0x0, ttl 64, id 48651, offset 0, flags [DF], proto TCP (6), length 4396)"
1779589095.913075,,,TCP,4396,"1779589095.913075 IP (tos 0x0, ttl 64, id 48654, offset 0, flags [DF], proto TCP (6), length 4396)"
1779589095.913086,,,TCP,4396,"1779589095.913086 IP (tos 0x0, ttl 64, id 48657, offset 0, flags [DF], proto TCP (6), length 4396)"
1779589095.913194,,,TCP,4396,"1779589095.913194 IP (tos 0x0, ttl 64, id 48660, offset 0, flags [DF], proto TCP (6), length 4396)"
1779589095.913222,,,TCP,4396,"1779589095.913222 IP (tos 0x0, ttl 64, id 48663, offset 0, flags [DF], proto TCP (6), length 4396)"
1779589095.913238,,,TCP,4396,"1779589095.913238 IP (tos 0x0, ttl 64, id 48666, offset 0, flags [DF], proto TCP (6), length 4396)"
1779589095.913251,,,TCP,4396,"1779589095.913251 IP (tos 0x0, ttl 64, id 48669, offset 0, flags [DF], proto TCP (6), length 4396)"
1779589095.913263,,,TCP,4396,"1779589095.913263 IP (tos 0x0, ttl 64, id 48672, offset 0, flags [DF], proto TCP (6), length 4396)"
1779589095.913275,,,TCP,4396,"1779589095.913275 IP (tos 0x0, ttl 64, id 48675, offset 0, flags [DF], proto TCP (6), length 4396)"
1779589095.913286,,,TCP,4396,"1779589095.913286 IP (tos 0x0, ttl 64, id 48678, offset 0, flags [DF], proto TCP (6), length 4396)"
1779589095.913297,,,TCP,4396,"1779589095.913297 IP (tos 0x0, ttl 64, id 48681, offset 0, flags [DF], proto TCP (6), length 4396)"
1779589095.913309,,,TCP,4396,"1779589095.913309 IP (tos 0x0, ttl 64, id 48684, offset 0, flags [DF], proto TCP (6), length 4396)"
1779589095.913347,,,TCP,5844,"1779589095.913347 IP (tos 0x0, ttl 64, id 48687, offset 0, flags [DF], proto TCP (6), length 5844)"
1779589095.913360,,,TCP,5844,"1779589095.913360 IP (tos 0x0, ttl 64, id 48691, offset 0, flags [DF], proto TCP (6), length 5844)"
1779589095.913404,,,TCP,5844,"1779589095.913404 IP (tos 0x0, ttl 64, id 48695, offset 0, flags [DF], proto TCP (6), length 5844)"
1779589095.913417,,,TCP,5844,"1779589095.913417 IP (tos 0x0, ttl 64, id 48699, offset 0, flags [DF], proto TCP (6), length 5844)"
1779589095.913430,,,TCP,5844,"1779589095.913430 IP (tos 0x0, ttl 64, id 48703, offset 0, flags [DF], proto TCP (6), length 5844)"
1779589095.913443,,,TCP,5844,"1779589095.913443 IP (tos 0x0, ttl 64, id 48707, offset 0, flags [DF], proto TCP (6), length 5844)"
1779589095.913457,,,TCP,5844,"1779589095.913457 IP (tos 0x0, ttl 64, id 48711, offset 0, flags [DF], proto TCP (6), length 5844)"
1779589095.913469,,,TCP,2948,"1779589095.913469 IP (tos 0x0, ttl 64, id 48715, offset 0, flags [DF], proto TCP (6), length 2948)"
1779589095.913481,,,TCP,5844,"1779589095.913481 IP (tos 0x0, ttl 64, id 48717, offset 0, flags [DF], proto TCP (6), length 5844)"
1779589095.913496,,,TCP,5844,"1779589095.913496 IP (tos 0x0, ttl 64, id 48721, offset 0, flags [DF], proto TCP (6), length 5844)"
1779589095.913508,,,TCP,5844,"1779589095.913508 IP (tos 0x0, ttl 64, id 48725, offset 0, flags [DF], proto TCP (6), length 5844)"
1779589095.913521,,,TCP,5844,"1779589095.913521 IP (tos 0x0, ttl 64, id 48729, offset 0, flags [DF], proto TCP (6), length 5844)"
1779589095.913534,,,TCP,5844,"1779589095.913534 IP (tos 0x0, ttl 64, id 48733, offset 0, flags [DF], proto TCP (6), length 5844)"
1779589095.913548,,,TCP,5844,"1779589095.913548 IP (tos 0x0, ttl 64, id 48737, offset 0, flags [DF], proto TCP (6), length 5844)"
1779589095.913561,,,TCP,5844,"1779589095.913561 IP (tos 0x0, ttl 64, id 48741, offset 0, flags [DF], proto TCP (6), length 5844)"
1779589095.913598,,,TCP,5844,"1779589095.913598 IP (tos 0x0, ttl 64, id 48745, offset 0, flags [DF], proto TCP (6), length 5844)"
1779589095.913611,,,TCP,5844,"1779589095.913611 IP (tos 0x0, ttl 64, id 48749, offset 0, flags [DF], proto TCP (6), length 5844)"
1779589095.913624,,,TCP,5844,"1779589095.913624 IP (tos 0x0, ttl 64, id 48753, offset 0, flags [DF], proto TCP (6), length 5844)"
1779589095.913652,,,TCP,5844,"1779589095.913652 IP (tos 0x0, ttl 64, id 48757, offset 0, flags [DF], proto TCP (6), length 5844)"
1779589095.913665,,,TCP,1500,"1779589095.913665 IP (tos 0x0, ttl 64, id 48761, offset 0, flags [DF], proto TCP (6), length 1500)"
1779589095.913678,,,TCP,5844,"1779589095.913678 IP (tos 0x0, ttl 64, id 48762, offset 0, flags [DF], proto TCP (6), length 5844)"
1779589095.913691,,,TCP,5844,"1779589095.913691 IP (tos 0x0, ttl 64, id 48766, offset 0, flags [DF], proto TCP (6), length 5844)"
1779589095.913705,,,TCP,5844,"1779589095.913705 IP (tos 0x0, ttl 64, id 48770, offset 0, flags [DF], proto TCP (6), length 5844)"
1779589095.913842,,,TCP,5844,"1779589095.913842 IP (tos 0x0, ttl 64, id 48774, offset 0, flags [DF], proto TCP (6), length 5844)"
1779589095.913864,,,TCP,5844,"1779589095.913864 IP (tos 0x0, ttl 64, id 48778, offset 0, flags [DF], proto TCP (6), length 5844)"
1779589095.913943,,,TCP,5844,"1779589095.913943 IP (tos 0x0, ttl 64, id 48782, offset 0, flags [DF], proto TCP (6), length 5844)"
1779589095.913999,,,TCP,5844,"1779589095.913999 IP (tos 0x0, ttl 64, id 48786, offset 0, flags [DF], proto TCP (6), length 5844)"
1779589095.914011,,,TCP,5844,"1779589095.914011 IP (tos 0x0, ttl 64, id 48790, offset 0, flags [DF], proto TCP (6), length 5844)"
1779589095.914027,,,TCP,5844,"1779589095.914027 IP (tos 0x0, ttl 64, id 48794, offset 0, flags [DF], proto TCP (6), length 5844)"
1779589095.914056,,,TCP,3652,"1779589095.914056 IP (tos 0x0, ttl 64, id 48798, offset 0, flags [DF], proto TCP (6), length 3652)"
1779589095.914736,,,TCP,2948,"1779589095.914736 IP (tos 0x0, ttl 64, id 48801, offset 0, flags [DF], proto TCP (6), length 2948)"
1779589095.915436,,,TCP,4396,"1779589095.915436 IP (tos 0x0, ttl 64, id 48803, offset 0, flags [DF], proto TCP (6), length 4396)"
1779589095.915946,,,TCP,4396,"1779589095.915946 IP (tos 0x0, ttl 64, id 48806, offset 0, flags [DF], proto TCP (6), length 4396)"
1779589095.916783,,,TCP,4396,"1779589095.916783 IP (tos 0x0, ttl 64, id 48809, offset 0, flags [DF], proto TCP (6), length 4396)"
1779589095.917634,,,TCP,4396,"1779589095.917634 IP (tos 0x0, ttl 64, id 48812, offset 0, flags [DF], proto TCP (6), length 4396)"
1779589095.918281,,,TCP,2948,"1779589095.918281 IP (tos 0x0, ttl 64, id 48815, offset 0, flags [DF], proto TCP (6), length 2948)"
1779589095.918967,,,TCP,4396,"1779589095.918967 IP (tos 0x0, ttl 64, id 48817, offset 0, flags [DF], proto TCP (6), length 4396)"
1779589095.919822,,,TCP,4396,"1779589095.919822 IP (tos 0x0, ttl 64, id 48820, offset 0, flags [DF], proto TCP (6), length 4396)"
1779589095.920593,,,TCP,4396,"1779589095.920593 IP (tos 0x0, ttl 64, id 48823, offset 0, flags [DF], proto TCP (6), length 4396)"
1779589095.921061,,,TCP,4396,"1779589095.921061 IP (tos 0x0, ttl 64, id 48826, offset 0, flags [DF], proto TCP (6), length 4396)"
1779589095.921635,,,TCP,4396,"1779589095.921635 IP (tos 0x0, ttl 64, id 48829, offset 0, flags [DF], proto TCP (6), length 4396)"
1779589095.922190,,,TCP,2948,"1779589095.922190 IP (tos 0x0, ttl 64, id 48832, offset 0, flags [DF], proto TCP (6), length 2948)"
1779589095.922915,,,TCP,4396,"1779589095.922915 IP (tos 0x0, ttl 64, id 48834, offset 0, flags [DF], proto TCP (6), length 4396)"
1779589095.923790,,,TCP,4396,"1779589095.923790 IP (tos 0x0, ttl 64, id 48837, offset 0, flags [DF], proto TCP (6), length 4396)"
1779589095.924236,,,TCP,4396,"1779589095.924236 IP (tos 0x0, ttl 64, id 48840, offset 0, flags [DF], proto TCP (6), length 4396)"
1779589095.924792,,,TCP,4396,"1779589095.924792 IP (tos 0x0, ttl 64, id 48843, offset 0, flags [DF], proto TCP (6), length 4396)"
1779589095.925219,,,TCP,4396,"1779589095.925219 IP (tos 0x0, ttl 64, id 48846, offset 0, flags [DF], proto TCP (6), length 4396)"
1779589095.925725,,,TCP,2948,"1779589095.925725 IP (tos 0x0, ttl 64, id 48849, offset 0, flags [DF], proto TCP (6), length 2948)"
1779589095.926093,,,TCP,4396,"1779589095.926093 IP (tos 0x0, ttl 64, id 48851, offset 0, flags [DF], proto TCP (6), length 4396)"
1779589095.926417,,,TCP,4396,"1779589095.926417 IP (tos 0x0, ttl 64, id 48854, offset 0, flags [DF], proto TCP (6), length 4396)"
1779589095.926814,,,TCP,4396,"1779589095.926814 IP (tos 0x0, ttl 64, id 48857, offset 0, flags [DF], proto TCP (6), length 4396)"
1779589095.927157,,,TCP,1500,"1779589095.927157 IP (tos 0x0, ttl 64, id 48860, offset 0, flags [DF], proto TCP (6), length 1500)"
1779589096.000547,,,TCP,60,"1779589096.000547 IP (tos 0x0, ttl 64, id 62589, offset 0, flags [DF], proto TCP (6), length 60)"
1779589096.012571,,,TCP,52,"1779589096.012571 IP (tos 0x0, ttl 64, id 39793, offset 0, flags [DF], proto TCP (6), length 52)"
1779589096.012574,,,TCP,52,"1779589096.012574 IP (tos 0x0, ttl 64, id 39796, offset 0, flags [DF], proto TCP (6), length 52)"
1779589096.012630,,,TCP,7292,"1779589096.012630 IP (tos 0x0, ttl 64, id 48861, offset 0, flags [DF], proto TCP (6), length 7292)"
1779589096.012706,,,TCP,52,"1779589096.012706 IP (tos 0x0, ttl 64, id 39797, offset 0, flags [DF], proto TCP (6), length 52)"
1779589096.012707,,,TCP,52,"1779589096.012707 IP (tos 0x0, ttl 64, id 39798, offset 0, flags [DF], proto TCP (6), length 52)"
1779589096.012708,,,TCP,52,"1779589096.012708 IP (tos 0x0, ttl 64, id 39799, offset 0, flags [DF], proto TCP (6), length 52)"
1779589096.012708,,,TCP,52,"1779589096.012708 IP (tos 0x0, ttl 64, id 39800, offset 0, flags [DF], proto TCP (6), length 52)"
1779589096.012709,,,TCP,52,"1779589096.012709 IP (tos 0x0, ttl 64, id 39801, offset 0, flags [DF], proto TCP (6), length 52)"
1779589096.012709,,,TCP,52,"1779589096.012709 IP (tos 0x0, ttl 64, id 39802, offset 0, flags [DF], proto TCP (6), length 52)"
1779589096.012710,,,TCP,52,"1779589096.012710 IP (tos 0x0, ttl 64, id 39803, offset 0, flags [DF], proto TCP (6), length 52)"
1779589096.012710,,,TCP,52,"1779589096.012710 IP (tos 0x0, ttl 64, id 39804, offset 0, flags [DF], proto TCP (6), length 52)"
1779589096.012712,,,TCP,52,"1779589096.012712 IP (tos 0x0, ttl 64, id 39805, offset 0, flags [DF], proto TCP (6), length 52)"
1779589096.012714,,,TCP,7292,"1779589096.012714 IP (tos 0x0, ttl 64, id 48866, offset 0, flags [DF], proto TCP (6), length 7292)"
1779589096.012753,,,TCP,7292,"1779589096.012753 IP (tos 0x0, ttl 64, id 48871, offset 0, flags [DF], proto TCP (6), length 7292)"
1779589096.012756,,,TCP,7292,"1779589096.012756 IP (tos 0x0, ttl 64, id 48876, offset 0, flags [DF], proto TCP (6), length 7292)"
1779589096.012767,,,TCP,7292,"1779589096.012767 IP (tos 0x0, ttl 64, id 48881, offset 0, flags [DF], proto TCP (6), length 7292)"
1779589096.012770,,,TCP,8740,"1779589096.012770 IP (tos 0x0, ttl 64, id 48886, offset 0, flags [DF], proto TCP (6), length 8740)"
1779589096.012773,,,TCP,8740,"1779589096.012773 IP (tos 0x0, ttl 64, id 48892, offset 0, flags [DF], proto TCP (6), length 8740)"
1779589096.012779,,,TCP,8740,"1779589096.012779 IP (tos 0x0, ttl 64, id 48898, offset 0, flags [DF], proto TCP (6), length 8740)"
1779589096.012789,,,TCP,2948,"1779589096.012789 IP (tos 0x0, ttl 64, id 48904, offset 0, flags [DF], proto TCP (6), length 2948)"
1779589096.012792,,,TCP,8740,"1779589096.012792 IP (tos 0x0, ttl 64, id 48906, offset 0, flags [DF], proto TCP (6), length 8740)"
1779589096.012794,,,TCP,8740,"1779589096.012794 IP (tos 0x0, ttl 64, id 48912, offset 0, flags [DF], proto TCP (6), length 8740)"
1779589096.012801,,,TCP,52,"1779589096.012801 IP (tos 0x0, ttl 64, id 39806, offset 0, flags [DF], proto TCP (6), length 52)"
1779589096.012811,,,TCP,8740,"1779589096.012811 IP (tos 0x0, ttl 64, id 48918, offset 0, flags [DF], proto TCP (6), length 8740)"
1779589096.012813,,,TCP,8740,"1779589096.012813 IP (tos 0x0, ttl 64, id 48924, offset 0, flags [DF], proto TCP (6), length 8740)"
1779589096.012825,,,TCP,8740,"1779589096.012825 IP (tos 0x0, ttl 64, id 48930, offset 0, flags [DF], proto TCP (6), length 8740)"
1779589096.012828,,,TCP,8740,"1779589096.012828 IP (tos 0x0, ttl 64, id 48936, offset 0, flags [DF], proto TCP (6), length 8740)"
1779589096.012836,,,TCP,52,"1779589096.012836 IP (tos 0x0, ttl 64, id 39807, offset 0, flags [DF], proto TCP (6), length 52)"
1779589096.012852,,,TCP,8740,"1779589096.012852 IP (tos 0x0, ttl 64, id 48942, offset 0, flags [DF], proto TCP (6), length 8740)"
1779589096.012854,,,TCP,4396,"1779589096.012854 IP (tos 0x0, ttl 64, id 48948, offset 0, flags [DF], proto TCP (6), length 4396)"
1779589096.012856,,,TCP,8740,"1779589096.012856 IP (tos 0x0, ttl 64, id 48951, offset 0, flags [DF], proto TCP (6), length 8740)"
1779589096.012889,,,TCP,8740,"1779589096.012889 IP (tos 0x0, ttl 64, id 48957, offset 0, flags [DF], proto TCP (6), length 8740)"
1779589096.012898,,,TCP,52,"1779589096.012898 IP (tos 0x0, ttl 64, id 39808, offset 0, flags [DF], proto TCP (6), length 52)"
1779589096.012903,,,TCP,52,"1779589096.012903 IP (tos 0x0, ttl 64, id 39810, offset 0, flags [DF], proto TCP (6), length 52)"
1779589096.012905,,,TCP,52,"1779589096.012905 IP (tos 0x0, ttl 64, id 39811, offset 0, flags [DF], proto TCP (6), length 52)"
1779589096.012937,,,TCP,8740,"1779589096.012937 IP (tos 0x0, ttl 64, id 48963, offset 0, flags [DF], proto TCP (6), length 8740)"
1779589096.012939,,,TCP,8740,"1779589096.012939 IP (tos 0x0, ttl 64, id 48969, offset 0, flags [DF], proto TCP (6), length 8740)"
1779589096.012942,,,TCP,52,"1779589096.012942 IP (tos 0x0, ttl 64, id 39812, offset 0, flags [DF], proto TCP (6), length 52)"
1779589096.012953,,,TCP,8740,"1779589096.012953 IP (tos 0x0, ttl 64, id 48975, offset 0, flags [DF], proto TCP (6), length 8740)"
1779589096.012956,,,TCP,8740,"1779589096.012956 IP (tos 0x0, ttl 64, id 48981, offset 0, flags [DF], proto TCP (6), length 8740)"
1779589096.012959,,,TCP,10188,"1779589096.012959 IP (tos 0x0, ttl 64, id 48987, offset 0, flags [DF], proto TCP (6), length 10188)"
1779589096.012963,,,TCP,2948,"1779589096.012963 IP (tos 0x0, ttl 64, id 48994, offset 0, flags [DF], proto TCP (6), length 2948)"
1779589096.013016,,,TCP,52,"1779589096.013016 IP (tos 0x0, ttl 64, id 39813, offset 0, flags [DF], proto TCP (6), length 52)"
1779589096.013018,,,TCP,52,"1779589096.013018 IP (tos 0x0, ttl 64, id 39814, offset 0, flags [DF], proto TCP (6), length 52)"
1779589096.013086,,,TCP,10188,"1779589096.013086 IP (tos 0x0, ttl 64, id 48996, offset 0, flags [DF], proto TCP (6), length 10188)"
1779589096.013092,,,TCP,52,"1779589096.013092 IP (tos 0x0, ttl 64, id 39816, offset 0, flags [DF], proto TCP (6), length 52)"
1779589096.013093,,,TCP,52,"1779589096.013093 IP (tos 0x0, ttl 64, id 39817, offset 0, flags [DF], proto TCP (6), length 52)"
1779589096.013093,,,TCP,52,"1779589096.013093 IP (tos 0x0, ttl 64, id 39818, offset 0, flags [DF], proto TCP (6), length 52)"
1779589096.013094,,,TCP,52,"1779589096.013094 IP (tos 0x0, ttl 64, id 39820, offset 0, flags [DF], proto TCP (6), length 52)"
1779589096.013094,,,TCP,52,"1779589096.013094 IP (tos 0x0, ttl 64, id 39821, offset 0, flags [DF], proto TCP (6), length 52)"
1779589096.013114,,,TCP,1500,"1779589096.013114 IP (tos 0x0, ttl 64, id 49003, offset 0, flags [DF], proto TCP (6), length 1500)"
1779589096.013115,,,TCP,1020,"1779589096.013115 IP (tos 0x0, ttl 64, id 49004, offset 0, flags [DF], proto TCP (6), length 1020)"
1779589096.013308,,,TCP,52,"1779589096.013308 IP (tos 0x0, ttl 64, id 39822, offset 0, flags [DF], proto TCP (6), length 52)"
1779589096.013310,,,TCP,52,"1779589096.013310 IP (tos 0x0, ttl 64, id 39823, offset 0, flags [DF], proto TCP (6), length 52)"
1779589096.013311,,,TCP,52,"1779589096.013311 IP (tos 0x0, ttl 64, id 39824, offset 0, flags [DF], proto TCP (6), length 52)"
1779589096.013311,,,TCP,52,"1779589096.013311 IP (tos 0x0, ttl 64, id 39825, offset 0, flags [DF], proto TCP (6), length 52)"
1779589096.013311,,,TCP,52,"1779589096.013311 IP (tos 0x0, ttl 64, id 39827, offset 0, flags [DF], proto TCP (6), length 52)"
1779589096.013312,,,TCP,52,"1779589096.013312 IP (tos 0x0, ttl 64, id 39828, offset 0, flags [DF], proto TCP (6), length 52)"
1779589096.013346,,,TCP,52,"1779589096.013346 IP (tos 0x0, ttl 64, id 39830, offset 0, flags [DF], proto TCP (6), length 52)"
1779589096.013393,,,TCP,52,"1779589096.013393 IP (tos 0x0, ttl 64, id 39832, offset 0, flags [DF], proto TCP (6), length 52)"
1779589096.013423,,,TCP,52,"1779589096.013423 IP (tos 0x0, ttl 64, id 39833, offset 0, flags [DF], proto TCP (6), length 52)"
1779589096.013438,,,TCP,52,"1779589096.013438 IP (tos 0x0, ttl 64, id 39835, offset 0, flags [DF], proto TCP (6), length 52)"
1779589096.013451,,,TCP,52,"1779589096.013451 IP (tos 0x0, ttl 64, id 39836, offset 0, flags [DF], proto TCP (6), length 52)"
1779589096.013465,,,TCP,52,"1779589096.013465 IP (tos 0x0, ttl 64, id 39837, offset 0, flags [DF], proto TCP (6), length 52)"
1779589096.013477,,,TCP,52,"1779589096.013477 IP (tos 0x0, ttl 64, id 39838, offset 0, flags [DF], proto TCP (6), length 52)"
1779589096.013510,,,TCP,52,"1779589096.013510 IP (tos 0x0, ttl 64, id 39839, offset 0, flags [DF], proto TCP (6), length 52)"
1779589096.013510,,,TCP,52,"1779589096.013510 IP (tos 0x0, ttl 64, id 39840, offset 0, flags [DF], proto TCP (6), length 52)"
1779589096.013527,,,TCP,52,"1779589096.013527 IP (tos 0x0, ttl 64, id 39841, offset 0, flags [DF], proto TCP (6), length 52)"
1779589096.013528,,,TCP,52,"1779589096.013528 IP (tos 0x0, ttl 64, id 39842, offset 0, flags [DF], proto TCP (6), length 52)"
1779589096.013581,,,TCP,52,"1779589096.013581 IP (tos 0x0, ttl 64, id 39844, offset 0, flags [DF], proto TCP (6), length 52)"
1779589096.013583,,,TCP,52,"1779589096.013583 IP (tos 0x0, ttl 64, id 39845, offset 0, flags [DF], proto TCP (6), length 52)"
1779589096.013621,,,TCP,52,"1779589096.013621 IP (tos 0x0, ttl 64, id 39846, offset 0, flags [DF], proto TCP (6), length 52)"
1779589096.013643,,,TCP,52,"1779589096.013643 IP (tos 0x0, ttl 64, id 39848, offset 0, flags [DF], proto TCP (6), length 52)"
1779589096.013660,,,TCP,52,"1779589096.013660 IP (tos 0x0, ttl 64, id 39849, offset 0, flags [DF], proto TCP (6), length 52)"
1779589096.013672,,,TCP,52,"1779589096.013672 IP (tos 0x0, ttl 64, id 39850, offset 0, flags [DF], proto TCP (6), length 52)"
1779589096.013699,,,TCP,52,"1779589096.013699 IP (tos 0x0, ttl 64, id 39852, offset 0, flags [DF], proto TCP (6), length 52)"
1779589096.013872,,,TCP,52,"1779589096.013872 IP (tos 0x0, ttl 64, id 39853, offset 0, flags [DF], proto TCP (6), length 52)"
1779589096.014028,,,TCP,52,"1779589096.014028 IP (tos 0x0, ttl 64, id 39855, offset 0, flags [DF], proto TCP (6), length 52)"
1779589096.014030,,,TCP,52,"1779589096.014030 IP (tos 0x0, ttl 64, id 39856, offset 0, flags [DF], proto TCP (6), length 52)"
1779589096.014030,,,TCP,52,"1779589096.014030 IP (tos 0x0, ttl 64, id 39857, offset 0, flags [DF], proto TCP (6), length 52)"
1779589096.014078,,,TCP,52,"1779589096.014078 IP (tos 0x0, ttl 64, id 39860, offset 0, flags [DF], proto TCP (6), length 52)"
1779589096.014804,,,TCP,52,"1779589096.014804 IP (tos 0x0, ttl 64, id 39861, offset 0, flags [DF], proto TCP (6), length 52)"
1779589096.015523,,,TCP,52,"1779589096.015523 IP (tos 0x0, ttl 64, id 39862, offset 0, flags [DF], proto TCP (6), length 52)"
1779589096.016011,,,TCP,52,"1779589096.016011 IP (tos 0x0, ttl 64, id 39863, offset 0, flags [DF], proto TCP (6), length 52)"
1779589096.017793,,,TCP,52,"1779589096.017793 IP (tos 0x0, ttl 64, id 39865, offset 0, flags [DF], proto TCP (6), length 52)"
1779589096.018363,,,TCP,52,"1779589096.018363 IP (tos 0x0, ttl 64, id 39866, offset 0, flags [DF], proto TCP (6), length 52)"
1779589096.019070,,,TCP,52,"1779589096.019070 IP (tos 0x0, ttl 64, id 39867, offset 0, flags [DF], proto TCP (6), length 52)"
1779589096.019939,,,TCP,52,"1779589096.019939 IP (tos 0x0, ttl 64, id 39868, offset 0, flags [DF], proto TCP (6), length 52)"
1779589096.021113,,,TCP,52,"1779589096.021113 IP (tos 0x0, ttl 64, id 39870, offset 0, flags [DF], proto TCP (6), length 52)"
1779589096.021681,,,TCP,52,"1779589096.021681 IP (tos 0x0, ttl 64, id 39871, offset 0, flags [DF], proto TCP (6), length 52)"
1779589096.022248,,,TCP,52,"1779589096.022248 IP (tos 0x0, ttl 64, id 39872, offset 0, flags [DF], proto TCP (6), length 52)"
1779589096.022940,,,TCP,52,"1779589096.022940 IP (tos 0x0, ttl 64, id 39873, offset 0, flags [DF], proto TCP (6), length 52)"
1779589096.023816,,,TCP,52,"1779589096.023816 IP (tos 0x0, ttl 64, id 39874, offset 0, flags [DF], proto TCP (6), length 52)"
1779589096.024273,,,TCP,52,"1779589096.024273 IP (tos 0x0, ttl 64, id 39875, offset 0, flags [DF], proto TCP (6), length 52)"
1779589096.025378,,,TCP,52,"1779589096.025378 IP (tos 0x0, ttl 64, id 39876, offset 0, flags [DF], proto TCP (6), length 52)"
1779589096.025381,,,TCP,52,"1779589096.025381 IP (tos 0x0, ttl 64, id 39877, offset 0, flags [DF], proto TCP (6), length 52)"
1779589096.025759,,,TCP,52,"1779589096.025759 IP (tos 0x0, ttl 64, id 39878, offset 0, flags [DF], proto TCP (6), length 52)"
1779589096.026140,,,TCP,52,"1779589096.026140 IP (tos 0x0, ttl 64, id 39879, offset 0, flags [DF], proto TCP (6), length 52)"
1779589096.026454,,,TCP,52,"1779589096.026454 IP (tos 0x0, ttl 64, id 39880, offset 0, flags [DF], proto TCP (6), length 52)"
1779589096.026858,,,TCP,52,"1779589096.026858 IP (tos 0x0, ttl 64, id 39881, offset 0, flags [DF], proto TCP (6), length 52)"
1779589096.027170,,,TCP,52,"1779589096.027170 IP (tos 0x0, ttl 64, id 39882, offset 0, flags [DF], proto TCP (6), length 52)"
1779589096.100647,,,TCP,60,"1779589096.100647 IP (tos 0x0, ttl 64, id 0, offset 0, flags [DF], proto TCP (6), length 60)"
1779589096.100886,,,TCP,52,"1779589096.100886 IP (tos 0x0, ttl 64, id 62590, offset 0, flags [DF], proto TCP (6), length 52)"
1779589096.101563,,,TCP,88,"1779589096.101563 IP (tos 0x0, ttl 64, id 62591, offset 0, flags [DF], proto TCP (6), length 88)"
1779589096.105868,,,TCP,2948,"1779589096.105868 IP (tos 0x0, ttl 64, id 62592, offset 0, flags [DF], proto TCP (6), length 2948)"
1779589096.106728,,,TCP,2948,"1779589096.106728 IP (tos 0x0, ttl 64, id 62594, offset 0, flags [DF], proto TCP (6), length 2948)"
1779589096.106763,,,TCP,1500,"1779589096.106763 IP (tos 0x0, ttl 64, id 62596, offset 0, flags [DF], proto TCP (6), length 1500)"
1779589096.107584,,,TCP,2948,"1779589096.107584 IP (tos 0x0, ttl 64, id 62597, offset 0, flags [DF], proto TCP (6), length 2948)"
1779589096.107630,,,TCP,1500,"1779589096.107630 IP (tos 0x0, ttl 64, id 62599, offset 0, flags [DF], proto TCP (6), length 1500)"
1779589096.108364,,,TCP,1500,"1779589096.108364 IP (tos 0x0, ttl 64, id 62600, offset 0, flags [DF], proto TCP (6), length 1500)"
1779589096.112782,,,TCP,52,"1779589096.112782 IP (tos 0x0, ttl 64, id 39883, offset 0, flags [DF], proto TCP (6), length 52)"
1779589096.112788,,,TCP,52,"1779589096.112788 IP (tos 0x0, ttl 64, id 39884, offset 0, flags [DF], proto TCP (6), length 52)"
1779589096.112789,,,TCP,52,"1779589096.112789 IP (tos 0x0, ttl 64, id 39885, offset 0, flags [DF], proto TCP (6), length 52)"
1779589096.112789,,,TCP,52,"1779589096.112789 IP (tos 0x0, ttl 64, id 39886, offset 0, flags [DF], proto TCP (6), length 52)"
1779589096.112800,,,TCP,52,"1779589096.112800 IP (tos 0x0, ttl 64, id 39887, offset 0, flags [DF], proto TCP (6), length 52)"
1779589096.112801,,,TCP,52,"1779589096.112801 IP (tos 0x0, ttl 64, id 39888, offset 0, flags [DF], proto TCP (6), length 52)"
1779589096.112802,,,TCP,52,"1779589096.112802 IP (tos 0x0, ttl 64, id 39890, offset 0, flags [DF], proto TCP (6), length 52)"
1779589096.112806,,,TCP,52,"1779589096.112806 IP (tos 0x0, ttl 64, id 39892, offset 0, flags [DF], proto TCP (6), length 52)"
1779589096.112807,,,TCP,52,"1779589096.112807 IP (tos 0x0, ttl 64, id 39893, offset 0, flags [DF], proto TCP (6), length 52)"
1779589096.112821,,,TCP,52,"1779589096.112821 IP (tos 0x0, ttl 64, id 39894, offset 0, flags [DF], proto TCP (6), length 52)"
1779589096.113417,,,TCP,52,"1779589096.113417 IP (tos 0x0, ttl 64, id 39896, offset 0, flags [DF], proto TCP (6), length 52)"
1779589096.131595,,,TCP,52,"1779589096.131595 IP (tos 0x0, ttl 64, id 39897, offset 0, flags [DF], proto TCP (6), length 52)"
1779589096.131680,,,TCP,52,"1779589096.131680 IP (tos 0x0, ttl 64, id 0, offset 0, flags [DF], proto TCP (6), length 52)"
1779589096.202029,,,TCP,52,"1779589096.202029 IP (tos 0x0, ttl 64, id 10631, offset 0, flags [DF], proto TCP (6), length 52)"
1779589096.202127,,,TCP,2948,"1779589096.202127 IP (tos 0x0, ttl 64, id 62601, offset 0, flags [DF], proto TCP (6), length 2948)"
1779589096.206162,,,TCP,52,"1779589096.206162 IP (tos 0x0, ttl 64, id 10632, offset 0, flags [DF], proto TCP (6), length 52)"
1779589096.206274,,,TCP,2948,"1779589096.206274 IP (tos 0x0, ttl 64, id 62603, offset 0, flags [DF], proto TCP (6), length 2948)"
1779589096.206379,,,TCP,2948,"1779589096.206379 IP (tos 0x0, ttl 64, id 62605, offset 0, flags [DF], proto TCP (6), length 2948)"
1779589096.206831,,,TCP,52,"1779589096.206831 IP (tos 0x0, ttl 64, id 10633, offset 0, flags [DF], proto TCP (6), length 52)"
1779589096.206933,,,TCP,2948,"1779589096.206933 IP (tos 0x0, ttl 64, id 62607, offset 0, flags [DF], proto TCP (6), length 2948)"
1779589096.206954,,,TCP,52,"1779589096.206954 IP (tos 0x0, ttl 64, id 10634, offset 0, flags [DF], proto TCP (6), length 52)"
1779589096.206958,,,TCP,2948,"1779589096.206958 IP (tos 0x0, ttl 64, id 62609, offset 0, flags [DF], proto TCP (6), length 2948)"
1779589096.206990,,,TCP,2948,"1779589096.206990 IP (tos 0x0, ttl 64, id 62611, offset 0, flags [DF], proto TCP (6), length 2948)"
1779589096.207777,,,TCP,52,"1779589096.207777 IP (tos 0x0, ttl 64, id 10635, offset 0, flags [DF], proto TCP (6), length 52)"
1779589096.207783,,,TCP,52,"1779589096.207783 IP (tos 0x0, ttl 64, id 10636, offset 0, flags [DF], proto TCP (6), length 52)"
1779589096.207950,,,TCP,2948,"1779589096.207950 IP (tos 0x0, ttl 64, id 62613, offset 0, flags [DF], proto TCP (6), length 2948)"
1779589096.207970,,,TCP,2948,"1779589096.207970 IP (tos 0x0, ttl 64, id 62615, offset 0, flags [DF], proto TCP (6), length 2948)"
1779589096.207987,,,TCP,2948,"1779589096.207987 IP (tos 0x0, ttl 64, id 62617, offset 0, flags [DF], proto TCP (6), length 2948)"
1779589096.208541,,,TCP,52,"1779589096.208541 IP (tos 0x0, ttl 64, id 10637, offset 0, flags [DF], proto TCP (6), length 52)"
1779589096.208568,,,TCP,2948,"1779589096.208568 IP (tos 0x0, ttl 64, id 62619, offset 0, flags [DF], proto TCP (6), length 2948)"
1779589096.306802,,,TCP,52,"1779589096.306802 IP (tos 0x0, ttl 64, id 10639, offset 0, flags [DF], proto TCP (6), length 52)"
1779589096.306811,,,TCP,52,"1779589096.306811 IP (tos 0x0, ttl 64, id 10640, offset 0, flags [DF], proto TCP (6), length 52)"
1779589096.306929,,,TCP,2948,"1779589096.306929 IP (tos 0x0, ttl 64, id 62621, offset 0, flags [DF], proto TCP (6), length 2948)"
1779589096.307094,,,TCP,52,"1779589096.307094 IP (tos 0x0, ttl 64, id 10641, offset 0, flags [DF], proto TCP (6), length 52)"
1779589096.307096,,,TCP,52,"1779589096.307096 IP (tos 0x0, ttl 64, id 10642, offset 0, flags [DF], proto TCP (6), length 52)"
1779589096.307124,,,TCP,2948,"1779589096.307124 IP (tos 0x0, ttl 64, id 62623, offset 0, flags [DF], proto TCP (6), length 2948)"
1779589096.307187,,,TCP,2948,"1779589096.307187 IP (tos 0x0, ttl 64, id 62625, offset 0, flags [DF], proto TCP (6), length 2948)"
1779589096.307195,,,TCP,2948,"1779589096.307195 IP (tos 0x0, ttl 64, id 62627, offset 0, flags [DF], proto TCP (6), length 2948)"
1779589096.307221,,,TCP,2948,"1779589096.307221 IP (tos 0x0, ttl 64, id 62629, offset 0, flags [DF], proto TCP (6), length 2948)"
1779589096.307225,,,TCP,2948,"1779589096.307225 IP (tos 0x0, ttl 64, id 62631, offset 0, flags [DF], proto TCP (6), length 2948)"
1779589096.307246,,,TCP,2948,"1779589096.307246 IP (tos 0x0, ttl 64, id 62633, offset 0, flags [DF], proto TCP (6), length 2948)"
1779589096.307249,,,TCP,2948,"1779589096.307249 IP (tos 0x0, ttl 64, id 62635, offset 0, flags [DF], proto TCP (6), length 2948)"
1779589096.307265,,,TCP,2948,"1779589096.307265 IP (tos 0x0, ttl 64, id 62637, offset 0, flags [DF], proto TCP (6), length 2948)"
1779589096.307274,,,TCP,2948,"1779589096.307274 IP (tos 0x0, ttl 64, id 62639, offset 0, flags [DF], proto TCP (6), length 2948)"
1779589096.308152,,,TCP,52,"1779589096.308152 IP (tos 0x0, ttl 64, id 10644, offset 0, flags [DF], proto TCP (6), length 52)"
1779589096.308160,,,TCP,52,"1779589096.308160 IP (tos 0x0, ttl 64, id 10645, offset 0, flags [DF], proto TCP (6), length 52)"
1779589096.308161,,,TCP,52,"1779589096.308161 IP (tos 0x0, ttl 64, id 10646, offset 0, flags [DF], proto TCP (6), length 52)"
1779589096.308438,,,TCP,2948,"1779589096.308438 IP (tos 0x0, ttl 64, id 62641, offset 0, flags [DF], proto TCP (6), length 2948)"
1779589096.308457,,,TCP,2948,"1779589096.308457 IP (tos 0x0, ttl 64, id 62643, offset 0, flags [DF], proto TCP (6), length 2948)"
1779589096.308518,,,TCP,2948,"1779589096.308518 IP (tos 0x0, ttl 64, id 62645, offset 0, flags [DF], proto TCP (6), length 2948)"
1779589096.308554,,,TCP,2948,"1779589096.308554 IP (tos 0x0, ttl 64, id 62647, offset 0, flags [DF], proto TCP (6), length 2948)"
1779589096.308567,,,TCP,2948,"1779589096.308567 IP (tos 0x0, ttl 64, id 62649, offset 0, flags [DF], proto TCP (6), length 2948)"
1779589096.308580,,,TCP,2948,"1779589096.308580 IP (tos 0x0, ttl 64, id 62651, offset 0, flags [DF], proto TCP (6), length 2948)"
1779589096.308586,,,TCP,52,"1779589096.308586 IP (tos 0x0, ttl 64, id 10647, offset 0, flags [DF], proto TCP (6), length 52)"
1779589096.308606,,,TCP,2948,"1779589096.308606 IP (tos 0x0, ttl 64, id 62653, offset 0, flags [DF], proto TCP (6), length 2948)"
1779589096.308619,,,TCP,2948,"1779589096.308619 IP (tos 0x0, ttl 64, id 62655, offset 0, flags [DF], proto TCP (6), length 2948)"
1779589096.308639,,,TCP,2948,"1779589096.308639 IP (tos 0x0, ttl 64, id 62657, offset 0, flags [DF], proto TCP (6), length 2948)"
1779589096.308651,,,TCP,2948,"1779589096.308651 IP (tos 0x0, ttl 64, id 62659, offset 0, flags [DF], proto TCP (6), length 2948)"
1779589096.407450,,,TCP,52,"1779589096.407450 IP (tos 0x0, ttl 64, id 10649, offset 0, flags [DF], proto TCP (6), length 52)"
1779589096.407457,,,TCP,52,"1779589096.407457 IP (tos 0x0, ttl 64, id 10650, offset 0, flags [DF], proto TCP (6), length 52)"
1779589096.407458,,,TCP,52,"1779589096.407458 IP (tos 0x0, ttl 64, id 10651, offset 0, flags [DF], proto TCP (6), length 52)"
1779589096.407459,,,TCP,52,"1779589096.407459 IP (tos 0x0, ttl 64, id 10652, offset 0, flags [DF], proto TCP (6), length 52)"
1779589096.407460,,,TCP,52,"1779589096.407460 IP (tos 0x0, ttl 64, id 10653, offset 0, flags [DF], proto TCP (6), length 52)"
1779589096.407461,,,TCP,52,"1779589096.407461 IP (tos 0x0, ttl 64, id 10654, offset 0, flags [DF], proto TCP (6), length 52)"
1779589096.407461,,,TCP,52,"1779589096.407461 IP (tos 0x0, ttl 64, id 10655, offset 0, flags [DF], proto TCP (6), length 52)"
1779589096.407462,,,TCP,52,"1779589096.407462 IP (tos 0x0, ttl 64, id 10656, offset 0, flags [DF], proto TCP (6), length 52)"
1779589096.407463,,,TCP,52,"1779589096.407463 IP (tos 0x0, ttl 64, id 10657, offset 0, flags [DF], proto TCP (6), length 52)"
1779589096.407626,,,TCP,2948,"1779589096.407626 IP (tos 0x0, ttl 64, id 62661, offset 0, flags [DF], proto TCP (6), length 2948)"
1779589096.407755,,,TCP,2948,"1779589096.407755 IP (tos 0x0, ttl 64, id 62663, offset 0, flags [DF], proto TCP (6), length 2948)"
1779589096.407836,,,TCP,2948,"1779589096.407836 IP (tos 0x0, ttl 64, id 62665, offset 0, flags [DF], proto TCP (6), length 2948)"
1779589096.407844,,,TCP,2948,"1779589096.407844 IP (tos 0x0, ttl 64, id 62667, offset 0, flags [DF], proto TCP (6), length 2948)"
1779589096.408427,,,TCP,2948,"1779589096.408427 IP (tos 0x0, ttl 64, id 62669, offset 0, flags [DF], proto TCP (6), length 2948)"
1779589096.408431,,,TCP,2948,"1779589096.408431 IP (tos 0x0, ttl 64, id 62673, offset 0, flags [DF], proto TCP (6), length 2948)"
1779589096.408597,,,TCP,52,"1779589096.408597 IP (tos 0x0, ttl 64, id 10658, offset 0, flags [DF], proto TCP (6), length 52)"
1779589096.408601,,,TCP,52,"1779589096.408601 IP (tos 0x0, ttl 64, id 10659, offset 0, flags [DF], proto TCP (6), length 52)"
1779589096.408602,,,TCP,52,"1779589096.408602 IP (tos 0x0, ttl 64, id 10660, offset 0, flags [DF], proto TCP (6), length 52)"
1779589096.408603,,,TCP,52,"1779589096.408603 IP (tos 0x0, ttl 64, id 10661, offset 0, flags [DF], proto TCP (6), length 52)"
1779589096.408604,,,TCP,52,"1779589096.408604 IP (tos 0x0, ttl 64, id 10662, offset 0, flags [DF], proto TCP (6), length 52)"
1779589096.408607,,,TCP,52,"1779589096.408607 IP (tos 0x0, ttl 64, id 10663, offset 0, flags [DF], proto TCP (6), length 52)"
1779589096.408613,,,TCP,2948,"1779589096.408613 IP (tos 0x0, ttl 64, id 62671, offset 0, flags [DF], proto TCP (6), length 2948)"
1779589096.408646,,,TCP,2948,"1779589096.408646 IP (tos 0x0, ttl 64, id 62675, offset 0, flags [DF], proto TCP (6), length 2948)"
1779589096.408743,,,TCP,2948,"1779589096.408743 IP (tos 0x0, ttl 64, id 62677, offset 0, flags [DF], proto TCP (6), length 2948)"
1779589096.408757,,,TCP,2948,"1779589096.408757 IP (tos 0x0, ttl 64, id 62679, offset 0, flags [DF], proto TCP (6), length 2948)"
1779589096.408770,,,TCP,2948,"1779589096.408770 IP (tos 0x0, ttl 64, id 62681, offset 0, flags [DF], proto TCP (6), length 2948)"
1779589096.408781,,,TCP,2948,"1779589096.408781 IP (tos 0x0, ttl 64, id 62683, offset 0, flags [DF], proto TCP (6), length 2948)"
1779589096.408791,,,TCP,2948,"1779589096.408791 IP (tos 0x0, ttl 64, id 62685, offset 0, flags [DF], proto TCP (6), length 2948)"
1779589096.408802,,,TCP,2948,"1779589096.408802 IP (tos 0x0, ttl 64, id 62687, offset 0, flags [DF], proto TCP (6), length 2948)"
1779589096.408812,,,TCP,2948,"1779589096.408812 IP (tos 0x0, ttl 64, id 62689, offset 0, flags [DF], proto TCP (6), length 2948)"
1779589096.408823,,,TCP,2948,"1779589096.408823 IP (tos 0x0, ttl 64, id 62691, offset 0, flags [DF], proto TCP (6), length 2948)"
1779589096.408834,,,TCP,2948,"1779589096.408834 IP (tos 0x0, ttl 64, id 62693, offset 0, flags [DF], proto TCP (6), length 2948)"
1779589096.408845,,,TCP,2948,"1779589096.408845 IP (tos 0x0, ttl 64, id 62695, offset 0, flags [DF], proto TCP (6), length 2948)"
1779589096.408856,,,TCP,2948,"1779589096.408856 IP (tos 0x0, ttl 64, id 62697, offset 0, flags [DF], proto TCP (6), length 2948)"
1779589096.408863,,,TCP,52,"1779589096.408863 IP (tos 0x0, ttl 64, id 10665, offset 0, flags [DF], proto TCP (6), length 52)"
1779589096.408880,,,TCP,2948,"1779589096.408880 IP (tos 0x0, ttl 64, id 62699, offset 0, flags [DF], proto TCP (6), length 2948)"
1779589096.408905,,,TCP,2948,"1779589096.408905 IP (tos 0x0, ttl 64, id 62701, offset 0, flags [DF], proto TCP (6), length 2948)"
1779589096.408917,,,TCP,2948,"1779589096.408917 IP (tos 0x0, ttl 64, id 62703, offset 0, flags [DF], proto TCP (6), length 2948)"
1779589096.409032,,,TCP,2948,"1779589096.409032 IP (tos 0x0, ttl 64, id 62705, offset 0, flags [DF], proto TCP (6), length 2948)"
1779589096.409060,,,TCP,2948,"1779589096.409060 IP (tos 0x0, ttl 64, id 62707, offset 0, flags [DF], proto TCP (6), length 2948)"
1779589096.409070,,,TCP,2948,"1779589096.409070 IP (tos 0x0, ttl 64, id 62709, offset 0, flags [DF], proto TCP (6), length 2948)"
1779589096.409079,,,TCP,2948,"1779589096.409079 IP (tos 0x0, ttl 64, id 62711, offset 0, flags [DF], proto TCP (6), length 2948)"
1779589096.409089,,,TCP,2948,"1779589096.409089 IP (tos 0x0, ttl 64, id 62713, offset 0, flags [DF], proto TCP (6), length 2948)"
1779589096.409098,,,TCP,2948,"1779589096.409098 IP (tos 0x0, ttl 64, id 62715, offset 0, flags [DF], proto TCP (6), length 2948)"
1779589096.409107,,,TCP,2948,"1779589096.409107 IP (tos 0x0, ttl 64, id 62717, offset 0, flags [DF], proto TCP (6), length 2948)"
1779589096.409117,,,TCP,2948,"1779589096.409117 IP (tos 0x0, ttl 64, id 62719, offset 0, flags [DF], proto TCP (6), length 2948)"
1779589096.409125,,,TCP,2948,"1779589096.409125 IP (tos 0x0, ttl 64, id 62721, offset 0, flags [DF], proto TCP (6), length 2948)"
1779589096.409133,,,TCP,2948,"1779589096.409133 IP (tos 0x0, ttl 64, id 62723, offset 0, flags [DF], proto TCP (6), length 2948)"
1779589096.409148,,,TCP,2948,"1779589096.409148 IP (tos 0x0, ttl 64, id 62725, offset 0, flags [DF], proto TCP (6), length 2948)"
1779589096.409158,,,TCP,2948,"1779589096.409158 IP (tos 0x0, ttl 64, id 62727, offset 0, flags [DF], proto TCP (6), length 2948)"
1779589096.409166,,,TCP,2948,"1779589096.409166 IP (tos 0x0, ttl 64, id 62729, offset 0, flags [DF], proto TCP (6), length 2948)"
1779589096.409174,,,TCP,2948,"1779589096.409174 IP (tos 0x0, ttl 64, id 62731, offset 0, flags [DF], proto TCP (6), length 2948)"
1779589096.409181,,,TCP,2948,"1779589096.409181 IP (tos 0x0, ttl 64, id 62733, offset 0, flags [DF], proto TCP (6), length 2948)"
1779589096.409189,,,TCP,2948,"1779589096.409189 IP (tos 0x0, ttl 64, id 62735, offset 0, flags [DF], proto TCP (6), length 2948)"
1779589096.409196,,,TCP,1500,"1779589096.409196 IP (tos 0x0, ttl 64, id 62737, offset 0, flags [DF], proto TCP (6), length 1500)"
1779589096.409205,,,TCP,2948,"1779589096.409205 IP (tos 0x0, ttl 64, id 62738, offset 0, flags [DF], proto TCP (6), length 2948)"
1779589096.409381,,,TCP,1500,"1779589096.409381 IP (tos 0x0, ttl 64, id 62740, offset 0, flags [DF], proto TCP (6), length 1500)"
1779589096.508141,,,TCP,52,"1779589096.508141 IP (tos 0x0, ttl 64, id 10666, offset 0, flags [DF], proto TCP (6), length 52)"
1779589096.508149,,,TCP,52,"1779589096.508149 IP (tos 0x0, ttl 64, id 10667, offset 0, flags [DF], proto TCP (6), length 52)"
1779589096.508150,,,TCP,52,"1779589096.508150 IP (tos 0x0, ttl 64, id 10668, offset 0, flags [DF], proto TCP (6), length 52)"
1779589096.508461,,,TCP,2948,"1779589096.508461 IP (tos 0x0, ttl 64, id 62741, offset 0, flags [DF], proto TCP (6), length 2948)"
1779589096.508567,,,TCP,52,"1779589096.508567 IP (tos 0x0, ttl 64, id 10669, offset 0, flags [DF], proto TCP (6), length 52)"
1779589096.508574,,,TCP,2948,"1779589096.508574 IP (tos 0x0, ttl 64, id 62743, offset 0, flags [DF], proto TCP (6), length 2948)"
1779589096.508610,,,TCP,52,"1779589096.508610 IP (tos 0x0, ttl 64, id 10670, offset 0, flags [DF], proto TCP (6), length 52)"
1779589096.508676,,,TCP,2948,"1779589096.508676 IP (tos 0x0, ttl 64, id 62745, offset 0, flags [DF], proto TCP (6), length 2948)"
1779589096.508684,,,TCP,2948,"1779589096.508684 IP (tos 0x0, ttl 64, id 62747, offset 0, flags [DF], proto TCP (6), length 2948)"
1779589096.508743,,,TCP,2948,"1779589096.508743 IP (tos 0x0, ttl 64, id 62749, offset 0, flags [DF], proto TCP (6), length 2948)"
1779589096.508757,,,TCP,52,"1779589096.508757 IP (tos 0x0, ttl 64, id 10672, offset 0, flags [DF], proto TCP (6), length 52)"
1779589096.508758,,,TCP,52,"1779589096.508758 IP (tos 0x0, ttl 64, id 10673, offset 0, flags [DF], proto TCP (6), length 52)"
1779589096.508759,,,TCP,52,"1779589096.508759 IP (tos 0x0, ttl 64, id 10674, offset 0, flags [DF], proto TCP (6), length 52)"
1779589096.508762,,,TCP,2948,"1779589096.508762 IP (tos 0x0, ttl 64, id 62751, offset 0, flags [DF], proto TCP (6), length 2948)"
1779589096.508882,,,TCP,2948,"1779589096.508882 IP (tos 0x0, ttl 64, id 62753, offset 0, flags [DF], proto TCP (6), length 2948)"
1779589096.508896,,,TCP,52,"1779589096.508896 IP (tos 0x0, ttl 64, id 10677, offset 0, flags [DF], proto TCP (6), length 52)"
1779589096.508898,,,TCP,52,"1779589096.508898 IP (tos 0x0, ttl 64, id 10678, offset 0, flags [DF], proto TCP (6), length 52)"
1779589096.508899,,,TCP,52,"1779589096.508899 IP (tos 0x0, ttl 64, id 10679, offset 0, flags [DF], proto TCP (6), length 52)"
1779589096.508901,,,TCP,52,"1779589096.508901 IP (tos 0x0, ttl 64, id 10680, offset 0, flags [DF], proto TCP (6), length 52)"
1779589096.508902,,,TCP,52,"1779589096.508902 IP (tos 0x0, ttl 64, id 10681, offset 0, flags [DF], proto TCP (6), length 52)"
1779589096.508903,,,TCP,52,"1779589096.508903 IP (tos 0x0, ttl 64, id 10683, offset 0, flags [DF], proto TCP (6), length 52)"
1779589096.508904,,,TCP,52,"1779589096.508904 IP (tos 0x0, ttl 64, id 10684, offset 0, flags [DF], proto TCP (6), length 52)"
1779589096.508905,,,TCP,52,"1779589096.508905 IP (tos 0x0, ttl 64, id 10685, offset 0, flags [DF], proto TCP (6), length 52)"
1779589096.508909,,,TCP,2948,"1779589096.508909 IP (tos 0x0, ttl 64, id 62755, offset 0, flags [DF], proto TCP (6), length 2948)"
1779589096.508950,,,TCP,52,"1779589096.508950 IP (tos 0x0, ttl 64, id 10686, offset 0, flags [DF], proto TCP (6), length 52)"
1779589096.508981,,,TCP,2948,"1779589096.508981 IP (tos 0x0, ttl 64, id 62757, offset 0, flags [DF], proto TCP (6), length 2948)"
1779589096.509023,,,TCP,2948,"1779589096.509023 IP (tos 0x0, ttl 64, id 62759, offset 0, flags [DF], proto TCP (6), length 2948)"
1779589096.509048,,,TCP,2948,"1779589096.509048 IP (tos 0x0, ttl 64, id 62761, offset 0, flags [DF], proto TCP (6), length 2948)"
1779589096.509101,,,TCP,2948,"1779589096.509101 IP (tos 0x0, ttl 64, id 62763, offset 0, flags [DF], proto TCP (6), length 2948)"
1779589096.509110,,,TCP,52,"1779589096.509110 IP (tos 0x0, ttl 64, id 10688, offset 0, flags [DF], proto TCP (6), length 52)"
1779589096.509112,,,TCP,52,"1779589096.509112 IP (tos 0x0, ttl 64, id 10689, offset 0, flags [DF], proto TCP (6), length 52)"
1779589096.509113,,,TCP,52,"1779589096.509113 IP (tos 0x0, ttl 64, id 10690, offset 0, flags [DF], proto TCP (6), length 52)"
1779589096.509114,,,TCP,52,"1779589096.509114 IP (tos 0x0, ttl 64, id 10691, offset 0, flags [DF], proto TCP (6), length 52)"
1779589096.509115,,,TCP,52,"1779589096.509115 IP (tos 0x0, ttl 64, id 10692, offset 0, flags [DF], proto TCP (6), length 52)"
1779589096.509117,,,TCP,2948,"1779589096.509117 IP (tos 0x0, ttl 64, id 62765, offset 0, flags [DF], proto TCP (6), length 2948)"
1779589096.509121,,,TCP,52,"1779589096.509121 IP (tos 0x0, ttl 64, id 10693, offset 0, flags [DF], proto TCP (6), length 52)"
1779589096.509145,,,TCP,52,"1779589096.509145 IP (tos 0x0, ttl 64, id 10694, offset 0, flags [DF], proto TCP (6), length 52)"
1779589096.509155,,,TCP,2948,"1779589096.509155 IP (tos 0x0, ttl 64, id 62767, offset 0, flags [DF], proto TCP (6), length 2948)"
1779589096.509170,,,TCP,2948,"1779589096.509170 IP (tos 0x0, ttl 64, id 62769, offset 0, flags [DF], proto TCP (6), length 2948)"
1779589096.509185,,,TCP,2948,"1779589096.509185 IP (tos 0x0, ttl 64, id 62771, offset 0, flags [DF], proto TCP (6), length 2948)"
1779589096.509198,,,TCP,2948,"1779589096.509198 IP (tos 0x0, ttl 64, id 62773, offset 0, flags [DF], proto TCP (6), length 2948)"
1779589096.509209,,,TCP,2948,"1779589096.509209 IP (tos 0x0, ttl 64, id 62775, offset 0, flags [DF], proto TCP (6), length 2948)"
1779589096.509237,,,TCP,2948,"1779589096.509237 IP (tos 0x0, ttl 64, id 62777, offset 0, flags [DF], proto TCP (6), length 2948)"
1779589096.509248,,,TCP,2948,"1779589096.509248 IP (tos 0x0, ttl 64, id 62779, offset 0, flags [DF], proto TCP (6), length 2948)"
1779589096.509258,,,TCP,2948,"1779589096.509258 IP (tos 0x0, ttl 64, id 62781, offset 0, flags [DF], proto TCP (6), length 2948)"
1779589096.509269,,,TCP,2948,"1779589096.509269 IP (tos 0x0, ttl 64, id 62783, offset 0, flags [DF], proto TCP (6), length 2948)"
1779589096.509280,,,TCP,2948,"1779589096.509280 IP (tos 0x0, ttl 64, id 62785, offset 0, flags [DF], proto TCP (6), length 2948)"
1779589096.509290,,,TCP,2948,"1779589096.509290 IP (tos 0x0, ttl 64, id 62787, offset 0, flags [DF], proto TCP (6), length 2948)"
1779589096.509300,,,TCP,2948,"1779589096.509300 IP (tos 0x0, ttl 64, id 62789, offset 0, flags [DF], proto TCP (6), length 2948)"
1779589096.509310,,,TCP,2948,"1779589096.509310 IP (tos 0x0, ttl 64, id 62791, offset 0, flags [DF], proto TCP (6), length 2948)"
1779589096.509317,,,TCP,52,"1779589096.509317 IP (tos 0x0, ttl 64, id 10695, offset 0, flags [DF], proto TCP (6), length 52)"
1779589096.509320,,,TCP,2948,"1779589096.509320 IP (tos 0x0, ttl 64, id 62793, offset 0, flags [DF], proto TCP (6), length 2948)"
1779589096.509331,,,TCP,2948,"1779589096.509331 IP (tos 0x0, ttl 64, id 62795, offset 0, flags [DF], proto TCP (6), length 2948)"
1779589096.509342,,,TCP,2948,"1779589096.509342 IP (tos 0x0, ttl 64, id 62797, offset 0, flags [DF], proto TCP (6), length 2948)"
1779589096.509383,,,TCP,2948,"1779589096.509383 IP (tos 0x0, ttl 64, id 62799, offset 0, flags [DF], proto TCP (6), length 2948)"
1779589096.509394,,,TCP,2948,"1779589096.509394 IP (tos 0x0, ttl 64, id 62801, offset 0, flags [DF], proto TCP (6), length 2948)"
1779589096.509404,,,TCP,1500,"1779589096.509404 IP (tos 0x0, ttl 64, id 62803, offset 0, flags [DF], proto TCP (6), length 1500)"
1779589096.509415,,,TCP,2948,"1779589096.509415 IP (tos 0x0, ttl 64, id 62804, offset 0, flags [DF], proto TCP (6), length 2948)"
1779589096.509426,,,TCP,2948,"1779589096.509426 IP (tos 0x0, ttl 64, id 62806, offset 0, flags [DF], proto TCP (6), length 2948)"
1779589096.509436,,,TCP,2948,"1779589096.509436 IP (tos 0x0, ttl 64, id 62808, offset 0, flags [DF], proto TCP (6), length 2948)"
1779589096.509447,,,TCP,2948,"1779589096.509447 IP (tos 0x0, ttl 64, id 62810, offset 0, flags [DF], proto TCP (6), length 2948)"
1779589096.509457,,,TCP,2948,"1779589096.509457 IP (tos 0x0, ttl 64, id 62812, offset 0, flags [DF], proto TCP (6), length 2948)"
1779589096.509467,,,TCP,2948,"1779589096.509467 IP (tos 0x0, ttl 64, id 62814, offset 0, flags [DF], proto TCP (6), length 2948)"
1779589096.509477,,,TCP,2948,"1779589096.509477 IP (tos 0x0, ttl 64, id 62816, offset 0, flags [DF], proto TCP (6), length 2948)"
1779589096.509487,,,TCP,2948,"1779589096.509487 IP (tos 0x0, ttl 64, id 62818, offset 0, flags [DF], proto TCP (6), length 2948)"
1779589096.509507,,,TCP,2948,"1779589096.509507 IP (tos 0x0, ttl 64, id 62820, offset 0, flags [DF], proto TCP (6), length 2948)"
1779589096.509519,,,TCP,2948,"1779589096.509519 IP (tos 0x0, ttl 64, id 62822, offset 0, flags [DF], proto TCP (6), length 2948)"
1779589096.509530,,,TCP,2948,"1779589096.509530 IP (tos 0x0, ttl 64, id 62824, offset 0, flags [DF], proto TCP (6), length 2948)"
1779589096.509540,,,TCP,2948,"1779589096.509540 IP (tos 0x0, ttl 64, id 62826, offset 0, flags [DF], proto TCP (6), length 2948)"
1779589096.509550,,,TCP,2948,"1779589096.509550 IP (tos 0x0, ttl 64, id 62828, offset 0, flags [DF], proto TCP (6), length 2948)"
1779589096.509560,,,TCP,2948,"1779589096.509560 IP (tos 0x0, ttl 64, id 62830, offset 0, flags [DF], proto TCP (6), length 2948)"
1779589096.509571,,,TCP,2948,"1779589096.509571 IP (tos 0x0, ttl 64, id 62832, offset 0, flags [DF], proto TCP (6), length 2948)"
1779589096.509582,,,TCP,2948,"1779589096.509582 IP (tos 0x0, ttl 64, id 62834, offset 0, flags [DF], proto TCP (6), length 2948)"
1779589096.509592,,,TCP,2948,"1779589096.509592 IP (tos 0x0, ttl 64, id 62836, offset 0, flags [DF], proto TCP (6), length 2948)"
1779589096.509602,,,TCP,2948,"1779589096.509602 IP (tos 0x0, ttl 64, id 62838, offset 0, flags [DF], proto TCP (6), length 2948)"
1779589096.509612,,,TCP,2948,"1779589096.509612 IP (tos 0x0, ttl 64, id 62840, offset 0, flags [DF], proto TCP (6), length 2948)"
1779589096.509659,,,TCP,2948,"1779589096.509659 IP (tos 0x0, ttl 64, id 62842, offset 0, flags [DF], proto TCP (6), length 2948)"
1779589096.509668,,,TCP,2948,"1779589096.509668 IP (tos 0x0, ttl 64, id 62844, offset 0, flags [DF], proto TCP (6), length 2948)"
1779589096.509677,,,TCP,2948,"1779589096.509677 IP (tos 0x0, ttl 64, id 62846, offset 0, flags [DF], proto TCP (6), length 2948)"
1779589096.509686,,,TCP,1500,"1779589096.509686 IP (tos 0x0, ttl 64, id 62848, offset 0, flags [DF], proto TCP (6), length 1500)"
1779589096.509695,,,TCP,2948,"1779589096.509695 IP (tos 0x0, ttl 64, id 62849, offset 0, flags [DF], proto TCP (6), length 2948)"
1779589096.509705,,,TCP,2948,"1779589096.509705 IP (tos 0x0, ttl 64, id 62851, offset 0, flags [DF], proto TCP (6), length 2948)"
1779589096.509714,,,TCP,2948,"1779589096.509714 IP (tos 0x0, ttl 64, id 62853, offset 0, flags [DF], proto TCP (6), length 2948)"
1779589096.509723,,,TCP,2948,"1779589096.509723 IP (tos 0x0, ttl 64, id 62855, offset 0, flags [DF], proto TCP (6), length 2948)"
1779589096.509744,,,TCP,4396,"1779589096.509744 IP (tos 0x0, ttl 64, id 62857, offset 0, flags [DF], proto TCP (6), length 4396)"
1779589096.509755,,,TCP,4396,"1779589096.509755 IP (tos 0x0, ttl 64, id 62860, offset 0, flags [DF], proto TCP (6), length 4396)"
1779589096.509766,,,TCP,4396,"1779589096.509766 IP (tos 0x0, ttl 64, id 62863, offset 0, flags [DF], proto TCP (6), length 4396)"
1779589096.509785,,,TCP,4396,"1779589096.509785 IP (tos 0x0, ttl 64, id 62866, offset 0, flags [DF], proto TCP (6), length 4396)"
1779589096.509795,,,TCP,4396,"1779589096.509795 IP (tos 0x0, ttl 64, id 62869, offset 0, flags [DF], proto TCP (6), length 4396)"
1779589096.509885,,,TCP,4396,"1779589096.509885 IP (tos 0x0, ttl 64, id 62872, offset 0, flags [DF], proto TCP (6), length 4396)"
1779589096.509920,,,TCP,4396,"1779589096.509920 IP (tos 0x0, ttl 64, id 62875, offset 0, flags [DF], proto TCP (6), length 4396)"
1779589096.509933,,,TCP,4396,"1779589096.509933 IP (tos 0x0, ttl 64, id 62878, offset 0, flags [DF], proto TCP (6), length 4396)"
1779589096.509944,,,TCP,4396,"1779589096.509944 IP (tos 0x0, ttl 64, id 62881, offset 0, flags [DF], proto TCP (6), length 4396)"
1779589096.509957,,,TCP,4396,"1779589096.509957 IP (tos 0x0, ttl 64, id 62884, offset 0, flags [DF], proto TCP (6), length 4396)"
1779589096.509969,,,TCP,4396,"1779589096.509969 IP (tos 0x0, ttl 64, id 62887, offset 0, flags [DF], proto TCP (6), length 4396)"
1779589096.509981,,,TCP,4396,"1779589096.509981 IP (tos 0x0, ttl 64, id 62890, offset 0, flags [DF], proto TCP (6), length 4396)"
1779589096.509991,,,TCP,1500,"1779589096.509991 IP (tos 0x0, ttl 64, id 62893, offset 0, flags [DF], proto TCP (6), length 1500)"
1779589096.510003,,,TCP,4396,"1779589096.510003 IP (tos 0x0, ttl 64, id 62894, offset 0, flags [DF], proto TCP (6), length 4396)"
1779589096.511068,,,TCP,2948,"1779589096.511068 IP (tos 0x0, ttl 64, id 62897, offset 0, flags [DF], proto TCP (6), length 2948)"
1779589096.609080,,,TCP,52,"1779589096.609080 IP (tos 0x0, ttl 64, id 10700, offset 0, flags [DF], proto TCP (6), length 52)"
1779589096.609087,,,TCP,52,"1779589096.609087 IP (tos 0x0, ttl 64, id 10701, offset 0, flags [DF], proto TCP (6), length 52)"
1779589096.609088,,,TCP,52,"1779589096.609088 IP (tos 0x0, ttl 64, id 10702, offset 0, flags [DF], proto TCP (6), length 52)"
1779589096.609089,,,TCP,52,"1779589096.609089 IP (tos 0x0, ttl 64, id 10703, offset 0, flags [DF], proto TCP (6), length 52)"
1779589096.609090,,,TCP,52,"1779589096.609090 IP (tos 0x0, ttl 64, id 10704, offset 0, flags [DF], proto TCP (6), length 52)"
1779589096.609091,,,TCP,52,"1779589096.609091 IP (tos 0x0, ttl 64, id 10705, offset 0, flags [DF], proto TCP (6), length 52)"
1779589096.609363,,,TCP,2948,"1779589096.609363 IP (tos 0x0, ttl 64, id 62899, offset 0, flags [DF], proto TCP (6), length 2948)"
1779589096.609427,,,TCP,2948,"1779589096.609427 IP (tos 0x0, ttl 64, id 62901, offset 0, flags [DF], proto TCP (6), length 2948)"
1779589096.609483,,,TCP,2948,"1779589096.609483 IP (tos 0x0, ttl 64, id 62903, offset 0, flags [DF], proto TCP (6), length 2948)"
1779589096.609491,,,TCP,4396,"1779589096.609491 IP (tos 0x0, ttl 64, id 62905, offset 0, flags [DF], proto TCP (6), length 4396)"
1779589096.609497,,,TCP,4396,"1779589096.609497 IP (tos 0x0, ttl 64, id 62908, offset 0, flags [DF], proto TCP (6), length 4396)"
1779589096.609531,,,TCP,4396,"1779589096.609531 IP (tos 0x0, ttl 64, id 62911, offset 0, flags [DF], proto TCP (6), length 4396)"
1779589096.609574,,,TCP,4396,"1779589096.609574 IP (tos 0x0, ttl 64, id 62914, offset 0, flags [DF], proto TCP (6), length 4396)"
1779589096.609589,,,TCP,4396,"1779589096.609589 IP (tos 0x0, ttl 64, id 62917, offset 0, flags [DF], proto TCP (6), length 4396)"
1779589096.609607,,,TCP,4396,"1779589096.609607 IP (tos 0x0, ttl 64, id 62920, offset 0, flags [DF], proto TCP (6), length 4396)"
1779589096.609623,,,TCP,4396,"1779589096.609623 IP (tos 0x0, ttl 64, id 62923, offset 0, flags [DF], proto TCP (6), length 4396)"
1779589096.609637,,,TCP,4396,"1779589096.609637 IP (tos 0x0, ttl 64, id 62926, offset 0, flags [DF], proto TCP (6), length 4396)"
1779589096.609694,,,TCP,4396,"1779589096.609694 IP (tos 0x0, ttl 64, id 62929, offset 0, flags [DF], proto TCP (6), length 4396)"
1779589096.609735,,,TCP,4396,"1779589096.609735 IP (tos 0x0, ttl 64, id 62932, offset 0, flags [DF], proto TCP (6), length 4396)"
1779589096.610056,,,TCP,52,"1779589096.610056 IP (tos 0x0, ttl 64, id 10707, offset 0, flags [DF], proto TCP (6), length 52)"
1779589096.610064,,,TCP,52,"1779589096.610064 IP (tos 0x0, ttl 64, id 10708, offset 0, flags [DF], proto TCP (6), length 52)"
1779589096.610065,,,TCP,52,"1779589096.610065 IP (tos 0x0, ttl 64, id 10709, offset 0, flags [DF], proto TCP (6), length 52)"
1779589096.610065,,,TCP,52,"1779589096.610065 IP (tos 0x0, ttl 64, id 10710, offset 0, flags [DF], proto TCP (6), length 52)"
1779589096.610066,,,TCP,52,"1779589096.610066 IP (tos 0x0, ttl 64, id 10711, offset 0, flags [DF], proto TCP (6), length 52)"
1779589096.610067,,,TCP,52,"1779589096.610067 IP (tos 0x0, ttl 64, id 10712, offset 0, flags [DF], proto TCP (6), length 52)"
1779589096.610068,,,TCP,52,"1779589096.610068 IP (tos 0x0, ttl 64, id 10713, offset 0, flags [DF], proto TCP (6), length 52)"
1779589096.610069,,,TCP,52,"1779589096.610069 IP (tos 0x0, ttl 64, id 10714, offset 0, flags [DF], proto TCP (6), length 52)"
1779589096.610070,,,TCP,52,"1779589096.610070 IP (tos 0x0, ttl 64, id 10715, offset 0, flags [DF], proto TCP (6), length 52)"
1779589096.610074,,,TCP,52,"1779589096.610074 IP (tos 0x0, ttl 64, id 10716, offset 0, flags [DF], proto TCP (6), length 52)"
1779589096.610275,,,TCP,5844,"1779589096.610275 IP (tos 0x0, ttl 64, id 62935, offset 0, flags [DF], proto TCP (6), length 5844)"
1779589096.610291,,,TCP,7292,"1779589096.610291 IP (tos 0x0, ttl 64, id 62939, offset 0, flags [DF], proto TCP (6), length 7292)"
1779589096.610297,,,TCP,7292,"1779589096.610297 IP (tos 0x0, ttl 64, id 62944, offset 0, flags [DF], proto TCP (6), length 7292)"
1779589096.610323,,,TCP,7292,"1779589096.610323 IP (tos 0x0, ttl 64, id 62949, offset 0, flags [DF], proto TCP (6), length 7292)"
1779589096.610330,,,TCP,8740,"1779589096.610330 IP (tos 0x0, ttl 64, id 62954, offset 0, flags [DF], proto TCP (6), length 8740)"
1779589096.610336,,,TCP,8740,"1779589096.610336 IP (tos 0x0, ttl 64, id 62960, offset 0, flags [DF], proto TCP (6), length 8740)"
1779589096.610353,,,TCP,8740,"1779589096.610353 IP (tos 0x0, ttl 64, id 62966, offset 0, flags [DF], proto TCP (6), length 8740)"
1779589096.610359,,,TCP,8740,"1779589096.610359 IP (tos 0x0, ttl 64, id 62972, offset 0, flags [DF], proto TCP (6), length 8740)"
1779589096.610378,,,TCP,8740,"1779589096.610378 IP (tos 0x0, ttl 64, id 62978, offset 0, flags [DF], proto TCP (6), length 8740)"
1779589096.610385,,,TCP,8740,"1779589096.610385 IP (tos 0x0, ttl 64, id 62984, offset 0, flags [DF], proto TCP (6), length 8740)"
1779589096.610403,,,TCP,8740,"1779589096.610403 IP (tos 0x0, ttl 64, id 62990, offset 0, flags [DF], proto TCP (6), length 8740)"
1779589096.610408,,,TCP,8740,"1779589096.610408 IP (tos 0x0, ttl 64, id 62996, offset 0, flags [DF], proto TCP (6), length 8740)"
1779589096.610443,,,TCP,8740,"1779589096.610443 IP (tos 0x0, ttl 64, id 63002, offset 0, flags [DF], proto TCP (6), length 8740)"
1779589096.610448,,,TCP,8740,"1779589096.610448 IP (tos 0x0, ttl 64, id 63008, offset 0, flags [DF], proto TCP (6), length 8740)"
1779589096.610464,,,TCP,8740,"1779589096.610464 IP (tos 0x0, ttl 64, id 63014, offset 0, flags [DF], proto TCP (6), length 8740)"
1779589096.610468,,,TCP,8740,"1779589096.610468 IP (tos 0x0, ttl 64, id 63020, offset 0, flags [DF], proto TCP (6), length 8740)"
1779589096.610489,,,TCP,4396,"1779589096.610489 IP (tos 0x0, ttl 64, id 63026, offset 0, flags [DF], proto TCP (6), length 4396)"
1779589096.610493,,,TCP,8740,"1779589096.610493 IP (tos 0x0, ttl 64, id 63029, offset 0, flags [DF], proto TCP (6), length 8740)"
1779589096.610496,,,TCP,8740,"1779589096.610496 IP (tos 0x0, ttl 64, id 63035, offset 0, flags [DF], proto TCP (6), length 8740)"
1779589096.610584,,,TCP,8740,"1779589096.610584 IP (tos 0x0, ttl 64, id 63041, offset 0, flags [DF], proto TCP (6), length 8740)"
1779589096.610597,,,TCP,8740,"1779589096.610597 IP (tos 0x0, ttl 64, id 63047, offset 0, flags [DF], proto TCP (6), length 8740)"
1779589096.610627,,,TCP,8740,"1779589096.610627 IP (tos 0x0, ttl 64, id 63053, offset 0, flags [DF], proto TCP (6), length 8740)"
1779589096.610631,,,TCP,8740,"1779589096.610631 IP (tos 0x0, ttl 64, id 63059, offset 0, flags [DF], proto TCP (6), length 8740)"
1779589096.610657,,,TCP,8740,"1779589096.610657 IP (tos 0x0, ttl 64, id 63065, offset 0, flags [DF], proto TCP (6), length 8740)"
1779589096.610661,,,TCP,4396,"1779589096.610661 IP (tos 0x0, ttl 64, id 63071, offset 0, flags [DF], proto TCP (6), length 4396)"
1779589096.610664,,,TCP,8740,"1779589096.610664 IP (tos 0x0, ttl 64, id 63074, offset 0, flags [DF], proto TCP (6), length 8740)"
1779589096.610700,,,TCP,8740,"1779589096.610700 IP (tos 0x0, ttl 64, id 63080, offset 0, flags [DF], proto TCP (6), length 8740)"
1779589096.610737,,,TCP,8740,"1779589096.610737 IP (tos 0x0, ttl 64, id 63086, offset 0, flags [DF], proto TCP (6), length 8740)"
1779589096.610755,,,TCP,8740,"1779589096.610755 IP (tos 0x0, ttl 64, id 63092, offset 0, flags [DF], proto TCP (6), length 8740)"
1779589096.610772,,,TCP,8740,"1779589096.610772 IP (tos 0x0, ttl 64, id 63098, offset 0, flags [DF], proto TCP (6), length 8740)"
1779589096.610790,,,TCP,8740,"1779589096.610790 IP (tos 0x0, ttl 64, id 63104, offset 0, flags [DF], proto TCP (6), length 8740)"
1779589096.610802,,,TCP,8740,"1779589096.610802 IP (tos 0x0, ttl 64, id 63110, offset 0, flags [DF], proto TCP (6), length 8740)"
1779589096.610843,,,TCP,4396,"1779589096.610843 IP (tos 0x0, ttl 64, id 63116, offset 0, flags [DF], proto TCP (6), length 4396)"
1779589096.610863,,,TCP,8740,"1779589096.610863 IP (tos 0x0, ttl 64, id 63119, offset 0, flags [DF], proto TCP (6), length 8740)"
1779589096.611142,,,TCP,8740,"1779589096.611142 IP (tos 0x0, ttl 64, id 63125, offset 0, flags [DF], proto TCP (6), length 8740)"
1779589096.611282,,,TCP,8740,"1779589096.611282 IP (tos 0x0, ttl 64, id 63131, offset 0, flags [DF], proto TCP (6), length 8740)"
1779589096.611418,,,TCP,8740,"1779589096.611418 IP (tos 0x0, ttl 64, id 63137, offset 0, flags [DF], proto TCP (6), length 8740)"
1779589096.611553,,,TCP,8740,"1779589096.611553 IP (tos 0x0, ttl 64, id 63143, offset 0, flags [DF], proto TCP (6), length 8740)"
1779589096.611578,,,TCP,8740,"1779589096.611578 IP (tos 0x0, ttl 64, id 63149, offset 0, flags [DF], proto TCP (6), length 8740)"
1779589096.611601,,,TCP,8740,"1779589096.611601 IP (tos 0x0, ttl 64, id 63155, offset 0, flags [DF], proto TCP (6), length 8740)"
1779589096.611620,,,TCP,4396,"1779589096.611620 IP (tos 0x0, ttl 64, id 63161, offset 0, flags [DF], proto TCP (6), length 4396)"
1779589096.611644,,,TCP,8740,"1779589096.611644 IP (tos 0x0, ttl 64, id 63164, offset 0, flags [DF], proto TCP (6), length 8740)"
1779589096.611815,,,TCP,8740,"1779589096.611815 IP (tos 0x0, ttl 64, id 63170, offset 0, flags [DF], proto TCP (6), length 8740)"
1779589096.611849,,,TCP,8740,"1779589096.611849 IP (tos 0x0, ttl 64, id 63176, offset 0, flags [DF], proto TCP (6), length 8740)"
1779589096.611866,,,TCP,8740,"1779589096.611866 IP (tos 0x0, ttl 64, id 63182, offset 0, flags [DF], proto TCP (6), length 8740)"
1779589096.611881,,,TCP,8740,"1779589096.611881 IP (tos 0x0, ttl 64, id 63188, offset 0, flags [DF], proto TCP (6), length 8740)"
1779589096.611924,,,TCP,8740,"1779589096.611924 IP (tos 0x0, ttl 64, id 63194, offset 0, flags [DF], proto TCP (6), length 8740)"
1779589096.611936,,,TCP,8740,"1779589096.611936 IP (tos 0x0, ttl 64, id 63200, offset 0, flags [DF], proto TCP (6), length 8740)"
1779589096.611945,,,TCP,4396,"1779589096.611945 IP (tos 0x0, ttl 64, id 63206, offset 0, flags [DF], proto TCP (6), length 4396)"
1779589096.611959,,,TCP,5844,"1779589096.611959 IP (tos 0x0, ttl 64, id 63209, offset 0, flags [DF], proto TCP (6), length 5844)"
1779589096.709514,,,TCP,52,"1779589096.709514 IP (tos 0x0, ttl 64, id 10718, offset 0, flags [DF], proto TCP (6), length 52)"
1779589096.709521,,,TCP,52,"1779589096.709521 IP (tos 0x0, ttl 64, id 10719, offset 0, flags [DF], proto TCP (6), length 52)"
1779589096.709521,,,TCP,52,"1779589096.709521 IP (tos 0x0, ttl 64, id 10720, offset 0, flags [DF], proto TCP (6), length 52)"
1779589096.709522,,,TCP,52,"1779589096.709522 IP (tos 0x0, ttl 64, id 10721, offset 0, flags [DF], proto TCP (6), length 52)"
1779589096.709522,,,TCP,52,"1779589096.709522 IP (tos 0x0, ttl 64, id 10722, offset 0, flags [DF], proto TCP (6), length 52)"
1779589096.709642,,,TCP,7292,"1779589096.709642 IP (tos 0x0, ttl 64, id 63213, offset 0, flags [DF], proto TCP (6), length 7292)"
1779589096.709667,,,TCP,52,"1779589096.709667 IP (tos 0x0, ttl 64, id 10723, offset 0, flags [DF], proto TCP (6), length 52)"
1779589096.709713,,,TCP,52,"1779589096.709713 IP (tos 0x0, ttl 64, id 10724, offset 0, flags [DF], proto TCP (6), length 52)"
1779589096.709716,,,TCP,52,"1779589096.709716 IP (tos 0x0, ttl 64, id 10726, offset 0, flags [DF], proto TCP (6), length 52)"
1779589096.709716,,,TCP,52,"1779589096.709716 IP (tos 0x0, ttl 64, id 10727, offset 0, flags [DF], proto TCP (6), length 52)"
1779589096.709716,,,TCP,52,"1779589096.709716 IP (tos 0x0, ttl 64, id 10728, offset 0, flags [DF], proto TCP (6), length 52)"
1779589096.709719,,,TCP,52,"1779589096.709719 IP (tos 0x0, ttl 64, id 10729, offset 0, flags [DF], proto TCP (6), length 52)"
1779589096.709721,,,TCP,7292,"1779589096.709721 IP (tos 0x0, ttl 64, id 63218, offset 0, flags [DF], proto TCP (6), length 7292)"
1779589096.709766,,,TCP,7292,"1779589096.709766 IP (tos 0x0, ttl 64, id 63223, offset 0, flags [DF], proto TCP (6), length 7292)"
1779589096.709770,,,TCP,52,"1779589096.709770 IP (tos 0x0, ttl 64, id 10730, offset 0, flags [DF], proto TCP (6), length 52)"
1779589096.709772,,,TCP,8740,"1779589096.709772 IP (tos 0x0, ttl 64, id 63228, offset 0, flags [DF], proto TCP (6), length 8740)"
1779589096.709774,,,TCP,8740,"1779589096.709774 IP (tos 0x0, ttl 64, id 63234, offset 0, flags [DF], proto TCP (6), length 8740)"
1779589096.709785,,,TCP,8740,"1779589096.709785 IP (tos 0x0, ttl 64, id 63240, offset 0, flags [DF], proto TCP (6), length 8740)"
1779589096.709789,,,TCP,8740,"1779589096.709789 IP (tos 0x0, ttl 64, id 63246, offset 0, flags [DF], proto TCP (6), length 8740)"
1779589096.709810,,,TCP,2948,"1779589096.709810 IP (tos 0x0, ttl 64, id 63252, offset 0, flags [DF], proto TCP (6), length 2948)"
1779589096.709813,,,TCP,8740,"1779589096.709813 IP (tos 0x0, ttl 64, id 63254, offset 0, flags [DF], proto TCP (6), length 8740)"
1779589096.709815,,,TCP,8740,"1779589096.709815 IP (tos 0x0, ttl 64, id 63260, offset 0, flags [DF], proto TCP (6), length 8740)"
1779589096.709824,,,TCP,8740,"1779589096.709824 IP (tos 0x0, ttl 64, id 63266, offset 0, flags [DF], proto TCP (6), length 8740)"
1779589096.709828,,,TCP,8740,"1779589096.709828 IP (tos 0x0, ttl 64, id 63272, offset 0, flags [DF], proto TCP (6), length 8740)"
1779589096.709835,,,TCP,8740,"1779589096.709835 IP (tos 0x0, ttl 64, id 63278, offset 0, flags [DF], proto TCP (6), length 8740)"
1779589096.710351,,,TCP,52,"1779589096.710351 IP (tos 0x0, ttl 64, id 10731, offset 0, flags [DF], proto TCP (6), length 52)"
1779589096.710357,,,TCP,52,"1779589096.710357 IP (tos 0x0, ttl 64, id 10732, offset 0, flags [DF], proto TCP (6), length 52)"
1779589096.710361,,,TCP,52,"1779589096.710361 IP (tos 0x0, ttl 64, id 10734, offset 0, flags [DF], proto TCP (6), length 52)"
1779589096.710362,,,TCP,52,"1779589096.710362 IP (tos 0x0, ttl 64, id 10735, offset 0, flags [DF], proto TCP (6), length 52)"
1779589096.710367,,,TCP,52,"1779589096.710367 IP (tos 0x0, ttl 64, id 10737, offset 0, flags [DF], proto TCP (6), length 52)"
1779589096.710369,,,TCP,52,"1779589096.710369 IP (tos 0x0, ttl 64, id 10738, offset 0, flags [DF], proto TCP (6), length 52)"
1779589096.710506,,,TCP,8740,"1779589096.710506 IP (tos 0x0, ttl 64, id 63284, offset 0, flags [DF], proto TCP (6), length 8740)"
1779589096.710529,,,TCP,52,"1779589096.710529 IP (tos 0x0, ttl 64, id 10739, offset 0, flags [DF], proto TCP (6), length 52)"
1779589096.710532,,,TCP,8740,"1779589096.710532 IP (tos 0x0, ttl 64, id 63290, offset 0, flags [DF], proto TCP (6), length 8740)"
1779589096.710567,,,TCP,4396,"1779589096.710567 IP (tos 0x0, ttl 64, id 63296, offset 0, flags [DF], proto TCP (6), length 4396)"
1779589096.710573,,,TCP,10188,"1779589096.710573 IP (tos 0x0, ttl 64, id 63299, offset 0, flags [DF], proto TCP (6), length 10188)"
1779589096.710577,,,TCP,10188,"1779589096.710577 IP (tos 0x0, ttl 64, id 63306, offset 0, flags [DF], proto TCP (6), length 10188)"
1779589096.710590,,,TCP,4620,"1779589096.710590 IP (tos 0x0, ttl 64, id 63313, offset 0, flags [DF], proto TCP (6), length 4620)"
1779589096.710859,,,TCP,52,"1779589096.710859 IP (tos 0x0, ttl 64, id 10740, offset 0, flags [DF], proto TCP (6), length 52)"
1779589096.710864,,,TCP,52,"1779589096.710864 IP (tos 0x0, ttl 64, id 10741, offset 0, flags [DF], proto TCP (6), length 52)"
1779589096.710866,,,TCP,52,"1779589096.710866 IP (tos 0x0, ttl 64, id 10743, offset 0, flags [DF], proto TCP (6), length 52)"
1779589096.710932,,,TCP,52,"1779589096.710932 IP (tos 0x0, ttl 64, id 10744, offset 0, flags [DF], proto TCP (6), length 52)"
1779589096.711221,,,TCP,52,"1779589096.711221 IP (tos 0x0, ttl 64, id 10745, offset 0, flags [DF], proto TCP (6), length 52)"
1779589096.711303,,,TCP,52,"1779589096.711303 IP (tos 0x0, ttl 64, id 10746, offset 0, flags [DF], proto TCP (6), length 52)"
1779589096.711602,,,TCP,52,"1779589096.711602 IP (tos 0x0, ttl 64, id 10747, offset 0, flags [DF], proto TCP (6), length 52)"
1779589096.711695,,,TCP,52,"1779589096.711695 IP (tos 0x0, ttl 64, id 10750, offset 0, flags [DF], proto TCP (6), length 52)"
1779589096.711696,,,TCP,52,"1779589096.711696 IP (tos 0x0, ttl 64, id 10751, offset 0, flags [DF], proto TCP (6), length 52)"
1779589096.711780,,,TCP,52,"1779589096.711780 IP (tos 0x0, ttl 64, id 10752, offset 0, flags [DF], proto TCP (6), length 52)"
1779589096.711866,,,TCP,52,"1779589096.711866 IP (tos 0x0, ttl 64, id 10754, offset 0, flags [DF], proto TCP (6), length 52)"
1779589096.711892,,,TCP,52,"1779589096.711892 IP (tos 0x0, ttl 64, id 10755, offset 0, flags [DF], proto TCP (6), length 52)"
1779589096.711893,,,TCP,52,"1779589096.711893 IP (tos 0x0, ttl 64, id 10756, offset 0, flags [DF], proto TCP (6), length 52)"
1779589096.711937,,,TCP,52,"1779589096.711937 IP (tos 0x0, ttl 64, id 10757, offset 0, flags [DF], proto TCP (6), length 52)"
1779589096.711950,,,TCP,52,"1779589096.711950 IP (tos 0x0, ttl 64, id 10758, offset 0, flags [DF], proto TCP (6), length 52)"
1779589096.712504,,,TCP,52,"1779589096.712504 IP (tos 0x0, ttl 64, id 10759, offset 0, flags [DF], proto TCP (6), length 52)"
1779589096.809745,,,TCP,52,"1779589096.809745 IP (tos 0x0, ttl 64, id 10760, offset 0, flags [DF], proto TCP (6), length 52)"
1779589096.809837,,,TCP,52,"1779589096.809837 IP (tos 0x0, ttl 64, id 10764, offset 0, flags [DF], proto TCP (6), length 52)"
1779589096.809839,,,TCP,52,"1779589096.809839 IP (tos 0x0, ttl 64, id 10766, offset 0, flags [DF], proto TCP (6), length 52)"
1779589096.809839,,,TCP,52,"1779589096.809839 IP (tos 0x0, ttl 64, id 10767, offset 0, flags [DF], proto TCP (6), length 52)"
1779589096.809840,,,TCP,52,"1779589096.809840 IP (tos 0x0, ttl 64, id 10768, offset 0, flags [DF], proto TCP (6), length 52)"
1779589096.809841,,,TCP,52,"1779589096.809841 IP (tos 0x0, ttl 64, id 10769, offset 0, flags [DF], proto TCP (6), length 52)"
1779589096.809842,,,TCP,52,"1779589096.809842 IP (tos 0x0, ttl 64, id 10770, offset 0, flags [DF], proto TCP (6), length 52)"
1779589096.809845,,,TCP,52,"1779589096.809845 IP (tos 0x0, ttl 64, id 10771, offset 0, flags [DF], proto TCP (6), length 52)"
1779589096.810575,,,TCP,52,"1779589096.810575 IP (tos 0x0, ttl 64, id 10773, offset 0, flags [DF], proto TCP (6), length 52)"
1779589096.810579,,,TCP,52,"1779589096.810579 IP (tos 0x0, ttl 64, id 10774, offset 0, flags [DF], proto TCP (6), length 52)"
1779589096.810580,,,TCP,52,"1779589096.810580 IP (tos 0x0, ttl 64, id 10775, offset 0, flags [DF], proto TCP (6), length 52)"
1779589096.810581,,,TCP,52,"1779589096.810581 IP (tos 0x0, ttl 64, id 10776, offset 0, flags [DF], proto TCP (6), length 52)"
1779589096.810972,,,TCP,52,"1779589096.810972 IP (tos 0x0, ttl 64, id 10777, offset 0, flags [DF], proto TCP (6), length 52)"
1779589096.826075,,,TCP,60,"1779589096.826075 IP (tos 0x0, ttl 64, id 60665, offset 0, flags [DF], proto TCP (6), length 60)"
1779589096.926229,,,TCP,60,"1779589096.926229 IP (tos 0x0, ttl 64, id 0, offset 0, flags [DF], proto TCP (6), length 60)"
1779589096.926288,,,TCP,52,"1779589096.926288 IP (tos 0x0, ttl 64, id 60666, offset 0, flags [DF], proto TCP (6), length 52)"
1779589096.926567,,,TCP,88,"1779589096.926567 IP (tos 0x0, ttl 64, id 60667, offset 0, flags [DF], proto TCP (6), length 88)"
1779589096.928908,,,TCP,2948,"1779589096.928908 IP (tos 0x0, ttl 64, id 60668, offset 0, flags [DF], proto TCP (6), length 2948)"
1779589096.929248,,,TCP,2948,"1779589096.929248 IP (tos 0x0, ttl 64, id 60670, offset 0, flags [DF], proto TCP (6), length 2948)"
1779589096.929269,,,TCP,1500,"1779589096.929269 IP (tos 0x0, ttl 64, id 60672, offset 0, flags [DF], proto TCP (6), length 1500)"
1779589096.929574,,,TCP,2948,"1779589096.929574 IP (tos 0x0, ttl 64, id 60673, offset 0, flags [DF], proto TCP (6), length 2948)"
1779589096.929597,,,TCP,1500,"1779589096.929597 IP (tos 0x0, ttl 64, id 60675, offset 0, flags [DF], proto TCP (6), length 1500)"
1779589096.929893,,,TCP,1500,"1779589096.929893 IP (tos 0x0, ttl 64, id 60676, offset 0, flags [DF], proto TCP (6), length 1500)"
1779589097.026780,,,TCP,52,"1779589097.026780 IP (tos 0x0, ttl 64, id 39674, offset 0, flags [DF], proto TCP (6), length 52)"
1779589097.026879,,,TCP,2948,"1779589097.026879 IP (tos 0x0, ttl 64, id 60677, offset 0, flags [DF], proto TCP (6), length 2948)"
1779589097.029087,,,TCP,52,"1779589097.029087 IP (tos 0x0, ttl 64, id 39675, offset 0, flags [DF], proto TCP (6), length 52)"
1779589097.029163,,,TCP,2948,"1779589097.029163 IP (tos 0x0, ttl 64, id 60679, offset 0, flags [DF], proto TCP (6), length 2948)"
1779589097.029238,,,TCP,2948,"1779589097.029238 IP (tos 0x0, ttl 64, id 60681, offset 0, flags [DF], proto TCP (6), length 2948)"
1779589097.029309,,,TCP,52,"1779589097.029309 IP (tos 0x0, ttl 64, id 39676, offset 0, flags [DF], proto TCP (6), length 52)"
1779589097.029312,,,TCP,52,"1779589097.029312 IP (tos 0x0, ttl 64, id 39677, offset 0, flags [DF], proto TCP (6), length 52)"
1779589097.029360,,,TCP,2948,"1779589097.029360 IP (tos 0x0, ttl 64, id 60683, offset 0, flags [DF], proto TCP (6), length 2948)"
1779589097.029370,,,TCP,2948,"1779589097.029370 IP (tos 0x0, ttl 64, id 60685, offset 0, flags [DF], proto TCP (6), length 2948)"
1779589097.029384,,,TCP,2948,"1779589097.029384 IP (tos 0x0, ttl 64, id 60687, offset 0, flags [DF], proto TCP (6), length 2948)"
1779589097.029655,,,TCP,52,"1779589097.029655 IP (tos 0x0, ttl 64, id 39678, offset 0, flags [DF], proto TCP (6), length 52)"
1779589097.029659,,,TCP,52,"1779589097.029659 IP (tos 0x0, ttl 64, id 39679, offset 0, flags [DF], proto TCP (6), length 52)"
1779589097.029724,,,TCP,2948,"1779589097.029724 IP (tos 0x0, ttl 64, id 60689, offset 0, flags [DF], proto TCP (6), length 2948)"
1779589097.029734,,,TCP,2948,"1779589097.029734 IP (tos 0x0, ttl 64, id 60691, offset 0, flags [DF], proto TCP (6), length 2948)"
1779589097.029765,,,TCP,2948,"1779589097.029765 IP (tos 0x0, ttl 64, id 60693, offset 0, flags [DF], proto TCP (6), length 2948)"
1779589097.127203,,,TCP,52,"1779589097.127203 IP (tos 0x0, ttl 64, id 39681, offset 0, flags [DF], proto TCP (6), length 52)"
1779589097.127312,,,TCP,2948,"1779589097.127312 IP (tos 0x0, ttl 64, id 60695, offset 0, flags [DF], proto TCP (6), length 2948)"
1779589097.127421,,,TCP,2948,"1779589097.127421 IP (tos 0x0, ttl 64, id 60697, offset 0, flags [DF], proto TCP (6), length 2948)"
1779589097.127490,,,TCP,2948,"1779589097.127490 IP (tos 0x0, ttl 64, id 60699, offset 0, flags [DF], proto TCP (6), length 2948)"
1779589097.129372,,,TCP,52,"1779589097.129372 IP (tos 0x0, ttl 64, id 39682, offset 0, flags [DF], proto TCP (6), length 52)"
1779589097.129388,,,TCP,52,"1779589097.129388 IP (tos 0x0, ttl 64, id 39683, offset 0, flags [DF], proto TCP (6), length 52)"
1779589097.129392,,,TCP,52,"1779589097.129392 IP (tos 0x0, ttl 64, id 39685, offset 0, flags [DF], proto TCP (6), length 52)"
1779589097.129498,,,TCP,2948,"1779589097.129498 IP (tos 0x0, ttl 64, id 60701, offset 0, flags [DF], proto TCP (6), length 2948)"
1779589097.129512,,,TCP,2948,"1779589097.129512 IP (tos 0x0, ttl 64, id 60703, offset 0, flags [DF], proto TCP (6), length 2948)"
1779589097.129533,,,TCP,2948,"1779589097.129533 IP (tos 0x0, ttl 64, id 60705, offset 0, flags [DF], proto TCP (6), length 2948)"
1779589097.129537,,,TCP,2948,"1779589097.129537 IP (tos 0x0, ttl 64, id 60707, offset 0, flags [DF], proto TCP (6), length 2948)"
1779589097.129553,,,TCP,2948,"1779589097.129553 IP (tos 0x0, ttl 64, id 60709, offset 0, flags [DF], proto TCP (6), length 2948)"
1779589097.129556,,,TCP,2948,"1779589097.129556 IP (tos 0x0, ttl 64, id 60711, offset 0, flags [DF], proto TCP (6), length 2948)"
1779589097.129572,,,TCP,2948,"1779589097.129572 IP (tos 0x0, ttl 64, id 60713, offset 0, flags [DF], proto TCP (6), length 2948)"
1779589097.129575,,,TCP,2948,"1779589097.129575 IP (tos 0x0, ttl 64, id 60715, offset 0, flags [DF], proto TCP (6), length 2948)"
1779589097.129813,,,TCP,52,"1779589097.129813 IP (tos 0x0, ttl 64, id 39687, offset 0, flags [DF], proto TCP (6), length 52)"
1779589097.129817,,,TCP,52,"1779589097.129817 IP (tos 0x0, ttl 64, id 39688, offset 0, flags [DF], proto TCP (6), length 52)"
1779589097.129818,,,TCP,52,"1779589097.129818 IP (tos 0x0, ttl 64, id 39689, offset 0, flags [DF], proto TCP (6), length 52)"
1779589097.129905,,,TCP,2948,"1779589097.129905 IP (tos 0x0, ttl 64, id 60717, offset 0, flags [DF], proto TCP (6), length 2948)"
1779589097.129921,,,TCP,2948,"1779589097.129921 IP (tos 0x0, ttl 64, id 60719, offset 0, flags [DF], proto TCP (6), length 2948)"
1779589097.129956,,,TCP,2948,"1779589097.129956 IP (tos 0x0, ttl 64, id 60721, offset 0, flags [DF], proto TCP (6), length 2948)"
1779589097.129968,,,TCP,2948,"1779589097.129968 IP (tos 0x0, ttl 64, id 60723, offset 0, flags [DF], proto TCP (6), length 2948)"
1779589097.129977,,,TCP,2948,"1779589097.129977 IP (tos 0x0, ttl 64, id 60725, offset 0, flags [DF], proto TCP (6), length 2948)"
1779589097.129996,,,TCP,2948,"1779589097.129996 IP (tos 0x0, ttl 64, id 60727, offset 0, flags [DF], proto TCP (6), length 2948)"
1779589097.130006,,,TCP,2948,"1779589097.130006 IP (tos 0x0, ttl 64, id 60729, offset 0, flags [DF], proto TCP (6), length 2948)"
1779589097.130014,,,TCP,2948,"1779589097.130014 IP (tos 0x0, ttl 64, id 60731, offset 0, flags [DF], proto TCP (6), length 2948)"
1779589097.151993,,,TCP,52,"1779589097.151993 IP (tos 0x0, ttl 64, id 10779, offset 0, flags [DF], proto TCP (6), length 52)"
1779589097.152088,,,TCP,52,"1779589097.152088 IP (tos 0x0, ttl 64, id 0, offset 0, flags [DF], proto TCP (6), length 52)"
1779589097.227644,,,TCP,52,"1779589097.227644 IP (tos 0x0, ttl 64, id 39690, offset 0, flags [DF], proto TCP (6), length 52)"
1779589097.227652,,,TCP,52,"1779589097.227652 IP (tos 0x0, ttl 64, id 39691, offset 0, flags [DF], proto TCP (6), length 52)"
1779589097.227760,,,TCP,2948,"1779589097.227760 IP (tos 0x0, ttl 64, id 60733, offset 0, flags [DF], proto TCP (6), length 2948)"
1779589097.227855,,,TCP,2948,"1779589097.227855 IP (tos 0x0, ttl 64, id 60735, offset 0, flags [DF], proto TCP (6), length 2948)"
1779589097.227975,,,TCP,2948,"1779589097.227975 IP (tos 0x0, ttl 64, id 60737, offset 0, flags [DF], proto TCP (6), length 2948)"
1779589097.227992,,,TCP,2948,"1779589097.227992 IP (tos 0x0, ttl 64, id 60739, offset 0, flags [DF], proto TCP (6), length 2948)"
1779589097.229616,,,TCP,52,"1779589097.229616 IP (tos 0x0, ttl 64, id 39693, offset 0, flags [DF], proto TCP (6), length 52)"
1779589097.229620,,,TCP,52,"1779589097.229620 IP (tos 0x0, ttl 64, id 39694, offset 0, flags [DF], proto TCP (6), length 52)"
1779589097.229684,,,TCP,2948,"1779589097.229684 IP (tos 0x0, ttl 64, id 60741, offset 0, flags [DF], proto TCP (6), length 2948)"
1779589097.229692,,,TCP,2948,"1779589097.229692 IP (tos 0x0, ttl 64, id 60743, offset 0, flags [DF], proto TCP (6), length 2948)"
1779589097.229704,,,TCP,2948,"1779589097.229704 IP (tos 0x0, ttl 64, id 60745, offset 0, flags [DF], proto TCP (6), length 2948)"
1779589097.229707,,,TCP,2948,"1779589097.229707 IP (tos 0x0, ttl 64, id 60747, offset 0, flags [DF], proto TCP (6), length 2948)"
1779589097.229718,,,TCP,2948,"1779589097.229718 IP (tos 0x0, ttl 64, id 60749, offset 0, flags [DF], proto TCP (6), length 2948)"
1779589097.229721,,,TCP,2948,"1779589097.229721 IP (tos 0x0, ttl 64, id 60751, offset 0, flags [DF], proto TCP (6), length 2948)"
1779589097.229977,,,TCP,52,"1779589097.229977 IP (tos 0x0, ttl 64, id 39695, offset 0, flags [DF], proto TCP (6), length 52)"
1779589097.230032,,,TCP,2948,"1779589097.230032 IP (tos 0x0, ttl 64, id 60753, offset 0, flags [DF], proto TCP (6), length 2948)"
1779589097.230046,,,TCP,2948,"1779589097.230046 IP (tos 0x0, ttl 64, id 60755, offset 0, flags [DF], proto TCP (6), length 2948)"
1779589097.230070,,,TCP,2948,"1779589097.230070 IP (tos 0x0, ttl 64, id 60757, offset 0, flags [DF], proto TCP (6), length 2948)"
1779589097.230074,,,TCP,2948,"1779589097.230074 IP (tos 0x0, ttl 64, id 60759, offset 0, flags [DF], proto TCP (6), length 2948)"
1779589097.230093,,,TCP,2948,"1779589097.230093 IP (tos 0x0, ttl 64, id 60761, offset 0, flags [DF], proto TCP (6), length 2948)"
1779589097.230096,,,TCP,2948,"1779589097.230096 IP (tos 0x0, ttl 64, id 60763, offset 0, flags [DF], proto TCP (6), length 2948)"
1779589097.230106,,,TCP,2948,"1779589097.230106 IP (tos 0x0, ttl 64, id 60765, offset 0, flags [DF], proto TCP (6), length 2948)"
1779589097.230110,,,TCP,2948,"1779589097.230110 IP (tos 0x0, ttl 64, id 60767, offset 0, flags [DF], proto TCP (6), length 2948)"
1779589097.230117,,,TCP,2948,"1779589097.230117 IP (tos 0x0, ttl 64, id 60769, offset 0, flags [DF], proto TCP (6), length 2948)"
1779589097.230806,,,TCP,52,"1779589097.230806 IP (tos 0x0, ttl 64, id 39696, offset 0, flags [DF], proto TCP (6), length 52)"
1779589097.230884,,,TCP,2948,"1779589097.230884 IP (tos 0x0, ttl 64, id 60771, offset 0, flags [DF], proto TCP (6), length 2948)"
1779589097.230898,,,TCP,2948,"1779589097.230898 IP (tos 0x0, ttl 64, id 60773, offset 0, flags [DF], proto TCP (6), length 2948)"
1779589097.230917,,,TCP,2948,"1779589097.230917 IP (tos 0x0, ttl 64, id 60775, offset 0, flags [DF], proto TCP (6), length 2948)"
1779589097.230920,,,TCP,2948,"1779589097.230920 IP (tos 0x0, ttl 64, id 60777, offset 0, flags [DF], proto TCP (6), length 2948)"
1779589097.230937,,,TCP,2948,"1779589097.230937 IP (tos 0x0, ttl 64, id 60779, offset 0, flags [DF], proto TCP (6), length 2948)"
1779589097.230940,,,TCP,2948,"1779589097.230940 IP (tos 0x0, ttl 64, id 60781, offset 0, flags [DF], proto TCP (6), length 2948)"
1779589097.230958,,,TCP,2948,"1779589097.230958 IP (tos 0x0, ttl 64, id 60783, offset 0, flags [DF], proto TCP (6), length 2948)"
1779589097.230961,,,TCP,2948,"1779589097.230961 IP (tos 0x0, ttl 64, id 60785, offset 0, flags [DF], proto TCP (6), length 2948)"
1779589097.230978,,,TCP,2948,"1779589097.230978 IP (tos 0x0, ttl 64, id 60787, offset 0, flags [DF], proto TCP (6), length 2948)"
1779589097.230981,,,TCP,2948,"1779589097.230981 IP (tos 0x0, ttl 64, id 60789, offset 0, flags [DF], proto TCP (6), length 2948)"
1779589097.231007,,,TCP,2948,"1779589097.231007 IP (tos 0x0, ttl 64, id 60791, offset 0, flags [DF], proto TCP (6), length 2948)"
1779589097.231009,,,TCP,2948,"1779589097.231009 IP (tos 0x0, ttl 64, id 60793, offset 0, flags [DF], proto TCP (6), length 2948)"
1779589097.231019,,,TCP,2948,"1779589097.231019 IP (tos 0x0, ttl 64, id 60795, offset 0, flags [DF], proto TCP (6), length 2948)"
1779589097.231021,,,TCP,2948,"1779589097.231021 IP (tos 0x0, ttl 64, id 60797, offset 0, flags [DF], proto TCP (6), length 2948)"
1779589097.231027,,,TCP,1508,"1779589097.231027 IP (tos 0x0, ttl 64, id 60799, offset 0, flags [DF], proto TCP (6), length 1508)"
1779589097.328043,,,TCP,52,"1779589097.328043 IP (tos 0x0, ttl 64, id 39697, offset 0, flags [DF], proto TCP (6), length 52)"
1779589097.328050,,,TCP,52,"1779589097.328050 IP (tos 0x0, ttl 64, id 39698, offset 0, flags [DF], proto TCP (6), length 52)"
1779589097.328050,,,TCP,52,"1779589097.328050 IP (tos 0x0, ttl 64, id 39699, offset 0, flags [DF], proto TCP (6), length 52)"
1779589097.328146,,,TCP,2948,"1779589097.328146 IP (tos 0x0, ttl 64, id 60801, offset 0, flags [DF], proto TCP (6), length 2948)"
1779589097.328214,,,TCP,2948,"1779589097.328214 IP (tos 0x0, ttl 64, id 60803, offset 0, flags [DF], proto TCP (6), length 2948)"
1779589097.328262,,,TCP,2948,"1779589097.328262 IP (tos 0x0, ttl 64, id 60805, offset 0, flags [DF], proto TCP (6), length 2948)"
1779589097.328269,,,TCP,2948,"1779589097.328269 IP (tos 0x0, ttl 64, id 60807, offset 0, flags [DF], proto TCP (6), length 2948)"
1779589097.328282,,,TCP,2948,"1779589097.328282 IP (tos 0x0, ttl 64, id 60809, offset 0, flags [DF], proto TCP (6), length 2948)"
1779589097.328286,,,TCP,2948,"1779589097.328286 IP (tos 0x0, ttl 64, id 60811, offset 0, flags [DF], proto TCP (6), length 2948)"
1779589097.328302,,,TCP,2940,"1779589097.328302 IP (tos 0x0, ttl 64, id 60813, offset 0, flags [DF], proto TCP (6), length 2940)"
1779589097.328304,,,TCP,2948,"1779589097.328304 IP (tos 0x0, ttl 64, id 60815, offset 0, flags [DF], proto TCP (6), length 2948)"
1779589097.328306,,,TCP,2948,"1779589097.328306 IP (tos 0x0, ttl 64, id 60817, offset 0, flags [DF], proto TCP (6), length 2948)"
1779589097.329767,,,TCP,52,"1779589097.329767 IP (tos 0x0, ttl 64, id 39701, offset 0, flags [DF], proto TCP (6), length 52)"
1779589097.329770,,,TCP,52,"1779589097.329770 IP (tos 0x0, ttl 64, id 39702, offset 0, flags [DF], proto TCP (6), length 52)"
1779589097.329771,,,TCP,52,"1779589097.329771 IP (tos 0x0, ttl 64, id 39703, offset 0, flags [DF], proto TCP (6), length 52)"
1779589097.329771,,,TCP,52,"1779589097.329771 IP (tos 0x0, ttl 64, id 39704, offset 0, flags [DF], proto TCP (6), length 52)"
1779589097.329772,,,TCP,52,"1779589097.329772 IP (tos 0x0, ttl 64, id 39705, offset 0, flags [DF], proto TCP (6), length 52)"
1779589097.329854,,,TCP,2948,"1779589097.329854 IP (tos 0x0, ttl 64, id 60819, offset 0, flags [DF], proto TCP (6), length 2948)"
1779589097.329863,,,TCP,2948,"1779589097.329863 IP (tos 0x0, ttl 64, id 60821, offset 0, flags [DF], proto TCP (6), length 2948)"
1779589097.329880,,,TCP,2948,"1779589097.329880 IP (tos 0x0, ttl 64, id 60823, offset 0, flags [DF], proto TCP (6), length 2948)"
1779589097.329882,,,TCP,2948,"1779589097.329882 IP (tos 0x0, ttl 64, id 60825, offset 0, flags [DF], proto TCP (6), length 2948)"
1779589097.329891,,,TCP,2948,"1779589097.329891 IP (tos 0x0, ttl 64, id 60827, offset 0, flags [DF], proto TCP (6), length 2948)"
1779589097.329893,,,TCP,2948,"1779589097.329893 IP (tos 0x0, ttl 64, id 60829, offset 0, flags [DF], proto TCP (6), length 2948)"
1779589097.329900,,,TCP,2948,"1779589097.329900 IP (tos 0x0, ttl 64, id 60831, offset 0, flags [DF], proto TCP (6), length 2948)"
1779589097.329902,,,TCP,2948,"1779589097.329902 IP (tos 0x0, ttl 64, id 60833, offset 0, flags [DF], proto TCP (6), length 2948)"
1779589097.329909,,,TCP,2948,"1779589097.329909 IP (tos 0x0, ttl 64, id 60835, offset 0, flags [DF], proto TCP (6), length 2948)"
1779589097.329911,,,TCP,2948,"1779589097.329911 IP (tos 0x0, ttl 64, id 60837, offset 0, flags [DF], proto TCP (6), length 2948)"
1779589097.329924,,,TCP,2948,"1779589097.329924 IP (tos 0x0, ttl 64, id 60839, offset 0, flags [DF], proto TCP (6), length 2948)"
1779589097.329936,,,TCP,2948,"1779589097.329936 IP (tos 0x0, ttl 64, id 60841, offset 0, flags [DF], proto TCP (6), length 2948)"
1779589097.329941,,,TCP,2948,"1779589097.329941 IP (tos 0x0, ttl 64, id 60843, offset 0, flags [DF], proto TCP (6), length 2948)"
1779589097.330090,,,TCP,52,"1779589097.330090 IP (tos 0x0, ttl 64, id 39707, offset 0, flags [DF], proto TCP (6), length 52)"
1779589097.330092,,,TCP,52,"1779589097.330092 IP (tos 0x0, ttl 64, id 39708, offset 0, flags [DF], proto TCP (6), length 52)"
1779589097.330093,,,TCP,52,"1779589097.330093 IP (tos 0x0, ttl 64, id 39709, offset 0, flags [DF], proto TCP (6), length 52)"
1779589097.330148,,,TCP,2948,"1779589097.330148 IP (tos 0x0, ttl 64, id 60845, offset 0, flags [DF], proto TCP (6), length 2948)"
1779589097.330156,,,TCP,52,"1779589097.330156 IP (tos 0x0, ttl 64, id 39711, offset 0, flags [DF], proto TCP (6), length 52)"
1779589097.330156,,,TCP,52,"1779589097.330156 IP (tos 0x0, ttl 64, id 39712, offset 0, flags [DF], proto TCP (6), length 52)"
1779589097.330157,,,TCP,52,"1779589097.330157 IP (tos 0x0, ttl 64, id 39714, offset 0, flags [DF], proto TCP (6), length 52)"
1779589097.330157,,,TCP,52,"1779589097.330157 IP (tos 0x0, ttl 64, id 39715, offset 0, flags [DF], proto TCP (6), length 52)"
1779589097.330158,,,TCP,1500,"1779589097.330158 IP (tos 0x0, ttl 64, id 60847, offset 0, flags [DF], proto TCP (6), length 1500)"
1779589097.330161,,,TCP,2948,"1779589097.330161 IP (tos 0x0, ttl 64, id 60848, offset 0, flags [DF], proto TCP (6), length 2948)"
1779589097.330179,,,TCP,2948,"1779589097.330179 IP (tos 0x0, ttl 64, id 60850, offset 0, flags [DF], proto TCP (6), length 2948)"
1779589097.330182,,,TCP,2948,"1779589097.330182 IP (tos 0x0, ttl 64, id 60852, offset 0, flags [DF], proto TCP (6), length 2948)"
1779589097.330213,,,TCP,2948,"1779589097.330213 IP (tos 0x0, ttl 64, id 60854, offset 0, flags [DF], proto TCP (6), length 2948)"
1779589097.330218,,,TCP,2948,"1779589097.330218 IP (tos 0x0, ttl 64, id 60856, offset 0, flags [DF], proto TCP (6), length 2948)"
1779589097.330226,,,TCP,2948,"1779589097.330226 IP (tos 0x0, ttl 64, id 60858, offset 0, flags [DF], proto TCP (6), length 2948)"
1779589097.330228,,,TCP,2948,"1779589097.330228 IP (tos 0x0, ttl 64, id 60860, offset 0, flags [DF], proto TCP (6), length 2948)"
1779589097.330236,,,TCP,2948,"1779589097.330236 IP (tos 0x0, ttl 64, id 60862, offset 0, flags [DF], proto TCP (6), length 2948)"
1779589097.330238,,,TCP,2948,"1779589097.330238 IP (tos 0x0, ttl 64, id 60864, offset 0, flags [DF], proto TCP (6), length 2948)"
1779589097.330253,,,TCP,2948,"1779589097.330253 IP (tos 0x0, ttl 64, id 60866, offset 0, flags [DF], proto TCP (6), length 2948)"
1779589097.330264,,,TCP,2948,"1779589097.330264 IP (tos 0x0, ttl 64, id 60868, offset 0, flags [DF], proto TCP (6), length 2948)"
1779589097.330268,,,TCP,2948,"1779589097.330268 IP (tos 0x0, ttl 64, id 60870, offset 0, flags [DF], proto TCP (6), length 2948)"
1779589097.330273,,,TCP,2948,"1779589097.330273 IP (tos 0x0, ttl 64, id 60872, offset 0, flags [DF], proto TCP (6), length 2948)"
1779589097.330277,,,TCP,2948,"1779589097.330277 IP (tos 0x0, ttl 64, id 60874, offset 0, flags [DF], proto TCP (6), length 2948)"
1779589097.330280,,,TCP,2948,"1779589097.330280 IP (tos 0x0, ttl 64, id 60876, offset 0, flags [DF], proto TCP (6), length 2948)"
1779589097.330284,,,TCP,2948,"1779589097.330284 IP (tos 0x0, ttl 64, id 60878, offset 0, flags [DF], proto TCP (6), length 2948)"
1779589097.330288,,,TCP,1500,"1779589097.330288 IP (tos 0x0, ttl 64, id 60880, offset 0, flags [DF], proto TCP (6), length 1500)"
1779589097.330292,,,TCP,2948,"1779589097.330292 IP (tos 0x0, ttl 64, id 60881, offset 0, flags [DF], proto TCP (6), length 2948)"
1779589097.330296,,,TCP,2948,"1779589097.330296 IP (tos 0x0, ttl 64, id 60883, offset 0, flags [DF], proto TCP (6), length 2948)"
1779589097.330924,,,TCP,52,"1779589097.330924 IP (tos 0x0, ttl 64, id 39716, offset 0, flags [DF], proto TCP (6), length 52)"
1779589097.330955,,,TCP,2948,"1779589097.330955 IP (tos 0x0, ttl 64, id 60885, offset 0, flags [DF], proto TCP (6), length 2948)"
1779589097.330959,,,TCP,2948,"1779589097.330959 IP (tos 0x0, ttl 64, id 60887, offset 0, flags [DF], proto TCP (6), length 2948)"
1779589097.331335,,,TCP,52,"1779589097.331335 IP (tos 0x0, ttl 64, id 39717, offset 0, flags [DF], proto TCP (6), length 52)"
1779589097.331387,,,TCP,2948,"1779589097.331387 IP (tos 0x0, ttl 64, id 60889, offset 0, flags [DF], proto TCP (6), length 2948)"
1779589097.331393,,,TCP,2948,"1779589097.331393 IP (tos 0x0, ttl 64, id 60891, offset 0, flags [DF], proto TCP (6), length 2948)"
1779589097.331407,,,TCP,2948,"1779589097.331407 IP (tos 0x0, ttl 64, id 60893, offset 0, flags [DF], proto TCP (6), length 2948)"
1779589097.331412,,,TCP,2948,"1779589097.331412 IP (tos 0x0, ttl 64, id 60895, offset 0, flags [DF], proto TCP (6), length 2948)"
1779589097.331427,,,TCP,2948,"1779589097.331427 IP (tos 0x0, ttl 64, id 60897, offset 0, flags [DF], proto TCP (6), length 2948)"
1779589097.331430,,,TCP,2948,"1779589097.331430 IP (tos 0x0, ttl 64, id 60899, offset 0, flags [DF], proto TCP (6), length 2948)"
1779589097.331447,,,TCP,2948,"1779589097.331447 IP (tos 0x0, ttl 64, id 60901, offset 0, flags [DF], proto TCP (6), length 2948)"
1779589097.331450,,,TCP,2948,"1779589097.331450 IP (tos 0x0, ttl 64, id 60903, offset 0, flags [DF], proto TCP (6), length 2948)"
1779589097.331460,,,TCP,2948,"1779589097.331460 IP (tos 0x0, ttl 64, id 60905, offset 0, flags [DF], proto TCP (6), length 2948)"
1779589097.331512,,,TCP,2948,"1779589097.331512 IP (tos 0x0, ttl 64, id 60907, offset 0, flags [DF], proto TCP (6), length 2948)"
1779589097.331512,,,TCP,2948,"1779589097.331512 IP (tos 0x0, ttl 64, id 60909, offset 0, flags [DF], proto TCP (6), length 2948)"
1779589097.331528,,,TCP,2948,"1779589097.331528 IP (tos 0x0, ttl 64, id 60911, offset 0, flags [DF], proto TCP (6), length 2948)"
1779589097.331535,,,TCP,1500,"1779589097.331535 IP (tos 0x0, ttl 64, id 60913, offset 0, flags [DF], proto TCP (6), length 1500)"
1779589097.331548,,,TCP,2948,"1779589097.331548 IP (tos 0x0, ttl 64, id 60914, offset 0, flags [DF], proto TCP (6), length 2948)"
1779589097.331556,,,TCP,2948,"1779589097.331556 IP (tos 0x0, ttl 64, id 60916, offset 0, flags [DF], proto TCP (6), length 2948)"
1779589097.331560,,,TCP,2948,"1779589097.331560 IP (tos 0x0, ttl 64, id 60918, offset 0, flags [DF], proto TCP (6), length 2948)"
1779589097.331565,,,TCP,2948,"1779589097.331565 IP (tos 0x0, ttl 64, id 60920, offset 0, flags [DF], proto TCP (6), length 2948)"
1779589097.331569,,,TCP,2948,"1779589097.331569 IP (tos 0x0, ttl 64, id 60922, offset 0, flags [DF], proto TCP (6), length 2948)"
1779589097.331573,,,TCP,2948,"1779589097.331573 IP (tos 0x0, ttl 64, id 60924, offset 0, flags [DF], proto TCP (6), length 2948)"
1779589097.331577,,,TCP,2948,"1779589097.331577 IP (tos 0x0, ttl 64, id 60926, offset 0, flags [DF], proto TCP (6), length 2948)"
1779589097.331581,,,TCP,2948,"1779589097.331581 IP (tos 0x0, ttl 64, id 60928, offset 0, flags [DF], proto TCP (6), length 2948)"
1779589097.331585,,,TCP,2948,"1779589097.331585 IP (tos 0x0, ttl 64, id 60930, offset 0, flags [DF], proto TCP (6), length 2948)"
1779589097.331589,,,TCP,2948,"1779589097.331589 IP (tos 0x0, ttl 64, id 60932, offset 0, flags [DF], proto TCP (6), length 2948)"
1779589097.331593,,,TCP,2948,"1779589097.331593 IP (tos 0x0, ttl 64, id 60934, offset 0, flags [DF], proto TCP (6), length 2948)"
1779589097.331597,,,TCP,2948,"1779589097.331597 IP (tos 0x0, ttl 64, id 60936, offset 0, flags [DF], proto TCP (6), length 2948)"
1779589097.331601,,,TCP,2948,"1779589097.331601 IP (tos 0x0, ttl 64, id 60938, offset 0, flags [DF], proto TCP (6), length 2948)"
1779589097.331606,,,TCP,2948,"1779589097.331606 IP (tos 0x0, ttl 64, id 60940, offset 0, flags [DF], proto TCP (6), length 2948)"
1779589097.331610,,,TCP,2948,"1779589097.331610 IP (tos 0x0, ttl 64, id 60942, offset 0, flags [DF], proto TCP (6), length 2948)"
1779589097.331615,,,TCP,1500,"1779589097.331615 IP (tos 0x0, ttl 64, id 60944, offset 0, flags [DF], proto TCP (6), length 1500)"
1779589097.428525,,,TCP,52,"1779589097.428525 IP (tos 0x0, ttl 64, id 39718, offset 0, flags [DF], proto TCP (6), length 52)"
1779589097.428533,,,TCP,52,"1779589097.428533 IP (tos 0x0, ttl 64, id 39719, offset 0, flags [DF], proto TCP (6), length 52)"
1779589097.428534,,,TCP,52,"1779589097.428534 IP (tos 0x0, ttl 64, id 39720, offset 0, flags [DF], proto TCP (6), length 52)"
1779589097.428535,,,TCP,52,"1779589097.428535 IP (tos 0x0, ttl 64, id 39721, offset 0, flags [DF], proto TCP (6), length 52)"
1779589097.428536,,,TCP,52,"1779589097.428536 IP (tos 0x0, ttl 64, id 39724, offset 0, flags [DF], proto TCP (6), length 52)"
1779589097.428537,,,TCP,52,"1779589097.428537 IP (tos 0x0, ttl 64, id 39725, offset 0, flags [DF], proto TCP (6), length 52)"
1779589097.428537,,,TCP,52,"1779589097.428537 IP (tos 0x0, ttl 64, id 39726, offset 0, flags [DF], proto TCP (6), length 52)"
1779589097.428782,,,TCP,2948,"1779589097.428782 IP (tos 0x0, ttl 64, id 60945, offset 0, flags [DF], proto TCP (6), length 2948)"
1779589097.428867,,,TCP,2948,"1779589097.428867 IP (tos 0x0, ttl 64, id 60947, offset 0, flags [DF], proto TCP (6), length 2948)"
1779589097.428927,,,TCP,2948,"1779589097.428927 IP (tos 0x0, ttl 64, id 60949, offset 0, flags [DF], proto TCP (6), length 2948)"
1779589097.428977,,,TCP,4396,"1779589097.428977 IP (tos 0x0, ttl 64, id 60951, offset 0, flags [DF], proto TCP (6), length 4396)"
1779589097.429285,,,TCP,4396,"1779589097.429285 IP (tos 0x0, ttl 64, id 60954, offset 0, flags [DF], proto TCP (6), length 4396)"
1779589097.429319,,,TCP,4396,"1779589097.429319 IP (tos 0x0, ttl 64, id 60957, offset 0, flags [DF], proto TCP (6), length 4396)"
1779589097.429529,,,TCP,4396,"1779589097.429529 IP (tos 0x0, ttl 64, id 60960, offset 0, flags [DF], proto TCP (6), length 4396)"
1779589097.429569,,,TCP,4396,"1779589097.429569 IP (tos 0x0, ttl 64, id 60963, offset 0, flags [DF], proto TCP (6), length 4396)"
1779589097.429586,,,TCP,4396,"1779589097.429586 IP (tos 0x0, ttl 64, id 60966, offset 0, flags [DF], proto TCP (6), length 4396)"
1779589097.429604,,,TCP,4396,"1779589097.429604 IP (tos 0x0, ttl 64, id 60969, offset 0, flags [DF], proto TCP (6), length 4396)"
1779589097.429765,,,TCP,4396,"1779589097.429765 IP (tos 0x0, ttl 64, id 60972, offset 0, flags [DF], proto TCP (6), length 4396)"
1779589097.429788,,,TCP,4396,"1779589097.429788 IP (tos 0x0, ttl 64, id 60975, offset 0, flags [DF], proto TCP (6), length 4396)"
1779589097.429811,,,TCP,2948,"1779589097.429811 IP (tos 0x0, ttl 64, id 60978, offset 0, flags [DF], proto TCP (6), length 2948)"
1779589097.430025,,,TCP,52,"1779589097.430025 IP (tos 0x0, ttl 64, id 39727, offset 0, flags [DF], proto TCP (6), length 52)"
1779589097.430031,,,TCP,52,"1779589097.430031 IP (tos 0x0, ttl 64, id 39728, offset 0, flags [DF], proto TCP (6), length 52)"
1779589097.430032,,,TCP,52,"1779589097.430032 IP (tos 0x0, ttl 64, id 39729, offset 0, flags [DF], proto TCP (6), length 52)"
1779589097.430033,,,TCP,52,"1779589097.430033 IP (tos 0x0, ttl 64, id 39730, offset 0, flags [DF], proto TCP (6), length 52)"
1779589097.430034,,,TCP,52,"1779589097.430034 IP (tos 0x0, ttl 64, id 39731, offset 0, flags [DF], proto TCP (6), length 52)"
1779589097.430034,,,TCP,52,"1779589097.430034 IP (tos 0x0, ttl 64, id 39732, offset 0, flags [DF], proto TCP (6), length 52)"
1779589097.430035,,,TCP,52,"1779589097.430035 IP (tos 0x0, ttl 64, id 39733, offset 0, flags [DF], proto TCP (6), length 52)"
1779589097.430036,,,TCP,52,"1779589097.430036 IP (tos 0x0, ttl 64, id 39734, offset 0, flags [DF], proto TCP (6), length 52)"
1779589097.430037,,,TCP,52,"1779589097.430037 IP (tos 0x0, ttl 64, id 39735, offset 0, flags [DF], proto TCP (6), length 52)"
1779589097.430043,,,TCP,52,"1779589097.430043 IP (tos 0x0, ttl 64, id 39736, offset 0, flags [DF], proto TCP (6), length 52)"
1779589097.430044,,,TCP,52,"1779589097.430044 IP (tos 0x0, ttl 64, id 39737, offset 0, flags [DF], proto TCP (6), length 52)"
1779589097.430044,,,TCP,52,"1779589097.430044 IP (tos 0x0, ttl 64, id 39738, offset 0, flags [DF], proto TCP (6), length 52)"
1779589097.430203,,,TCP,4396,"1779589097.430203 IP (tos 0x0, ttl 64, id 60980, offset 0, flags [DF], proto TCP (6), length 4396)"
1779589097.430225,,,TCP,52,"1779589097.430225 IP (tos 0x0, ttl 64, id 39740, offset 0, flags [DF], proto TCP (6), length 52)"
1779589097.430226,,,TCP,52,"1779589097.430226 IP (tos 0x0, ttl 64, id 39741, offset 0, flags [DF], proto TCP (6), length 52)"
1779589097.430227,,,TCP,52,"1779589097.430227 IP (tos 0x0, ttl 64, id 39742, offset 0, flags [DF], proto TCP (6), length 52)"
1779589097.430228,,,TCP,52,"1779589097.430228 IP (tos 0x0, ttl 64, id 39744, offset 0, flags [DF], proto TCP (6), length 52)"
1779589097.430232,,,TCP,52,"1779589097.430232 IP (tos 0x0, ttl 64, id 39745, offset 0, flags [DF], proto TCP (6), length 52)"
1779589097.430233,,,TCP,52,"1779589097.430233 IP (tos 0x0, ttl 64, id 39746, offset 0, flags [DF], proto TCP (6), length 52)"
1779589097.430234,,,TCP,52,"1779589097.430234 IP (tos 0x0, ttl 64, id 39747, offset 0, flags [DF], proto TCP (6), length 52)"
1779589097.430238,,,TCP,4396,"1779589097.430238 IP (tos 0x0, ttl 64, id 60983, offset 0, flags [DF], proto TCP (6), length 4396)"
1779589097.430311,,,TCP,4396,"1779589097.430311 IP (tos 0x0, ttl 64, id 60986, offset 0, flags [DF], proto TCP (6), length 4396)"
1779589097.430319,,,TCP,52,"1779589097.430319 IP (tos 0x0, ttl 64, id 39748, offset 0, flags [DF], proto TCP (6), length 52)"
1779589097.430322,,,TCP,4396,"1779589097.430322 IP (tos 0x0, ttl 64, id 60989, offset 0, flags [DF], proto TCP (6), length 4396)"
1779589097.430352,,,TCP,4396,"1779589097.430352 IP (tos 0x0, ttl 64, id 60992, offset 0, flags [DF], proto TCP (6), length 4396)"
1779589097.430358,,,TCP,5844,"1779589097.430358 IP (tos 0x0, ttl 64, id 60995, offset 0, flags [DF], proto TCP (6), length 5844)"
1779589097.430363,,,TCP,5844,"1779589097.430363 IP (tos 0x0, ttl 64, id 60999, offset 0, flags [DF], proto TCP (6), length 5844)"
1779589097.430383,,,TCP,5844,"1779589097.430383 IP (tos 0x0, ttl 64, id 61003, offset 0, flags [DF], proto TCP (6), length 5844)"
1779589097.430390,,,TCP,5844,"1779589097.430390 IP (tos 0x0, ttl 64, id 61007, offset 0, flags [DF], proto TCP (6), length 5844)"
1779589097.430412,,,TCP,2948,"1779589097.430412 IP (tos 0x0, ttl 64, id 61011, offset 0, flags [DF], proto TCP (6), length 2948)"
1779589097.430415,,,TCP,5844,"1779589097.430415 IP (tos 0x0, ttl 64, id 61013, offset 0, flags [DF], proto TCP (6), length 5844)"
1779589097.430418,,,TCP,5844,"1779589097.430418 IP (tos 0x0, ttl 64, id 61017, offset 0, flags [DF], proto TCP (6), length 5844)"
1779589097.430434,,,TCP,5844,"1779589097.430434 IP (tos 0x0, ttl 64, id 61021, offset 0, flags [DF], proto TCP (6), length 5844)"
1779589097.430438,,,TCP,5844,"1779589097.430438 IP (tos 0x0, ttl 64, id 61025, offset 0, flags [DF], proto TCP (6), length 5844)"
1779589097.430453,,,TCP,5844,"1779589097.430453 IP (tos 0x0, ttl 64, id 61029, offset 0, flags [DF], proto TCP (6), length 5844)"
1779589097.430457,,,TCP,5844,"1779589097.430457 IP (tos 0x0, ttl 64, id 61033, offset 0, flags [DF], proto TCP (6), length 5844)"
1779589097.430489,,,TCP,5844,"1779589097.430489 IP (tos 0x0, ttl 64, id 61037, offset 0, flags [DF], proto TCP (6), length 5844)"
1779589097.430493,,,TCP,5844,"1779589097.430493 IP (tos 0x0, ttl 64, id 61041, offset 0, flags [DF], proto TCP (6), length 5844)"
1779589097.430514,,,TCP,1500,"1779589097.430514 IP (tos 0x0, ttl 64, id 61045, offset 0, flags [DF], proto TCP (6), length 1500)"
1779589097.430517,,,TCP,5844,"1779589097.430517 IP (tos 0x0, ttl 64, id 61046, offset 0, flags [DF], proto TCP (6), length 5844)"
1779589097.430521,,,TCP,5844,"1779589097.430521 IP (tos 0x0, ttl 64, id 61050, offset 0, flags [DF], proto TCP (6), length 5844)"
1779589097.430552,,,TCP,5844,"1779589097.430552 IP (tos 0x0, ttl 64, id 61054, offset 0, flags [DF], proto TCP (6), length 5844)"
1779589097.430555,,,TCP,5844,"1779589097.430555 IP (tos 0x0, ttl 64, id 61058, offset 0, flags [DF], proto TCP (6), length 5844)"
1779589097.430571,,,TCP,5844,"1779589097.430571 IP (tos 0x0, ttl 64, id 61062, offset 0, flags [DF], proto TCP (6), length 5844)"
1779589097.430574,,,TCP,5844,"1779589097.430574 IP (tos 0x0, ttl 64, id 61066, offset 0, flags [DF], proto TCP (6), length 5844)"
1779589097.430584,,,TCP,5844,"1779589097.430584 IP (tos 0x0, ttl 64, id 61070, offset 0, flags [DF], proto TCP (6), length 5844)"
1779589097.430682,,,TCP,52,"1779589097.430682 IP (tos 0x0, ttl 64, id 39749, offset 0, flags [DF], proto TCP (6), length 52)"
1779589097.430796,,,TCP,5844,"1779589097.430796 IP (tos 0x0, ttl 64, id 61074, offset 0, flags [DF], proto TCP (6), length 5844)"
1779589097.430880,,,TCP,5844,"1779589097.430880 IP (tos 0x0, ttl 64, id 61078, offset 0, flags [DF], proto TCP (6), length 5844)"
1779589097.430923,,,TCP,5844,"1779589097.430923 IP (tos 0x0, ttl 64, id 61082, offset 0, flags [DF], proto TCP (6), length 5844)"
1779589097.430927,,,TCP,5844,"1779589097.430927 IP (tos 0x0, ttl 64, id 61086, offset 0, flags [DF], proto TCP (6), length 5844)"
1779589097.430939,,,TCP,1500,"1779589097.430939 IP (tos 0x0, ttl 64, id 61090, offset 0, flags [DF], proto TCP (6), length 1500)"
1779589097.430941,,,TCP,5844,"1779589097.430941 IP (tos 0x0, ttl 64, id 61091, offset 0, flags [DF], proto TCP (6), length 5844)"
1779589097.430943,,,TCP,5844,"1779589097.430943 IP (tos 0x0, ttl 64, id 61095, offset 0, flags [DF], proto TCP (6), length 5844)"
1779589097.430949,,,TCP,5844,"1779589097.430949 IP (tos 0x0, ttl 64, id 61099, offset 0, flags [DF], proto TCP (6), length 5844)"
1779589097.430951,,,TCP,5844,"1779589097.430951 IP (tos 0x0, ttl 64, id 61103, offset 0, flags [DF], proto TCP (6), length 5844)"
1779589097.430955,,,TCP,5844,"1779589097.430955 IP (tos 0x0, ttl 64, id 61107, offset 0, flags [DF], proto TCP (6), length 5844)"
1779589097.430984,,,TCP,52,"1779589097.430984 IP (tos 0x0, ttl 64, id 39750, offset 0, flags [DF], proto TCP (6), length 52)"
1779589097.431023,,,TCP,5844,"1779589097.431023 IP (tos 0x0, ttl 64, id 61111, offset 0, flags [DF], proto TCP (6), length 5844)"
1779589097.431146,,,TCP,52,"1779589097.431146 IP (tos 0x0, ttl 64, id 39751, offset 0, flags [DF], proto TCP (6), length 52)"
1779589097.431166,,,TCP,5844,"1779589097.431166 IP (tos 0x0, ttl 64, id 61115, offset 0, flags [DF], proto TCP (6), length 5844)"
1779589097.431490,,,TCP,52,"1779589097.431490 IP (tos 0x0, ttl 64, id 39752, offset 0, flags [DF], proto TCP (6), length 52)"
1779589097.431555,,,TCP,5844,"1779589097.431555 IP (tos 0x0, ttl 64, id 61119, offset 0, flags [DF], proto TCP (6), length 5844)"
1779589097.431635,,,TCP,5844,"1779589097.431635 IP (tos 0x0, ttl 64, id 61123, offset 0, flags [DF], proto TCP (6), length 5844)"
1779589097.431642,,,TCP,5844,"1779589097.431642 IP (tos 0x0, ttl 64, id 61127, offset 0, flags [DF], proto TCP (6), length 5844)"
1779589097.431806,,,TCP,52,"1779589097.431806 IP (tos 0x0, ttl 64, id 39753, offset 0, flags [DF], proto TCP (6), length 52)"
1779589097.431886,,,TCP,7292,"1779589097.431886 IP (tos 0x0, ttl 64, id 61131, offset 0, flags [DF], proto TCP (6), length 7292)"
1779589097.431931,,,TCP,7292,"1779589097.431931 IP (tos 0x0, ttl 64, id 61136, offset 0, flags [DF], proto TCP (6), length 7292)"
1779589097.431963,,,TCP,7292,"1779589097.431963 IP (tos 0x0, ttl 64, id 61141, offset 0, flags [DF], proto TCP (6), length 7292)"
1779589097.431970,,,TCP,7292,"1779589097.431970 IP (tos 0x0, ttl 64, id 61146, offset 0, flags [DF], proto TCP (6), length 7292)"
1779589097.431996,,,TCP,7292,"1779589097.431996 IP (tos 0x0, ttl 64, id 61151, offset 0, flags [DF], proto TCP (6), length 7292)"
1779589097.432002,,,TCP,7292,"1779589097.432002 IP (tos 0x0, ttl 64, id 61156, offset 0, flags [DF], proto TCP (6), length 7292)"
1779589097.432029,,,TCP,7292,"1779589097.432029 IP (tos 0x0, ttl 64, id 61161, offset 0, flags [DF], proto TCP (6), length 7292)"
1779589097.432035,,,TCP,7292,"1779589097.432035 IP (tos 0x0, ttl 64, id 61166, offset 0, flags [DF], proto TCP (6), length 7292)"
1779589097.432054,,,TCP,7292,"1779589097.432054 IP (tos 0x0, ttl 64, id 61171, offset 0, flags [DF], proto TCP (6), length 7292)"
1779589097.432073,,,TCP,7292,"1779589097.432073 IP (tos 0x0, ttl 64, id 61176, offset 0, flags [DF], proto TCP (6), length 7292)"
1779589097.432088,,,TCP,7292,"1779589097.432088 IP (tos 0x0, ttl 64, id 61181, offset 0, flags [DF], proto TCP (6), length 7292)"
1779589097.432274,,,TCP,7292,"1779589097.432274 IP (tos 0x0, ttl 64, id 61186, offset 0, flags [DF], proto TCP (6), length 7292)"
1779589097.432456,,,TCP,7292,"1779589097.432456 IP (tos 0x0, ttl 64, id 61191, offset 0, flags [DF], proto TCP (6), length 7292)"
1779589097.432506,,,TCP,7292,"1779589097.432506 IP (tos 0x0, ttl 64, id 61196, offset 0, flags [DF], proto TCP (6), length 7292)"
1779589097.432514,,,TCP,7220,"1779589097.432514 IP (tos 0x0, ttl 64, id 61201, offset 0, flags [DF], proto TCP (6), length 7220)"
1779589097.509530,,,TCP,60,"1779589097.509530 IP (tos 0x0, ttl 64, id 54577, offset 0, flags [DF], proto TCP (6), length 60)"
1779589097.528936,,,TCP,52,"1779589097.528936 IP (tos 0x0, ttl 64, id 39754, offset 0, flags [DF], proto TCP (6), length 52)"
1779589097.528939,,,TCP,52,"1779589097.528939 IP (tos 0x0, ttl 64, id 39755, offset 0, flags [DF], proto TCP (6), length 52)"
1779589097.529002,,,TCP,7292,"1779589097.529002 IP (tos 0x0, ttl 64, id 61206, offset 0, flags [DF], proto TCP (6), length 7292)"
1779589097.529017,,,TCP,7292,"1779589097.529017 IP (tos 0x0, ttl 64, id 61211, offset 0, flags [DF], proto TCP (6), length 7292)"
1779589097.529453,,,TCP,52,"1779589097.529453 IP (tos 0x0, ttl 64, id 39758, offset 0, flags [DF], proto TCP (6), length 52)"
1779589097.529458,,,TCP,52,"1779589097.529458 IP (tos 0x0, ttl 64, id 39759, offset 0, flags [DF], proto TCP (6), length 52)"
1779589097.529577,,,TCP,7292,"1779589097.529577 IP (tos 0x0, ttl 64, id 61216, offset 0, flags [DF], proto TCP (6), length 7292)"
1779589097.529598,,,TCP,52,"1779589097.529598 IP (tos 0x0, ttl 64, id 39760, offset 0, flags [DF], proto TCP (6), length 52)"
1779589097.529599,,,TCP,52,"1779589097.529599 IP (tos 0x0, ttl 64, id 39761, offset 0, flags [DF], proto TCP (6), length 52)"
1779589097.529603,,,TCP,52,"1779589097.529603 IP (tos 0x0, ttl 64, id 39762, offset 0, flags [DF], proto TCP (6), length 52)"
1779589097.529606,,,TCP,7292,"1779589097.529606 IP (tos 0x0, ttl 64, id 61221, offset 0, flags [DF], proto TCP (6), length 7292)"
1779589097.529650,,,TCP,124,"1779589097.529650 IP (tos 0x0, ttl 64, id 61226, offset 0, flags [DF], proto TCP (6), length 124)"
1779589097.529656,,,TCP,7292,"1779589097.529656 IP (tos 0x0, ttl 64, id 61227, offset 0, flags [DF], proto TCP (6), length 7292)"
1779589097.529662,,,TCP,7292,"1779589097.529662 IP (tos 0x0, ttl 64, id 61232, offset 0, flags [DF], proto TCP (6), length 7292)"
1779589097.529689,,,TCP,7292,"1779589097.529689 IP (tos 0x0, ttl 64, id 61237, offset 0, flags [DF], proto TCP (6), length 7292)"
1779589097.529695,,,TCP,8740,"1779589097.529695 IP (tos 0x0, ttl 64, id 61242, offset 0, flags [DF], proto TCP (6), length 8740)"
1779589097.529700,,,TCP,8740,"1779589097.529700 IP (tos 0x0, ttl 64, id 61248, offset 0, flags [DF], proto TCP (6), length 8740)"
1779589097.529839,,,TCP,8740,"1779589097.529839 IP (tos 0x0, ttl 64, id 61254, offset 0, flags [DF], proto TCP (6), length 8740)"
1779589097.529873,,,TCP,52,"1779589097.529873 IP (tos 0x0, ttl 64, id 39766, offset 0, flags [DF], proto TCP (6), length 52)"
1779589097.529876,,,TCP,8740,"1779589097.529876 IP (tos 0x0, ttl 64, id 61260, offset 0, flags [DF], proto TCP (6), length 8740)"
1779589097.529904,,,TCP,8740,"1779589097.529904 IP (tos 0x0, ttl 64, id 61266, offset 0, flags [DF], proto TCP (6), length 8740)"
1779589097.529910,,,TCP,8740,"1779589097.529910 IP (tos 0x0, ttl 64, id 61272, offset 0, flags [DF], proto TCP (6), length 8740)"
1779589097.529950,,,TCP,8740,"1779589097.529950 IP (tos 0x0, ttl 64, id 61278, offset 0, flags [DF], proto TCP (6), length 8740)"
1779589097.529959,,,TCP,8740,"1779589097.529959 IP (tos 0x0, ttl 64, id 61284, offset 0, flags [DF], proto TCP (6), length 8740)"
1779589097.529972,,,TCP,8740,"1779589097.529972 IP (tos 0x0, ttl 64, id 61290, offset 0, flags [DF], proto TCP (6), length 8740)"
1779589097.529975,,,TCP,8740,"1779589097.529975 IP (tos 0x0, ttl 64, id 61296, offset 0, flags [DF], proto TCP (6), length 8740)"
1779589097.530265,,,TCP,52,"1779589097.530265 IP (tos 0x0, ttl 64, id 39767, offset 0, flags [DF], proto TCP (6), length 52)"
1779589097.530266,,,TCP,52,"1779589097.530266 IP (tos 0x0, ttl 64, id 39768, offset 0, flags [DF], proto TCP (6), length 52)"
1779589097.530303,,,TCP,8740,"1779589097.530303 IP (tos 0x0, ttl 64, id 61302, offset 0, flags [DF], proto TCP (6), length 8740)"
1779589097.530311,,,TCP,8740,"1779589097.530311 IP (tos 0x0, ttl 64, id 61308, offset 0, flags [DF], proto TCP (6), length 8740)"
1779589097.530347,,,TCP,52,"1779589097.530347 IP (tos 0x0, ttl 64, id 39769, offset 0, flags [DF], proto TCP (6), length 52)"
1779589097.530371,,,TCP,4396,"1779589097.530371 IP (tos 0x0, ttl 64, id 61314, offset 0, flags [DF], proto TCP (6), length 4396)"
1779589097.530378,,,TCP,52,"1779589097.530378 IP (tos 0x0, ttl 64, id 39771, offset 0, flags [DF], proto TCP (6), length 52)"
1779589097.530379,,,TCP,52,"1779589097.530379 IP (tos 0x0, ttl 64, id 39772, offset 0, flags [DF], proto TCP (6), length 52)"
1779589097.530380,,,TCP,52,"1779589097.530380 IP (tos 0x0, ttl 64, id 39773, offset 0, flags [DF], proto TCP (6), length 52)"
1779589097.530404,,,TCP,8740,"1779589097.530404 IP (tos 0x0, ttl 64, id 61317, offset 0, flags [DF], proto TCP (6), length 8740)"
1779589097.530408,,,TCP,8740,"1779589097.530408 IP (tos 0x0, ttl 64, id 61323, offset 0, flags [DF], proto TCP (6), length 8740)"
1779589097.530421,,,TCP,8740,"1779589097.530421 IP (tos 0x0, ttl 64, id 61329, offset 0, flags [DF], proto TCP (6), length 8740)"
1779589097.530423,,,TCP,8740,"1779589097.530423 IP (tos 0x0, ttl 64, id 61335, offset 0, flags [DF], proto TCP (6), length 8740)"
1779589097.530431,,,TCP,8740,"1779589097.530431 IP (tos 0x0, ttl 64, id 61341, offset 0, flags [DF], proto TCP (6), length 8740)"
1779589097.530740,,,TCP,52,"1779589097.530740 IP (tos 0x0, ttl 64, id 39774, offset 0, flags [DF], proto TCP (6), length 52)"
1779589097.530823,,,TCP,11636,"1779589097.530823 IP (tos 0x0, ttl 64, id 61347, offset 0, flags [DF], proto TCP (6), length 11636)"
1779589097.530833,,,TCP,10188,"1779589097.530833 IP (tos 0x0, ttl 64, id 61355, offset 0, flags [DF], proto TCP (6), length 10188)"
1779589097.530838,,,TCP,11636,"1779589097.530838 IP (tos 0x0, ttl 64, id 61362, offset 0, flags [DF], proto TCP (6), length 11636)"
1779589097.530854,,,TCP,11636,"1779589097.530854 IP (tos 0x0, ttl 64, id 61370, offset 0, flags [DF], proto TCP (6), length 11636)"
1779589097.530858,,,TCP,11636,"1779589097.530858 IP (tos 0x0, ttl 64, id 61378, offset 0, flags [DF], proto TCP (6), length 11636)"
1779589097.531537,,,TCP,52,"1779589097.531537 IP (tos 0x0, ttl 64, id 39776, offset 0, flags [DF], proto TCP (6), length 52)"
1779589097.531596,,,TCP,11636,"1779589097.531596 IP (tos 0x0, ttl 64, id 61386, offset 0, flags [DF], proto TCP (6), length 11636)"
1779589097.531602,,,TCP,276,"1779589097.531602 IP (tos 0x0, ttl 64, id 61394, offset 0, flags [DF], proto TCP (6), length 276)"
1779589097.532130,,,TCP,52,"1779589097.532130 IP (tos 0x0, ttl 64, id 39777, offset 0, flags [DF], proto TCP (6), length 52)"
1779589097.609831,,,TCP,60,"1779589097.609831 IP (tos 0x0, ttl 64, id 0, offset 0, flags [DF], proto TCP (6), length 60)"
1779589097.609941,,,TCP,52,"1779589097.609941 IP (tos 0x0, ttl 64, id 54578, offset 0, flags [DF], proto TCP (6), length 52)"
1779589097.610133,,,TCP,88,"1779589097.610133 IP (tos 0x0, ttl 64, id 54579, offset 0, flags [DF], proto TCP (6), length 88)"
1779589097.612430,,,TCP,2948,"1779589097.612430 IP (tos 0x0, ttl 64, id 54580, offset 0, flags [DF], proto TCP (6), length 2948)"
1779589097.612785,,,TCP,2948,"1779589097.612785 IP (tos 0x0, ttl 64, id 54582, offset 0, flags [DF], proto TCP (6), length 2948)"
1779589097.612800,,,TCP,1500,"1779589097.612800 IP (tos 0x0, ttl 64, id 54584, offset 0, flags [DF], proto TCP (6), length 1500)"
1779589097.613171,,,TCP,2948,"1779589097.613171 IP (tos 0x0, ttl 64, id 54585, offset 0, flags [DF], proto TCP (6), length 2948)"
1779589097.613198,,,TCP,1500,"1779589097.613198 IP (tos 0x0, ttl 64, id 54587, offset 0, flags [DF], proto TCP (6), length 1500)"
1779589097.613488,,,TCP,1500,"1779589097.613488 IP (tos 0x0, ttl 64, id 54588, offset 0, flags [DF], proto TCP (6), length 1500)"
1779589097.629155,,,TCP,52,"1779589097.629155 IP (tos 0x0, ttl 64, id 39779, offset 0, flags [DF], proto TCP (6), length 52)"
1779589097.629159,,,TCP,52,"1779589097.629159 IP (tos 0x0, ttl 64, id 39780, offset 0, flags [DF], proto TCP (6), length 52)"
1779589097.629704,,,TCP,52,"1779589097.629704 IP (tos 0x0, ttl 64, id 39781, offset 0, flags [DF], proto TCP (6), length 52)"
1779589097.629705,,,TCP,52,"1779589097.629705 IP (tos 0x0, ttl 64, id 39782, offset 0, flags [DF], proto TCP (6), length 52)"
1779589097.629706,,,TCP,52,"1779589097.629706 IP (tos 0x0, ttl 64, id 39783, offset 0, flags [DF], proto TCP (6), length 52)"
1779589097.629706,,,TCP,52,"1779589097.629706 IP (tos 0x0, ttl 64, id 39784, offset 0, flags [DF], proto TCP (6), length 52)"
1779589097.629706,,,TCP,52,"1779589097.629706 IP (tos 0x0, ttl 64, id 39785, offset 0, flags [DF], proto TCP (6), length 52)"
1779589097.629708,,,TCP,52,"1779589097.629708 IP (tos 0x0, ttl 64, id 39786, offset 0, flags [DF], proto TCP (6), length 52)"
1779589097.629737,,,TCP,52,"1779589097.629737 IP (tos 0x0, ttl 64, id 39787, offset 0, flags [DF], proto TCP (6), length 52)"
1779589097.629946,,,TCP,52,"1779589097.629946 IP (tos 0x0, ttl 64, id 39788, offset 0, flags [DF], proto TCP (6), length 52)"
1779589097.629948,,,TCP,52,"1779589097.629948 IP (tos 0x0, ttl 64, id 39789, offset 0, flags [DF], proto TCP (6), length 52)"
1779589097.629948,,,TCP,52,"1779589097.629948 IP (tos 0x0, ttl 64, id 39790, offset 0, flags [DF], proto TCP (6), length 52)"
1779589097.629948,,,TCP,52,"1779589097.629948 IP (tos 0x0, ttl 64, id 39791, offset 0, flags [DF], proto TCP (6), length 52)"
1779589097.629977,,,TCP,52,"1779589097.629977 IP (tos 0x0, ttl 64, id 39792, offset 0, flags [DF], proto TCP (6), length 52)"
1779589097.629978,,,TCP,52,"1779589097.629978 IP (tos 0x0, ttl 64, id 39793, offset 0, flags [DF], proto TCP (6), length 52)"
1779589097.629979,,,TCP,52,"1779589097.629979 IP (tos 0x0, ttl 64, id 39794, offset 0, flags [DF], proto TCP (6), length 52)"
1779589097.630452,,,TCP,52,"1779589097.630452 IP (tos 0x0, ttl 64, id 39796, offset 0, flags [DF], proto TCP (6), length 52)"
1779589097.631219,,,TCP,52,"1779589097.631219 IP (tos 0x0, ttl 64, id 39798, offset 0, flags [DF], proto TCP (6), length 52)"
1779589097.649881,,,TCP,52,"1779589097.649881 IP (tos 0x0, ttl 64, id 39800, offset 0, flags [DF], proto TCP (6), length 52)"
1779589097.650060,,,TCP,52,"1779589097.650060 IP (tos 0x0, ttl 64, id 61395, offset 0, flags [DF], proto TCP (6), length 52)"
1779589097.712634,,,TCP,52,"1779589097.712634 IP (tos 0x0, ttl 64, id 51939, offset 0, flags [DF], proto TCP (6), length 52)"
1779589097.712739,,,TCP,2948,"1779589097.712739 IP (tos 0x0, ttl 64, id 54589, offset 0, flags [DF], proto TCP (6), length 2948)"
1779589097.712905,,,TCP,52,"1779589097.712905 IP (tos 0x0, ttl 64, id 51940, offset 0, flags [DF], proto TCP (6), length 52)"
1779589097.712910,,,TCP,2948,"1779589097.712910 IP (tos 0x0, ttl 64, id 54591, offset 0, flags [DF], proto TCP (6), length 2948)"
1779589097.712972,,,TCP,2948,"1779589097.712972 IP (tos 0x0, ttl 64, id 54593, offset 0, flags [DF], proto TCP (6), length 2948)"
1779589097.712978,,,TCP,2948,"1779589097.712978 IP (tos 0x0, ttl 64, id 54595, offset 0, flags [DF], proto TCP (6), length 2948)"
1779589097.712992,,,TCP,2948,"1779589097.712992 IP (tos 0x0, ttl 64, id 54597, offset 0, flags [DF], proto TCP (6), length 2948)"
1779589097.713364,,,TCP,52,"1779589097.713364 IP (tos 0x0, ttl 64, id 51943, offset 0, flags [DF], proto TCP (6), length 52)"
1779589097.713538,,,TCP,2948,"1779589097.713538 IP (tos 0x0, ttl 64, id 54599, offset 0, flags [DF], proto TCP (6), length 2948)"
1779589097.713557,,,TCP,52,"1779589097.713557 IP (tos 0x0, ttl 64, id 51944, offset 0, flags [DF], proto TCP (6), length 52)"
1779589097.713562,,,TCP,2948,"1779589097.713562 IP (tos 0x0, ttl 64, id 54601, offset 0, flags [DF], proto TCP (6), length 2948)"
1779589097.713594,,,TCP,2948,"1779589097.713594 IP (tos 0x0, ttl 64, id 54603, offset 0, flags [DF], proto TCP (6), length 2948)"
1779589097.713599,,,TCP,2948,"1779589097.713599 IP (tos 0x0, ttl 64, id 54605, offset 0, flags [DF], proto TCP (6), length 2948)"
1779589097.713637,,,TCP,2948,"1779589097.713637 IP (tos 0x0, ttl 64, id 54607, offset 0, flags [DF], proto TCP (6), length 2948)"
1779589097.813147,,,TCP,52,"1779589097.813147 IP (tos 0x0, ttl 64, id 51945, offset 0, flags [DF], proto TCP (6), length 52)"
1779589097.813155,,,TCP,52,"1779589097.813155 IP (tos 0x0, ttl 64, id 51946, offset 0, flags [DF], proto TCP (6), length 52)"
1779589097.813156,,,TCP,52,"1779589097.813156 IP (tos 0x0, ttl 64, id 51947, offset 0, flags [DF], proto TCP (6), length 52)"
1779589097.813157,,,TCP,52,"1779589097.813157 IP (tos 0x0, ttl 64, id 51948, offset 0, flags [DF], proto TCP (6), length 52)"
1779589097.813158,,,TCP,52,"1779589097.813158 IP (tos 0x0, ttl 64, id 51949, offset 0, flags [DF], proto TCP (6), length 52)"
1779589097.813386,,,TCP,2948,"1779589097.813386 IP (tos 0x0, ttl 64, id 54609, offset 0, flags [DF], proto TCP (6), length 2948)"
1779589097.813501,,,TCP,2948,"1779589097.813501 IP (tos 0x0, ttl 64, id 54611, offset 0, flags [DF], proto TCP (6), length 2948)"
1779589097.813609,,,TCP,52,"1779589097.813609 IP (tos 0x0, ttl 64, id 51951, offset 0, flags [DF], proto TCP (6), length 52)"
1779589097.813616,,,TCP,52,"1779589097.813616 IP (tos 0x0, ttl 64, id 51952, offset 0, flags [DF], proto TCP (6), length 52)"
1779589097.813618,,,TCP,52,"1779589097.813618 IP (tos 0x0, ttl 64, id 51953, offset 0, flags [DF], proto TCP (6), length 52)"
1779589097.813623,,,TCP,2948,"1779589097.813623 IP (tos 0x0, ttl 64, id 54613, offset 0, flags [DF], proto TCP (6), length 2948)"
1779589097.813643,,,TCP,2948,"1779589097.813643 IP (tos 0x0, ttl 64, id 54615, offset 0, flags [DF], proto TCP (6), length 2948)"
1779589097.813653,,,TCP,2948,"1779589097.813653 IP (tos 0x0, ttl 64, id 54617, offset 0, flags [DF], proto TCP (6), length 2948)"
1779589097.813663,,,TCP,2948,"1779589097.813663 IP (tos 0x0, ttl 64, id 54619, offset 0, flags [DF], proto TCP (6), length 2948)"
1779589097.813679,,,TCP,52,"1779589097.813679 IP (tos 0x0, ttl 64, id 51954, offset 0, flags [DF], proto TCP (6), length 52)"
1779589097.813680,,,TCP,2948,"1779589097.813680 IP (tos 0x0, ttl 64, id 54621, offset 0, flags [DF], proto TCP (6), length 2948)"
1779589097.813690,,,TCP,2948,"1779589097.813690 IP (tos 0x0, ttl 64, id 54623, offset 0, flags [DF], proto TCP (6), length 2948)"
1779589097.813701,,,TCP,2948,"1779589097.813701 IP (tos 0x0, ttl 64, id 54625, offset 0, flags [DF], proto TCP (6), length 2948)"
1779589097.813711,,,TCP,2948,"1779589097.813711 IP (tos 0x0, ttl 64, id 54627, offset 0, flags [DF], proto TCP (6), length 2948)"
1779589097.813734,,,TCP,2948,"1779589097.813734 IP (tos 0x0, ttl 64, id 54629, offset 0, flags [DF], proto TCP (6), length 2948)"
1779589097.813745,,,TCP,2948,"1779589097.813745 IP (tos 0x0, ttl 64, id 54631, offset 0, flags [DF], proto TCP (6), length 2948)"
1779589097.813754,,,TCP,2948,"1779589097.813754 IP (tos 0x0, ttl 64, id 54633, offset 0, flags [DF], proto TCP (6), length 2948)"
1779589097.813764,,,TCP,2948,"1779589097.813764 IP (tos 0x0, ttl 64, id 54635, offset 0, flags [DF], proto TCP (6), length 2948)"
1779589097.813774,,,TCP,2948,"1779589097.813774 IP (tos 0x0, ttl 64, id 54637, offset 0, flags [DF], proto TCP (6), length 2948)"
1779589097.813783,,,TCP,2948,"1779589097.813783 IP (tos 0x0, ttl 64, id 54639, offset 0, flags [DF], proto TCP (6), length 2948)"
1779589097.813792,,,TCP,2948,"1779589097.813792 IP (tos 0x0, ttl 64, id 54641, offset 0, flags [DF], proto TCP (6), length 2948)"
1779589097.813802,,,TCP,2948,"1779589097.813802 IP (tos 0x0, ttl 64, id 54643, offset 0, flags [DF], proto TCP (6), length 2948)"
1779589097.813815,,,TCP,2948,"1779589097.813815 IP (tos 0x0, ttl 64, id 54645, offset 0, flags [DF], proto TCP (6), length 2948)"
1779589097.813827,,,TCP,2948,"1779589097.813827 IP (tos 0x0, ttl 64, id 54647, offset 0, flags [DF], proto TCP (6), length 2948)"
1779589097.913957,,,TCP,52,"1779589097.913957 IP (tos 0x0, ttl 64, id 51957, offset 0, flags [DF], proto TCP (6), length 52)"
1779589097.913965,,,TCP,52,"1779589097.913965 IP (tos 0x0, ttl 64, id 51958, offset 0, flags [DF], proto TCP (6), length 52)"
1779589097.913966,,,TCP,52,"1779589097.913966 IP (tos 0x0, ttl 64, id 51959, offset 0, flags [DF], proto TCP (6), length 52)"
1779589097.914247,,,TCP,2948,"1779589097.914247 IP (tos 0x0, ttl 64, id 54649, offset 0, flags [DF], proto TCP (6), length 2948)"
1779589097.914376,,,TCP,2948,"1779589097.914376 IP (tos 0x0, ttl 64, id 54651, offset 0, flags [DF], proto TCP (6), length 2948)"
1779589097.914456,,,TCP,2948,"1779589097.914456 IP (tos 0x0, ttl 64, id 54653, offset 0, flags [DF], proto TCP (6), length 2948)"
1779589097.914502,,,TCP,2948,"1779589097.914502 IP (tos 0x0, ttl 64, id 54655, offset 0, flags [DF], proto TCP (6), length 2948)"
1779589097.914519,,,TCP,2948,"1779589097.914519 IP (tos 0x0, ttl 64, id 54657, offset 0, flags [DF], proto TCP (6), length 2948)"
1779589097.914531,,,TCP,2948,"1779589097.914531 IP (tos 0x0, ttl 64, id 54659, offset 0, flags [DF], proto TCP (6), length 2948)"
1779589097.914544,,,TCP,2948,"1779589097.914544 IP (tos 0x0, ttl 64, id 54661, offset 0, flags [DF], proto TCP (6), length 2948)"
1779589097.914555,,,TCP,1500,"1779589097.914555 IP (tos 0x0, ttl 64, id 54663, offset 0, flags [DF], proto TCP (6), length 1500)"
1779589097.914568,,,TCP,2948,"1779589097.914568 IP (tos 0x0, ttl 64, id 54664, offset 0, flags [DF], proto TCP (6), length 2948)"
1779589097.914583,,,TCP,2948,"1779589097.914583 IP (tos 0x0, ttl 64, id 54666, offset 0, flags [DF], proto TCP (6), length 2948)"
1779589097.915850,,,TCP,1500,"1779589097.915850 IP (tos 0x0, ttl 64, id 54668, offset 0, flags [DF], proto TCP (6), length 1500)"
1779589098.014610,,,TCP,52,"1779589098.014610 IP (tos 0x0, ttl 64, id 51961, offset 0, flags [DF], proto TCP (6), length 52)"
1779589098.014618,,,TCP,52,"1779589098.014618 IP (tos 0x0, ttl 64, id 51962, offset 0, flags [DF], proto TCP (6), length 52)"
1779589098.014619,,,TCP,52,"1779589098.014619 IP (tos 0x0, ttl 64, id 51964, offset 0, flags [DF], proto TCP (6), length 52)"
1779589098.014620,,,TCP,52,"1779589098.014620 IP (tos 0x0, ttl 64, id 51965, offset 0, flags [DF], proto TCP (6), length 52)"
1779589098.014621,,,TCP,52,"1779589098.014621 IP (tos 0x0, ttl 64, id 51966, offset 0, flags [DF], proto TCP (6), length 52)"
1779589098.014622,,,TCP,52,"1779589098.014622 IP (tos 0x0, ttl 64, id 51968, offset 0, flags [DF], proto TCP (6), length 52)"
1779589098.014880,,,TCP,2948,"1779589098.014880 IP (tos 0x0, ttl 64, id 54669, offset 0, flags [DF], proto TCP (6), length 2948)"
1779589098.014966,,,TCP,2948,"1779589098.014966 IP (tos 0x0, ttl 64, id 54671, offset 0, flags [DF], proto TCP (6), length 2948)"
1779589098.015036,,,TCP,2948,"1779589098.015036 IP (tos 0x0, ttl 64, id 54673, offset 0, flags [DF], proto TCP (6), length 2948)"
1779589098.015081,,,TCP,2948,"1779589098.015081 IP (tos 0x0, ttl 64, id 54675, offset 0, flags [DF], proto TCP (6), length 2948)"
1779589098.015097,,,TCP,2948,"1779589098.015097 IP (tos 0x0, ttl 64, id 54677, offset 0, flags [DF], proto TCP (6), length 2948)"
1779589098.015112,,,TCP,2948,"1779589098.015112 IP (tos 0x0, ttl 64, id 54679, offset 0, flags [DF], proto TCP (6), length 2948)"
1779589098.015128,,,TCP,2948,"1779589098.015128 IP (tos 0x0, ttl 64, id 54681, offset 0, flags [DF], proto TCP (6), length 2948)"
1779589098.015142,,,TCP,2948,"1779589098.015142 IP (tos 0x0, ttl 64, id 54683, offset 0, flags [DF], proto TCP (6), length 2948)"
1779589098.015157,,,TCP,2948,"1779589098.015157 IP (tos 0x0, ttl 64, id 54685, offset 0, flags [DF], proto TCP (6), length 2948)"
1779589098.015174,,,TCP,2948,"1779589098.015174 IP (tos 0x0, ttl 64, id 54687, offset 0, flags [DF], proto TCP (6), length 2948)"
1779589098.015302,,,TCP,2948,"1779589098.015302 IP (tos 0x0, ttl 64, id 54689, offset 0, flags [DF], proto TCP (6), length 2948)"
1779589098.015334,,,TCP,2948,"1779589098.015334 IP (tos 0x0, ttl 64, id 54691, offset 0, flags [DF], proto TCP (6), length 2948)"
1779589098.015359,,,TCP,2948,"1779589098.015359 IP (tos 0x0, ttl 64, id 54693, offset 0, flags [DF], proto TCP (6), length 2948)"
1779589098.015378,,,TCP,2948,"1779589098.015378 IP (tos 0x0, ttl 64, id 54695, offset 0, flags [DF], proto TCP (6), length 2948)"
1779589098.015394,,,TCP,2948,"1779589098.015394 IP (tos 0x0, ttl 64, id 54697, offset 0, flags [DF], proto TCP (6), length 2948)"
1779589098.015406,,,TCP,2948,"1779589098.015406 IP (tos 0x0, ttl 64, id 54699, offset 0, flags [DF], proto TCP (6), length 2948)"
1779589098.015421,,,TCP,2948,"1779589098.015421 IP (tos 0x0, ttl 64, id 54701, offset 0, flags [DF], proto TCP (6), length 2948)"
1779589098.015440,,,TCP,2948,"1779589098.015440 IP (tos 0x0, ttl 64, id 54703, offset 0, flags [DF], proto TCP (6), length 2948)"
1779589098.015456,,,TCP,2948,"1779589098.015456 IP (tos 0x0, ttl 64, id 54705, offset 0, flags [DF], proto TCP (6), length 2948)"
1779589098.015472,,,TCP,2948,"1779589098.015472 IP (tos 0x0, ttl 64, id 54707, offset 0, flags [DF], proto TCP (6), length 2948)"
1779589098.015488,,,TCP,2948,"1779589098.015488 IP (tos 0x0, ttl 64, id 54709, offset 0, flags [DF], proto TCP (6), length 2948)"
1779589098.015505,,,TCP,2948,"1779589098.015505 IP (tos 0x0, ttl 64, id 54711, offset 0, flags [DF], proto TCP (6), length 2948)"
1779589098.015521,,,TCP,2948,"1779589098.015521 IP (tos 0x0, ttl 64, id 54713, offset 0, flags [DF], proto TCP (6), length 2948)"
1779589098.015538,,,TCP,2948,"1779589098.015538 IP (tos 0x0, ttl 64, id 54715, offset 0, flags [DF], proto TCP (6), length 2948)"
1779589098.015556,,,TCP,2948,"1779589098.015556 IP (tos 0x0, ttl 64, id 54717, offset 0, flags [DF], proto TCP (6), length 2948)"
1779589098.015572,,,TCP,2948,"1779589098.015572 IP (tos 0x0, ttl 64, id 54719, offset 0, flags [DF], proto TCP (6), length 2948)"
1779589098.015592,,,TCP,2948,"1779589098.015592 IP (tos 0x0, ttl 64, id 54721, offset 0, flags [DF], proto TCP (6), length 2948)"
1779589098.015609,,,TCP,2948,"1779589098.015609 IP (tos 0x0, ttl 64, id 54723, offset 0, flags [DF], proto TCP (6), length 2948)"
1779589098.015621,,,TCP,2948,"1779589098.015621 IP (tos 0x0, ttl 64, id 54725, offset 0, flags [DF], proto TCP (6), length 2948)"
1779589098.015634,,,TCP,2948,"1779589098.015634 IP (tos 0x0, ttl 64, id 54727, offset 0, flags [DF], proto TCP (6), length 2948)"
1779589098.015729,,,TCP,1500,"1779589098.015729 IP (tos 0x0, ttl 64, id 54729, offset 0, flags [DF], proto TCP (6), length 1500)"
1779589098.015889,,,TCP,2948,"1779589098.015889 IP (tos 0x0, ttl 64, id 54730, offset 0, flags [DF], proto TCP (6), length 2948)"
1779589098.015907,,,TCP,2948,"1779589098.015907 IP (tos 0x0, ttl 64, id 54732, offset 0, flags [DF], proto TCP (6), length 2948)"
1779589098.015918,,,TCP,2948,"1779589098.015918 IP (tos 0x0, ttl 64, id 54734, offset 0, flags [DF], proto TCP (6), length 2948)"
1779589098.015928,,,TCP,2948,"1779589098.015928 IP (tos 0x0, ttl 64, id 54736, offset 0, flags [DF], proto TCP (6), length 2948)"
1779589098.015939,,,TCP,2948,"1779589098.015939 IP (tos 0x0, ttl 64, id 54738, offset 0, flags [DF], proto TCP (6), length 2948)"
1779589098.015949,,,TCP,2948,"1779589098.015949 IP (tos 0x0, ttl 64, id 54740, offset 0, flags [DF], proto TCP (6), length 2948)"
1779589098.015958,,,TCP,2948,"1779589098.015958 IP (tos 0x0, ttl 64, id 54742, offset 0, flags [DF], proto TCP (6), length 2948)"
1779589098.015967,,,TCP,2948,"1779589098.015967 IP (tos 0x0, ttl 64, id 54744, offset 0, flags [DF], proto TCP (6), length 2948)"
1779589098.015976,,,TCP,2948,"1779589098.015976 IP (tos 0x0, ttl 64, id 54746, offset 0, flags [DF], proto TCP (6), length 2948)"
1779589098.015986,,,TCP,2948,"1779589098.015986 IP (tos 0x0, ttl 64, id 54748, offset 0, flags [DF], proto TCP (6), length 2948)"
1779589098.015995,,,TCP,2948,"1779589098.015995 IP (tos 0x0, ttl 64, id 54750, offset 0, flags [DF], proto TCP (6), length 2948)"
1779589098.016004,,,TCP,2948,"1779589098.016004 IP (tos 0x0, ttl 64, id 54752, offset 0, flags [DF], proto TCP (6), length 2948)"
1779589098.016013,,,TCP,2948,"1779589098.016013 IP (tos 0x0, ttl 64, id 54754, offset 0, flags [DF], proto TCP (6), length 2948)"
1779589098.016018,,,TCP,52,"1779589098.016018 IP (tos 0x0, ttl 64, id 51971, offset 0, flags [DF], proto TCP (6), length 52)"
1779589098.016023,,,TCP,2948,"1779589098.016023 IP (tos 0x0, ttl 64, id 54756, offset 0, flags [DF], proto TCP (6), length 2948)"
1779589098.016040,,,TCP,1500,"1779589098.016040 IP (tos 0x0, ttl 64, id 54758, offset 0, flags [DF], proto TCP (6), length 1500)"
1779589098.016109,,,TCP,2948,"1779589098.016109 IP (tos 0x0, ttl 64, id 54759, offset 0, flags [DF], proto TCP (6), length 2948)"
1779589098.016116,,,TCP,2948,"1779589098.016116 IP (tos 0x0, ttl 64, id 54761, offset 0, flags [DF], proto TCP (6), length 2948)"
1779589098.016145,,,TCP,2948,"1779589098.016145 IP (tos 0x0, ttl 64, id 54763, offset 0, flags [DF], proto TCP (6), length 2948)"
1779589098.016148,,,TCP,2948,"1779589098.016148 IP (tos 0x0, ttl 64, id 54765, offset 0, flags [DF], proto TCP (6), length 2948)"
1779589098.016158,,,TCP,2948,"1779589098.016158 IP (tos 0x0, ttl 64, id 54767, offset 0, flags [DF], proto TCP (6), length 2948)"
1779589098.115207,,,TCP,52,"1779589098.115207 IP (tos 0x0, ttl 64, id 51974, offset 0, flags [DF], proto TCP (6), length 52)"
1779589098.115217,,,TCP,52,"1779589098.115217 IP (tos 0x0, ttl 64, id 51975, offset 0, flags [DF], proto TCP (6), length 52)"
1779589098.115219,,,TCP,52,"1779589098.115219 IP (tos 0x0, ttl 64, id 51976, offset 0, flags [DF], proto TCP (6), length 52)"
1779589098.115220,,,TCP,52,"1779589098.115220 IP (tos 0x0, ttl 64, id 51977, offset 0, flags [DF], proto TCP (6), length 52)"
1779589098.115221,,,TCP,52,"1779589098.115221 IP (tos 0x0, ttl 64, id 51978, offset 0, flags [DF], proto TCP (6), length 52)"
1779589098.115223,,,TCP,52,"1779589098.115223 IP (tos 0x0, ttl 64, id 51979, offset 0, flags [DF], proto TCP (6), length 52)"
1779589098.115229,,,TCP,52,"1779589098.115229 IP (tos 0x0, ttl 64, id 51981, offset 0, flags [DF], proto TCP (6), length 52)"
1779589098.115456,,,TCP,2948,"1779589098.115456 IP (tos 0x0, ttl 64, id 54769, offset 0, flags [DF], proto TCP (6), length 2948)"
1779589098.115507,,,TCP,52,"1779589098.115507 IP (tos 0x0, ttl 64, id 51982, offset 0, flags [DF], proto TCP (6), length 52)"
1779589098.115509,,,TCP,52,"1779589098.115509 IP (tos 0x0, ttl 64, id 51983, offset 0, flags [DF], proto TCP (6), length 52)"
1779589098.115509,,,TCP,52,"1779589098.115509 IP (tos 0x0, ttl 64, id 51985, offset 0, flags [DF], proto TCP (6), length 52)"
1779589098.115510,,,TCP,52,"1779589098.115510 IP (tos 0x0, ttl 64, id 51986, offset 0, flags [DF], proto TCP (6), length 52)"
1779589098.115511,,,TCP,52,"1779589098.115511 IP (tos 0x0, ttl 64, id 51987, offset 0, flags [DF], proto TCP (6), length 52)"
1779589098.115512,,,TCP,52,"1779589098.115512 IP (tos 0x0, ttl 64, id 51988, offset 0, flags [DF], proto TCP (6), length 52)"
1779589098.115512,,,TCP,52,"1779589098.115512 IP (tos 0x0, ttl 64, id 51989, offset 0, flags [DF], proto TCP (6), length 52)"
1779589098.115513,,,TCP,52,"1779589098.115513 IP (tos 0x0, ttl 64, id 51990, offset 0, flags [DF], proto TCP (6), length 52)"
1779589098.115514,,,TCP,52,"1779589098.115514 IP (tos 0x0, ttl 64, id 51991, offset 0, flags [DF], proto TCP (6), length 52)"
1779589098.115532,,,TCP,52,"1779589098.115532 IP (tos 0x0, ttl 64, id 51992, offset 0, flags [DF], proto TCP (6), length 52)"
1779589098.115533,,,TCP,52,"1779589098.115533 IP (tos 0x0, ttl 64, id 51993, offset 0, flags [DF], proto TCP (6), length 52)"
1779589098.115535,,,TCP,52,"1779589098.115535 IP (tos 0x0, ttl 64, id 51994, offset 0, flags [DF], proto TCP (6), length 52)"
1779589098.115539,,,TCP,2948,"1779589098.115539 IP (tos 0x0, ttl 64, id 54771, offset 0, flags [DF], proto TCP (6), length 2948)"
1779589098.115550,,,TCP,52,"1779589098.115550 IP (tos 0x0, ttl 64, id 51995, offset 0, flags [DF], proto TCP (6), length 52)"
1779589098.115565,,,TCP,2948,"1779589098.115565 IP (tos 0x0, ttl 64, id 54773, offset 0, flags [DF], proto TCP (6), length 2948)"
1779589098.115584,,,TCP,52,"1779589098.115584 IP (tos 0x0, ttl 64, id 51996, offset 0, flags [DF], proto TCP (6), length 52)"
1779589098.115610,,,TCP,2948,"1779589098.115610 IP (tos 0x0, ttl 64, id 54775, offset 0, flags [DF], proto TCP (6), length 2948)"
1779589098.115623,,,TCP,2948,"1779589098.115623 IP (tos 0x0, ttl 64, id 54777, offset 0, flags [DF], proto TCP (6), length 2948)"
1779589098.115878,,,TCP,2948,"1779589098.115878 IP (tos 0x0, ttl 64, id 54779, offset 0, flags [DF], proto TCP (6), length 2948)"
1779589098.115898,,,TCP,2948,"1779589098.115898 IP (tos 0x0, ttl 64, id 54781, offset 0, flags [DF], proto TCP (6), length 2948)"
1779589098.115929,,,TCP,2948,"1779589098.115929 IP (tos 0x0, ttl 64, id 54783, offset 0, flags [DF], proto TCP (6), length 2948)"
1779589098.115937,,,TCP,2948,"1779589098.115937 IP (tos 0x0, ttl 64, id 54785, offset 0, flags [DF], proto TCP (6), length 2948)"
1779589098.115944,,,TCP,2948,"1779589098.115944 IP (tos 0x0, ttl 64, id 54787, offset 0, flags [DF], proto TCP (6), length 2948)"
1779589098.115951,,,TCP,2948,"1779589098.115951 IP (tos 0x0, ttl 64, id 54789, offset 0, flags [DF], proto TCP (6), length 2948)"
1779589098.115957,,,TCP,2948,"1779589098.115957 IP (tos 0x0, ttl 64, id 54791, offset 0, flags [DF], proto TCP (6), length 2948)"
1779589098.115990,,,TCP,2948,"1779589098.115990 IP (tos 0x0, ttl 64, id 54793, offset 0, flags [DF], proto TCP (6), length 2948)"
1779589098.116001,,,TCP,1500,"1779589098.116001 IP (tos 0x0, ttl 64, id 54795, offset 0, flags [DF], proto TCP (6), length 1500)"
1779589098.116008,,,TCP,2948,"1779589098.116008 IP (tos 0x0, ttl 64, id 54796, offset 0, flags [DF], proto TCP (6), length 2948)"
1779589098.116019,,,TCP,2948,"1779589098.116019 IP (tos 0x0, ttl 64, id 54798, offset 0, flags [DF], proto TCP (6), length 2948)"
1779589098.116026,,,TCP,2948,"1779589098.116026 IP (tos 0x0, ttl 64, id 54800, offset 0, flags [DF], proto TCP (6), length 2948)"
1779589098.116033,,,TCP,2948,"1779589098.116033 IP (tos 0x0, ttl 64, id 54802, offset 0, flags [DF], proto TCP (6), length 2948)"
1779589098.116039,,,TCP,2948,"1779589098.116039 IP (tos 0x0, ttl 64, id 54804, offset 0, flags [DF], proto TCP (6), length 2948)"
1779589098.116045,,,TCP,2948,"1779589098.116045 IP (tos 0x0, ttl 64, id 54806, offset 0, flags [DF], proto TCP (6), length 2948)"
1779589098.116069,,,TCP,2948,"1779589098.116069 IP (tos 0x0, ttl 64, id 54808, offset 0, flags [DF], proto TCP (6), length 2948)"
1779589098.116076,,,TCP,2948,"1779589098.116076 IP (tos 0x0, ttl 64, id 54810, offset 0, flags [DF], proto TCP (6), length 2948)"
1779589098.116085,,,TCP,2948,"1779589098.116085 IP (tos 0x0, ttl 64, id 54812, offset 0, flags [DF], proto TCP (6), length 2948)"
1779589098.116095,,,TCP,2948,"1779589098.116095 IP (tos 0x0, ttl 64, id 54814, offset 0, flags [DF], proto TCP (6), length 2948)"
1779589098.116103,,,TCP,2948,"1779589098.116103 IP (tos 0x0, ttl 64, id 54816, offset 0, flags [DF], proto TCP (6), length 2948)"
1779589098.116116,,,TCP,2948,"1779589098.116116 IP (tos 0x0, ttl 64, id 54818, offset 0, flags [DF], proto TCP (6), length 2948)"
1779589098.116121,,,TCP,52,"1779589098.116121 IP (tos 0x0, ttl 64, id 51997, offset 0, flags [DF], proto TCP (6), length 52)"
1779589098.116137,,,TCP,2948,"1779589098.116137 IP (tos 0x0, ttl 64, id 54820, offset 0, flags [DF], proto TCP (6), length 2948)"
1779589098.116145,,,TCP,2948,"1779589098.116145 IP (tos 0x0, ttl 64, id 54822, offset 0, flags [DF], proto TCP (6), length 2948)"
1779589098.116151,,,TCP,2948,"1779589098.116151 IP (tos 0x0, ttl 64, id 54824, offset 0, flags [DF], proto TCP (6), length 2948)"
1779589098.116160,,,TCP,2948,"1779589098.116160 IP (tos 0x0, ttl 64, id 54826, offset 0, flags [DF], proto TCP (6), length 2948)"
1779589098.116170,,,TCP,1500,"1779589098.116170 IP (tos 0x0, ttl 64, id 54828, offset 0, flags [DF], proto TCP (6), length 1500)"
1779589098.116178,,,TCP,2948,"1779589098.116178 IP (tos 0x0, ttl 64, id 54829, offset 0, flags [DF], proto TCP (6), length 2948)"
1779589098.116183,,,TCP,2948,"1779589098.116183 IP (tos 0x0, ttl 64, id 54831, offset 0, flags [DF], proto TCP (6), length 2948)"
1779589098.116190,,,TCP,2948,"1779589098.116190 IP (tos 0x0, ttl 64, id 54833, offset 0, flags [DF], proto TCP (6), length 2948)"
1779589098.116196,,,TCP,2948,"1779589098.116196 IP (tos 0x0, ttl 64, id 54835, offset 0, flags [DF], proto TCP (6), length 2948)"
1779589098.116206,,,TCP,2948,"1779589098.116206 IP (tos 0x0, ttl 64, id 54837, offset 0, flags [DF], proto TCP (6), length 2948)"
1779589098.116221,,,TCP,2948,"1779589098.116221 IP (tos 0x0, ttl 64, id 54839, offset 0, flags [DF], proto TCP (6), length 2948)"
1779589098.116228,,,TCP,2948,"1779589098.116228 IP (tos 0x0, ttl 64, id 54841, offset 0, flags [DF], proto TCP (6), length 2948)"
1779589098.116234,,,TCP,2948,"1779589098.116234 IP (tos 0x0, ttl 64, id 54843, offset 0, flags [DF], proto TCP (6), length 2948)"
1779589098.116243,,,TCP,2948,"1779589098.116243 IP (tos 0x0, ttl 64, id 54845, offset 0, flags [DF], proto TCP (6), length 2948)"
1779589098.116254,,,TCP,2948,"1779589098.116254 IP (tos 0x0, ttl 64, id 54847, offset 0, flags [DF], proto TCP (6), length 2948)"
1779589098.116261,,,TCP,2948,"1779589098.116261 IP (tos 0x0, ttl 64, id 54849, offset 0, flags [DF], proto TCP (6), length 2948)"
1779589098.116301,,,TCP,2948,"1779589098.116301 IP (tos 0x0, ttl 64, id 54851, offset 0, flags [DF], proto TCP (6), length 2948)"
1779589098.116314,,,TCP,2948,"1779589098.116314 IP (tos 0x0, ttl 64, id 54853, offset 0, flags [DF], proto TCP (6), length 2948)"
1779589098.116324,,,TCP,2948,"1779589098.116324 IP (tos 0x0, ttl 64, id 54855, offset 0, flags [DF], proto TCP (6), length 2948)"
1779589098.116332,,,TCP,2948,"1779589098.116332 IP (tos 0x0, ttl 64, id 54857, offset 0, flags [DF], proto TCP (6), length 2948)"
1779589098.116338,,,TCP,2948,"1779589098.116338 IP (tos 0x0, ttl 64, id 54859, offset 0, flags [DF], proto TCP (6), length 2948)"
1779589098.116344,,,TCP,1500,"1779589098.116344 IP (tos 0x0, ttl 64, id 54861, offset 0, flags [DF], proto TCP (6), length 1500)"
1779589098.116350,,,TCP,2948,"1779589098.116350 IP (tos 0x0, ttl 64, id 54862, offset 0, flags [DF], proto TCP (6), length 2948)"
1779589098.116357,,,TCP,2948,"1779589098.116357 IP (tos 0x0, ttl 64, id 54864, offset 0, flags [DF], proto TCP (6), length 2948)"
1779589098.116363,,,TCP,2948,"1779589098.116363 IP (tos 0x0, ttl 64, id 54866, offset 0, flags [DF], proto TCP (6), length 2948)"
1779589098.116387,,,TCP,4396,"1779589098.116387 IP (tos 0x0, ttl 64, id 54868, offset 0, flags [DF], proto TCP (6), length 4396)"
1779589098.116395,,,TCP,4396,"1779589098.116395 IP (tos 0x0, ttl 64, id 54871, offset 0, flags [DF], proto TCP (6), length 4396)"
1779589098.116402,,,TCP,4396,"1779589098.116402 IP (tos 0x0, ttl 64, id 54874, offset 0, flags [DF], proto TCP (6), length 4396)"
1779589098.116408,,,TCP,4396,"1779589098.116408 IP (tos 0x0, ttl 64, id 54877, offset 0, flags [DF], proto TCP (6), length 4396)"
1779589098.116415,,,TCP,4396,"1779589098.116415 IP (tos 0x0, ttl 64, id 54880, offset 0, flags [DF], proto TCP (6), length 4396)"
1779589098.116421,,,TCP,4396,"1779589098.116421 IP (tos 0x0, ttl 64, id 54883, offset 0, flags [DF], proto TCP (6), length 4396)"
1779589098.116427,,,TCP,4396,"1779589098.116427 IP (tos 0x0, ttl 64, id 54886, offset 0, flags [DF], proto TCP (6), length 4396)"
1779589098.116434,,,TCP,4396,"1779589098.116434 IP (tos 0x0, ttl 64, id 54889, offset 0, flags [DF], proto TCP (6), length 4396)"
1779589098.116441,,,TCP,4396,"1779589098.116441 IP (tos 0x0, ttl 64, id 54892, offset 0, flags [DF], proto TCP (6), length 4396)"
1779589098.116448,,,TCP,4396,"1779589098.116448 IP (tos 0x0, ttl 64, id 54895, offset 0, flags [DF], proto TCP (6), length 4396)"
1779589098.116456,,,TCP,4396,"1779589098.116456 IP (tos 0x0, ttl 64, id 54898, offset 0, flags [DF], proto TCP (6), length 4396)"
1779589098.116467,,,TCP,4396,"1779589098.116467 IP (tos 0x0, ttl 64, id 54901, offset 0, flags [DF], proto TCP (6), length 4396)"
1779589098.116474,,,TCP,4396,"1779589098.116474 IP (tos 0x0, ttl 64, id 54904, offset 0, flags [DF], proto TCP (6), length 4396)"
1779589098.116481,,,TCP,4396,"1779589098.116481 IP (tos 0x0, ttl 64, id 54907, offset 0, flags [DF], proto TCP (6), length 4396)"
1779589098.116488,,,TCP,4396,"1779589098.116488 IP (tos 0x0, ttl 64, id 54910, offset 0, flags [DF], proto TCP (6), length 4396)"
1779589098.116499,,,TCP,4396,"1779589098.116499 IP (tos 0x0, ttl 64, id 54913, offset 0, flags [DF], proto TCP (6), length 4396)"
1779589098.116508,,,TCP,4396,"1779589098.116508 IP (tos 0x0, ttl 64, id 54916, offset 0, flags [DF], proto TCP (6), length 4396)"
1779589098.116516,,,TCP,4396,"1779589098.116516 IP (tos 0x0, ttl 64, id 54919, offset 0, flags [DF], proto TCP (6), length 4396)"
1779589098.116528,,,TCP,4396,"1779589098.116528 IP (tos 0x0, ttl 64, id 54922, offset 0, flags [DF], proto TCP (6), length 4396)"
1779589098.117072,,,TCP,52,"1779589098.117072 IP (tos 0x0, ttl 64, id 51998, offset 0, flags [DF], proto TCP (6), length 52)"
1779589098.117276,,,TCP,4396,"1779589098.117276 IP (tos 0x0, ttl 64, id 54925, offset 0, flags [DF], proto TCP (6), length 4396)"
1779589098.117353,,,TCP,2780,"1779589098.117353 IP (tos 0x0, ttl 64, id 54928, offset 0, flags [DF], proto TCP (6), length 2780)"
1779589098.215816,,,TCP,52,"1779589098.215816 IP (tos 0x0, ttl 64, id 52000, offset 0, flags [DF], proto TCP (6), length 52)"
1779589098.215824,,,TCP,52,"1779589098.215824 IP (tos 0x0, ttl 64, id 52002, offset 0, flags [DF], proto TCP (6), length 52)"
1779589098.215825,,,TCP,52,"1779589098.215825 IP (tos 0x0, ttl 64, id 52003, offset 0, flags [DF], proto TCP (6), length 52)"
1779589098.215991,,,TCP,4396,"1779589098.215991 IP (tos 0x0, ttl 64, id 54930, offset 0, flags [DF], proto TCP (6), length 4396)"
1779589098.216095,,,TCP,52,"1779589098.216095 IP (tos 0x0, ttl 64, id 52004, offset 0, flags [DF], proto TCP (6), length 52)"
1779589098.216098,,,TCP,52,"1779589098.216098 IP (tos 0x0, ttl 64, id 52005, offset 0, flags [DF], proto TCP (6), length 52)"
1779589098.216099,,,TCP,52,"1779589098.216099 IP (tos 0x0, ttl 64, id 52006, offset 0, flags [DF], proto TCP (6), length 52)"
1779589098.216102,,,TCP,4396,"1779589098.216102 IP (tos 0x0, ttl 64, id 54933, offset 0, flags [DF], proto TCP (6), length 4396)"
1779589098.216248,,,TCP,4396,"1779589098.216248 IP (tos 0x0, ttl 64, id 54936, offset 0, flags [DF], proto TCP (6), length 4396)"
1779589098.216266,,,TCP,52,"1779589098.216266 IP (tos 0x0, ttl 64, id 52007, offset 0, flags [DF], proto TCP (6), length 52)"
1779589098.216272,,,TCP,5844,"1779589098.216272 IP (tos 0x0, ttl 64, id 54939, offset 0, flags [DF], proto TCP (6), length 5844)"
1779589098.216305,,,TCP,5844,"1779589098.216305 IP (tos 0x0, ttl 64, id 54943, offset 0, flags [DF], proto TCP (6), length 5844)"
1779589098.216390,,,TCP,5844,"1779589098.216390 IP (tos 0x0, ttl 64, id 54947, offset 0, flags [DF], proto TCP (6), length 5844)"
1779589098.216503,,,TCP,1668,"1779589098.216503 IP (tos 0x0, ttl 64, id 54951, offset 0, flags [DF], proto TCP (6), length 1668)"
1779589098.216511,,,TCP,7292,"1779589098.216511 IP (tos 0x0, ttl 64, id 54953, offset 0, flags [DF], proto TCP (6), length 7292)"
1779589098.216527,,,TCP,7292,"1779589098.216527 IP (tos 0x0, ttl 64, id 54958, offset 0, flags [DF], proto TCP (6), length 7292)"
1779589098.216536,,,TCP,7292,"1779589098.216536 IP (tos 0x0, ttl 64, id 54963, offset 0, flags [DF], proto TCP (6), length 7292)"
1779589098.216545,,,TCP,7292,"1779589098.216545 IP (tos 0x0, ttl 64, id 54968, offset 0, flags [DF], proto TCP (6), length 7292)"
1779589098.216548,,,TCP,7292,"1779589098.216548 IP (tos 0x0, ttl 64, id 54973, offset 0, flags [DF], proto TCP (6), length 7292)"
1779589098.216557,,,TCP,7292,"1779589098.216557 IP (tos 0x0, ttl 64, id 54978, offset 0, flags [DF], proto TCP (6), length 7292)"
1779589098.216560,,,TCP,7292,"1779589098.216560 IP (tos 0x0, ttl 64, id 54983, offset 0, flags [DF], proto TCP (6), length 7292)"
1779589098.216568,,,TCP,7292,"1779589098.216568 IP (tos 0x0, ttl 64, id 54988, offset 0, flags [DF], proto TCP (6), length 7292)"
1779589098.216571,,,TCP,7292,"1779589098.216571 IP (tos 0x0, ttl 64, id 54993, offset 0, flags [DF], proto TCP (6), length 7292)"
1779589098.216587,,,TCP,52,"1779589098.216587 IP (tos 0x0, ttl 64, id 52008, offset 0, flags [DF], proto TCP (6), length 52)"
1779589098.216637,,,TCP,7292,"1779589098.216637 IP (tos 0x0, ttl 64, id 54998, offset 0, flags [DF], proto TCP (6), length 7292)"
1779589098.216642,,,TCP,7292,"1779589098.216642 IP (tos 0x0, ttl 64, id 55003, offset 0, flags [DF], proto TCP (6), length 7292)"
1779589098.216649,,,TCP,7292,"1779589098.216649 IP (tos 0x0, ttl 64, id 55008, offset 0, flags [DF], proto TCP (6), length 7292)"
1779589098.216652,,,TCP,8740,"1779589098.216652 IP (tos 0x0, ttl 64, id 55013, offset 0, flags [DF], proto TCP (6), length 8740)"
1779589098.216661,,,TCP,8740,"1779589098.216661 IP (tos 0x0, ttl 64, id 55019, offset 0, flags [DF], proto TCP (6), length 8740)"
1779589098.216667,,,TCP,8740,"1779589098.216667 IP (tos 0x0, ttl 64, id 55025, offset 0, flags [DF], proto TCP (6), length 8740)"
1779589098.217472,,,TCP,52,"1779589098.217472 IP (tos 0x0, ttl 64, id 52009, offset 0, flags [DF], proto TCP (6), length 52)"
1779589098.217623,,,TCP,8740,"1779589098.217623 IP (tos 0x0, ttl 64, id 55031, offset 0, flags [DF], proto TCP (6), length 8740)"
1779589098.217644,,,TCP,52,"1779589098.217644 IP (tos 0x0, ttl 64, id 52010, offset 0, flags [DF], proto TCP (6), length 52)"
1779589098.217676,,,TCP,8740,"1779589098.217676 IP (tos 0x0, ttl 64, id 55037, offset 0, flags [DF], proto TCP (6), length 8740)"
1779589098.217745,,,TCP,8740,"1779589098.217745 IP (tos 0x0, ttl 64, id 55043, offset 0, flags [DF], proto TCP (6), length 8740)"
1779589098.217786,,,TCP,8740,"1779589098.217786 IP (tos 0x0, ttl 64, id 55049, offset 0, flags [DF], proto TCP (6), length 8740)"
1779589098.217793,,,TCP,8740,"1779589098.217793 IP (tos 0x0, ttl 64, id 55055, offset 0, flags [DF], proto TCP (6), length 8740)"
1779589098.217921,,,TCP,8740,"1779589098.217921 IP (tos 0x0, ttl 64, id 55061, offset 0, flags [DF], proto TCP (6), length 8740)"
1779589098.217964,,,TCP,8740,"1779589098.217964 IP (tos 0x0, ttl 64, id 55067, offset 0, flags [DF], proto TCP (6), length 8740)"
1779589098.218029,,,TCP,8740,"1779589098.218029 IP (tos 0x0, ttl 64, id 55073, offset 0, flags [DF], proto TCP (6), length 8740)"
1779589098.218040,,,TCP,8740,"1779589098.218040 IP (tos 0x0, ttl 64, id 55079, offset 0, flags [DF], proto TCP (6), length 8740)"
1779589098.218793,,,TCP,4396,"1779589098.218793 IP (tos 0x0, ttl 64, id 55085, offset 0, flags [DF], proto TCP (6), length 4396)"
1779589098.219057,,,TCP,8740,"1779589098.219057 IP (tos 0x0, ttl 64, id 55088, offset 0, flags [DF], proto TCP (6), length 8740)"
1779589098.219074,,,TCP,8740,"1779589098.219074 IP (tos 0x0, ttl 64, id 55094, offset 0, flags [DF], proto TCP (6), length 8740)"
1779589098.219220,,,TCP,8740,"1779589098.219220 IP (tos 0x0, ttl 64, id 55100, offset 0, flags [DF], proto TCP (6), length 8740)"
1779589098.219234,,,TCP,8740,"1779589098.219234 IP (tos 0x0, ttl 64, id 55106, offset 0, flags [DF], proto TCP (6), length 8740)"
1779589098.219257,,,TCP,8740,"1779589098.219257 IP (tos 0x0, ttl 64, id 55112, offset 0, flags [DF], proto TCP (6), length 8740)"
1779589098.219263,,,TCP,8740,"1779589098.219263 IP (tos 0x0, ttl 64, id 55118, offset 0, flags [DF], proto TCP (6), length 8740)"
1779589098.219292,,,TCP,8740,"1779589098.219292 IP (tos 0x0, ttl 64, id 55124, offset 0, flags [DF], proto TCP (6), length 8740)"
1779589098.219299,,,TCP,4396,"1779589098.219299 IP (tos 0x0, ttl 64, id 55130, offset 0, flags [DF], proto TCP (6), length 4396)"
1779589098.219305,,,TCP,8740,"1779589098.219305 IP (tos 0x0, ttl 64, id 55133, offset 0, flags [DF], proto TCP (6), length 8740)"
1779589098.219355,,,TCP,8740,"1779589098.219355 IP (tos 0x0, ttl 64, id 55139, offset 0, flags [DF], proto TCP (6), length 8740)"
1779589098.219365,,,TCP,8740,"1779589098.219365 IP (tos 0x0, ttl 64, id 55145, offset 0, flags [DF], proto TCP (6), length 8740)"
1779589098.219398,,,TCP,8740,"1779589098.219398 IP (tos 0x0, ttl 64, id 55151, offset 0, flags [DF], proto TCP (6), length 8740)"
1779589098.219410,,,TCP,8740,"1779589098.219410 IP (tos 0x0, ttl 64, id 55157, offset 0, flags [DF], proto TCP (6), length 8740)"
1779589098.219436,,,TCP,7292,"1779589098.219436 IP (tos 0x0, ttl 64, id 55163, offset 0, flags [DF], proto TCP (6), length 7292)"
1779589098.316248,,,TCP,52,"1779589098.316248 IP (tos 0x0, ttl 64, id 52011, offset 0, flags [DF], proto TCP (6), length 52)"
1779589098.316255,,,TCP,52,"1779589098.316255 IP (tos 0x0, ttl 64, id 52012, offset 0, flags [DF], proto TCP (6), length 52)"
1779589098.316384,,,TCP,8740,"1779589098.316384 IP (tos 0x0, ttl 64, id 55168, offset 0, flags [DF], proto TCP (6), length 8740)"
1779589098.316478,,,TCP,52,"1779589098.316478 IP (tos 0x0, ttl 64, id 52013, offset 0, flags [DF], proto TCP (6), length 52)"
1779589098.316480,,,TCP,52,"1779589098.316480 IP (tos 0x0, ttl 64, id 52014, offset 0, flags [DF], proto TCP (6), length 52)"
1779589098.316481,,,TCP,52,"1779589098.316481 IP (tos 0x0, ttl 64, id 52015, offset 0, flags [DF], proto TCP (6), length 52)"
1779589098.316485,,,TCP,5844,"1779589098.316485 IP (tos 0x0, ttl 64, id 55174, offset 0, flags [DF], proto TCP (6), length 5844)"
1779589098.316542,,,TCP,52,"1779589098.316542 IP (tos 0x0, ttl 64, id 52017, offset 0, flags [DF], proto TCP (6), length 52)"
1779589098.316544,,,TCP,52,"1779589098.316544 IP (tos 0x0, ttl 64, id 52018, offset 0, flags [DF], proto TCP (6), length 52)"
1779589098.316575,,,TCP,52,"1779589098.316575 IP (tos 0x0, ttl 64, id 52019, offset 0, flags [DF], proto TCP (6), length 52)"
1779589098.316575,,,TCP,52,"1779589098.316575 IP (tos 0x0, ttl 64, id 52020, offset 0, flags [DF], proto TCP (6), length 52)"
1779589098.316580,,,TCP,52,"1779589098.316580 IP (tos 0x0, ttl 64, id 52021, offset 0, flags [DF], proto TCP (6), length 52)"
1779589098.316581,,,TCP,52,"1779589098.316581 IP (tos 0x0, ttl 64, id 52022, offset 0, flags [DF], proto TCP (6), length 52)"
1779589098.316582,,,TCP,52,"1779589098.316582 IP (tos 0x0, ttl 64, id 52023, offset 0, flags [DF], proto TCP (6), length 52)"
1779589098.316583,,,TCP,52,"1779589098.316583 IP (tos 0x0, ttl 64, id 52024, offset 0, flags [DF], proto TCP (6), length 52)"
1779589098.316584,,,TCP,52,"1779589098.316584 IP (tos 0x0, ttl 64, id 52026, offset 0, flags [DF], proto TCP (6), length 52)"
1779589098.316587,,,TCP,10188,"1779589098.316587 IP (tos 0x0, ttl 64, id 55178, offset 0, flags [DF], proto TCP (6), length 10188)"
1779589098.316710,,,TCP,10188,"1779589098.316710 IP (tos 0x0, ttl 64, id 55185, offset 0, flags [DF], proto TCP (6), length 10188)"
1779589098.316721,,,TCP,52,"1779589098.316721 IP (tos 0x0, ttl 64, id 52027, offset 0, flags [DF], proto TCP (6), length 52)"
1779589098.316722,,,TCP,52,"1779589098.316722 IP (tos 0x0, ttl 64, id 52028, offset 0, flags [DF], proto TCP (6), length 52)"
1779589098.316723,,,TCP,52,"1779589098.316723 IP (tos 0x0, ttl 64, id 52029, offset 0, flags [DF], proto TCP (6), length 52)"
1779589098.316724,,,TCP,52,"1779589098.316724 IP (tos 0x0, ttl 64, id 52030, offset 0, flags [DF], proto TCP (6), length 52)"
1779589098.316725,,,TCP,52,"1779589098.316725 IP (tos 0x0, ttl 64, id 52031, offset 0, flags [DF], proto TCP (6), length 52)"
1779589098.316728,,,TCP,10188,"1779589098.316728 IP (tos 0x0, ttl 64, id 55192, offset 0, flags [DF], proto TCP (6), length 10188)"
1779589098.316883,,,TCP,10188,"1779589098.316883 IP (tos 0x0, ttl 64, id 55199, offset 0, flags [DF], proto TCP (6), length 10188)"
1779589098.316895,,,TCP,11636,"1779589098.316895 IP (tos 0x0, ttl 64, id 55206, offset 0, flags [DF], proto TCP (6), length 11636)"
1779589098.316919,,,TCP,11636,"1779589098.316919 IP (tos 0x0, ttl 64, id 55214, offset 0, flags [DF], proto TCP (6), length 11636)"
1779589098.316950,,,TCP,1500,"1779589098.316950 IP (tos 0x0, ttl 64, id 55222, offset 0, flags [DF], proto TCP (6), length 1500)"
1779589098.316958,,,TCP,11636,"1779589098.316958 IP (tos 0x0, ttl 64, id 55223, offset 0, flags [DF], proto TCP (6), length 11636)"
1779589098.316965,,,TCP,11636,"1779589098.316965 IP (tos 0x0, ttl 64, id 55231, offset 0, flags [DF], proto TCP (6), length 11636)"
1779589098.316994,,,TCP,11636,"1779589098.316994 IP (tos 0x0, ttl 64, id 55239, offset 0, flags [DF], proto TCP (6), length 11636)"
1779589098.317002,,,TCP,11636,"1779589098.317002 IP (tos 0x0, ttl 64, id 55247, offset 0, flags [DF], proto TCP (6), length 11636)"
1779589098.317027,,,TCP,11636,"1779589098.317027 IP (tos 0x0, ttl 64, id 55255, offset 0, flags [DF], proto TCP (6), length 11636)"
1779589098.317032,,,TCP,7292,"1779589098.317032 IP (tos 0x0, ttl 64, id 55263, offset 0, flags [DF], proto TCP (6), length 7292)"
1779589098.317038,,,TCP,11636,"1779589098.317038 IP (tos 0x0, ttl 64, id 55268, offset 0, flags [DF], proto TCP (6), length 11636)"
1779589098.317058,,,TCP,11636,"1779589098.317058 IP (tos 0x0, ttl 64, id 55276, offset 0, flags [DF], proto TCP (6), length 11636)"
1779589098.317065,,,TCP,11636,"1779589098.317065 IP (tos 0x0, ttl 64, id 55284, offset 0, flags [DF], proto TCP (6), length 11636)"
1779589098.317106,,,TCP,11636,"1779589098.317106 IP (tos 0x0, ttl 64, id 55292, offset 0, flags [DF], proto TCP (6), length 11636)"
1779589098.317177,,,TCP,7516,"1779589098.317177 IP (tos 0x0, ttl 64, id 55300, offset 0, flags [DF], proto TCP (6), length 7516)"
1779589098.317675,,,TCP,52,"1779589098.317675 IP (tos 0x0, ttl 64, id 52033, offset 0, flags [DF], proto TCP (6), length 52)"
1779589098.317765,,,TCP,52,"1779589098.317765 IP (tos 0x0, ttl 64, id 52034, offset 0, flags [DF], proto TCP (6), length 52)"
1779589098.317766,,,TCP,52,"1779589098.317766 IP (tos 0x0, ttl 64, id 52035, offset 0, flags [DF], proto TCP (6), length 52)"
1779589098.317833,,,TCP,52,"1779589098.317833 IP (tos 0x0, ttl 64, id 52036, offset 0, flags [DF], proto TCP (6), length 52)"
1779589098.317836,,,TCP,52,"1779589098.317836 IP (tos 0x0, ttl 64, id 52037, offset 0, flags [DF], proto TCP (6), length 52)"
1779589098.317990,,,TCP,52,"1779589098.317990 IP (tos 0x0, ttl 64, id 52038, offset 0, flags [DF], proto TCP (6), length 52)"
1779589098.317992,,,TCP,52,"1779589098.317992 IP (tos 0x0, ttl 64, id 52039, offset 0, flags [DF], proto TCP (6), length 52)"
1779589098.318072,,,TCP,52,"1779589098.318072 IP (tos 0x0, ttl 64, id 52040, offset 0, flags [DF], proto TCP (6), length 52)"
1779589098.318077,,,TCP,52,"1779589098.318077 IP (tos 0x0, ttl 64, id 52041, offset 0, flags [DF], proto TCP (6), length 52)"
1779589098.319105,,,TCP,52,"1779589098.319105 IP (tos 0x0, ttl 64, id 52043, offset 0, flags [DF], proto TCP (6), length 52)"
1779589098.319108,,,TCP,52,"1779589098.319108 IP (tos 0x0, ttl 64, id 52044, offset 0, flags [DF], proto TCP (6), length 52)"
1779589098.319296,,,TCP,52,"1779589098.319296 IP (tos 0x0, ttl 64, id 52045, offset 0, flags [DF], proto TCP (6), length 52)"
1779589098.319305,,,TCP,52,"1779589098.319305 IP (tos 0x0, ttl 64, id 52046, offset 0, flags [DF], proto TCP (6), length 52)"
1779589098.319305,,,TCP,52,"1779589098.319305 IP (tos 0x0, ttl 64, id 52047, offset 0, flags [DF], proto TCP (6), length 52)"
1779589098.319306,,,TCP,52,"1779589098.319306 IP (tos 0x0, ttl 64, id 52048, offset 0, flags [DF], proto TCP (6), length 52)"
1779589098.319308,,,TCP,52,"1779589098.319308 IP (tos 0x0, ttl 64, id 52049, offset 0, flags [DF], proto TCP (6), length 52)"
1779589098.319312,,,TCP,52,"1779589098.319312 IP (tos 0x0, ttl 64, id 52050, offset 0, flags [DF], proto TCP (6), length 52)"
1779589098.319315,,,TCP,52,"1779589098.319315 IP (tos 0x0, ttl 64, id 52051, offset 0, flags [DF], proto TCP (6), length 52)"
1779589098.319370,,,TCP,52,"1779589098.319370 IP (tos 0x0, ttl 64, id 52052, offset 0, flags [DF], proto TCP (6), length 52)"
1779589098.319381,,,TCP,52,"1779589098.319381 IP (tos 0x0, ttl 64, id 52053, offset 0, flags [DF], proto TCP (6), length 52)"
1779589098.319462,,,TCP,52,"1779589098.319462 IP (tos 0x0, ttl 64, id 52054, offset 0, flags [DF], proto TCP (6), length 52)"
1779589098.319465,,,TCP,52,"1779589098.319465 IP (tos 0x0, ttl 64, id 52055, offset 0, flags [DF], proto TCP (6), length 52)"
1779589098.319465,,,TCP,52,"1779589098.319465 IP (tos 0x0, ttl 64, id 52056, offset 0, flags [DF], proto TCP (6), length 52)"
1779589098.416712,,,TCP,52,"1779589098.416712 IP (tos 0x0, ttl 64, id 52057, offset 0, flags [DF], proto TCP (6), length 52)"
1779589098.416729,,,TCP,52,"1779589098.416729 IP (tos 0x0, ttl 64, id 52058, offset 0, flags [DF], proto TCP (6), length 52)"
1779589098.416734,,,TCP,52,"1779589098.416734 IP (tos 0x0, ttl 64, id 52060, offset 0, flags [DF], proto TCP (6), length 52)"
1779589098.416985,,,TCP,52,"1779589098.416985 IP (tos 0x0, ttl 64, id 52062, offset 0, flags [DF], proto TCP (6), length 52)"
1779589098.416986,,,TCP,52,"1779589098.416986 IP (tos 0x0, ttl 64, id 52063, offset 0, flags [DF], proto TCP (6), length 52)"
1779589098.416987,,,TCP,52,"1779589098.416987 IP (tos 0x0, ttl 64, id 52064, offset 0, flags [DF], proto TCP (6), length 52)"
1779589098.417009,,,TCP,52,"1779589098.417009 IP (tos 0x0, ttl 64, id 52068, offset 0, flags [DF], proto TCP (6), length 52)"
1779589098.417010,,,TCP,52,"1779589098.417010 IP (tos 0x0, ttl 64, id 52069, offset 0, flags [DF], proto TCP (6), length 52)"
1779589098.417193,,,TCP,52,"1779589098.417193 IP (tos 0x0, ttl 64, id 52071, offset 0, flags [DF], proto TCP (6), length 52)"
1779589098.417195,,,TCP,52,"1779589098.417195 IP (tos 0x0, ttl 64, id 52072, offset 0, flags [DF], proto TCP (6), length 52)"
1779589098.417196,,,TCP,52,"1779589098.417196 IP (tos 0x0, ttl 64, id 52073, offset 0, flags [DF], proto TCP (6), length 52)"
1779589098.417655,,,TCP,52,"1779589098.417655 IP (tos 0x0, ttl 64, id 52075, offset 0, flags [DF], proto TCP (6), length 52)"
1779589098.436808,,,TCP,52,"1779589098.436808 IP (tos 0x0, ttl 64, id 52076, offset 0, flags [DF], proto TCP (6), length 52)"
1779589098.436857,,,TCP,52,"1779589098.436857 IP (tos 0x0, ttl 64, id 0, offset 0, flags [DF], proto TCP (6), length 52)"
