timestamp_s,src,dst,protocolo,ip_len,info
1779587522.636104,,,TCP,60,"1779587522.636104 IP (tos 0x0, ttl 64, id 8397, offset 0, flags [DF], proto TCP (6), length 60)"
1779587522.646466,,,TCP,60,"1779587522.646466 IP (tos 0x0, ttl 64, id 0, offset 0, flags [DF], proto TCP (6), length 60)"
1779587522.646585,,,TCP,52,"1779587522.646585 IP (tos 0x0, ttl 64, id 8398, offset 0, flags [DF], proto TCP (6), length 52)"
1779587522.647296,,,TCP,88,"1779587522.647296 IP (tos 0x0, ttl 64, id 8399, offset 0, flags [DF], proto TCP (6), length 88)"
1779587522.657471,,,TCP,52,"1779587522.657471 IP (tos 0x0, ttl 64, id 15596, offset 0, flags [DF], proto TCP (6), length 52)"
1779587522.714709,,,TCP,2948,"1779587522.714709 IP (tos 0x0, ttl 64, id 8400, offset 0, flags [DF], proto TCP (6), length 2948)"
1779587522.714768,,,TCP,1252,"1779587522.714768 IP (tos 0x0, ttl 64, id 8402, offset 0, flags [DF], proto TCP (6), length 1252)"
1779587522.715225,,,TCP,2948,"1779587522.715225 IP (tos 0x0, ttl 64, id 8403, offset 0, flags [DF], proto TCP (6), length 2948)"
1779587522.715885,,,TCP,2948,"1779587522.715885 IP (tos 0x0, ttl 64, id 8405, offset 0, flags [DF], proto TCP (6), length 2948)"
1779587522.715939,,,TCP,1500,"1779587522.715939 IP (tos 0x0, ttl 64, id 8407, offset 0, flags [DF], proto TCP (6), length 1500)"
1779587522.716480,,,TCP,2948,"1779587522.716480 IP (tos 0x0, ttl 64, id 8408, offset 0, flags [DF], proto TCP (6), length 2948)"
1779587522.724827,,,TCP,52,"1779587522.724827 IP (tos 0x0, ttl 64, id 15597, offset 0, flags [DF], proto TCP (6), length 52)"
1779587522.724833,,,TCP,52,"1779587522.724833 IP (tos 0x0, ttl 64, id 15598, offset 0, flags [DF], proto TCP (6), length 52)"
1779587522.724979,,,TCP,2948,"1779587522.724979 IP (tos 0x0, ttl 64, id 8410, offset 0, flags [DF], proto TCP (6), length 2948)"
1779587522.725110,,,TCP,2948,"1779587522.725110 IP (tos 0x0, ttl 64, id 8412, offset 0, flags [DF], proto TCP (6), length 2948)"
1779587522.725146,,,TCP,2948,"1779587522.725146 IP (tos 0x0, ttl 64, id 8414, offset 0, flags [DF], proto TCP (6), length 2948)"
1779587522.725280,,,TCP,52,"1779587522.725280 IP (tos 0x0, ttl 64, id 15599, offset 0, flags [DF], proto TCP (6), length 52)"
1779587522.725305,,,TCP,2948,"1779587522.725305 IP (tos 0x0, ttl 64, id 8416, offset 0, flags [DF], proto TCP (6), length 2948)"
1779587522.725311,,,TCP,2948,"1779587522.725311 IP (tos 0x0, ttl 64, id 8418, offset 0, flags [DF], proto TCP (6), length 2948)"
1779587522.725974,,,TCP,52,"1779587522.725974 IP (tos 0x0, ttl 64, id 15600, offset 0, flags [DF], proto TCP (6), length 52)"
1779587522.725977,,,TCP,52,"1779587522.725977 IP (tos 0x0, ttl 64, id 15601, offset 0, flags [DF], proto TCP (6), length 52)"
1779587522.726022,,,TCP,2948,"1779587522.726022 IP (tos 0x0, ttl 64, id 8420, offset 0, flags [DF], proto TCP (6), length 2948)"
1779587522.726030,,,TCP,2948,"1779587522.726030 IP (tos 0x0, ttl 64, id 8422, offset 0, flags [DF], proto TCP (6), length 2948)"
1779587522.726041,,,TCP,2948,"1779587522.726041 IP (tos 0x0, ttl 64, id 8424, offset 0, flags [DF], proto TCP (6), length 2948)"
1779587522.726518,,,TCP,52,"1779587522.726518 IP (tos 0x0, ttl 64, id 15602, offset 0, flags [DF], proto TCP (6), length 52)"
1779587522.726584,,,TCP,2948,"1779587522.726584 IP (tos 0x0, ttl 64, id 8426, offset 0, flags [DF], proto TCP (6), length 2948)"
1779587522.726595,,,TCP,2948,"1779587522.726595 IP (tos 0x0, ttl 64, id 8428, offset 0, flags [DF], proto TCP (6), length 2948)"
1779587522.735160,,,TCP,52,"1779587522.735160 IP (tos 0x0, ttl 64, id 15603, offset 0, flags [DF], proto TCP (6), length 52)"
1779587522.735165,,,TCP,52,"1779587522.735165 IP (tos 0x0, ttl 64, id 15604, offset 0, flags [DF], proto TCP (6), length 52)"
1779587522.735167,,,TCP,52,"1779587522.735167 IP (tos 0x0, ttl 64, id 15605, offset 0, flags [DF], proto TCP (6), length 52)"
1779587522.735246,,,TCP,2948,"1779587522.735246 IP (tos 0x0, ttl 64, id 8430, offset 0, flags [DF], proto TCP (6), length 2948)"
1779587522.735295,,,TCP,4396,"1779587522.735295 IP (tos 0x0, ttl 64, id 8432, offset 0, flags [DF], proto TCP (6), length 4396)"
1779587522.735298,,,TCP,4396,"1779587522.735298 IP (tos 0x0, ttl 64, id 8435, offset 0, flags [DF], proto TCP (6), length 4396)"
1779587522.735318,,,TCP,52,"1779587522.735318 IP (tos 0x0, ttl 64, id 15606, offset 0, flags [DF], proto TCP (6), length 52)"
1779587522.735319,,,TCP,52,"1779587522.735319 IP (tos 0x0, ttl 64, id 15607, offset 0, flags [DF], proto TCP (6), length 52)"
1779587522.735346,,,TCP,4396,"1779587522.735346 IP (tos 0x0, ttl 64, id 8438, offset 0, flags [DF], proto TCP (6), length 4396)"
1779587522.735357,,,TCP,5844,"1779587522.735357 IP (tos 0x0, ttl 64, id 8441, offset 0, flags [DF], proto TCP (6), length 5844)"
1779587522.735361,,,TCP,5844,"1779587522.735361 IP (tos 0x0, ttl 64, id 8445, offset 0, flags [DF], proto TCP (6), length 5844)"
1779587522.736075,,,TCP,52,"1779587522.736075 IP (tos 0x0, ttl 64, id 15608, offset 0, flags [DF], proto TCP (6), length 52)"
1779587522.736077,,,TCP,52,"1779587522.736077 IP (tos 0x0, ttl 64, id 15609, offset 0, flags [DF], proto TCP (6), length 52)"
1779587522.736077,,,TCP,52,"1779587522.736077 IP (tos 0x0, ttl 64, id 15610, offset 0, flags [DF], proto TCP (6), length 52)"
1779587522.736129,,,TCP,7292,"1779587522.736129 IP (tos 0x0, ttl 64, id 8449, offset 0, flags [DF], proto TCP (6), length 7292)"
1779587522.736139,,,TCP,8740,"1779587522.736139 IP (tos 0x0, ttl 64, id 8454, offset 0, flags [DF], proto TCP (6), length 8740)"
1779587522.736629,,,TCP,52,"1779587522.736629 IP (tos 0x0, ttl 64, id 15611, offset 0, flags [DF], proto TCP (6), length 52)"
1779587522.736632,,,TCP,52,"1779587522.736632 IP (tos 0x0, ttl 64, id 15612, offset 0, flags [DF], proto TCP (6), length 52)"
1779587522.736661,,,TCP,5844,"1779587522.736661 IP (tos 0x0, ttl 64, id 8460, offset 0, flags [DF], proto TCP (6), length 5844)"
1779587522.736668,,,TCP,8740,"1779587522.736668 IP (tos 0x0, ttl 64, id 8464, offset 0, flags [DF], proto TCP (6), length 8740)"
1779587522.762005,,,TCP,52,"1779587522.762005 IP (tos 0x0, ttl 64, id 15613, offset 0, flags [DF], proto TCP (6), length 52)"
1779587522.762011,,,TCP,52,"1779587522.762011 IP (tos 0x0, ttl 64, id 15614, offset 0, flags [DF], proto TCP (6), length 52)"
1779587522.762011,,,TCP,52,"1779587522.762011 IP (tos 0x0, ttl 64, id 15615, offset 0, flags [DF], proto TCP (6), length 52)"
1779587522.762012,,,TCP,52,"1779587522.762012 IP (tos 0x0, ttl 64, id 15616, offset 0, flags [DF], proto TCP (6), length 52)"
1779587522.762012,,,TCP,52,"1779587522.762012 IP (tos 0x0, ttl 64, id 15617, offset 0, flags [DF], proto TCP (6), length 52)"
1779587522.762013,,,TCP,52,"1779587522.762013 IP (tos 0x0, ttl 64, id 15618, offset 0, flags [DF], proto TCP (6), length 52)"
1779587522.762014,,,TCP,52,"1779587522.762014 IP (tos 0x0, ttl 64, id 15619, offset 0, flags [DF], proto TCP (6), length 52)"
1779587522.762014,,,TCP,52,"1779587522.762014 IP (tos 0x0, ttl 64, id 15620, offset 0, flags [DF], proto TCP (6), length 52)"
1779587522.762015,,,TCP,52,"1779587522.762015 IP (tos 0x0, ttl 64, id 15621, offset 0, flags [DF], proto TCP (6), length 52)"
1779587522.762016,,,TCP,52,"1779587522.762016 IP (tos 0x0, ttl 64, id 15622, offset 0, flags [DF], proto TCP (6), length 52)"
1779587522.762239,,,TCP,5844,"1779587522.762239 IP (tos 0x0, ttl 64, id 8470, offset 0, flags [DF], proto TCP (6), length 5844)"
1779587522.762359,,,TCP,8740,"1779587522.762359 IP (tos 0x0, ttl 64, id 8474, offset 0, flags [DF], proto TCP (6), length 8740)"
1779587522.762374,,,TCP,8740,"1779587522.762374 IP (tos 0x0, ttl 64, id 8480, offset 0, flags [DF], proto TCP (6), length 8740)"
1779587522.762391,,,TCP,10188,"1779587522.762391 IP (tos 0x0, ttl 64, id 8486, offset 0, flags [DF], proto TCP (6), length 10188)"
1779587522.762399,,,TCP,4396,"1779587522.762399 IP (tos 0x0, ttl 64, id 8493, offset 0, flags [DF], proto TCP (6), length 4396)"
1779587522.762407,,,TCP,10188,"1779587522.762407 IP (tos 0x0, ttl 64, id 8496, offset 0, flags [DF], proto TCP (6), length 10188)"
1779587522.762414,,,TCP,10188,"1779587522.762414 IP (tos 0x0, ttl 64, id 8503, offset 0, flags [DF], proto TCP (6), length 10188)"
1779587522.762428,,,TCP,11636,"1779587522.762428 IP (tos 0x0, ttl 64, id 8510, offset 0, flags [DF], proto TCP (6), length 11636)"
1779587522.762438,,,TCP,4532,"1779587522.762438 IP (tos 0x0, ttl 64, id 8518, offset 0, flags [DF], proto TCP (6), length 4532)"
1779587522.772401,,,TCP,52,"1779587522.772401 IP (tos 0x0, ttl 64, id 15623, offset 0, flags [DF], proto TCP (6), length 52)"
1779587522.772437,,,TCP,52,"1779587522.772437 IP (tos 0x0, ttl 64, id 15624, offset 0, flags [DF], proto TCP (6), length 52)"
1779587522.772438,,,TCP,52,"1779587522.772438 IP (tos 0x0, ttl 64, id 15625, offset 0, flags [DF], proto TCP (6), length 52)"
1779587522.772439,,,TCP,52,"1779587522.772439 IP (tos 0x0, ttl 64, id 15626, offset 0, flags [DF], proto TCP (6), length 52)"
1779587522.772439,,,TCP,52,"1779587522.772439 IP (tos 0x0, ttl 64, id 15627, offset 0, flags [DF], proto TCP (6), length 52)"
1779587522.772502,,,TCP,11500,"1779587522.772502 IP (tos 0x0, ttl 64, id 8522, offset 0, flags [DF], proto TCP (6), length 11500)"
1779587522.772532,,,TCP,52,"1779587522.772532 IP (tos 0x0, ttl 64, id 15628, offset 0, flags [DF], proto TCP (6), length 52)"
1779587522.772534,,,TCP,13084,"1779587522.772534 IP (tos 0x0, ttl 64, id 8530, offset 0, flags [DF], proto TCP (6), length 13084)"
1779587522.772539,,,TCP,17428,"1779587522.772539 IP (tos 0x0, ttl 64, id 8539, offset 0, flags [DF], proto TCP (6), length 17428)"
1779587522.772555,,,TCP,17428,"1779587522.772555 IP (tos 0x0, ttl 64, id 8551, offset 0, flags [DF], proto TCP (6), length 17428)"
1779587522.772579,,,TCP,21772,"1779587522.772579 IP (tos 0x0, ttl 64, id 8563, offset 0, flags [DF], proto TCP (6), length 21772)"
1779587522.772630,,,TCP,21772,"1779587522.772630 IP (tos 0x0, ttl 64, id 8578, offset 0, flags [DF], proto TCP (6), length 21772)"
1779587522.772645,,,TCP,4396,"1779587522.772645 IP (tos 0x0, ttl 64, id 8593, offset 0, flags [DF], proto TCP (6), length 4396)"
1779587522.772649,,,TCP,21772,"1779587522.772649 IP (tos 0x0, ttl 64, id 8596, offset 0, flags [DF], proto TCP (6), length 21772)"
1779587522.772652,,,TCP,21772,"1779587522.772652 IP (tos 0x0, ttl 64, id 8611, offset 0, flags [DF], proto TCP (6), length 21772)"
1779587522.772659,,,TCP,4396,"1779587522.772659 IP (tos 0x0, ttl 64, id 8626, offset 0, flags [DF], proto TCP (6), length 4396)"
1779587522.772661,,,TCP,5844,"1779587522.772661 IP (tos 0x0, ttl 64, id 8629, offset 0, flags [DF], proto TCP (6), length 5844)"
1779587522.772683,,,TCP,2948,"1779587522.772683 IP (tos 0x0, ttl 64, id 8633, offset 0, flags [DF], proto TCP (6), length 2948)"
1779587522.782580,,,TCP,52,"1779587522.782580 IP (tos 0x0, ttl 64, id 15629, offset 0, flags [DF], proto TCP (6), length 52)"
1779587522.782583,,,TCP,52,"1779587522.782583 IP (tos 0x0, ttl 64, id 15630, offset 0, flags [DF], proto TCP (6), length 52)"
1779587522.782583,,,TCP,52,"1779587522.782583 IP (tos 0x0, ttl 64, id 15631, offset 0, flags [DF], proto TCP (6), length 52)"
1779587522.782584,,,TCP,52,"1779587522.782584 IP (tos 0x0, ttl 64, id 15632, offset 0, flags [DF], proto TCP (6), length 52)"
1779587522.782781,,,TCP,23220,"1779587522.782781 IP (tos 0x0, ttl 64, id 8635, offset 0, flags [DF], proto TCP (6), length 23220)"
1779587522.782832,,,TCP,52,"1779587522.782832 IP (tos 0x0, ttl 64, id 15633, offset 0, flags [DF], proto TCP (6), length 52)"
1779587522.782833,,,TCP,52,"1779587522.782833 IP (tos 0x0, ttl 64, id 15634, offset 0, flags [DF], proto TCP (6), length 52)"
1779587522.782834,,,TCP,52,"1779587522.782834 IP (tos 0x0, ttl 64, id 15635, offset 0, flags [DF], proto TCP (6), length 52)"
1779587522.782834,,,TCP,52,"1779587522.782834 IP (tos 0x0, ttl 64, id 15636, offset 0, flags [DF], proto TCP (6), length 52)"
1779587522.782835,,,TCP,52,"1779587522.782835 IP (tos 0x0, ttl 64, id 15637, offset 0, flags [DF], proto TCP (6), length 52)"
1779587522.782835,,,TCP,52,"1779587522.782835 IP (tos 0x0, ttl 64, id 15638, offset 0, flags [DF], proto TCP (6), length 52)"
1779587522.782835,,,TCP,52,"1779587522.782835 IP (tos 0x0, ttl 64, id 15639, offset 0, flags [DF], proto TCP (6), length 52)"
1779587522.782836,,,TCP,52,"1779587522.782836 IP (tos 0x0, ttl 64, id 15640, offset 0, flags [DF], proto TCP (6), length 52)"
1779587522.782839,,,TCP,30460,"1779587522.782839 IP (tos 0x0, ttl 64, id 8651, offset 0, flags [DF], proto TCP (6), length 30460)"
1779587522.782901,,,TCP,11636,"1779587522.782901 IP (tos 0x0, ttl 64, id 8672, offset 0, flags [DF], proto TCP (6), length 11636)"
1779587522.782909,,,TCP,39148,"1779587522.782909 IP (tos 0x0, ttl 64, id 8680, offset 0, flags [DF], proto TCP (6), length 39148)"
1779587522.782911,,,TCP,7772,"1779587522.782911 IP (tos 0x0, ttl 64, id 8707, offset 0, flags [DF], proto TCP (6), length 7772)"
1779587522.782941,,,TCP,2948,"1779587522.782941 IP (tos 0x0, ttl 64, id 8713, offset 0, flags [DF], proto TCP (6), length 2948)"
1779587522.783293,,,TCP,4396,"1779587522.783293 IP (tos 0x0, ttl 64, id 8715, offset 0, flags [DF], proto TCP (6), length 4396)"
1779587522.783561,,,TCP,4396,"1779587522.783561 IP (tos 0x0, ttl 64, id 8718, offset 0, flags [DF], proto TCP (6), length 4396)"
1779587522.783826,,,TCP,4396,"1779587522.783826 IP (tos 0x0, ttl 64, id 8721, offset 0, flags [DF], proto TCP (6), length 4396)"
1779587522.784095,,,TCP,4396,"1779587522.784095 IP (tos 0x0, ttl 64, id 8724, offset 0, flags [DF], proto TCP (6), length 4396)"
1779587522.784412,,,TCP,2948,"1779587522.784412 IP (tos 0x0, ttl 64, id 8727, offset 0, flags [DF], proto TCP (6), length 2948)"
1779587522.784700,,,TCP,4396,"1779587522.784700 IP (tos 0x0, ttl 64, id 8729, offset 0, flags [DF], proto TCP (6), length 4396)"
1779587522.785008,,,TCP,4396,"1779587522.785008 IP (tos 0x0, ttl 64, id 8732, offset 0, flags [DF], proto TCP (6), length 4396)"
1779587522.785302,,,TCP,4396,"1779587522.785302 IP (tos 0x0, ttl 64, id 8735, offset 0, flags [DF], proto TCP (6), length 4396)"
1779587522.785614,,,TCP,4396,"1779587522.785614 IP (tos 0x0, ttl 64, id 8738, offset 0, flags [DF], proto TCP (6), length 4396)"
1779587522.785922,,,TCP,4396,"1779587522.785922 IP (tos 0x0, ttl 64, id 8741, offset 0, flags [DF], proto TCP (6), length 4396)"
1779587522.786233,,,TCP,2948,"1779587522.786233 IP (tos 0x0, ttl 64, id 8744, offset 0, flags [DF], proto TCP (6), length 2948)"
1779587522.786524,,,TCP,4396,"1779587522.786524 IP (tos 0x0, ttl 64, id 8746, offset 0, flags [DF], proto TCP (6), length 4396)"
1779587522.786973,,,TCP,4396,"1779587522.786973 IP (tos 0x0, ttl 64, id 8749, offset 0, flags [DF], proto TCP (6), length 4396)"
1779587522.787287,,,TCP,4396,"1779587522.787287 IP (tos 0x0, ttl 64, id 8752, offset 0, flags [DF], proto TCP (6), length 4396)"
1779587522.787687,,,TCP,4396,"1779587522.787687 IP (tos 0x0, ttl 64, id 8755, offset 0, flags [DF], proto TCP (6), length 4396)"
1779587522.787997,,,TCP,4396,"1779587522.787997 IP (tos 0x0, ttl 64, id 8758, offset 0, flags [DF], proto TCP (6), length 4396)"
1779587522.788442,,,TCP,2948,"1779587522.788442 IP (tos 0x0, ttl 64, id 8761, offset 0, flags [DF], proto TCP (6), length 2948)"
1779587522.789019,,,TCP,4396,"1779587522.789019 IP (tos 0x0, ttl 64, id 8763, offset 0, flags [DF], proto TCP (6), length 4396)"
1779587522.789523,,,TCP,4396,"1779587522.789523 IP (tos 0x0, ttl 64, id 8766, offset 0, flags [DF], proto TCP (6), length 4396)"
1779587522.789920,,,TCP,4396,"1779587522.789920 IP (tos 0x0, ttl 64, id 8769, offset 0, flags [DF], proto TCP (6), length 4396)"
1779587522.790294,,,TCP,4396,"1779587522.790294 IP (tos 0x0, ttl 64, id 8772, offset 0, flags [DF], proto TCP (6), length 4396)"
1779587522.790579,,,TCP,4396,"1779587522.790579 IP (tos 0x0, ttl 64, id 8775, offset 0, flags [DF], proto TCP (6), length 4396)"
1779587522.790899,,,TCP,2948,"1779587522.790899 IP (tos 0x0, ttl 64, id 8778, offset 0, flags [DF], proto TCP (6), length 2948)"
1779587522.791228,,,TCP,4396,"1779587522.791228 IP (tos 0x0, ttl 64, id 8780, offset 0, flags [DF], proto TCP (6), length 4396)"
1779587522.791483,,,TCP,4396,"1779587522.791483 IP (tos 0x0, ttl 64, id 8783, offset 0, flags [DF], proto TCP (6), length 4396)"
1779587522.792058,,,TCP,4396,"1779587522.792058 IP (tos 0x0, ttl 64, id 8786, offset 0, flags [DF], proto TCP (6), length 4396)"
1779587522.792448,,,TCP,4396,"1779587522.792448 IP (tos 0x0, ttl 64, id 8789, offset 0, flags [DF], proto TCP (6), length 4396)"
1779587522.792767,,,TCP,4396,"1779587522.792767 IP (tos 0x0, ttl 64, id 8792, offset 0, flags [DF], proto TCP (6), length 4396)"
1779587522.792870,,,TCP,52,"1779587522.792870 IP (tos 0x0, ttl 64, id 15641, offset 0, flags [DF], proto TCP (6), length 52)"
1779587522.792873,,,TCP,52,"1779587522.792873 IP (tos 0x0, ttl 64, id 15642, offset 0, flags [DF], proto TCP (6), length 52)"
1779587522.792925,,,TCP,52,"1779587522.792925 IP (tos 0x0, ttl 64, id 15643, offset 0, flags [DF], proto TCP (6), length 52)"
1779587522.792926,,,TCP,52,"1779587522.792926 IP (tos 0x0, ttl 64, id 15644, offset 0, flags [DF], proto TCP (6), length 52)"
1779587522.792927,,,TCP,52,"1779587522.792927 IP (tos 0x0, ttl 64, id 15645, offset 0, flags [DF], proto TCP (6), length 52)"
1779587522.792954,,,TCP,100,"1779587522.792954 IP (tos 0x0, ttl 64, id 8795, offset 0, flags [DF], proto TCP (6), length 100)"
1779587522.792958,,,TCP,52,"1779587522.792958 IP (tos 0x0, ttl 64, id 15646, offset 0, flags [DF], proto TCP (6), length 52)"
1779587522.793062,,,TCP,2948,"1779587522.793062 IP (tos 0x0, ttl 64, id 8796, offset 0, flags [DF], proto TCP (6), length 2948)"
1779587522.793330,,,TCP,52,"1779587522.793330 IP (tos 0x0, ttl 64, id 15647, offset 0, flags [DF], proto TCP (6), length 52)"
1779587522.793381,,,TCP,4396,"1779587522.793381 IP (tos 0x0, ttl 64, id 8798, offset 0, flags [DF], proto TCP (6), length 4396)"
1779587522.793608,,,TCP,52,"1779587522.793608 IP (tos 0x0, ttl 64, id 15648, offset 0, flags [DF], proto TCP (6), length 52)"
1779587522.793686,,,TCP,4396,"1779587522.793686 IP (tos 0x0, ttl 64, id 8801, offset 0, flags [DF], proto TCP (6), length 4396)"
1779587522.793872,,,TCP,52,"1779587522.793872 IP (tos 0x0, ttl 64, id 15649, offset 0, flags [DF], proto TCP (6), length 52)"
1779587522.794019,,,TCP,4396,"1779587522.794019 IP (tos 0x0, ttl 64, id 8804, offset 0, flags [DF], proto TCP (6), length 4396)"
1779587522.794137,,,TCP,52,"1779587522.794137 IP (tos 0x0, ttl 64, id 15650, offset 0, flags [DF], proto TCP (6), length 52)"
1779587522.794371,,,TCP,4396,"1779587522.794371 IP (tos 0x0, ttl 64, id 8807, offset 0, flags [DF], proto TCP (6), length 4396)"
1779587522.794458,,,TCP,52,"1779587522.794458 IP (tos 0x0, ttl 64, id 15651, offset 0, flags [DF], proto TCP (6), length 52)"
1779587522.794646,,,TCP,2948,"1779587522.794646 IP (tos 0x0, ttl 64, id 8810, offset 0, flags [DF], proto TCP (6), length 2948)"
1779587522.794739,,,TCP,52,"1779587522.794739 IP (tos 0x0, ttl 64, id 15652, offset 0, flags [DF], proto TCP (6), length 52)"
1779587522.794906,,,TCP,4396,"1779587522.794906 IP (tos 0x0, ttl 64, id 8812, offset 0, flags [DF], proto TCP (6), length 4396)"
1779587522.795048,,,TCP,52,"1779587522.795048 IP (tos 0x0, ttl 64, id 15653, offset 0, flags [DF], proto TCP (6), length 52)"
1779587522.795189,,,TCP,4396,"1779587522.795189 IP (tos 0x0, ttl 64, id 8815, offset 0, flags [DF], proto TCP (6), length 4396)"
1779587522.795343,,,TCP,52,"1779587522.795343 IP (tos 0x0, ttl 64, id 15654, offset 0, flags [DF], proto TCP (6), length 52)"
1779587522.795461,,,TCP,4396,"1779587522.795461 IP (tos 0x0, ttl 64, id 8818, offset 0, flags [DF], proto TCP (6), length 4396)"
1779587522.795651,,,TCP,52,"1779587522.795651 IP (tos 0x0, ttl 64, id 15655, offset 0, flags [DF], proto TCP (6), length 52)"
1779587522.795732,,,TCP,4396,"1779587522.795732 IP (tos 0x0, ttl 64, id 8821, offset 0, flags [DF], proto TCP (6), length 4396)"
1779587522.795953,,,TCP,52,"1779587522.795953 IP (tos 0x0, ttl 64, id 15656, offset 0, flags [DF], proto TCP (6), length 52)"
1779587522.795990,,,TCP,4396,"1779587522.795990 IP (tos 0x0, ttl 64, id 8824, offset 0, flags [DF], proto TCP (6), length 4396)"
1779587522.796266,,,TCP,2948,"1779587522.796266 IP (tos 0x0, ttl 64, id 8827, offset 0, flags [DF], proto TCP (6), length 2948)"
1779587522.796271,,,TCP,52,"1779587522.796271 IP (tos 0x0, ttl 64, id 15657, offset 0, flags [DF], proto TCP (6), length 52)"
1779587522.796554,,,TCP,52,"1779587522.796554 IP (tos 0x0, ttl 64, id 15658, offset 0, flags [DF], proto TCP (6), length 52)"
1779587522.796656,,,TCP,4396,"1779587522.796656 IP (tos 0x0, ttl 64, id 8829, offset 0, flags [DF], proto TCP (6), length 4396)"
1779587522.797021,,,TCP,52,"1779587522.797021 IP (tos 0x0, ttl 64, id 15659, offset 0, flags [DF], proto TCP (6), length 52)"
1779587522.797054,,,TCP,4396,"1779587522.797054 IP (tos 0x0, ttl 64, id 8832, offset 0, flags [DF], proto TCP (6), length 4396)"
1779587522.797320,,,TCP,52,"1779587522.797320 IP (tos 0x0, ttl 64, id 15660, offset 0, flags [DF], proto TCP (6), length 52)"
1779587522.797328,,,TCP,4396,"1779587522.797328 IP (tos 0x0, ttl 64, id 8835, offset 0, flags [DF], proto TCP (6), length 4396)"
1779587522.797591,,,TCP,4396,"1779587522.797591 IP (tos 0x0, ttl 64, id 8838, offset 0, flags [DF], proto TCP (6), length 4396)"
1779587522.797746,,,TCP,52,"1779587522.797746 IP (tos 0x0, ttl 64, id 15661, offset 0, flags [DF], proto TCP (6), length 52)"
1779587522.797898,,,TCP,4396,"1779587522.797898 IP (tos 0x0, ttl 64, id 8841, offset 0, flags [DF], proto TCP (6), length 4396)"
1779587522.798033,,,TCP,52,"1779587522.798033 IP (tos 0x0, ttl 64, id 15662, offset 0, flags [DF], proto TCP (6), length 52)"
1779587522.798208,,,TCP,2948,"1779587522.798208 IP (tos 0x0, ttl 64, id 8844, offset 0, flags [DF], proto TCP (6), length 2948)"
1779587522.798490,,,TCP,52,"1779587522.798490 IP (tos 0x0, ttl 64, id 15663, offset 0, flags [DF], proto TCP (6), length 52)"
1779587522.798495,,,TCP,4396,"1779587522.798495 IP (tos 0x0, ttl 64, id 8846, offset 0, flags [DF], proto TCP (6), length 4396)"
1779587522.798756,,,TCP,4396,"1779587522.798756 IP (tos 0x0, ttl 64, id 8849, offset 0, flags [DF], proto TCP (6), length 4396)"
1779587522.798989,,,TCP,4396,"1779587522.798989 IP (tos 0x0, ttl 64, id 8852, offset 0, flags [DF], proto TCP (6), length 4396)"
1779587522.799065,,,TCP,52,"1779587522.799065 IP (tos 0x0, ttl 64, id 15664, offset 0, flags [DF], proto TCP (6), length 52)"
1779587522.799567,,,TCP,52,"1779587522.799567 IP (tos 0x0, ttl 64, id 15665, offset 0, flags [DF], proto TCP (6), length 52)"
1779587522.799963,,,TCP,52,"1779587522.799963 IP (tos 0x0, ttl 64, id 15666, offset 0, flags [DF], proto TCP (6), length 52)"
1779587522.800332,,,TCP,52,"1779587522.800332 IP (tos 0x0, ttl 64, id 15667, offset 0, flags [DF], proto TCP (6), length 52)"
1779587522.800615,,,TCP,52,"1779587522.800615 IP (tos 0x0, ttl 64, id 15668, offset 0, flags [DF], proto TCP (6), length 52)"
1779587522.800926,,,TCP,52,"1779587522.800926 IP (tos 0x0, ttl 64, id 15669, offset 0, flags [DF], proto TCP (6), length 52)"
1779587522.801337,,,TCP,52,"1779587522.801337 IP (tos 0x0, ttl 64, id 15670, offset 0, flags [DF], proto TCP (6), length 52)"
1779587522.801603,,,TCP,52,"1779587522.801603 IP (tos 0x0, ttl 64, id 15671, offset 0, flags [DF], proto TCP (6), length 52)"
1779587522.802175,,,TCP,52,"1779587522.802175 IP (tos 0x0, ttl 64, id 15672, offset 0, flags [DF], proto TCP (6), length 52)"
1779587522.802477,,,TCP,52,"1779587522.802477 IP (tos 0x0, ttl 64, id 15673, offset 0, flags [DF], proto TCP (6), length 52)"
1779587522.802829,,,TCP,52,"1779587522.802829 IP (tos 0x0, ttl 64, id 15674, offset 0, flags [DF], proto TCP (6), length 52)"
1779587522.803089,,,TCP,52,"1779587522.803089 IP (tos 0x0, ttl 64, id 15675, offset 0, flags [DF], proto TCP (6), length 52)"
1779587522.803475,,,TCP,52,"1779587522.803475 IP (tos 0x0, ttl 64, id 15676, offset 0, flags [DF], proto TCP (6), length 52)"
1779587522.803714,,,TCP,52,"1779587522.803714 IP (tos 0x0, ttl 64, id 15677, offset 0, flags [DF], proto TCP (6), length 52)"
1779587522.804100,,,TCP,52,"1779587522.804100 IP (tos 0x0, ttl 64, id 15678, offset 0, flags [DF], proto TCP (6), length 52)"
1779587522.804400,,,TCP,52,"1779587522.804400 IP (tos 0x0, ttl 64, id 15679, offset 0, flags [DF], proto TCP (6), length 52)"
1779587522.804674,,,TCP,52,"1779587522.804674 IP (tos 0x0, ttl 64, id 15680, offset 0, flags [DF], proto TCP (6), length 52)"
1779587522.804933,,,TCP,52,"1779587522.804933 IP (tos 0x0, ttl 64, id 15681, offset 0, flags [DF], proto TCP (6), length 52)"
1779587522.805217,,,TCP,52,"1779587522.805217 IP (tos 0x0, ttl 64, id 15682, offset 0, flags [DF], proto TCP (6), length 52)"
1779587522.805492,,,TCP,52,"1779587522.805492 IP (tos 0x0, ttl 64, id 15683, offset 0, flags [DF], proto TCP (6), length 52)"
1779587522.805760,,,TCP,52,"1779587522.805760 IP (tos 0x0, ttl 64, id 15684, offset 0, flags [DF], proto TCP (6), length 52)"
1779587522.806018,,,TCP,52,"1779587522.806018 IP (tos 0x0, ttl 64, id 15685, offset 0, flags [DF], proto TCP (6), length 52)"
1779587522.806417,,,TCP,52,"1779587522.806417 IP (tos 0x0, ttl 64, id 15686, offset 0, flags [DF], proto TCP (6), length 52)"
1779587522.806683,,,TCP,52,"1779587522.806683 IP (tos 0x0, ttl 64, id 15687, offset 0, flags [DF], proto TCP (6), length 52)"
1779587522.807131,,,TCP,52,"1779587522.807131 IP (tos 0x0, ttl 64, id 15688, offset 0, flags [DF], proto TCP (6), length 52)"
1779587522.807356,,,TCP,52,"1779587522.807356 IP (tos 0x0, ttl 64, id 15689, offset 0, flags [DF], proto TCP (6), length 52)"
1779587522.807630,,,TCP,52,"1779587522.807630 IP (tos 0x0, ttl 64, id 15690, offset 0, flags [DF], proto TCP (6), length 52)"
1779587522.807974,,,TCP,52,"1779587522.807974 IP (tos 0x0, ttl 64, id 15691, offset 0, flags [DF], proto TCP (6), length 52)"
1779587522.808237,,,TCP,52,"1779587522.808237 IP (tos 0x0, ttl 64, id 15692, offset 0, flags [DF], proto TCP (6), length 52)"
1779587522.808523,,,TCP,52,"1779587522.808523 IP (tos 0x0, ttl 64, id 15693, offset 0, flags [DF], proto TCP (6), length 52)"
1779587522.808783,,,TCP,52,"1779587522.808783 IP (tos 0x0, ttl 64, id 15694, offset 0, flags [DF], proto TCP (6), length 52)"
1779587522.809016,,,TCP,52,"1779587522.809016 IP (tos 0x0, ttl 64, id 15695, offset 0, flags [DF], proto TCP (6), length 52)"
1779587522.813886,,,TCP,4396,"1779587522.813886 IP (tos 0x0, ttl 64, id 8855, offset 0, flags [DF], proto TCP (6), length 4396)"
1779587522.813937,,,TCP,388,"1779587522.813937 IP (tos 0x0, ttl 64, id 8858, offset 0, flags [DF], proto TCP (6), length 388)"
1779587522.814352,,,TCP,2948,"1779587522.814352 IP (tos 0x0, ttl 64, id 8859, offset 0, flags [DF], proto TCP (6), length 2948)"
1779587522.814629,,,TCP,4396,"1779587522.814629 IP (tos 0x0, ttl 64, id 8861, offset 0, flags [DF], proto TCP (6), length 4396)"
1779587522.814908,,,TCP,4396,"1779587522.814908 IP (tos 0x0, ttl 64, id 8864, offset 0, flags [DF], proto TCP (6), length 4396)"
1779587522.815181,,,TCP,4396,"1779587522.815181 IP (tos 0x0, ttl 64, id 8867, offset 0, flags [DF], proto TCP (6), length 4396)"
1779587522.815457,,,TCP,4396,"1779587522.815457 IP (tos 0x0, ttl 64, id 8870, offset 0, flags [DF], proto TCP (6), length 4396)"
1779587522.815719,,,TCP,2948,"1779587522.815719 IP (tos 0x0, ttl 64, id 8873, offset 0, flags [DF], proto TCP (6), length 2948)"
1779587522.815997,,,TCP,4396,"1779587522.815997 IP (tos 0x0, ttl 64, id 8875, offset 0, flags [DF], proto TCP (6), length 4396)"
1779587522.816392,,,TCP,4396,"1779587522.816392 IP (tos 0x0, ttl 64, id 8878, offset 0, flags [DF], proto TCP (6), length 4396)"
1779587522.816825,,,TCP,4396,"1779587522.816825 IP (tos 0x0, ttl 64, id 8881, offset 0, flags [DF], proto TCP (6), length 4396)"
1779587522.817161,,,TCP,4396,"1779587522.817161 IP (tos 0x0, ttl 64, id 8884, offset 0, flags [DF], proto TCP (6), length 4396)"
1779587522.817565,,,TCP,4396,"1779587522.817565 IP (tos 0x0, ttl 64, id 8887, offset 0, flags [DF], proto TCP (6), length 4396)"
1779587522.817939,,,TCP,2948,"1779587522.817939 IP (tos 0x0, ttl 64, id 8890, offset 0, flags [DF], proto TCP (6), length 2948)"
1779587522.818249,,,TCP,4396,"1779587522.818249 IP (tos 0x0, ttl 64, id 8892, offset 0, flags [DF], proto TCP (6), length 4396)"
1779587522.818521,,,TCP,4396,"1779587522.818521 IP (tos 0x0, ttl 64, id 8895, offset 0, flags [DF], proto TCP (6), length 4396)"
1779587522.818742,,,TCP,4396,"1779587522.818742 IP (tos 0x0, ttl 64, id 8898, offset 0, flags [DF], proto TCP (6), length 4396)"
1779587522.819041,,,TCP,4396,"1779587522.819041 IP (tos 0x0, ttl 64, id 8901, offset 0, flags [DF], proto TCP (6), length 4396)"
1779587522.819329,,,TCP,4396,"1779587522.819329 IP (tos 0x0, ttl 64, id 8904, offset 0, flags [DF], proto TCP (6), length 4396)"
1779587522.819652,,,TCP,2948,"1779587522.819652 IP (tos 0x0, ttl 64, id 8907, offset 0, flags [DF], proto TCP (6), length 2948)"
1779587522.819955,,,TCP,4396,"1779587522.819955 IP (tos 0x0, ttl 64, id 8909, offset 0, flags [DF], proto TCP (6), length 4396)"
1779587522.820331,,,TCP,4396,"1779587522.820331 IP (tos 0x0, ttl 64, id 8912, offset 0, flags [DF], proto TCP (6), length 4396)"
1779587522.820596,,,TCP,4396,"1779587522.820596 IP (tos 0x0, ttl 64, id 8915, offset 0, flags [DF], proto TCP (6), length 4396)"
1779587522.820840,,,TCP,4396,"1779587522.820840 IP (tos 0x0, ttl 64, id 8918, offset 0, flags [DF], proto TCP (6), length 4396)"
1779587522.821191,,,TCP,4396,"1779587522.821191 IP (tos 0x0, ttl 64, id 8921, offset 0, flags [DF], proto TCP (6), length 4396)"
1779587522.821514,,,TCP,2948,"1779587522.821514 IP (tos 0x0, ttl 64, id 8924, offset 0, flags [DF], proto TCP (6), length 2948)"
1779587522.821804,,,TCP,4396,"1779587522.821804 IP (tos 0x0, ttl 64, id 8926, offset 0, flags [DF], proto TCP (6), length 4396)"
1779587522.822083,,,TCP,4396,"1779587522.822083 IP (tos 0x0, ttl 64, id 8929, offset 0, flags [DF], proto TCP (6), length 4396)"
1779587522.822339,,,TCP,4396,"1779587522.822339 IP (tos 0x0, ttl 64, id 8932, offset 0, flags [DF], proto TCP (6), length 4396)"
1779587522.822585,,,TCP,4396,"1779587522.822585 IP (tos 0x0, ttl 64, id 8935, offset 0, flags [DF], proto TCP (6), length 4396)"
1779587522.822821,,,TCP,4396,"1779587522.822821 IP (tos 0x0, ttl 64, id 8938, offset 0, flags [DF], proto TCP (6), length 4396)"
1779587522.823054,,,TCP,2948,"1779587522.823054 IP (tos 0x0, ttl 64, id 8941, offset 0, flags [DF], proto TCP (6), length 2948)"
1779587522.823308,,,TCP,4396,"1779587522.823308 IP (tos 0x0, ttl 64, id 8943, offset 0, flags [DF], proto TCP (6), length 4396)"
1779587522.823651,,,TCP,4396,"1779587522.823651 IP (tos 0x0, ttl 64, id 8946, offset 0, flags [DF], proto TCP (6), length 4396)"
1779587522.823952,,,TCP,52,"1779587522.823952 IP (tos 0x0, ttl 64, id 15696, offset 0, flags [DF], proto TCP (6), length 52)"
1779587522.823953,,,TCP,52,"1779587522.823953 IP (tos 0x0, ttl 64, id 15697, offset 0, flags [DF], proto TCP (6), length 52)"
1779587522.824009,,,TCP,804,"1779587522.824009 IP (tos 0x0, ttl 64, id 8949, offset 0, flags [DF], proto TCP (6), length 804)"
1779587522.824056,,,TCP,2948,"1779587522.824056 IP (tos 0x0, ttl 64, id 8950, offset 0, flags [DF], proto TCP (6), length 2948)"
1779587522.824394,,,TCP,52,"1779587522.824394 IP (tos 0x0, ttl 64, id 15698, offset 0, flags [DF], proto TCP (6), length 52)"
1779587522.824503,,,TCP,4396,"1779587522.824503 IP (tos 0x0, ttl 64, id 8952, offset 0, flags [DF], proto TCP (6), length 4396)"
1779587522.824685,,,TCP,52,"1779587522.824685 IP (tos 0x0, ttl 64, id 15699, offset 0, flags [DF], proto TCP (6), length 52)"
1779587522.824797,,,TCP,4396,"1779587522.824797 IP (tos 0x0, ttl 64, id 8955, offset 0, flags [DF], proto TCP (6), length 4396)"
1779587522.824951,,,TCP,52,"1779587522.824951 IP (tos 0x0, ttl 64, id 15700, offset 0, flags [DF], proto TCP (6), length 52)"
1779587522.825095,,,TCP,4396,"1779587522.825095 IP (tos 0x0, ttl 64, id 8958, offset 0, flags [DF], proto TCP (6), length 4396)"
1779587522.825215,,,TCP,52,"1779587522.825215 IP (tos 0x0, ttl 64, id 15701, offset 0, flags [DF], proto TCP (6), length 52)"
1779587522.825498,,,TCP,52,"1779587522.825498 IP (tos 0x0, ttl 64, id 15702, offset 0, flags [DF], proto TCP (6), length 52)"
1779587522.825580,,,TCP,4396,"1779587522.825580 IP (tos 0x0, ttl 64, id 8961, offset 0, flags [DF], proto TCP (6), length 4396)"
1779587522.825759,,,TCP,52,"1779587522.825759 IP (tos 0x0, ttl 64, id 15703, offset 0, flags [DF], proto TCP (6), length 52)"
1779587522.825802,,,TCP,2948,"1779587522.825802 IP (tos 0x0, ttl 64, id 8964, offset 0, flags [DF], proto TCP (6), length 2948)"
1779587522.826064,,,TCP,52,"1779587522.826064 IP (tos 0x0, ttl 64, id 15704, offset 0, flags [DF], proto TCP (6), length 52)"
1779587522.826235,,,TCP,4396,"1779587522.826235 IP (tos 0x0, ttl 64, id 8966, offset 0, flags [DF], proto TCP (6), length 4396)"
1779587522.826436,,,TCP,52,"1779587522.826436 IP (tos 0x0, ttl 64, id 15705, offset 0, flags [DF], proto TCP (6), length 52)"
1779587522.826530,,,TCP,4396,"1779587522.826530 IP (tos 0x0, ttl 64, id 8969, offset 0, flags [DF], proto TCP (6), length 4396)"
1779587522.826802,,,TCP,4396,"1779587522.826802 IP (tos 0x0, ttl 64, id 8972, offset 0, flags [DF], proto TCP (6), length 4396)"
1779587522.826875,,,TCP,52,"1779587522.826875 IP (tos 0x0, ttl 64, id 15706, offset 0, flags [DF], proto TCP (6), length 52)"
1779587522.827179,,,TCP,52,"1779587522.827179 IP (tos 0x0, ttl 64, id 15707, offset 0, flags [DF], proto TCP (6), length 52)"
1779587522.827205,,,TCP,4396,"1779587522.827205 IP (tos 0x0, ttl 64, id 8975, offset 0, flags [DF], proto TCP (6), length 4396)"
1779587522.827460,,,TCP,4396,"1779587522.827460 IP (tos 0x0, ttl 64, id 8978, offset 0, flags [DF], proto TCP (6), length 4396)"
1779587522.827612,,,TCP,52,"1779587522.827612 IP (tos 0x0, ttl 64, id 15708, offset 0, flags [DF], proto TCP (6), length 52)"
1779587522.827710,,,TCP,2948,"1779587522.827710 IP (tos 0x0, ttl 64, id 8981, offset 0, flags [DF], proto TCP (6), length 2948)"
1779587522.827958,,,TCP,52,"1779587522.827958 IP (tos 0x0, ttl 64, id 15709, offset 0, flags [DF], proto TCP (6), length 52)"
1779587522.827985,,,TCP,4396,"1779587522.827985 IP (tos 0x0, ttl 64, id 8983, offset 0, flags [DF], proto TCP (6), length 4396)"
1779587522.828247,,,TCP,4396,"1779587522.828247 IP (tos 0x0, ttl 64, id 8986, offset 0, flags [DF], proto TCP (6), length 4396)"
1779587522.828335,,,TCP,52,"1779587522.828335 IP (tos 0x0, ttl 64, id 15710, offset 0, flags [DF], proto TCP (6), length 52)"
1779587522.828501,,,TCP,4396,"1779587522.828501 IP (tos 0x0, ttl 64, id 8989, offset 0, flags [DF], proto TCP (6), length 4396)"
1779587522.828535,,,TCP,52,"1779587522.828535 IP (tos 0x0, ttl 64, id 15711, offset 0, flags [DF], proto TCP (6), length 52)"
1779587522.828789,,,TCP,52,"1779587522.828789 IP (tos 0x0, ttl 64, id 15712, offset 0, flags [DF], proto TCP (6), length 52)"
1779587522.828824,,,TCP,4396,"1779587522.828824 IP (tos 0x0, ttl 64, id 8992, offset 0, flags [DF], proto TCP (6), length 4396)"
1779587522.829073,,,TCP,52,"1779587522.829073 IP (tos 0x0, ttl 64, id 15713, offset 0, flags [DF], proto TCP (6), length 52)"
1779587522.829140,,,TCP,4396,"1779587522.829140 IP (tos 0x0, ttl 64, id 8995, offset 0, flags [DF], proto TCP (6), length 4396)"
1779587522.829369,,,TCP,52,"1779587522.829369 IP (tos 0x0, ttl 64, id 15714, offset 0, flags [DF], proto TCP (6), length 52)"
1779587522.829456,,,TCP,2948,"1779587522.829456 IP (tos 0x0, ttl 64, id 8998, offset 0, flags [DF], proto TCP (6), length 2948)"
1779587522.829667,,,TCP,52,"1779587522.829667 IP (tos 0x0, ttl 64, id 15715, offset 0, flags [DF], proto TCP (6), length 52)"
1779587522.829700,,,TCP,4396,"1779587522.829700 IP (tos 0x0, ttl 64, id 9000, offset 0, flags [DF], proto TCP (6), length 4396)"
1779587522.830023,,,TCP,52,"1779587522.830023 IP (tos 0x0, ttl 64, id 15716, offset 0, flags [DF], proto TCP (6), length 52)"
1779587522.830060,,,TCP,4396,"1779587522.830060 IP (tos 0x0, ttl 64, id 9003, offset 0, flags [DF], proto TCP (6), length 4396)"
1779587522.830354,,,TCP,52,"1779587522.830354 IP (tos 0x0, ttl 64, id 15717, offset 0, flags [DF], proto TCP (6), length 52)"
1779587522.830389,,,TCP,4396,"1779587522.830389 IP (tos 0x0, ttl 64, id 9006, offset 0, flags [DF], proto TCP (6), length 4396)"
1779587522.830637,,,TCP,52,"1779587522.830637 IP (tos 0x0, ttl 64, id 15718, offset 0, flags [DF], proto TCP (6), length 52)"
1779587522.830673,,,TCP,4396,"1779587522.830673 IP (tos 0x0, ttl 64, id 9009, offset 0, flags [DF], proto TCP (6), length 4396)"
1779587522.830870,,,TCP,52,"1779587522.830870 IP (tos 0x0, ttl 64, id 15719, offset 0, flags [DF], proto TCP (6), length 52)"
1779587522.830947,,,TCP,4396,"1779587522.830947 IP (tos 0x0, ttl 64, id 9012, offset 0, flags [DF], proto TCP (6), length 4396)"
1779587522.831227,,,TCP,52,"1779587522.831227 IP (tos 0x0, ttl 64, id 15720, offset 0, flags [DF], proto TCP (6), length 52)"
1779587522.831262,,,TCP,2948,"1779587522.831262 IP (tos 0x0, ttl 64, id 9015, offset 0, flags [DF], proto TCP (6), length 2948)"
1779587522.831531,,,TCP,4396,"1779587522.831531 IP (tos 0x0, ttl 64, id 9017, offset 0, flags [DF], proto TCP (6), length 4396)"
1779587522.831562,,,TCP,52,"1779587522.831562 IP (tos 0x0, ttl 64, id 15721, offset 0, flags [DF], proto TCP (6), length 52)"
1779587522.831868,,,TCP,52,"1779587522.831868 IP (tos 0x0, ttl 64, id 15722, offset 0, flags [DF], proto TCP (6), length 52)"
1779587522.831905,,,TCP,4396,"1779587522.831905 IP (tos 0x0, ttl 64, id 9020, offset 0, flags [DF], proto TCP (6), length 4396)"
1779587522.832112,,,TCP,52,"1779587522.832112 IP (tos 0x0, ttl 64, id 15723, offset 0, flags [DF], proto TCP (6), length 52)"
1779587522.832149,,,TCP,4396,"1779587522.832149 IP (tos 0x0, ttl 64, id 9023, offset 0, flags [DF], proto TCP (6), length 4396)"
1779587522.832391,,,TCP,52,"1779587522.832391 IP (tos 0x0, ttl 64, id 15724, offset 0, flags [DF], proto TCP (6), length 52)"
1779587522.832427,,,TCP,4396,"1779587522.832427 IP (tos 0x0, ttl 64, id 9026, offset 0, flags [DF], proto TCP (6), length 4396)"
1779587522.832624,,,TCP,52,"1779587522.832624 IP (tos 0x0, ttl 64, id 15725, offset 0, flags [DF], proto TCP (6), length 52)"
1779587522.832745,,,TCP,4396,"1779587522.832745 IP (tos 0x0, ttl 64, id 9029, offset 0, flags [DF], proto TCP (6), length 4396)"
1779587522.832859,,,TCP,52,"1779587522.832859 IP (tos 0x0, ttl 64, id 15726, offset 0, flags [DF], proto TCP (6), length 52)"
1779587522.833016,,,TCP,2948,"1779587522.833016 IP (tos 0x0, ttl 64, id 9032, offset 0, flags [DF], proto TCP (6), length 2948)"
1779587522.833092,,,TCP,52,"1779587522.833092 IP (tos 0x0, ttl 64, id 15727, offset 0, flags [DF], proto TCP (6), length 52)"
1779587522.833252,,,TCP,4396,"1779587522.833252 IP (tos 0x0, ttl 64, id 9034, offset 0, flags [DF], proto TCP (6), length 4396)"
1779587522.833348,,,TCP,52,"1779587522.833348 IP (tos 0x0, ttl 64, id 15728, offset 0, flags [DF], proto TCP (6), length 52)"
1779587522.833528,,,TCP,4396,"1779587522.833528 IP (tos 0x0, ttl 64, id 9037, offset 0, flags [DF], proto TCP (6), length 4396)"
1779587522.833698,,,TCP,52,"1779587522.833698 IP (tos 0x0, ttl 64, id 15729, offset 0, flags [DF], proto TCP (6), length 52)"
1779587522.833786,,,TCP,4396,"1779587522.833786 IP (tos 0x0, ttl 64, id 9040, offset 0, flags [DF], proto TCP (6), length 4396)"
1779587522.834065,,,TCP,52,"1779587522.834065 IP (tos 0x0, ttl 64, id 15730, offset 0, flags [DF], proto TCP (6), length 52)"
1779587522.834067,,,TCP,52,"1779587522.834067 IP (tos 0x0, ttl 64, id 15731, offset 0, flags [DF], proto TCP (6), length 52)"
1779587522.834092,,,TCP,556,"1779587522.834092 IP (tos 0x0, ttl 64, id 9043, offset 0, flags [DF], proto TCP (6), length 556)"
1779587522.834114,,,TCP,2948,"1779587522.834114 IP (tos 0x0, ttl 64, id 9044, offset 0, flags [DF], proto TCP (6), length 2948)"
1779587522.834336,,,TCP,4396,"1779587522.834336 IP (tos 0x0, ttl 64, id 9046, offset 0, flags [DF], proto TCP (6), length 4396)"
1779587522.834533,,,TCP,52,"1779587522.834533 IP (tos 0x0, ttl 64, id 15732, offset 0, flags [DF], proto TCP (6), length 52)"
1779587522.834561,,,TCP,4396,"1779587522.834561 IP (tos 0x0, ttl 64, id 9049, offset 0, flags [DF], proto TCP (6), length 4396)"
1779587522.834801,,,TCP,4396,"1779587522.834801 IP (tos 0x0, ttl 64, id 9052, offset 0, flags [DF], proto TCP (6), length 4396)"
1779587522.834814,,,TCP,52,"1779587522.834814 IP (tos 0x0, ttl 64, id 15733, offset 0, flags [DF], proto TCP (6), length 52)"
1779587522.835089,,,TCP,4396,"1779587522.835089 IP (tos 0x0, ttl 64, id 9055, offset 0, flags [DF], proto TCP (6), length 4396)"
1779587522.835109,,,TCP,52,"1779587522.835109 IP (tos 0x0, ttl 64, id 15734, offset 0, flags [DF], proto TCP (6), length 52)"
1779587522.835367,,,TCP,2948,"1779587522.835367 IP (tos 0x0, ttl 64, id 9058, offset 0, flags [DF], proto TCP (6), length 2948)"
1779587522.835600,,,TCP,52,"1779587522.835600 IP (tos 0x0, ttl 64, id 15735, offset 0, flags [DF], proto TCP (6), length 52)"
1779587522.835634,,,TCP,4396,"1779587522.835634 IP (tos 0x0, ttl 64, id 9060, offset 0, flags [DF], proto TCP (6), length 4396)"
1779587522.835831,,,TCP,52,"1779587522.835831 IP (tos 0x0, ttl 64, id 15736, offset 0, flags [DF], proto TCP (6), length 52)"
1779587522.835891,,,TCP,4396,"1779587522.835891 IP (tos 0x0, ttl 64, id 9063, offset 0, flags [DF], proto TCP (6), length 4396)"
1779587522.836143,,,TCP,4396,"1779587522.836143 IP (tos 0x0, ttl 64, id 9066, offset 0, flags [DF], proto TCP (6), length 4396)"
1779587522.836301,,,TCP,52,"1779587522.836301 IP (tos 0x0, ttl 64, id 15737, offset 0, flags [DF], proto TCP (6), length 52)"
1779587522.836408,,,TCP,4396,"1779587522.836408 IP (tos 0x0, ttl 64, id 9069, offset 0, flags [DF], proto TCP (6), length 4396)"
1779587522.836559,,,TCP,52,"1779587522.836559 IP (tos 0x0, ttl 64, id 15738, offset 0, flags [DF], proto TCP (6), length 52)"
1779587522.836629,,,TCP,4396,"1779587522.836629 IP (tos 0x0, ttl 64, id 9072, offset 0, flags [DF], proto TCP (6), length 4396)"
1779587522.836846,,,TCP,52,"1779587522.836846 IP (tos 0x0, ttl 64, id 15739, offset 0, flags [DF], proto TCP (6), length 52)"
1779587522.836956,,,TCP,2948,"1779587522.836956 IP (tos 0x0, ttl 64, id 9075, offset 0, flags [DF], proto TCP (6), length 2948)"
1779587522.837218,,,TCP,52,"1779587522.837218 IP (tos 0x0, ttl 64, id 15740, offset 0, flags [DF], proto TCP (6), length 52)"
1779587522.837262,,,TCP,4396,"1779587522.837262 IP (tos 0x0, ttl 64, id 9077, offset 0, flags [DF], proto TCP (6), length 4396)"
1779587522.837503,,,TCP,52,"1779587522.837503 IP (tos 0x0, ttl 64, id 15741, offset 0, flags [DF], proto TCP (6), length 52)"
1779587522.837649,,,TCP,4396,"1779587522.837649 IP (tos 0x0, ttl 64, id 9080, offset 0, flags [DF], proto TCP (6), length 4396)"
1779587522.837724,,,TCP,52,"1779587522.837724 IP (tos 0x0, ttl 64, id 15742, offset 0, flags [DF], proto TCP (6), length 52)"
1779587522.837883,,,TCP,4396,"1779587522.837883 IP (tos 0x0, ttl 64, id 9083, offset 0, flags [DF], proto TCP (6), length 4396)"
1779587522.838012,,,TCP,52,"1779587522.838012 IP (tos 0x0, ttl 64, id 15743, offset 0, flags [DF], proto TCP (6), length 52)"
1779587522.838157,,,TCP,4396,"1779587522.838157 IP (tos 0x0, ttl 64, id 9086, offset 0, flags [DF], proto TCP (6), length 4396)"
1779587522.838276,,,TCP,52,"1779587522.838276 IP (tos 0x0, ttl 64, id 15744, offset 0, flags [DF], proto TCP (6), length 52)"
1779587522.838428,,,TCP,4396,"1779587522.838428 IP (tos 0x0, ttl 64, id 9089, offset 0, flags [DF], proto TCP (6), length 4396)"
1779587522.838517,,,TCP,52,"1779587522.838517 IP (tos 0x0, ttl 64, id 15745, offset 0, flags [DF], proto TCP (6), length 52)"
1779587522.838728,,,TCP,2948,"1779587522.838728 IP (tos 0x0, ttl 64, id 9092, offset 0, flags [DF], proto TCP (6), length 2948)"
1779587522.838863,,,TCP,52,"1779587522.838863 IP (tos 0x0, ttl 64, id 15746, offset 0, flags [DF], proto TCP (6), length 52)"
1779587522.838968,,,TCP,4396,"1779587522.838968 IP (tos 0x0, ttl 64, id 9094, offset 0, flags [DF], proto TCP (6), length 4396)"
1779587522.839155,,,TCP,52,"1779587522.839155 IP (tos 0x0, ttl 64, id 15747, offset 0, flags [DF], proto TCP (6), length 52)"
1779587522.839175,,,TCP,4396,"1779587522.839175 IP (tos 0x0, ttl 64, id 9097, offset 0, flags [DF], proto TCP (6), length 4396)"
1779587522.839447,,,TCP,4396,"1779587522.839447 IP (tos 0x0, ttl 64, id 9100, offset 0, flags [DF], proto TCP (6), length 4396)"
1779587522.839472,,,TCP,52,"1779587522.839472 IP (tos 0x0, ttl 64, id 15748, offset 0, flags [DF], proto TCP (6), length 52)"
1779587522.839721,,,TCP,4396,"1779587522.839721 IP (tos 0x0, ttl 64, id 9103, offset 0, flags [DF], proto TCP (6), length 4396)"
1779587522.839732,,,TCP,52,"1779587522.839732 IP (tos 0x0, ttl 64, id 15749, offset 0, flags [DF], proto TCP (6), length 52)"
1779587522.840060,,,TCP,4396,"1779587522.840060 IP (tos 0x0, ttl 64, id 9106, offset 0, flags [DF], proto TCP (6), length 4396)"
1779587522.840073,,,TCP,52,"1779587522.840073 IP (tos 0x0, ttl 64, id 15750, offset 0, flags [DF], proto TCP (6), length 52)"
1779587522.840345,,,TCP,2948,"1779587522.840345 IP (tos 0x0, ttl 64, id 9109, offset 0, flags [DF], proto TCP (6), length 2948)"
1779587522.840417,,,TCP,52,"1779587522.840417 IP (tos 0x0, ttl 64, id 15751, offset 0, flags [DF], proto TCP (6), length 52)"
1779587522.840636,,,TCP,4396,"1779587522.840636 IP (tos 0x0, ttl 64, id 9111, offset 0, flags [DF], proto TCP (6), length 4396)"
1779587522.840689,,,TCP,52,"1779587522.840689 IP (tos 0x0, ttl 64, id 15752, offset 0, flags [DF], proto TCP (6), length 52)"
1779587522.840876,,,TCP,4396,"1779587522.840876 IP (tos 0x0, ttl 64, id 9114, offset 0, flags [DF], proto TCP (6), length 4396)"
1779587522.840985,,,TCP,52,"1779587522.840985 IP (tos 0x0, ttl 64, id 15753, offset 0, flags [DF], proto TCP (6), length 52)"
1779587522.841060,,,TCP,4396,"1779587522.841060 IP (tos 0x0, ttl 64, id 9117, offset 0, flags [DF], proto TCP (6), length 4396)"
1779587522.841318,,,TCP,52,"1779587522.841318 IP (tos 0x0, ttl 64, id 15754, offset 0, flags [DF], proto TCP (6), length 52)"
1779587522.841355,,,TCP,4396,"1779587522.841355 IP (tos 0x0, ttl 64, id 9120, offset 0, flags [DF], proto TCP (6), length 4396)"
1779587522.841549,,,TCP,4396,"1779587522.841549 IP (tos 0x0, ttl 64, id 9123, offset 0, flags [DF], proto TCP (6), length 4396)"
1779587522.841567,,,TCP,52,"1779587522.841567 IP (tos 0x0, ttl 64, id 15755, offset 0, flags [DF], proto TCP (6), length 52)"
1779587522.841771,,,TCP,2948,"1779587522.841771 IP (tos 0x0, ttl 64, id 9126, offset 0, flags [DF], proto TCP (6), length 2948)"
1779587522.841944,,,TCP,52,"1779587522.841944 IP (tos 0x0, ttl 64, id 15756, offset 0, flags [DF], proto TCP (6), length 52)"
1779587522.842190,,,TCP,52,"1779587522.842190 IP (tos 0x0, ttl 64, id 15757, offset 0, flags [DF], proto TCP (6), length 52)"
1779587522.842439,,,TCP,52,"1779587522.842439 IP (tos 0x0, ttl 64, id 15758, offset 0, flags [DF], proto TCP (6), length 52)"
1779587522.842791,,,TCP,52,"1779587522.842791 IP (tos 0x0, ttl 64, id 15759, offset 0, flags [DF], proto TCP (6), length 52)"
1779587522.843086,,,TCP,52,"1779587522.843086 IP (tos 0x0, ttl 64, id 15760, offset 0, flags [DF], proto TCP (6), length 52)"
1779587522.843293,,,TCP,52,"1779587522.843293 IP (tos 0x0, ttl 64, id 15761, offset 0, flags [DF], proto TCP (6), length 52)"
1779587522.843577,,,TCP,52,"1779587522.843577 IP (tos 0x0, ttl 64, id 15762, offset 0, flags [DF], proto TCP (6), length 52)"
1779587522.843829,,,TCP,52,"1779587522.843829 IP (tos 0x0, ttl 64, id 15763, offset 0, flags [DF], proto TCP (6), length 52)"
1779587522.844125,,,TCP,52,"1779587522.844125 IP (tos 0x0, ttl 64, id 15764, offset 0, flags [DF], proto TCP (6), length 52)"
1779587522.844127,,,TCP,52,"1779587522.844127 IP (tos 0x0, ttl 64, id 15765, offset 0, flags [DF], proto TCP (6), length 52)"
1779587522.844170,,,TCP,1300,"1779587522.844170 IP (tos 0x0, ttl 64, id 9128, offset 0, flags [DF], proto TCP (6), length 1300)"
1779587522.844400,,,TCP,52,"1779587522.844400 IP (tos 0x0, ttl 64, id 15766, offset 0, flags [DF], proto TCP (6), length 52)"
1779587522.844593,,,TCP,52,"1779587522.844593 IP (tos 0x0, ttl 64, id 15767, offset 0, flags [DF], proto TCP (6), length 52)"
1779587522.844848,,,TCP,52,"1779587522.844848 IP (tos 0x0, ttl 64, id 15768, offset 0, flags [DF], proto TCP (6), length 52)"
1779587522.845109,,,TCP,52,"1779587522.845109 IP (tos 0x0, ttl 64, id 15769, offset 0, flags [DF], proto TCP (6), length 52)"
1779587522.845400,,,TCP,52,"1779587522.845400 IP (tos 0x0, ttl 64, id 15770, offset 0, flags [DF], proto TCP (6), length 52)"
1779587522.845670,,,TCP,52,"1779587522.845670 IP (tos 0x0, ttl 64, id 15771, offset 0, flags [DF], proto TCP (6), length 52)"
1779587522.845937,,,TCP,52,"1779587522.845937 IP (tos 0x0, ttl 64, id 15772, offset 0, flags [DF], proto TCP (6), length 52)"
1779587522.846173,,,TCP,52,"1779587522.846173 IP (tos 0x0, ttl 64, id 15773, offset 0, flags [DF], proto TCP (6), length 52)"
1779587522.846451,,,TCP,52,"1779587522.846451 IP (tos 0x0, ttl 64, id 15774, offset 0, flags [DF], proto TCP (6), length 52)"
1779587522.846662,,,TCP,52,"1779587522.846662 IP (tos 0x0, ttl 64, id 15775, offset 0, flags [DF], proto TCP (6), length 52)"
1779587522.847002,,,TCP,52,"1779587522.847002 IP (tos 0x0, ttl 64, id 15776, offset 0, flags [DF], proto TCP (6), length 52)"
1779587522.847328,,,TCP,52,"1779587522.847328 IP (tos 0x0, ttl 64, id 15777, offset 0, flags [DF], proto TCP (6), length 52)"
1779587522.847700,,,TCP,52,"1779587522.847700 IP (tos 0x0, ttl 64, id 15778, offset 0, flags [DF], proto TCP (6), length 52)"
1779587522.847931,,,TCP,52,"1779587522.847931 IP (tos 0x0, ttl 64, id 15779, offset 0, flags [DF], proto TCP (6), length 52)"
1779587522.848191,,,TCP,52,"1779587522.848191 IP (tos 0x0, ttl 64, id 15780, offset 0, flags [DF], proto TCP (6), length 52)"
1779587522.848460,,,TCP,52,"1779587522.848460 IP (tos 0x0, ttl 64, id 15781, offset 0, flags [DF], proto TCP (6), length 52)"
1779587522.848743,,,TCP,52,"1779587522.848743 IP (tos 0x0, ttl 64, id 15782, offset 0, flags [DF], proto TCP (6), length 52)"
1779587522.848999,,,TCP,52,"1779587522.848999 IP (tos 0x0, ttl 64, id 15783, offset 0, flags [DF], proto TCP (6), length 52)"
1779587522.849204,,,TCP,52,"1779587522.849204 IP (tos 0x0, ttl 64, id 15784, offset 0, flags [DF], proto TCP (6), length 52)"
1779587522.849480,,,TCP,52,"1779587522.849480 IP (tos 0x0, ttl 64, id 15785, offset 0, flags [DF], proto TCP (6), length 52)"
1779587522.849525,,,TCP,52,"1779587522.849525 IP (tos 0x0, ttl 64, id 9129, offset 0, flags [DF], proto TCP (6), length 52)"
1779587522.849737,,,TCP,52,"1779587522.849737 IP (tos 0x0, ttl 64, id 15786, offset 0, flags [DF], proto TCP (6), length 52)"
1779587522.850080,,,TCP,52,"1779587522.850080 IP (tos 0x0, ttl 64, id 15787, offset 0, flags [DF], proto TCP (6), length 52)"
1779587522.850366,,,TCP,52,"1779587522.850366 IP (tos 0x0, ttl 64, id 15788, offset 0, flags [DF], proto TCP (6), length 52)"
1779587522.850656,,,TCP,52,"1779587522.850656 IP (tos 0x0, ttl 64, id 15789, offset 0, flags [DF], proto TCP (6), length 52)"
1779587522.850894,,,TCP,52,"1779587522.850894 IP (tos 0x0, ttl 64, id 15790, offset 0, flags [DF], proto TCP (6), length 52)"
1779587522.851077,,,TCP,52,"1779587522.851077 IP (tos 0x0, ttl 64, id 15791, offset 0, flags [DF], proto TCP (6), length 52)"
1779587522.851374,,,TCP,52,"1779587522.851374 IP (tos 0x0, ttl 64, id 15792, offset 0, flags [DF], proto TCP (6), length 52)"
1779587522.851567,,,TCP,52,"1779587522.851567 IP (tos 0x0, ttl 64, id 15793, offset 0, flags [DF], proto TCP (6), length 52)"
1779587522.851786,,,TCP,52,"1779587522.851786 IP (tos 0x0, ttl 64, id 15794, offset 0, flags [DF], proto TCP (6), length 52)"
1779587522.854273,,,TCP,52,"1779587522.854273 IP (tos 0x0, ttl 64, id 15795, offset 0, flags [DF], proto TCP (6), length 52)"
1779587522.892508,,,TCP,52,"1779587522.892508 IP (tos 0x0, ttl 64, id 15796, offset 0, flags [DF], proto TCP (6), length 52)"
1779587522.892768,,,TCP,52,"1779587522.892768 IP (tos 0x0, ttl 64, id 9130, offset 0, flags [DF], proto TCP (6), length 52)"
1779587523.204788,,,TCP,60,"1779587523.204788 IP (tos 0x0, ttl 64, id 30466, offset 0, flags [DF], proto TCP (6), length 60)"
1779587523.214901,,,TCP,60,"1779587523.214901 IP (tos 0x0, ttl 64, id 0, offset 0, flags [DF], proto TCP (6), length 60)"
1779587523.214975,,,TCP,52,"1779587523.214975 IP (tos 0x0, ttl 64, id 30467, offset 0, flags [DF], proto TCP (6), length 52)"
1779587523.215229,,,TCP,88,"1779587523.215229 IP (tos 0x0, ttl 64, id 30468, offset 0, flags [DF], proto TCP (6), length 88)"
1779587523.217700,,,TCP,2948,"1779587523.217700 IP (tos 0x0, ttl 64, id 30469, offset 0, flags [DF], proto TCP (6), length 2948)"
1779587523.218298,,,TCP,2948,"1779587523.218298 IP (tos 0x0, ttl 64, id 30471, offset 0, flags [DF], proto TCP (6), length 2948)"
1779587523.218334,,,TCP,1500,"1779587523.218334 IP (tos 0x0, ttl 64, id 30473, offset 0, flags [DF], proto TCP (6), length 1500)"
1779587523.218822,,,TCP,2948,"1779587523.218822 IP (tos 0x0, ttl 64, id 30474, offset 0, flags [DF], proto TCP (6), length 2948)"
1779587523.218844,,,TCP,1500,"1779587523.218844 IP (tos 0x0, ttl 64, id 30476, offset 0, flags [DF], proto TCP (6), length 1500)"
1779587523.219224,,,TCP,1500,"1779587523.219224 IP (tos 0x0, ttl 64, id 30477, offset 0, flags [DF], proto TCP (6), length 1500)"
1779587523.225293,,,TCP,52,"1779587523.225293 IP (tos 0x0, ttl 64, id 27325, offset 0, flags [DF], proto TCP (6), length 52)"
1779587523.225378,,,TCP,2948,"1779587523.225378 IP (tos 0x0, ttl 64, id 30478, offset 0, flags [DF], proto TCP (6), length 2948)"
1779587523.227811,,,TCP,52,"1779587523.227811 IP (tos 0x0, ttl 64, id 27326, offset 0, flags [DF], proto TCP (6), length 52)"
1779587523.227918,,,TCP,2948,"1779587523.227918 IP (tos 0x0, ttl 64, id 30480, offset 0, flags [DF], proto TCP (6), length 2948)"
1779587523.227968,,,TCP,2948,"1779587523.227968 IP (tos 0x0, ttl 64, id 30482, offset 0, flags [DF], proto TCP (6), length 2948)"
1779587523.228342,,,TCP,52,"1779587523.228342 IP (tos 0x0, ttl 64, id 27327, offset 0, flags [DF], proto TCP (6), length 52)"
1779587523.228352,,,TCP,52,"1779587523.228352 IP (tos 0x0, ttl 64, id 27328, offset 0, flags [DF], proto TCP (6), length 52)"
1779587523.228425,,,TCP,2948,"1779587523.228425 IP (tos 0x0, ttl 64, id 30484, offset 0, flags [DF], proto TCP (6), length 2948)"
1779587523.228437,,,TCP,2948,"1779587523.228437 IP (tos 0x0, ttl 64, id 30486, offset 0, flags [DF], proto TCP (6), length 2948)"
1779587523.228452,,,TCP,2948,"1779587523.228452 IP (tos 0x0, ttl 64, id 30488, offset 0, flags [DF], proto TCP (6), length 2948)"
1779587523.228883,,,TCP,52,"1779587523.228883 IP (tos 0x0, ttl 64, id 27329, offset 0, flags [DF], proto TCP (6), length 52)"
1779587523.228886,,,TCP,52,"1779587523.228886 IP (tos 0x0, ttl 64, id 27330, offset 0, flags [DF], proto TCP (6), length 52)"
1779587523.228942,,,TCP,2948,"1779587523.228942 IP (tos 0x0, ttl 64, id 30490, offset 0, flags [DF], proto TCP (6), length 2948)"
1779587523.228952,,,TCP,2948,"1779587523.228952 IP (tos 0x0, ttl 64, id 30492, offset 0, flags [DF], proto TCP (6), length 2948)"
1779587523.228967,,,TCP,2948,"1779587523.228967 IP (tos 0x0, ttl 64, id 30494, offset 0, flags [DF], proto TCP (6), length 2948)"
1779587523.229307,,,TCP,52,"1779587523.229307 IP (tos 0x0, ttl 64, id 27331, offset 0, flags [DF], proto TCP (6), length 52)"
1779587523.229393,,,TCP,2948,"1779587523.229393 IP (tos 0x0, ttl 64, id 30496, offset 0, flags [DF], proto TCP (6), length 2948)"
1779587523.235445,,,TCP,52,"1779587523.235445 IP (tos 0x0, ttl 64, id 27332, offset 0, flags [DF], proto TCP (6), length 52)"
1779587523.235505,,,TCP,2948,"1779587523.235505 IP (tos 0x0, ttl 64, id 30498, offset 0, flags [DF], proto TCP (6), length 2948)"
1779587523.235557,,,TCP,2948,"1779587523.235557 IP (tos 0x0, ttl 64, id 30500, offset 0, flags [DF], proto TCP (6), length 2948)"
1779587523.238135,,,TCP,52,"1779587523.238135 IP (tos 0x0, ttl 64, id 27333, offset 0, flags [DF], proto TCP (6), length 52)"
1779587523.238141,,,TCP,52,"1779587523.238141 IP (tos 0x0, ttl 64, id 27334, offset 0, flags [DF], proto TCP (6), length 52)"
1779587523.238210,,,TCP,2948,"1779587523.238210 IP (tos 0x0, ttl 64, id 30502, offset 0, flags [DF], proto TCP (6), length 2948)"
1779587523.238322,,,TCP,2948,"1779587523.238322 IP (tos 0x0, ttl 64, id 30504, offset 0, flags [DF], proto TCP (6), length 2948)"
1779587523.238451,,,TCP,2948,"1779587523.238451 IP (tos 0x0, ttl 64, id 30506, offset 0, flags [DF], proto TCP (6), length 2948)"
1779587523.238463,,,TCP,52,"1779587523.238463 IP (tos 0x0, ttl 64, id 27335, offset 0, flags [DF], proto TCP (6), length 52)"
1779587523.238464,,,TCP,52,"1779587523.238464 IP (tos 0x0, ttl 64, id 27336, offset 0, flags [DF], proto TCP (6), length 52)"
1779587523.238465,,,TCP,52,"1779587523.238465 IP (tos 0x0, ttl 64, id 27337, offset 0, flags [DF], proto TCP (6), length 52)"
1779587523.238467,,,TCP,2948,"1779587523.238467 IP (tos 0x0, ttl 64, id 30508, offset 0, flags [DF], proto TCP (6), length 2948)"
1779587523.238512,,,TCP,2948,"1779587523.238512 IP (tos 0x0, ttl 64, id 30510, offset 0, flags [DF], proto TCP (6), length 2948)"
1779587523.238515,,,TCP,2948,"1779587523.238515 IP (tos 0x0, ttl 64, id 30512, offset 0, flags [DF], proto TCP (6), length 2948)"
1779587523.238518,,,TCP,4396,"1779587523.238518 IP (tos 0x0, ttl 64, id 30514, offset 0, flags [DF], proto TCP (6), length 4396)"
1779587523.238543,,,TCP,4396,"1779587523.238543 IP (tos 0x0, ttl 64, id 30517, offset 0, flags [DF], proto TCP (6), length 4396)"
1779587523.238549,,,TCP,2948,"1779587523.238549 IP (tos 0x0, ttl 64, id 30520, offset 0, flags [DF], proto TCP (6), length 2948)"
1779587523.238991,,,TCP,52,"1779587523.238991 IP (tos 0x0, ttl 64, id 27338, offset 0, flags [DF], proto TCP (6), length 52)"
1779587523.238994,,,TCP,52,"1779587523.238994 IP (tos 0x0, ttl 64, id 27339, offset 0, flags [DF], proto TCP (6), length 52)"
1779587523.238995,,,TCP,52,"1779587523.238995 IP (tos 0x0, ttl 64, id 27340, offset 0, flags [DF], proto TCP (6), length 52)"
1779587523.239049,,,TCP,5844,"1779587523.239049 IP (tos 0x0, ttl 64, id 30522, offset 0, flags [DF], proto TCP (6), length 5844)"
1779587523.239056,,,TCP,5844,"1779587523.239056 IP (tos 0x0, ttl 64, id 30526, offset 0, flags [DF], proto TCP (6), length 5844)"
1779587523.239447,,,TCP,52,"1779587523.239447 IP (tos 0x0, ttl 64, id 27341, offset 0, flags [DF], proto TCP (6), length 52)"
1779587523.239506,,,TCP,7292,"1779587523.239506 IP (tos 0x0, ttl 64, id 30530, offset 0, flags [DF], proto TCP (6), length 7292)"
1779587523.239518,,,TCP,4396,"1779587523.239518 IP (tos 0x0, ttl 64, id 30535, offset 0, flags [DF], proto TCP (6), length 4396)"
1779587523.245589,,,TCP,52,"1779587523.245589 IP (tos 0x0, ttl 64, id 27342, offset 0, flags [DF], proto TCP (6), length 52)"
1779587523.245649,,,TCP,5844,"1779587523.245649 IP (tos 0x0, ttl 64, id 30538, offset 0, flags [DF], proto TCP (6), length 5844)"
1779587523.245695,,,TCP,52,"1779587523.245695 IP (tos 0x0, ttl 64, id 27343, offset 0, flags [DF], proto TCP (6), length 52)"
1779587523.246862,,,TCP,5844,"1779587523.246862 IP (tos 0x0, ttl 64, id 30542, offset 0, flags [DF], proto TCP (6), length 5844)"
1779587523.248360,,,TCP,52,"1779587523.248360 IP (tos 0x0, ttl 64, id 27344, offset 0, flags [DF], proto TCP (6), length 52)"
1779587523.248377,,,TCP,52,"1779587523.248377 IP (tos 0x0, ttl 64, id 27345, offset 0, flags [DF], proto TCP (6), length 52)"
1779587523.248442,,,TCP,5844,"1779587523.248442 IP (tos 0x0, ttl 64, id 30546, offset 0, flags [DF], proto TCP (6), length 5844)"
1779587523.248493,,,TCP,52,"1779587523.248493 IP (tos 0x0, ttl 64, id 27346, offset 0, flags [DF], proto TCP (6), length 52)"
1779587523.248494,,,TCP,52,"1779587523.248494 IP (tos 0x0, ttl 64, id 27347, offset 0, flags [DF], proto TCP (6), length 52)"
1779587523.248497,,,TCP,4396,"1779587523.248497 IP (tos 0x0, ttl 64, id 30550, offset 0, flags [DF], proto TCP (6), length 4396)"
1779587523.248524,,,TCP,11636,"1779587523.248524 IP (tos 0x0, ttl 64, id 30553, offset 0, flags [DF], proto TCP (6), length 11636)"
1779587523.248966,,,TCP,52,"1779587523.248966 IP (tos 0x0, ttl 64, id 27348, offset 0, flags [DF], proto TCP (6), length 52)"
1779587523.249026,,,TCP,14532,"1779587523.249026 IP (tos 0x0, ttl 64, id 30561, offset 0, flags [DF], proto TCP (6), length 14532)"
1779587523.249035,,,TCP,14532,"1779587523.249035 IP (tos 0x0, ttl 64, id 30571, offset 0, flags [DF], proto TCP (6), length 14532)"
1779587523.249065,,,TCP,52,"1779587523.249065 IP (tos 0x0, ttl 64, id 27349, offset 0, flags [DF], proto TCP (6), length 52)"
1779587523.249095,,,TCP,7292,"1779587523.249095 IP (tos 0x0, ttl 64, id 30581, offset 0, flags [DF], proto TCP (6), length 7292)"
1779587523.249095,,,TCP,52,"1779587523.249095 IP (tos 0x0, ttl 64, id 27350, offset 0, flags [DF], proto TCP (6), length 52)"
1779587523.249123,,,TCP,17428,"1779587523.249123 IP (tos 0x0, ttl 64, id 30586, offset 0, flags [DF], proto TCP (6), length 17428)"
1779587523.249556,,,TCP,52,"1779587523.249556 IP (tos 0x0, ttl 64, id 27351, offset 0, flags [DF], proto TCP (6), length 52)"
1779587523.249559,,,TCP,52,"1779587523.249559 IP (tos 0x0, ttl 64, id 27352, offset 0, flags [DF], proto TCP (6), length 52)"
1779587523.249601,,,TCP,18876,"1779587523.249601 IP (tos 0x0, ttl 64, id 30598, offset 0, flags [DF], proto TCP (6), length 18876)"
1779587523.249609,,,TCP,10188,"1779587523.249609 IP (tos 0x0, ttl 64, id 30611, offset 0, flags [DF], proto TCP (6), length 10188)"
1779587523.255742,,,TCP,52,"1779587523.255742 IP (tos 0x0, ttl 64, id 27353, offset 0, flags [DF], proto TCP (6), length 52)"
1779587523.255818,,,TCP,1500,"1779587523.255818 IP (tos 0x0, ttl 64, id 30618, offset 0, flags [DF], proto TCP (6), length 1500)"
1779587523.256956,,,TCP,52,"1779587523.256956 IP (tos 0x0, ttl 64, id 27354, offset 0, flags [DF], proto TCP (6), length 52)"
1779587523.257059,,,TCP,21772,"1779587523.257059 IP (tos 0x0, ttl 64, id 30619, offset 0, flags [DF], proto TCP (6), length 21772)"
1779587523.258545,,,TCP,52,"1779587523.258545 IP (tos 0x0, ttl 64, id 27355, offset 0, flags [DF], proto TCP (6), length 52)"
1779587523.258551,,,TCP,52,"1779587523.258551 IP (tos 0x0, ttl 64, id 27356, offset 0, flags [DF], proto TCP (6), length 52)"
1779587523.258552,,,TCP,52,"1779587523.258552 IP (tos 0x0, ttl 64, id 27357, offset 0, flags [DF], proto TCP (6), length 52)"
1779587523.258693,,,TCP,11636,"1779587523.258693 IP (tos 0x0, ttl 64, id 30634, offset 0, flags [DF], proto TCP (6), length 11636)"
1779587523.258711,,,TCP,14532,"1779587523.258711 IP (tos 0x0, ttl 64, id 30642, offset 0, flags [DF], proto TCP (6), length 14532)"
1779587523.259108,,,TCP,52,"1779587523.259108 IP (tos 0x0, ttl 64, id 27358, offset 0, flags [DF], proto TCP (6), length 52)"
1779587523.259119,,,TCP,52,"1779587523.259119 IP (tos 0x0, ttl 64, id 27359, offset 0, flags [DF], proto TCP (6), length 52)"
1779587523.259208,,,TCP,29012,"1779587523.259208 IP (tos 0x0, ttl 64, id 30652, offset 0, flags [DF], proto TCP (6), length 29012)"
1779587523.259234,,,TCP,31908,"1779587523.259234 IP (tos 0x0, ttl 64, id 30672, offset 0, flags [DF], proto TCP (6), length 31908)"
1779587523.259253,,,TCP,4396,"1779587523.259253 IP (tos 0x0, ttl 64, id 30694, offset 0, flags [DF], proto TCP (6), length 4396)"
1779587523.259529,,,TCP,52,"1779587523.259529 IP (tos 0x0, ttl 64, id 27360, offset 0, flags [DF], proto TCP (6), length 52)"
1779587523.259585,,,TCP,37700,"1779587523.259585 IP (tos 0x0, ttl 64, id 30697, offset 0, flags [DF], proto TCP (6), length 37700)"
1779587523.259638,,,TCP,52,"1779587523.259638 IP (tos 0x0, ttl 64, id 27361, offset 0, flags [DF], proto TCP (6), length 52)"
1779587523.259639,,,TCP,52,"1779587523.259639 IP (tos 0x0, ttl 64, id 27362, offset 0, flags [DF], proto TCP (6), length 52)"
1779587523.259685,,,TCP,27564,"1779587523.259685 IP (tos 0x0, ttl 64, id 30723, offset 0, flags [DF], proto TCP (6), length 27564)"
1779587523.259692,,,TCP,6156,"1779587523.259692 IP (tos 0x0, ttl 64, id 30742, offset 0, flags [DF], proto TCP (6), length 6156)"
1779587523.259802,,,TCP,2948,"1779587523.259802 IP (tos 0x0, ttl 64, id 30747, offset 0, flags [DF], proto TCP (6), length 2948)"
1779587523.260453,,,TCP,4396,"1779587523.260453 IP (tos 0x0, ttl 64, id 30749, offset 0, flags [DF], proto TCP (6), length 4396)"
1779587523.261818,,,TCP,13084,"1779587523.261818 IP (tos 0x0, ttl 64, id 30752, offset 0, flags [DF], proto TCP (6), length 13084)"
1779587523.262878,,,TCP,11636,"1779587523.262878 IP (tos 0x0, ttl 64, id 30761, offset 0, flags [DF], proto TCP (6), length 11636)"
1779587523.264148,,,TCP,13084,"1779587523.264148 IP (tos 0x0, ttl 64, id 30769, offset 0, flags [DF], proto TCP (6), length 13084)"
1779587523.265846,,,TCP,52,"1779587523.265846 IP (tos 0x0, ttl 64, id 27363, offset 0, flags [DF], proto TCP (6), length 52)"
1779587523.265930,,,TCP,2948,"1779587523.265930 IP (tos 0x0, ttl 64, id 30778, offset 0, flags [DF], proto TCP (6), length 2948)"
1779587523.267169,,,TCP,52,"1779587523.267169 IP (tos 0x0, ttl 64, id 27364, offset 0, flags [DF], proto TCP (6), length 52)"
1779587523.267297,,,TCP,37700,"1779587523.267297 IP (tos 0x0, ttl 64, id 30780, offset 0, flags [DF], proto TCP (6), length 37700)"
1779587523.268722,,,TCP,52,"1779587523.268722 IP (tos 0x0, ttl 64, id 27365, offset 0, flags [DF], proto TCP (6), length 52)"
1779587523.268727,,,TCP,52,"1779587523.268727 IP (tos 0x0, ttl 64, id 27366, offset 0, flags [DF], proto TCP (6), length 52)"
1779587523.268808,,,TCP,5844,"1779587523.268808 IP (tos 0x0, ttl 64, id 30806, offset 0, flags [DF], proto TCP (6), length 5844)"
1779587523.268834,,,TCP,10188,"1779587523.268834 IP (tos 0x0, ttl 64, id 30810, offset 0, flags [DF], proto TCP (6), length 10188)"
1779587523.269292,,,TCP,52,"1779587523.269292 IP (tos 0x0, ttl 64, id 27367, offset 0, flags [DF], proto TCP (6), length 52)"
1779587523.269294,,,TCP,52,"1779587523.269294 IP (tos 0x0, ttl 64, id 27368, offset 0, flags [DF], proto TCP (6), length 52)"
1779587523.269296,,,TCP,52,"1779587523.269296 IP (tos 0x0, ttl 64, id 27369, offset 0, flags [DF], proto TCP (6), length 52)"
1779587523.269364,,,TCP,4396,"1779587523.269364 IP (tos 0x0, ttl 64, id 30817, offset 0, flags [DF], proto TCP (6), length 4396)"
1779587523.269834,,,TCP,4396,"1779587523.269834 IP (tos 0x0, ttl 64, id 30820, offset 0, flags [DF], proto TCP (6), length 4396)"
1779587523.269863,,,TCP,52,"1779587523.269863 IP (tos 0x0, ttl 64, id 27370, offset 0, flags [DF], proto TCP (6), length 52)"
1779587523.269897,,,TCP,596,"1779587523.269897 IP (tos 0x0, ttl 64, id 30823, offset 0, flags [DF], proto TCP (6), length 596)"
1779587523.270439,,,TCP,52,"1779587523.270439 IP (tos 0x0, ttl 64, id 27371, offset 0, flags [DF], proto TCP (6), length 52)"
1779587523.270446,,,TCP,2948,"1779587523.270446 IP (tos 0x0, ttl 64, id 30824, offset 0, flags [DF], proto TCP (6), length 2948)"
1779587523.270695,,,TCP,4396,"1779587523.270695 IP (tos 0x0, ttl 64, id 30826, offset 0, flags [DF], proto TCP (6), length 4396)"
1779587523.270972,,,TCP,4396,"1779587523.270972 IP (tos 0x0, ttl 64, id 30829, offset 0, flags [DF], proto TCP (6), length 4396)"
1779587523.271065,,,TCP,52,"1779587523.271065 IP (tos 0x0, ttl 64, id 27372, offset 0, flags [DF], proto TCP (6), length 52)"
1779587523.271235,,,TCP,4396,"1779587523.271235 IP (tos 0x0, ttl 64, id 30832, offset 0, flags [DF], proto TCP (6), length 4396)"
1779587523.271531,,,TCP,4396,"1779587523.271531 IP (tos 0x0, ttl 64, id 30835, offset 0, flags [DF], proto TCP (6), length 4396)"
1779587523.271847,,,TCP,2948,"1779587523.271847 IP (tos 0x0, ttl 64, id 30838, offset 0, flags [DF], proto TCP (6), length 2948)"
1779587523.272117,,,TCP,4396,"1779587523.272117 IP (tos 0x0, ttl 64, id 30840, offset 0, flags [DF], proto TCP (6), length 4396)"
1779587523.272251,,,TCP,52,"1779587523.272251 IP (tos 0x0, ttl 64, id 27373, offset 0, flags [DF], proto TCP (6), length 52)"
1779587523.272351,,,TCP,4396,"1779587523.272351 IP (tos 0x0, ttl 64, id 30843, offset 0, flags [DF], proto TCP (6), length 4396)"
1779587523.272692,,,TCP,4396,"1779587523.272692 IP (tos 0x0, ttl 64, id 30846, offset 0, flags [DF], proto TCP (6), length 4396)"
1779587523.272903,,,TCP,52,"1779587523.272903 IP (tos 0x0, ttl 64, id 27374, offset 0, flags [DF], proto TCP (6), length 52)"
1779587523.272928,,,TCP,4396,"1779587523.272928 IP (tos 0x0, ttl 64, id 30849, offset 0, flags [DF], proto TCP (6), length 4396)"
1779587523.273198,,,TCP,4396,"1779587523.273198 IP (tos 0x0, ttl 64, id 30852, offset 0, flags [DF], proto TCP (6), length 4396)"
1779587523.273421,,,TCP,2948,"1779587523.273421 IP (tos 0x0, ttl 64, id 30855, offset 0, flags [DF], proto TCP (6), length 2948)"
1779587523.273857,,,TCP,4396,"1779587523.273857 IP (tos 0x0, ttl 64, id 30857, offset 0, flags [DF], proto TCP (6), length 4396)"
1779587523.274247,,,TCP,4396,"1779587523.274247 IP (tos 0x0, ttl 64, id 30860, offset 0, flags [DF], proto TCP (6), length 4396)"
1779587523.274518,,,TCP,52,"1779587523.274518 IP (tos 0x0, ttl 64, id 27375, offset 0, flags [DF], proto TCP (6), length 52)"
1779587523.274566,,,TCP,4396,"1779587523.274566 IP (tos 0x0, ttl 64, id 30863, offset 0, flags [DF], proto TCP (6), length 4396)"
1779587523.274941,,,TCP,4396,"1779587523.274941 IP (tos 0x0, ttl 64, id 30866, offset 0, flags [DF], proto TCP (6), length 4396)"
1779587523.275378,,,TCP,4396,"1779587523.275378 IP (tos 0x0, ttl 64, id 30869, offset 0, flags [DF], proto TCP (6), length 4396)"
1779587523.275723,,,TCP,2948,"1779587523.275723 IP (tos 0x0, ttl 64, id 30872, offset 0, flags [DF], proto TCP (6), length 2948)"
1779587523.275993,,,TCP,52,"1779587523.275993 IP (tos 0x0, ttl 64, id 27376, offset 0, flags [DF], proto TCP (6), length 52)"
1779587523.276216,,,TCP,4396,"1779587523.276216 IP (tos 0x0, ttl 64, id 30874, offset 0, flags [DF], proto TCP (6), length 4396)"
1779587523.276579,,,TCP,4396,"1779587523.276579 IP (tos 0x0, ttl 64, id 30877, offset 0, flags [DF], proto TCP (6), length 4396)"
1779587523.277011,,,TCP,4396,"1779587523.277011 IP (tos 0x0, ttl 64, id 30880, offset 0, flags [DF], proto TCP (6), length 4396)"
1779587523.277360,,,TCP,52,"1779587523.277360 IP (tos 0x0, ttl 64, id 27377, offset 0, flags [DF], proto TCP (6), length 52)"
1779587523.277376,,,TCP,4396,"1779587523.277376 IP (tos 0x0, ttl 64, id 30883, offset 0, flags [DF], proto TCP (6), length 4396)"
1779587523.277673,,,TCP,4396,"1779587523.277673 IP (tos 0x0, ttl 64, id 30886, offset 0, flags [DF], proto TCP (6), length 4396)"
1779587523.277957,,,TCP,2948,"1779587523.277957 IP (tos 0x0, ttl 64, id 30889, offset 0, flags [DF], proto TCP (6), length 2948)"
1779587523.278196,,,TCP,4396,"1779587523.278196 IP (tos 0x0, ttl 64, id 30891, offset 0, flags [DF], proto TCP (6), length 4396)"
1779587523.278456,,,TCP,4396,"1779587523.278456 IP (tos 0x0, ttl 64, id 30894, offset 0, flags [DF], proto TCP (6), length 4396)"
1779587523.278678,,,TCP,4396,"1779587523.278678 IP (tos 0x0, ttl 64, id 30897, offset 0, flags [DF], proto TCP (6), length 4396)"
1779587523.278857,,,TCP,52,"1779587523.278857 IP (tos 0x0, ttl 64, id 27378, offset 0, flags [DF], proto TCP (6), length 52)"
1779587523.278896,,,TCP,4396,"1779587523.278896 IP (tos 0x0, ttl 64, id 30900, offset 0, flags [DF], proto TCP (6), length 4396)"
1779587523.279158,,,TCP,4396,"1779587523.279158 IP (tos 0x0, ttl 64, id 30903, offset 0, flags [DF], proto TCP (6), length 4396)"
1779587523.279383,,,TCP,52,"1779587523.279383 IP (tos 0x0, ttl 64, id 27379, offset 0, flags [DF], proto TCP (6), length 52)"
1779587523.279457,,,TCP,2948,"1779587523.279457 IP (tos 0x0, ttl 64, id 30906, offset 0, flags [DF], proto TCP (6), length 2948)"
1779587523.279830,,,TCP,4396,"1779587523.279830 IP (tos 0x0, ttl 64, id 30908, offset 0, flags [DF], proto TCP (6), length 4396)"
1779587523.279965,,,TCP,52,"1779587523.279965 IP (tos 0x0, ttl 64, id 27380, offset 0, flags [DF], proto TCP (6), length 52)"
1779587523.279996,,,TCP,1052,"1779587523.279996 IP (tos 0x0, ttl 64, id 30911, offset 0, flags [DF], proto TCP (6), length 1052)"
1779587523.280125,,,TCP,2948,"1779587523.280125 IP (tos 0x0, ttl 64, id 30912, offset 0, flags [DF], proto TCP (6), length 2948)"
1779587523.280413,,,TCP,4396,"1779587523.280413 IP (tos 0x0, ttl 64, id 30914, offset 0, flags [DF], proto TCP (6), length 4396)"
1779587523.280498,,,TCP,52,"1779587523.280498 IP (tos 0x0, ttl 64, id 27381, offset 0, flags [DF], proto TCP (6), length 52)"
1779587523.280849,,,TCP,4396,"1779587523.280849 IP (tos 0x0, ttl 64, id 30917, offset 0, flags [DF], proto TCP (6), length 4396)"
1779587523.280964,,,TCP,52,"1779587523.280964 IP (tos 0x0, ttl 64, id 27382, offset 0, flags [DF], proto TCP (6), length 52)"
1779587523.281217,,,TCP,52,"1779587523.281217 IP (tos 0x0, ttl 64, id 27383, offset 0, flags [DF], proto TCP (6), length 52)"
1779587523.281234,,,TCP,4396,"1779587523.281234 IP (tos 0x0, ttl 64, id 30920, offset 0, flags [DF], proto TCP (6), length 4396)"
1779587523.281530,,,TCP,52,"1779587523.281530 IP (tos 0x0, ttl 64, id 27384, offset 0, flags [DF], proto TCP (6), length 52)"
1779587523.281580,,,TCP,4396,"1779587523.281580 IP (tos 0x0, ttl 64, id 30923, offset 0, flags [DF], proto TCP (6), length 4396)"
1779587523.281865,,,TCP,52,"1779587523.281865 IP (tos 0x0, ttl 64, id 27385, offset 0, flags [DF], proto TCP (6), length 52)"
1779587523.281989,,,TCP,2948,"1779587523.281989 IP (tos 0x0, ttl 64, id 30926, offset 0, flags [DF], proto TCP (6), length 2948)"
1779587523.282129,,,TCP,52,"1779587523.282129 IP (tos 0x0, ttl 64, id 27386, offset 0, flags [DF], proto TCP (6), length 52)"
1779587523.282364,,,TCP,52,"1779587523.282364 IP (tos 0x0, ttl 64, id 27387, offset 0, flags [DF], proto TCP (6), length 52)"
1779587523.282389,,,TCP,4396,"1779587523.282389 IP (tos 0x0, ttl 64, id 30928, offset 0, flags [DF], proto TCP (6), length 4396)"
1779587523.282683,,,TCP,52,"1779587523.282683 IP (tos 0x0, ttl 64, id 27388, offset 0, flags [DF], proto TCP (6), length 52)"
1779587523.282692,,,TCP,4396,"1779587523.282692 IP (tos 0x0, ttl 64, id 30931, offset 0, flags [DF], proto TCP (6), length 4396)"
1779587523.282937,,,TCP,52,"1779587523.282937 IP (tos 0x0, ttl 64, id 27389, offset 0, flags [DF], proto TCP (6), length 52)"
1779587523.282981,,,TCP,4396,"1779587523.282981 IP (tos 0x0, ttl 64, id 30934, offset 0, flags [DF], proto TCP (6), length 4396)"
1779587523.283149,,,TCP,52,"1779587523.283149 IP (tos 0x0, ttl 64, id 27390, offset 0, flags [DF], proto TCP (6), length 52)"
1779587523.283337,,,TCP,4396,"1779587523.283337 IP (tos 0x0, ttl 64, id 30937, offset 0, flags [DF], proto TCP (6), length 4396)"
1779587523.283446,,,TCP,52,"1779587523.283446 IP (tos 0x0, ttl 64, id 27391, offset 0, flags [DF], proto TCP (6), length 52)"
1779587523.283595,,,TCP,4396,"1779587523.283595 IP (tos 0x0, ttl 64, id 30940, offset 0, flags [DF], proto TCP (6), length 4396)"
1779587523.283665,,,TCP,52,"1779587523.283665 IP (tos 0x0, ttl 64, id 27392, offset 0, flags [DF], proto TCP (6), length 52)"
1779587523.283920,,,TCP,52,"1779587523.283920 IP (tos 0x0, ttl 64, id 27393, offset 0, flags [DF], proto TCP (6), length 52)"
1779587523.283989,,,TCP,2948,"1779587523.283989 IP (tos 0x0, ttl 64, id 30943, offset 0, flags [DF], proto TCP (6), length 2948)"
1779587523.284411,,,TCP,4396,"1779587523.284411 IP (tos 0x0, ttl 64, id 30945, offset 0, flags [DF], proto TCP (6), length 4396)"
1779587523.284628,,,TCP,52,"1779587523.284628 IP (tos 0x0, ttl 64, id 27394, offset 0, flags [DF], proto TCP (6), length 52)"
1779587523.284750,,,TCP,4396,"1779587523.284750 IP (tos 0x0, ttl 64, id 30948, offset 0, flags [DF], proto TCP (6), length 4396)"
1779587523.285100,,,TCP,52,"1779587523.285100 IP (tos 0x0, ttl 64, id 27395, offset 0, flags [DF], proto TCP (6), length 52)"
1779587523.285167,,,TCP,4396,"1779587523.285167 IP (tos 0x0, ttl 64, id 30951, offset 0, flags [DF], proto TCP (6), length 4396)"
1779587523.285441,,,TCP,52,"1779587523.285441 IP (tos 0x0, ttl 64, id 27396, offset 0, flags [DF], proto TCP (6), length 52)"
1779587523.285516,,,TCP,4396,"1779587523.285516 IP (tos 0x0, ttl 64, id 30954, offset 0, flags [DF], proto TCP (6), length 4396)"
1779587523.285779,,,TCP,52,"1779587523.285779 IP (tos 0x0, ttl 64, id 27397, offset 0, flags [DF], proto TCP (6), length 52)"
1779587523.285820,,,TCP,4396,"1779587523.285820 IP (tos 0x0, ttl 64, id 30957, offset 0, flags [DF], proto TCP (6), length 4396)"
1779587523.286135,,,TCP,2948,"1779587523.286135 IP (tos 0x0, ttl 64, id 30960, offset 0, flags [DF], proto TCP (6), length 2948)"
1779587523.286425,,,TCP,4396,"1779587523.286425 IP (tos 0x0, ttl 64, id 30962, offset 0, flags [DF], proto TCP (6), length 4396)"
1779587523.286458,,,TCP,52,"1779587523.286458 IP (tos 0x0, ttl 64, id 27398, offset 0, flags [DF], proto TCP (6), length 52)"
1779587523.286711,,,TCP,52,"1779587523.286711 IP (tos 0x0, ttl 64, id 27399, offset 0, flags [DF], proto TCP (6), length 52)"
1779587523.286740,,,TCP,4396,"1779587523.286740 IP (tos 0x0, ttl 64, id 30965, offset 0, flags [DF], proto TCP (6), length 4396)"
1779587523.287027,,,TCP,4396,"1779587523.287027 IP (tos 0x0, ttl 64, id 30968, offset 0, flags [DF], proto TCP (6), length 4396)"
1779587523.287133,,,TCP,52,"1779587523.287133 IP (tos 0x0, ttl 64, id 27400, offset 0, flags [DF], proto TCP (6), length 52)"
1779587523.287441,,,TCP,52,"1779587523.287441 IP (tos 0x0, ttl 64, id 27401, offset 0, flags [DF], proto TCP (6), length 52)"
1779587523.287448,,,TCP,4396,"1779587523.287448 IP (tos 0x0, ttl 64, id 30971, offset 0, flags [DF], proto TCP (6), length 4396)"
1779587523.287664,,,TCP,4396,"1779587523.287664 IP (tos 0x0, ttl 64, id 30974, offset 0, flags [DF], proto TCP (6), length 4396)"
1779587523.287720,,,TCP,52,"1779587523.287720 IP (tos 0x0, ttl 64, id 27402, offset 0, flags [DF], proto TCP (6), length 52)"
1779587523.287939,,,TCP,2948,"1779587523.287939 IP (tos 0x0, ttl 64, id 30977, offset 0, flags [DF], proto TCP (6), length 2948)"
1779587523.288001,,,TCP,52,"1779587523.288001 IP (tos 0x0, ttl 64, id 27403, offset 0, flags [DF], proto TCP (6), length 52)"
1779587523.288239,,,TCP,4396,"1779587523.288239 IP (tos 0x0, ttl 64, id 30979, offset 0, flags [DF], proto TCP (6), length 4396)"
1779587523.288323,,,TCP,52,"1779587523.288323 IP (tos 0x0, ttl 64, id 27404, offset 0, flags [DF], proto TCP (6), length 52)"
1779587523.288448,,,TCP,4396,"1779587523.288448 IP (tos 0x0, ttl 64, id 30982, offset 0, flags [DF], proto TCP (6), length 4396)"
1779587523.288637,,,TCP,52,"1779587523.288637 IP (tos 0x0, ttl 64, id 27405, offset 0, flags [DF], proto TCP (6), length 52)"
1779587523.288761,,,TCP,4396,"1779587523.288761 IP (tos 0x0, ttl 64, id 30985, offset 0, flags [DF], proto TCP (6), length 4396)"
1779587523.289027,,,TCP,4396,"1779587523.289027 IP (tos 0x0, ttl 64, id 30988, offset 0, flags [DF], proto TCP (6), length 4396)"
1779587523.289076,,,TCP,52,"1779587523.289076 IP (tos 0x0, ttl 64, id 27406, offset 0, flags [DF], proto TCP (6), length 52)"
1779587523.289290,,,TCP,4396,"1779587523.289290 IP (tos 0x0, ttl 64, id 30991, offset 0, flags [DF], proto TCP (6), length 4396)"
1779587523.289517,,,TCP,52,"1779587523.289517 IP (tos 0x0, ttl 64, id 27407, offset 0, flags [DF], proto TCP (6), length 52)"
1779587523.289530,,,TCP,2948,"1779587523.289530 IP (tos 0x0, ttl 64, id 30994, offset 0, flags [DF], proto TCP (6), length 2948)"
1779587523.289754,,,TCP,4396,"1779587523.289754 IP (tos 0x0, ttl 64, id 30996, offset 0, flags [DF], proto TCP (6), length 4396)"
1779587523.290024,,,TCP,4396,"1779587523.290024 IP (tos 0x0, ttl 64, id 30999, offset 0, flags [DF], proto TCP (6), length 4396)"
1779587523.290097,,,TCP,52,"1779587523.290097 IP (tos 0x0, ttl 64, id 27408, offset 0, flags [DF], proto TCP (6), length 52)"
1779587523.290115,,,TCP,804,"1779587523.290115 IP (tos 0x0, ttl 64, id 31002, offset 0, flags [DF], proto TCP (6), length 804)"
1779587523.290268,,,TCP,2948,"1779587523.290268 IP (tos 0x0, ttl 64, id 31003, offset 0, flags [DF], proto TCP (6), length 2948)"
1779587523.290391,,,TCP,52,"1779587523.290391 IP (tos 0x0, ttl 64, id 27409, offset 0, flags [DF], proto TCP (6), length 52)"
1779587523.290481,,,TCP,4396,"1779587523.290481 IP (tos 0x0, ttl 64, id 31005, offset 0, flags [DF], proto TCP (6), length 4396)"
1779587523.290718,,,TCP,4396,"1779587523.290718 IP (tos 0x0, ttl 64, id 31008, offset 0, flags [DF], proto TCP (6), length 4396)"
1779587523.290893,,,TCP,52,"1779587523.290893 IP (tos 0x0, ttl 64, id 27410, offset 0, flags [DF], proto TCP (6), length 52)"
1779587523.290976,,,TCP,4396,"1779587523.290976 IP (tos 0x0, ttl 64, id 31011, offset 0, flags [DF], proto TCP (6), length 4396)"
1779587523.291280,,,TCP,52,"1779587523.291280 IP (tos 0x0, ttl 64, id 27411, offset 0, flags [DF], proto TCP (6), length 52)"
1779587523.291334,,,TCP,4396,"1779587523.291334 IP (tos 0x0, ttl 64, id 31014, offset 0, flags [DF], proto TCP (6), length 4396)"
1779587523.291633,,,TCP,2948,"1779587523.291633 IP (tos 0x0, ttl 64, id 31017, offset 0, flags [DF], proto TCP (6), length 2948)"
1779587523.291636,,,TCP,52,"1779587523.291636 IP (tos 0x0, ttl 64, id 27412, offset 0, flags [DF], proto TCP (6), length 52)"
1779587523.291843,,,TCP,4396,"1779587523.291843 IP (tos 0x0, ttl 64, id 31019, offset 0, flags [DF], proto TCP (6), length 4396)"
1779587523.292104,,,TCP,4396,"1779587523.292104 IP (tos 0x0, ttl 64, id 31022, offset 0, flags [DF], proto TCP (6), length 4396)"
1779587523.292340,,,TCP,4396,"1779587523.292340 IP (tos 0x0, ttl 64, id 31025, offset 0, flags [DF], proto TCP (6), length 4396)"
1779587523.292405,,,TCP,52,"1779587523.292405 IP (tos 0x0, ttl 64, id 27413, offset 0, flags [DF], proto TCP (6), length 52)"
1779587523.292600,,,TCP,4396,"1779587523.292600 IP (tos 0x0, ttl 64, id 31028, offset 0, flags [DF], proto TCP (6), length 4396)"
1779587523.292718,,,TCP,52,"1779587523.292718 IP (tos 0x0, ttl 64, id 27414, offset 0, flags [DF], proto TCP (6), length 52)"
1779587523.292775,,,TCP,4396,"1779587523.292775 IP (tos 0x0, ttl 64, id 31031, offset 0, flags [DF], proto TCP (6), length 4396)"
1779587523.293021,,,TCP,52,"1779587523.293021 IP (tos 0x0, ttl 64, id 27415, offset 0, flags [DF], proto TCP (6), length 52)"
1779587523.293040,,,TCP,2948,"1779587523.293040 IP (tos 0x0, ttl 64, id 31034, offset 0, flags [DF], proto TCP (6), length 2948)"
1779587523.293286,,,TCP,4396,"1779587523.293286 IP (tos 0x0, ttl 64, id 31036, offset 0, flags [DF], proto TCP (6), length 4396)"
1779587523.293384,,,TCP,52,"1779587523.293384 IP (tos 0x0, ttl 64, id 27416, offset 0, flags [DF], proto TCP (6), length 52)"
1779587523.293526,,,TCP,4396,"1779587523.293526 IP (tos 0x0, ttl 64, id 31039, offset 0, flags [DF], proto TCP (6), length 4396)"
1779587523.293625,,,TCP,52,"1779587523.293625 IP (tos 0x0, ttl 64, id 27417, offset 0, flags [DF], proto TCP (6), length 52)"
1779587523.293828,,,TCP,4396,"1779587523.293828 IP (tos 0x0, ttl 64, id 31042, offset 0, flags [DF], proto TCP (6), length 4396)"
1779587523.294032,,,TCP,52,"1779587523.294032 IP (tos 0x0, ttl 64, id 27418, offset 0, flags [DF], proto TCP (6), length 52)"
1779587523.294088,,,TCP,4396,"1779587523.294088 IP (tos 0x0, ttl 64, id 31045, offset 0, flags [DF], proto TCP (6), length 4396)"
1779587523.294312,,,TCP,4396,"1779587523.294312 IP (tos 0x0, ttl 64, id 31048, offset 0, flags [DF], proto TCP (6), length 4396)"
1779587523.294450,,,TCP,52,"1779587523.294450 IP (tos 0x0, ttl 64, id 27419, offset 0, flags [DF], proto TCP (6), length 52)"
1779587523.294568,,,TCP,2948,"1779587523.294568 IP (tos 0x0, ttl 64, id 31051, offset 0, flags [DF], proto TCP (6), length 2948)"
1779587523.294766,,,TCP,52,"1779587523.294766 IP (tos 0x0, ttl 64, id 27420, offset 0, flags [DF], proto TCP (6), length 52)"
1779587523.294785,,,TCP,4396,"1779587523.294785 IP (tos 0x0, ttl 64, id 31053, offset 0, flags [DF], proto TCP (6), length 4396)"
1779587523.295046,,,TCP,4396,"1779587523.295046 IP (tos 0x0, ttl 64, id 31056, offset 0, flags [DF], proto TCP (6), length 4396)"
1779587523.295203,,,TCP,52,"1779587523.295203 IP (tos 0x0, ttl 64, id 27421, offset 0, flags [DF], proto TCP (6), length 52)"
1779587523.295315,,,TCP,4396,"1779587523.295315 IP (tos 0x0, ttl 64, id 31059, offset 0, flags [DF], proto TCP (6), length 4396)"
1779587523.295546,,,TCP,4396,"1779587523.295546 IP (tos 0x0, ttl 64, id 31062, offset 0, flags [DF], proto TCP (6), length 4396)"
1779587523.295555,,,TCP,52,"1779587523.295555 IP (tos 0x0, ttl 64, id 27422, offset 0, flags [DF], proto TCP (6), length 52)"
1779587523.295745,,,TCP,4396,"1779587523.295745 IP (tos 0x0, ttl 64, id 31065, offset 0, flags [DF], proto TCP (6), length 4396)"
1779587523.295878,,,TCP,52,"1779587523.295878 IP (tos 0x0, ttl 64, id 27423, offset 0, flags [DF], proto TCP (6), length 52)"
1779587523.296006,,,TCP,2948,"1779587523.296006 IP (tos 0x0, ttl 64, id 31068, offset 0, flags [DF], proto TCP (6), length 2948)"
1779587523.296186,,,TCP,52,"1779587523.296186 IP (tos 0x0, ttl 64, id 27424, offset 0, flags [DF], proto TCP (6), length 52)"
1779587523.296215,,,TCP,4396,"1779587523.296215 IP (tos 0x0, ttl 64, id 31070, offset 0, flags [DF], proto TCP (6), length 4396)"
1779587523.296477,,,TCP,52,"1779587523.296477 IP (tos 0x0, ttl 64, id 27425, offset 0, flags [DF], proto TCP (6), length 52)"
1779587523.296512,,,TCP,4396,"1779587523.296512 IP (tos 0x0, ttl 64, id 31073, offset 0, flags [DF], proto TCP (6), length 4396)"
1779587523.296771,,,TCP,4396,"1779587523.296771 IP (tos 0x0, ttl 64, id 31076, offset 0, flags [DF], proto TCP (6), length 4396)"
1779587523.296977,,,TCP,4396,"1779587523.296977 IP (tos 0x0, ttl 64, id 31079, offset 0, flags [DF], proto TCP (6), length 4396)"
1779587523.296989,,,TCP,52,"1779587523.296989 IP (tos 0x0, ttl 64, id 27426, offset 0, flags [DF], proto TCP (6), length 52)"
1779587523.297181,,,TCP,4396,"1779587523.297181 IP (tos 0x0, ttl 64, id 31082, offset 0, flags [DF], proto TCP (6), length 4396)"
1779587523.297398,,,TCP,52,"1779587523.297398 IP (tos 0x0, ttl 64, id 27427, offset 0, flags [DF], proto TCP (6), length 52)"
1779587523.297421,,,TCP,2948,"1779587523.297421 IP (tos 0x0, ttl 64, id 31085, offset 0, flags [DF], proto TCP (6), length 2948)"
1779587523.297613,,,TCP,52,"1779587523.297613 IP (tos 0x0, ttl 64, id 27428, offset 0, flags [DF], proto TCP (6), length 52)"
1779587523.297672,,,TCP,4396,"1779587523.297672 IP (tos 0x0, ttl 64, id 31087, offset 0, flags [DF], proto TCP (6), length 4396)"
1779587523.297787,,,TCP,52,"1779587523.297787 IP (tos 0x0, ttl 64, id 27429, offset 0, flags [DF], proto TCP (6), length 52)"
1779587523.297898,,,TCP,4396,"1779587523.297898 IP (tos 0x0, ttl 64, id 31090, offset 0, flags [DF], proto TCP (6), length 4396)"
1779587523.297976,,,TCP,52,"1779587523.297976 IP (tos 0x0, ttl 64, id 27430, offset 0, flags [DF], proto TCP (6), length 52)"
1779587523.298127,,,TCP,4396,"1779587523.298127 IP (tos 0x0, ttl 64, id 31093, offset 0, flags [DF], proto TCP (6), length 4396)"
1779587523.298373,,,TCP,4396,"1779587523.298373 IP (tos 0x0, ttl 64, id 31096, offset 0, flags [DF], proto TCP (6), length 4396)"
1779587523.298435,,,TCP,52,"1779587523.298435 IP (tos 0x0, ttl 64, id 27431, offset 0, flags [DF], proto TCP (6), length 52)"
1779587523.298677,,,TCP,4396,"1779587523.298677 IP (tos 0x0, ttl 64, id 31099, offset 0, flags [DF], proto TCP (6), length 4396)"
1779587523.298770,,,TCP,52,"1779587523.298770 IP (tos 0x0, ttl 64, id 27432, offset 0, flags [DF], proto TCP (6), length 52)"
1779587523.298935,,,TCP,2948,"1779587523.298935 IP (tos 0x0, ttl 64, id 31102, offset 0, flags [DF], proto TCP (6), length 2948)"
1779587523.299006,,,TCP,52,"1779587523.299006 IP (tos 0x0, ttl 64, id 27433, offset 0, flags [DF], proto TCP (6), length 52)"
1779587523.299116,,,TCP,4396,"1779587523.299116 IP (tos 0x0, ttl 64, id 31104, offset 0, flags [DF], proto TCP (6), length 4396)"
1779587523.299278,,,TCP,52,"1779587523.299278 IP (tos 0x0, ttl 64, id 27434, offset 0, flags [DF], proto TCP (6), length 52)"
1779587523.299310,,,TCP,4396,"1779587523.299310 IP (tos 0x0, ttl 64, id 31107, offset 0, flags [DF], proto TCP (6), length 4396)"
1779587523.299540,,,TCP,4396,"1779587523.299540 IP (tos 0x0, ttl 64, id 31110, offset 0, flags [DF], proto TCP (6), length 4396)"
1779587523.299553,,,TCP,52,"1779587523.299553 IP (tos 0x0, ttl 64, id 27435, offset 0, flags [DF], proto TCP (6), length 52)"
1779587523.299775,,,TCP,52,"1779587523.299775 IP (tos 0x0, ttl 64, id 27436, offset 0, flags [DF], proto TCP (6), length 52)"
1779587523.299805,,,TCP,4396,"1779587523.299805 IP (tos 0x0, ttl 64, id 31113, offset 0, flags [DF], proto TCP (6), length 4396)"
1779587523.300044,,,TCP,52,"1779587523.300044 IP (tos 0x0, ttl 64, id 27437, offset 0, flags [DF], proto TCP (6), length 52)"
1779587523.300060,,,TCP,2948,"1779587523.300060 IP (tos 0x0, ttl 64, id 31116, offset 0, flags [DF], proto TCP (6), length 2948)"
1779587523.300304,,,TCP,4396,"1779587523.300304 IP (tos 0x0, ttl 64, id 31118, offset 0, flags [DF], proto TCP (6), length 4396)"
1779587523.300462,,,TCP,52,"1779587523.300462 IP (tos 0x0, ttl 64, id 27438, offset 0, flags [DF], proto TCP (6), length 52)"
1779587523.300482,,,TCP,1220,"1779587523.300482 IP (tos 0x0, ttl 64, id 31121, offset 0, flags [DF], proto TCP (6), length 1220)"
1779587523.300562,,,TCP,2948,"1779587523.300562 IP (tos 0x0, ttl 64, id 31122, offset 0, flags [DF], proto TCP (6), length 2948)"
1779587523.300687,,,TCP,52,"1779587523.300687 IP (tos 0x0, ttl 64, id 27439, offset 0, flags [DF], proto TCP (6), length 52)"
1779587523.300789,,,TCP,4396,"1779587523.300789 IP (tos 0x0, ttl 64, id 31124, offset 0, flags [DF], proto TCP (6), length 4396)"
1779587523.300966,,,TCP,52,"1779587523.300966 IP (tos 0x0, ttl 64, id 27440, offset 0, flags [DF], proto TCP (6), length 52)"
1779587523.301047,,,TCP,4396,"1779587523.301047 IP (tos 0x0, ttl 64, id 31127, offset 0, flags [DF], proto TCP (6), length 4396)"
1779587523.301267,,,TCP,4396,"1779587523.301267 IP (tos 0x0, ttl 64, id 31130, offset 0, flags [DF], proto TCP (6), length 4396)"
1779587523.301381,,,TCP,52,"1779587523.301381 IP (tos 0x0, ttl 64, id 27441, offset 0, flags [DF], proto TCP (6), length 52)"
1779587523.301516,,,TCP,4396,"1779587523.301516 IP (tos 0x0, ttl 64, id 31133, offset 0, flags [DF], proto TCP (6), length 4396)"
1779587523.301608,,,TCP,52,"1779587523.301608 IP (tos 0x0, ttl 64, id 27442, offset 0, flags [DF], proto TCP (6), length 52)"
1779587523.301790,,,TCP,2948,"1779587523.301790 IP (tos 0x0, ttl 64, id 31136, offset 0, flags [DF], proto TCP (6), length 2948)"
1779587523.301810,,,TCP,52,"1779587523.301810 IP (tos 0x0, ttl 64, id 27443, offset 0, flags [DF], proto TCP (6), length 52)"
1779587523.302056,,,TCP,52,"1779587523.302056 IP (tos 0x0, ttl 64, id 27444, offset 0, flags [DF], proto TCP (6), length 52)"
1779587523.302080,,,TCP,4396,"1779587523.302080 IP (tos 0x0, ttl 64, id 31138, offset 0, flags [DF], proto TCP (6), length 4396)"
1779587523.302263,,,TCP,4396,"1779587523.302263 IP (tos 0x0, ttl 64, id 31141, offset 0, flags [DF], proto TCP (6), length 4396)"
1779587523.302463,,,TCP,52,"1779587523.302463 IP (tos 0x0, ttl 64, id 27445, offset 0, flags [DF], proto TCP (6), length 52)"
1779587523.302493,,,TCP,4396,"1779587523.302493 IP (tos 0x0, ttl 64, id 31144, offset 0, flags [DF], proto TCP (6), length 4396)"
1779587523.302748,,,TCP,4396,"1779587523.302748 IP (tos 0x0, ttl 64, id 31147, offset 0, flags [DF], proto TCP (6), length 4396)"
1779587523.302793,,,TCP,52,"1779587523.302793 IP (tos 0x0, ttl 64, id 27446, offset 0, flags [DF], proto TCP (6), length 52)"
1779587523.302948,,,TCP,4396,"1779587523.302948 IP (tos 0x0, ttl 64, id 31150, offset 0, flags [DF], proto TCP (6), length 4396)"
1779587523.303078,,,TCP,52,"1779587523.303078 IP (tos 0x0, ttl 64, id 27447, offset 0, flags [DF], proto TCP (6), length 52)"
1779587523.303174,,,TCP,2948,"1779587523.303174 IP (tos 0x0, ttl 64, id 31153, offset 0, flags [DF], proto TCP (6), length 2948)"
1779587523.303445,,,TCP,52,"1779587523.303445 IP (tos 0x0, ttl 64, id 27448, offset 0, flags [DF], proto TCP (6), length 52)"
1779587523.303459,,,TCP,4396,"1779587523.303459 IP (tos 0x0, ttl 64, id 31155, offset 0, flags [DF], proto TCP (6), length 4396)"
1779587523.303668,,,TCP,52,"1779587523.303668 IP (tos 0x0, ttl 64, id 27449, offset 0, flags [DF], proto TCP (6), length 52)"
1779587523.303699,,,TCP,4396,"1779587523.303699 IP (tos 0x0, ttl 64, id 31158, offset 0, flags [DF], proto TCP (6), length 4396)"
1779587523.303879,,,TCP,52,"1779587523.303879 IP (tos 0x0, ttl 64, id 27450, offset 0, flags [DF], proto TCP (6), length 52)"
1779587523.303911,,,TCP,4396,"1779587523.303911 IP (tos 0x0, ttl 64, id 31161, offset 0, flags [DF], proto TCP (6), length 4396)"
1779587523.304098,,,TCP,52,"1779587523.304098 IP (tos 0x0, ttl 64, id 27451, offset 0, flags [DF], proto TCP (6), length 52)"
1779587523.304117,,,TCP,4396,"1779587523.304117 IP (tos 0x0, ttl 64, id 31164, offset 0, flags [DF], proto TCP (6), length 4396)"
1779587523.304314,,,TCP,4396,"1779587523.304314 IP (tos 0x0, ttl 64, id 31167, offset 0, flags [DF], proto TCP (6), length 4396)"
1779587523.304326,,,TCP,52,"1779587523.304326 IP (tos 0x0, ttl 64, id 27452, offset 0, flags [DF], proto TCP (6), length 52)"
1779587523.319550,,,TCP,52,"1779587523.319550 IP (tos 0x0, ttl 64, id 27453, offset 0, flags [DF], proto TCP (6), length 52)"
1779587523.319553,,,TCP,52,"1779587523.319553 IP (tos 0x0, ttl 64, id 27454, offset 0, flags [DF], proto TCP (6), length 52)"
1779587523.319554,,,TCP,52,"1779587523.319554 IP (tos 0x0, ttl 64, id 27455, offset 0, flags [DF], proto TCP (6), length 52)"
1779587523.319554,,,TCP,52,"1779587523.319554 IP (tos 0x0, ttl 64, id 27456, offset 0, flags [DF], proto TCP (6), length 52)"
1779587523.319554,,,TCP,52,"1779587523.319554 IP (tos 0x0, ttl 64, id 27457, offset 0, flags [DF], proto TCP (6), length 52)"
1779587523.319555,,,TCP,52,"1779587523.319555 IP (tos 0x0, ttl 64, id 27458, offset 0, flags [DF], proto TCP (6), length 52)"
1779587523.319555,,,TCP,52,"1779587523.319555 IP (tos 0x0, ttl 64, id 27459, offset 0, flags [DF], proto TCP (6), length 52)"
1779587523.319555,,,TCP,52,"1779587523.319555 IP (tos 0x0, ttl 64, id 27460, offset 0, flags [DF], proto TCP (6), length 52)"
1779587523.319556,,,TCP,52,"1779587523.319556 IP (tos 0x0, ttl 64, id 27461, offset 0, flags [DF], proto TCP (6), length 52)"
1779587523.319558,,,TCP,52,"1779587523.319558 IP (tos 0x0, ttl 64, id 27462, offset 0, flags [DF], proto TCP (6), length 52)"
1779587523.319558,,,TCP,52,"1779587523.319558 IP (tos 0x0, ttl 64, id 27463, offset 0, flags [DF], proto TCP (6), length 52)"
1779587523.319558,,,TCP,52,"1779587523.319558 IP (tos 0x0, ttl 64, id 27464, offset 0, flags [DF], proto TCP (6), length 52)"
1779587523.319559,,,TCP,52,"1779587523.319559 IP (tos 0x0, ttl 64, id 27465, offset 0, flags [DF], proto TCP (6), length 52)"
1779587523.319559,,,TCP,52,"1779587523.319559 IP (tos 0x0, ttl 64, id 27466, offset 0, flags [DF], proto TCP (6), length 52)"
1779587523.319559,,,TCP,52,"1779587523.319559 IP (tos 0x0, ttl 64, id 27467, offset 0, flags [DF], proto TCP (6), length 52)"
1779587523.319560,,,TCP,52,"1779587523.319560 IP (tos 0x0, ttl 64, id 27468, offset 0, flags [DF], proto TCP (6), length 52)"
1779587523.319561,,,TCP,52,"1779587523.319561 IP (tos 0x0, ttl 64, id 27469, offset 0, flags [DF], proto TCP (6), length 52)"
1779587523.319561,,,TCP,52,"1779587523.319561 IP (tos 0x0, ttl 64, id 27470, offset 0, flags [DF], proto TCP (6), length 52)"
1779587523.319563,,,TCP,52,"1779587523.319563 IP (tos 0x0, ttl 64, id 27471, offset 0, flags [DF], proto TCP (6), length 52)"
1779587523.319563,,,TCP,52,"1779587523.319563 IP (tos 0x0, ttl 64, id 27472, offset 0, flags [DF], proto TCP (6), length 52)"
1779587523.319564,,,TCP,52,"1779587523.319564 IP (tos 0x0, ttl 64, id 27473, offset 0, flags [DF], proto TCP (6), length 52)"
1779587523.319564,,,TCP,52,"1779587523.319564 IP (tos 0x0, ttl 64, id 27474, offset 0, flags [DF], proto TCP (6), length 52)"
1779587523.319564,,,TCP,52,"1779587523.319564 IP (tos 0x0, ttl 64, id 27475, offset 0, flags [DF], proto TCP (6), length 52)"
1779587523.319565,,,TCP,52,"1779587523.319565 IP (tos 0x0, ttl 64, id 27476, offset 0, flags [DF], proto TCP (6), length 52)"
1779587523.319565,,,TCP,52,"1779587523.319565 IP (tos 0x0, ttl 64, id 27477, offset 0, flags [DF], proto TCP (6), length 52)"
1779587523.319565,,,TCP,52,"1779587523.319565 IP (tos 0x0, ttl 64, id 27478, offset 0, flags [DF], proto TCP (6), length 52)"
1779587523.319566,,,TCP,52,"1779587523.319566 IP (tos 0x0, ttl 64, id 27479, offset 0, flags [DF], proto TCP (6), length 52)"
1779587523.319568,,,TCP,52,"1779587523.319568 IP (tos 0x0, ttl 64, id 27480, offset 0, flags [DF], proto TCP (6), length 52)"
1779587523.319568,,,TCP,52,"1779587523.319568 IP (tos 0x0, ttl 64, id 27481, offset 0, flags [DF], proto TCP (6), length 52)"
1779587523.319568,,,TCP,52,"1779587523.319568 IP (tos 0x0, ttl 64, id 27482, offset 0, flags [DF], proto TCP (6), length 52)"
1779587523.319569,,,TCP,52,"1779587523.319569 IP (tos 0x0, ttl 64, id 27483, offset 0, flags [DF], proto TCP (6), length 52)"
1779587523.319569,,,TCP,52,"1779587523.319569 IP (tos 0x0, ttl 64, id 27484, offset 0, flags [DF], proto TCP (6), length 52)"
1779587523.319570,,,TCP,52,"1779587523.319570 IP (tos 0x0, ttl 64, id 27485, offset 0, flags [DF], proto TCP (6), length 52)"
1779587523.319570,,,TCP,52,"1779587523.319570 IP (tos 0x0, ttl 64, id 27486, offset 0, flags [DF], proto TCP (6), length 52)"
1779587523.319570,,,TCP,52,"1779587523.319570 IP (tos 0x0, ttl 64, id 27487, offset 0, flags [DF], proto TCP (6), length 52)"
1779587523.319571,,,TCP,52,"1779587523.319571 IP (tos 0x0, ttl 64, id 27488, offset 0, flags [DF], proto TCP (6), length 52)"
1779587523.319572,,,TCP,52,"1779587523.319572 IP (tos 0x0, ttl 64, id 27489, offset 0, flags [DF], proto TCP (6), length 52)"
1779587523.319572,,,TCP,52,"1779587523.319572 IP (tos 0x0, ttl 64, id 27490, offset 0, flags [DF], proto TCP (6), length 52)"
1779587523.319573,,,TCP,52,"1779587523.319573 IP (tos 0x0, ttl 64, id 27491, offset 0, flags [DF], proto TCP (6), length 52)"
1779587523.319573,,,TCP,52,"1779587523.319573 IP (tos 0x0, ttl 64, id 27492, offset 0, flags [DF], proto TCP (6), length 52)"
1779587523.319573,,,TCP,52,"1779587523.319573 IP (tos 0x0, ttl 64, id 27493, offset 0, flags [DF], proto TCP (6), length 52)"
1779587523.319574,,,TCP,52,"1779587523.319574 IP (tos 0x0, ttl 64, id 27494, offset 0, flags [DF], proto TCP (6), length 52)"
1779587523.319735,,,TCP,180,"1779587523.319735 IP (tos 0x0, ttl 64, id 31170, offset 0, flags [DF], proto TCP (6), length 180)"
1779587523.320106,,,TCP,2948,"1779587523.320106 IP (tos 0x0, ttl 64, id 31171, offset 0, flags [DF], proto TCP (6), length 2948)"
1779587523.320369,,,TCP,4396,"1779587523.320369 IP (tos 0x0, ttl 64, id 31173, offset 0, flags [DF], proto TCP (6), length 4396)"
1779587523.320607,,,TCP,4396,"1779587523.320607 IP (tos 0x0, ttl 64, id 31176, offset 0, flags [DF], proto TCP (6), length 4396)"
1779587523.320810,,,TCP,4396,"1779587523.320810 IP (tos 0x0, ttl 64, id 31179, offset 0, flags [DF], proto TCP (6), length 4396)"
1779587523.321030,,,TCP,4396,"1779587523.321030 IP (tos 0x0, ttl 64, id 31182, offset 0, flags [DF], proto TCP (6), length 4396)"
1779587523.321258,,,TCP,2948,"1779587523.321258 IP (tos 0x0, ttl 64, id 31185, offset 0, flags [DF], proto TCP (6), length 2948)"
1779587523.321422,,,TCP,4396,"1779587523.321422 IP (tos 0x0, ttl 64, id 31187, offset 0, flags [DF], proto TCP (6), length 4396)"
1779587523.321658,,,TCP,4396,"1779587523.321658 IP (tos 0x0, ttl 64, id 31190, offset 0, flags [DF], proto TCP (6), length 4396)"
1779587523.321890,,,TCP,4396,"1779587523.321890 IP (tos 0x0, ttl 64, id 31193, offset 0, flags [DF], proto TCP (6), length 4396)"
1779587523.329797,,,TCP,52,"1779587523.329797 IP (tos 0x0, ttl 64, id 27495, offset 0, flags [DF], proto TCP (6), length 52)"
1779587523.329844,,,TCP,716,"1779587523.329844 IP (tos 0x0, ttl 64, id 31196, offset 0, flags [DF], proto TCP (6), length 716)"
1779587523.330155,,,TCP,52,"1779587523.330155 IP (tos 0x0, ttl 64, id 27496, offset 0, flags [DF], proto TCP (6), length 52)"
1779587523.330408,,,TCP,52,"1779587523.330408 IP (tos 0x0, ttl 64, id 27497, offset 0, flags [DF], proto TCP (6), length 52)"
1779587523.330636,,,TCP,52,"1779587523.330636 IP (tos 0x0, ttl 64, id 27498, offset 0, flags [DF], proto TCP (6), length 52)"
1779587523.330821,,,TCP,52,"1779587523.330821 IP (tos 0x0, ttl 64, id 27499, offset 0, flags [DF], proto TCP (6), length 52)"
1779587523.331047,,,TCP,52,"1779587523.331047 IP (tos 0x0, ttl 64, id 27500, offset 0, flags [DF], proto TCP (6), length 52)"
1779587523.331271,,,TCP,52,"1779587523.331271 IP (tos 0x0, ttl 64, id 27501, offset 0, flags [DF], proto TCP (6), length 52)"
1779587523.331468,,,TCP,52,"1779587523.331468 IP (tos 0x0, ttl 64, id 27502, offset 0, flags [DF], proto TCP (6), length 52)"
1779587523.331672,,,TCP,52,"1779587523.331672 IP (tos 0x0, ttl 64, id 27503, offset 0, flags [DF], proto TCP (6), length 52)"
1779587523.331907,,,TCP,52,"1779587523.331907 IP (tos 0x0, ttl 64, id 27504, offset 0, flags [DF], proto TCP (6), length 52)"
1779587523.334194,,,TCP,52,"1779587523.334194 IP (tos 0x0, ttl 64, id 31197, offset 0, flags [DF], proto TCP (6), length 52)"
1779587523.339913,,,TCP,52,"1779587523.339913 IP (tos 0x0, ttl 64, id 27505, offset 0, flags [DF], proto TCP (6), length 52)"
1779587523.352647,,,TCP,52,"1779587523.352647 IP (tos 0x0, ttl 64, id 27506, offset 0, flags [DF], proto TCP (6), length 52)"
1779587523.352804,,,TCP,52,"1779587523.352804 IP (tos 0x0, ttl 64, id 31198, offset 0, flags [DF], proto TCP (6), length 52)"
1779587523.413838,,,TCP,60,"1779587523.413838 IP (tos 0x0, ttl 64, id 5141, offset 0, flags [DF], proto TCP (6), length 60)"
1779587523.423929,,,TCP,60,"1779587523.423929 IP (tos 0x0, ttl 64, id 0, offset 0, flags [DF], proto TCP (6), length 60)"
1779587523.423998,,,TCP,52,"1779587523.423998 IP (tos 0x0, ttl 64, id 5142, offset 0, flags [DF], proto TCP (6), length 52)"
1779587523.424173,,,TCP,88,"1779587523.424173 IP (tos 0x0, ttl 64, id 5143, offset 0, flags [DF], proto TCP (6), length 88)"
1779587523.427948,,,TCP,2948,"1779587523.427948 IP (tos 0x0, ttl 64, id 5144, offset 0, flags [DF], proto TCP (6), length 2948)"
1779587523.428377,,,TCP,2948,"1779587523.428377 IP (tos 0x0, ttl 64, id 5146, offset 0, flags [DF], proto TCP (6), length 2948)"
1779587523.428401,,,TCP,1500,"1779587523.428401 IP (tos 0x0, ttl 64, id 5148, offset 0, flags [DF], proto TCP (6), length 1500)"
1779587523.428811,,,TCP,2948,"1779587523.428811 IP (tos 0x0, ttl 64, id 5149, offset 0, flags [DF], proto TCP (6), length 2948)"
1779587523.428839,,,TCP,1500,"1779587523.428839 IP (tos 0x0, ttl 64, id 5151, offset 0, flags [DF], proto TCP (6), length 1500)"
1779587523.429181,,,TCP,1500,"1779587523.429181 IP (tos 0x0, ttl 64, id 5152, offset 0, flags [DF], proto TCP (6), length 1500)"
1779587523.434275,,,TCP,52,"1779587523.434275 IP (tos 0x0, ttl 64, id 1663, offset 0, flags [DF], proto TCP (6), length 52)"
1779587523.434346,,,TCP,2948,"1779587523.434346 IP (tos 0x0, ttl 64, id 5153, offset 0, flags [DF], proto TCP (6), length 2948)"
1779587523.438068,,,TCP,52,"1779587523.438068 IP (tos 0x0, ttl 64, id 1664, offset 0, flags [DF], proto TCP (6), length 52)"
1779587523.438167,,,TCP,2948,"1779587523.438167 IP (tos 0x0, ttl 64, id 5155, offset 0, flags [DF], proto TCP (6), length 2948)"
1779587523.438221,,,TCP,2948,"1779587523.438221 IP (tos 0x0, ttl 64, id 5157, offset 0, flags [DF], proto TCP (6), length 2948)"
1779587523.438541,,,TCP,52,"1779587523.438541 IP (tos 0x0, ttl 64, id 1665, offset 0, flags [DF], proto TCP (6), length 52)"
1779587523.438545,,,TCP,52,"1779587523.438545 IP (tos 0x0, ttl 64, id 1666, offset 0, flags [DF], proto TCP (6), length 52)"
1779587523.438663,,,TCP,2948,"1779587523.438663 IP (tos 0x0, ttl 64, id 5159, offset 0, flags [DF], proto TCP (6), length 2948)"
1779587523.438670,,,TCP,2948,"1779587523.438670 IP (tos 0x0, ttl 64, id 5161, offset 0, flags [DF], proto TCP (6), length 2948)"
1779587523.438881,,,TCP,52,"1779587523.438881 IP (tos 0x0, ttl 64, id 1667, offset 0, flags [DF], proto TCP (6), length 52)"
1779587523.438884,,,TCP,52,"1779587523.438884 IP (tos 0x0, ttl 64, id 1668, offset 0, flags [DF], proto TCP (6), length 52)"
1779587523.438979,,,TCP,4396,"1779587523.438979 IP (tos 0x0, ttl 64, id 5163, offset 0, flags [DF], proto TCP (6), length 4396)"
1779587523.438992,,,TCP,4396,"1779587523.438992 IP (tos 0x0, ttl 64, id 5166, offset 0, flags [DF], proto TCP (6), length 4396)"
1779587523.439278,,,TCP,52,"1779587523.439278 IP (tos 0x0, ttl 64, id 1669, offset 0, flags [DF], proto TCP (6), length 52)"
1779587523.439379,,,TCP,4396,"1779587523.439379 IP (tos 0x0, ttl 64, id 5169, offset 0, flags [DF], proto TCP (6), length 4396)"
1779587523.439389,,,TCP,1500,"1779587523.439389 IP (tos 0x0, ttl 64, id 5172, offset 0, flags [DF], proto TCP (6), length 1500)"
1779587523.444437,,,TCP,52,"1779587523.444437 IP (tos 0x0, ttl 64, id 1670, offset 0, flags [DF], proto TCP (6), length 52)"
1779587523.444501,,,TCP,2948,"1779587523.444501 IP (tos 0x0, ttl 64, id 5173, offset 0, flags [DF], proto TCP (6), length 2948)"
1779587523.445717,,,TCP,2948,"1779587523.445717 IP (tos 0x0, ttl 64, id 5175, offset 0, flags [DF], proto TCP (6), length 2948)"
1779587523.448339,,,TCP,52,"1779587523.448339 IP (tos 0x0, ttl 64, id 1671, offset 0, flags [DF], proto TCP (6), length 52)"
1779587523.448343,,,TCP,52,"1779587523.448343 IP (tos 0x0, ttl 64, id 1672, offset 0, flags [DF], proto TCP (6), length 52)"
1779587523.448406,,,TCP,5844,"1779587523.448406 IP (tos 0x0, ttl 64, id 5177, offset 0, flags [DF], proto TCP (6), length 5844)"
1779587523.448451,,,TCP,5844,"1779587523.448451 IP (tos 0x0, ttl 64, id 5181, offset 0, flags [DF], proto TCP (6), length 5844)"
1779587523.448696,,,TCP,52,"1779587523.448696 IP (tos 0x0, ttl 64, id 1673, offset 0, flags [DF], proto TCP (6), length 52)"
1779587523.448697,,,TCP,52,"1779587523.448697 IP (tos 0x0, ttl 64, id 1674, offset 0, flags [DF], proto TCP (6), length 52)"
1779587523.448720,,,TCP,7292,"1779587523.448720 IP (tos 0x0, ttl 64, id 5185, offset 0, flags [DF], proto TCP (6), length 7292)"
1779587523.449016,,,TCP,52,"1779587523.449016 IP (tos 0x0, ttl 64, id 1675, offset 0, flags [DF], proto TCP (6), length 52)"
1779587523.449017,,,TCP,52,"1779587523.449017 IP (tos 0x0, ttl 64, id 1676, offset 0, flags [DF], proto TCP (6), length 52)"
1779587523.449084,,,TCP,8740,"1779587523.449084 IP (tos 0x0, ttl 64, id 5190, offset 0, flags [DF], proto TCP (6), length 8740)"
1779587523.449089,,,TCP,1500,"1779587523.449089 IP (tos 0x0, ttl 64, id 5196, offset 0, flags [DF], proto TCP (6), length 1500)"
1779587523.449092,,,TCP,8740,"1779587523.449092 IP (tos 0x0, ttl 64, id 5197, offset 0, flags [DF], proto TCP (6), length 8740)"
1779587523.449423,,,TCP,52,"1779587523.449423 IP (tos 0x0, ttl 64, id 1677, offset 0, flags [DF], proto TCP (6), length 52)"
1779587523.449427,,,TCP,52,"1779587523.449427 IP (tos 0x0, ttl 64, id 1678, offset 0, flags [DF], proto TCP (6), length 52)"
1779587523.449502,,,TCP,10188,"1779587523.449502 IP (tos 0x0, ttl 64, id 5203, offset 0, flags [DF], proto TCP (6), length 10188)"
1779587523.449517,,,TCP,4396,"1779587523.449517 IP (tos 0x0, ttl 64, id 5210, offset 0, flags [DF], proto TCP (6), length 4396)"
1779587523.454583,,,TCP,52,"1779587523.454583 IP (tos 0x0, ttl 64, id 1679, offset 0, flags [DF], proto TCP (6), length 52)"
1779587523.454651,,,TCP,5844,"1779587523.454651 IP (tos 0x0, ttl 64, id 5213, offset 0, flags [DF], proto TCP (6), length 5844)"
1779587523.455811,,,TCP,52,"1779587523.455811 IP (tos 0x0, ttl 64, id 1680, offset 0, flags [DF], proto TCP (6), length 52)"
1779587523.455968,,,TCP,5844,"1779587523.455968 IP (tos 0x0, ttl 64, id 5217, offset 0, flags [DF], proto TCP (6), length 5844)"
1779587523.458496,,,TCP,52,"1779587523.458496 IP (tos 0x0, ttl 64, id 1681, offset 0, flags [DF], proto TCP (6), length 52)"
1779587523.458500,,,TCP,52,"1779587523.458500 IP (tos 0x0, ttl 64, id 1682, offset 0, flags [DF], proto TCP (6), length 52)"
1779587523.458559,,,TCP,8740,"1779587523.458559 IP (tos 0x0, ttl 64, id 5221, offset 0, flags [DF], proto TCP (6), length 8740)"
1779587523.458596,,,TCP,13084,"1779587523.458596 IP (tos 0x0, ttl 64, id 5227, offset 0, flags [DF], proto TCP (6), length 13084)"
1779587523.458758,,,TCP,52,"1779587523.458758 IP (tos 0x0, ttl 64, id 1683, offset 0, flags [DF], proto TCP (6), length 52)"
1779587523.458814,,,TCP,14532,"1779587523.458814 IP (tos 0x0, ttl 64, id 5236, offset 0, flags [DF], proto TCP (6), length 14532)"
1779587523.459126,,,TCP,52,"1779587523.459126 IP (tos 0x0, ttl 64, id 1684, offset 0, flags [DF], proto TCP (6), length 52)"
1779587523.459131,,,TCP,52,"1779587523.459131 IP (tos 0x0, ttl 64, id 1685, offset 0, flags [DF], proto TCP (6), length 52)"
1779587523.459131,,,TCP,52,"1779587523.459131 IP (tos 0x0, ttl 64, id 1686, offset 0, flags [DF], proto TCP (6), length 52)"
1779587523.459184,,,TCP,15980,"1779587523.459184 IP (tos 0x0, ttl 64, id 5246, offset 0, flags [DF], proto TCP (6), length 15980)"
1779587523.459192,,,TCP,18876,"1779587523.459192 IP (tos 0x0, ttl 64, id 5257, offset 0, flags [DF], proto TCP (6), length 18876)"
1779587523.459556,,,TCP,52,"1779587523.459556 IP (tos 0x0, ttl 64, id 1687, offset 0, flags [DF], proto TCP (6), length 52)"
1779587523.459558,,,TCP,52,"1779587523.459558 IP (tos 0x0, ttl 64, id 1688, offset 0, flags [DF], proto TCP (6), length 52)"
1779587523.459603,,,TCP,20324,"1779587523.459603 IP (tos 0x0, ttl 64, id 5270, offset 0, flags [DF], proto TCP (6), length 20324)"
1779587523.459610,,,TCP,8740,"1779587523.459610 IP (tos 0x0, ttl 64, id 5284, offset 0, flags [DF], proto TCP (6), length 8740)"
1779587523.459622,,,TCP,4396,"1779587523.459622 IP (tos 0x0, ttl 64, id 5290, offset 0, flags [DF], proto TCP (6), length 4396)"
1779587523.464725,,,TCP,52,"1779587523.464725 IP (tos 0x0, ttl 64, id 1689, offset 0, flags [DF], proto TCP (6), length 52)"
1779587523.464778,,,TCP,11636,"1779587523.464778 IP (tos 0x0, ttl 64, id 5293, offset 0, flags [DF], proto TCP (6), length 11636)"
1779587523.466056,,,TCP,52,"1779587523.466056 IP (tos 0x0, ttl 64, id 1690, offset 0, flags [DF], proto TCP (6), length 52)"
1779587523.466096,,,TCP,11636,"1779587523.466096 IP (tos 0x0, ttl 64, id 5301, offset 0, flags [DF], proto TCP (6), length 11636)"
1779587523.468653,,,TCP,52,"1779587523.468653 IP (tos 0x0, ttl 64, id 1691, offset 0, flags [DF], proto TCP (6), length 52)"
1779587523.468657,,,TCP,52,"1779587523.468657 IP (tos 0x0, ttl 64, id 1692, offset 0, flags [DF], proto TCP (6), length 52)"
1779587523.468709,,,TCP,20324,"1779587523.468709 IP (tos 0x0, ttl 64, id 5309, offset 0, flags [DF], proto TCP (6), length 20324)"
1779587523.468865,,,TCP,52,"1779587523.468865 IP (tos 0x0, ttl 64, id 1693, offset 0, flags [DF], proto TCP (6), length 52)"
1779587523.468892,,,TCP,30460,"1779587523.468892 IP (tos 0x0, ttl 64, id 5323, offset 0, flags [DF], proto TCP (6), length 30460)"
1779587523.468896,,,TCP,17428,"1779587523.468896 IP (tos 0x0, ttl 64, id 5344, offset 0, flags [DF], proto TCP (6), length 17428)"
1779587523.469238,,,TCP,52,"1779587523.469238 IP (tos 0x0, ttl 64, id 1694, offset 0, flags [DF], proto TCP (6), length 52)"
1779587523.469281,,,TCP,33356,"1779587523.469281 IP (tos 0x0, ttl 64, id 5356, offset 0, flags [DF], proto TCP (6), length 33356)"
1779587523.469330,,,TCP,52,"1779587523.469330 IP (tos 0x0, ttl 64, id 1695, offset 0, flags [DF], proto TCP (6), length 52)"
1779587523.469368,,,TCP,14532,"1779587523.469368 IP (tos 0x0, ttl 64, id 5379, offset 0, flags [DF], proto TCP (6), length 14532)"
1779587523.469672,,,TCP,52,"1779587523.469672 IP (tos 0x0, ttl 64, id 1696, offset 0, flags [DF], proto TCP (6), length 52)"
1779587523.469724,,,TCP,27564,"1779587523.469724 IP (tos 0x0, ttl 64, id 5434, offset 0, flags [DF], proto TCP (6), length 27564)"
1779587523.469728,,,TCP,43492,"1779587523.469728 IP (tos 0x0, ttl 64, id 5389, offset 0, flags [DF], proto TCP (6), length 43492)"
1779587523.469734,,,TCP,21772,"1779587523.469734 IP (tos 0x0, ttl 64, id 5419, offset 0, flags [DF], proto TCP (6), length 21772)"
1779587523.474836,,,TCP,52,"1779587523.474836 IP (tos 0x0, ttl 64, id 1697, offset 0, flags [DF], proto TCP (6), length 52)"
1779587523.476166,,,TCP,52,"1779587523.476166 IP (tos 0x0, ttl 64, id 1698, offset 0, flags [DF], proto TCP (6), length 52)"
1779587523.478769,,,TCP,52,"1779587523.478769 IP (tos 0x0, ttl 64, id 1699, offset 0, flags [DF], proto TCP (6), length 52)"
1779587523.479055,,,TCP,52,"1779587523.479055 IP (tos 0x0, ttl 64, id 1700, offset 0, flags [DF], proto TCP (6), length 52)"
1779587523.479529,,,TCP,52,"1779587523.479529 IP (tos 0x0, ttl 64, id 1701, offset 0, flags [DF], proto TCP (6), length 52)"
1779587523.479756,,,TCP,64,"1779587523.479756 IP (tos 0x0, ttl 64, id 1702, offset 0, flags [DF], proto TCP (6), length 64)"
1779587523.479757,,,TCP,64,"1779587523.479757 IP (tos 0x0, ttl 64, id 1703, offset 0, flags [DF], proto TCP (6), length 64)"
1779587523.479757,,,TCP,52,"1779587523.479757 IP (tos 0x0, ttl 64, id 1704, offset 0, flags [DF], proto TCP (6), length 52)"
1779587523.532952,,,TCP,23220,"1779587523.532952 IP (tos 0x0, ttl 64, id 5453, offset 0, flags [DF], proto TCP (6), length 23220)"
1779587523.533098,,,TCP,14532,"1779587523.533098 IP (tos 0x0, ttl 64, id 5469, offset 0, flags [DF], proto TCP (6), length 14532)"
1779587523.533140,,,TCP,21772,"1779587523.533140 IP (tos 0x0, ttl 64, id 5479, offset 0, flags [DF], proto TCP (6), length 21772)"
1779587523.533164,,,TCP,21772,"1779587523.533164 IP (tos 0x0, ttl 64, id 5494, offset 0, flags [DF], proto TCP (6), length 21772)"
1779587523.533184,,,TCP,21772,"1779587523.533184 IP (tos 0x0, ttl 64, id 5509, offset 0, flags [DF], proto TCP (6), length 21772)"
1779587523.533204,,,TCP,21772,"1779587523.533204 IP (tos 0x0, ttl 64, id 5524, offset 0, flags [DF], proto TCP (6), length 21772)"
1779587523.533221,,,TCP,17916,"1779587523.533221 IP (tos 0x0, ttl 64, id 5539, offset 0, flags [DF], proto TCP (6), length 17916)"
1779587523.533372,,,TCP,7292,"1779587523.533372 IP (tos 0x0, ttl 64, id 5552, offset 0, flags [DF], proto TCP (6), length 7292)"
1779587523.533467,,,TCP,7292,"1779587523.533467 IP (tos 0x0, ttl 64, id 5557, offset 0, flags [DF], proto TCP (6), length 7292)"
1779587523.533506,,,TCP,7292,"1779587523.533506 IP (tos 0x0, ttl 64, id 5562, offset 0, flags [DF], proto TCP (6), length 7292)"
1779587523.533526,,,TCP,5844,"1779587523.533526 IP (tos 0x0, ttl 64, id 5567, offset 0, flags [DF], proto TCP (6), length 5844)"
1779587523.534525,,,TCP,2948,"1779587523.534525 IP (tos 0x0, ttl 64, id 5571, offset 0, flags [DF], proto TCP (6), length 2948)"
1779587523.535331,,,TCP,4396,"1779587523.535331 IP (tos 0x0, ttl 64, id 5573, offset 0, flags [DF], proto TCP (6), length 4396)"
1779587523.536381,,,TCP,4396,"1779587523.536381 IP (tos 0x0, ttl 64, id 5576, offset 0, flags [DF], proto TCP (6), length 4396)"
1779587523.537080,,,TCP,4396,"1779587523.537080 IP (tos 0x0, ttl 64, id 5579, offset 0, flags [DF], proto TCP (6), length 4396)"
1779587523.537661,,,TCP,4396,"1779587523.537661 IP (tos 0x0, ttl 64, id 5582, offset 0, flags [DF], proto TCP (6), length 4396)"
1779587523.538592,,,TCP,2948,"1779587523.538592 IP (tos 0x0, ttl 64, id 5585, offset 0, flags [DF], proto TCP (6), length 2948)"
1779587523.539327,,,TCP,4396,"1779587523.539327 IP (tos 0x0, ttl 64, id 5587, offset 0, flags [DF], proto TCP (6), length 4396)"
1779587523.539990,,,TCP,4396,"1779587523.539990 IP (tos 0x0, ttl 64, id 5590, offset 0, flags [DF], proto TCP (6), length 4396)"
1779587523.540907,,,TCP,4396,"1779587523.540907 IP (tos 0x0, ttl 64, id 5593, offset 0, flags [DF], proto TCP (6), length 4396)"
1779587523.541681,,,TCP,4396,"1779587523.541681 IP (tos 0x0, ttl 64, id 5596, offset 0, flags [DF], proto TCP (6), length 4396)"
1779587523.542316,,,TCP,4396,"1779587523.542316 IP (tos 0x0, ttl 64, id 5599, offset 0, flags [DF], proto TCP (6), length 4396)"
1779587523.543092,,,TCP,52,"1779587523.543092 IP (tos 0x0, ttl 64, id 1705, offset 0, flags [DF], proto TCP (6), length 52)"
1779587523.543191,,,TCP,52,"1779587523.543191 IP (tos 0x0, ttl 64, id 1706, offset 0, flags [DF], proto TCP (6), length 52)"
1779587523.543193,,,TCP,52,"1779587523.543193 IP (tos 0x0, ttl 64, id 1707, offset 0, flags [DF], proto TCP (6), length 52)"
1779587523.543198,,,TCP,52,"1779587523.543198 IP (tos 0x0, ttl 64, id 1708, offset 0, flags [DF], proto TCP (6), length 52)"
1779587523.543199,,,TCP,52,"1779587523.543199 IP (tos 0x0, ttl 64, id 1709, offset 0, flags [DF], proto TCP (6), length 52)"
1779587523.543209,,,TCP,2948,"1779587523.543209 IP (tos 0x0, ttl 64, id 5602, offset 0, flags [DF], proto TCP (6), length 2948)"
1779587523.543253,,,TCP,52,"1779587523.543253 IP (tos 0x0, ttl 64, id 1710, offset 0, flags [DF], proto TCP (6), length 52)"
1779587523.543256,,,TCP,52,"1779587523.543256 IP (tos 0x0, ttl 64, id 1711, offset 0, flags [DF], proto TCP (6), length 52)"
1779587523.543331,,,TCP,1420,"1779587523.543331 IP (tos 0x0, ttl 64, id 5604, offset 0, flags [DF], proto TCP (6), length 1420)"
1779587523.543404,,,TCP,64,"1779587523.543404 IP (tos 0x0, ttl 64, id 1712, offset 0, flags [DF], proto TCP (6), length 64)"
1779587523.543917,,,TCP,64,"1779587523.543917 IP (tos 0x0, ttl 64, id 1713, offset 0, flags [DF], proto TCP (6), length 64)"
1779587523.543926,,,TCP,64,"1779587523.543926 IP (tos 0x0, ttl 64, id 1714, offset 0, flags [DF], proto TCP (6), length 64)"
1779587523.543928,,,TCP,64,"1779587523.543928 IP (tos 0x0, ttl 64, id 1715, offset 0, flags [DF], proto TCP (6), length 64)"
1779587523.544654,,,TCP,52,"1779587523.544654 IP (tos 0x0, ttl 64, id 1716, offset 0, flags [DF], proto TCP (6), length 52)"
1779587523.545094,,,TCP,2948,"1779587523.545094 IP (tos 0x0, ttl 64, id 5605, offset 0, flags [DF], proto TCP (6), length 2948)"
1779587523.545383,,,TCP,52,"1779587523.545383 IP (tos 0x0, ttl 64, id 1717, offset 0, flags [DF], proto TCP (6), length 52)"
1779587523.546161,,,TCP,4396,"1779587523.546161 IP (tos 0x0, ttl 64, id 5607, offset 0, flags [DF], proto TCP (6), length 4396)"
1779587523.546478,,,TCP,52,"1779587523.546478 IP (tos 0x0, ttl 64, id 1718, offset 0, flags [DF], proto TCP (6), length 52)"
1779587523.546764,,,TCP,4396,"1779587523.546764 IP (tos 0x0, ttl 64, id 5610, offset 0, flags [DF], proto TCP (6), length 4396)"
1779587523.547282,,,TCP,52,"1779587523.547282 IP (tos 0x0, ttl 64, id 1719, offset 0, flags [DF], proto TCP (6), length 52)"
1779587523.547842,,,TCP,52,"1779587523.547842 IP (tos 0x0, ttl 64, id 1720, offset 0, flags [DF], proto TCP (6), length 52)"
1779587523.548033,,,TCP,4396,"1779587523.548033 IP (tos 0x0, ttl 64, id 5613, offset 0, flags [DF], proto TCP (6), length 4396)"
1779587523.548692,,,TCP,52,"1779587523.548692 IP (tos 0x0, ttl 64, id 1721, offset 0, flags [DF], proto TCP (6), length 52)"
1779587523.548780,,,TCP,4396,"1779587523.548780 IP (tos 0x0, ttl 64, id 5616, offset 0, flags [DF], proto TCP (6), length 4396)"
1779587523.549428,,,TCP,52,"1779587523.549428 IP (tos 0x0, ttl 64, id 1722, offset 0, flags [DF], proto TCP (6), length 52)"
1779587523.549803,,,TCP,2948,"1779587523.549803 IP (tos 0x0, ttl 64, id 5619, offset 0, flags [DF], proto TCP (6), length 2948)"
1779587523.550093,,,TCP,52,"1779587523.550093 IP (tos 0x0, ttl 64, id 1723, offset 0, flags [DF], proto TCP (6), length 52)"
1779587523.550316,,,TCP,4396,"1779587523.550316 IP (tos 0x0, ttl 64, id 5621, offset 0, flags [DF], proto TCP (6), length 4396)"
1779587523.550829,,,TCP,4396,"1779587523.550829 IP (tos 0x0, ttl 64, id 5624, offset 0, flags [DF], proto TCP (6), length 4396)"
1779587523.550973,,,TCP,52,"1779587523.550973 IP (tos 0x0, ttl 64, id 1724, offset 0, flags [DF], proto TCP (6), length 52)"
1779587523.551068,,,TCP,4396,"1779587523.551068 IP (tos 0x0, ttl 64, id 5627, offset 0, flags [DF], proto TCP (6), length 4396)"
1779587523.551311,,,TCP,4396,"1779587523.551311 IP (tos 0x0, ttl 64, id 5630, offset 0, flags [DF], proto TCP (6), length 4396)"
1779587523.551495,,,TCP,4396,"1779587523.551495 IP (tos 0x0, ttl 64, id 5633, offset 0, flags [DF], proto TCP (6), length 4396)"
1779587523.551748,,,TCP,52,"1779587523.551748 IP (tos 0x0, ttl 64, id 1725, offset 0, flags [DF], proto TCP (6), length 52)"
1779587523.551800,,,TCP,2948,"1779587523.551800 IP (tos 0x0, ttl 64, id 5636, offset 0, flags [DF], proto TCP (6), length 2948)"
1779587523.551974,,,TCP,4396,"1779587523.551974 IP (tos 0x0, ttl 64, id 5638, offset 0, flags [DF], proto TCP (6), length 4396)"
1779587523.552156,,,TCP,4396,"1779587523.552156 IP (tos 0x0, ttl 64, id 5641, offset 0, flags [DF], proto TCP (6), length 4396)"
1779587523.552435,,,TCP,52,"1779587523.552435 IP (tos 0x0, ttl 64, id 1726, offset 0, flags [DF], proto TCP (6), length 52)"
1779587523.552480,,,TCP,4396,"1779587523.552480 IP (tos 0x0, ttl 64, id 5644, offset 0, flags [DF], proto TCP (6), length 4396)"
1779587523.552693,,,TCP,4396,"1779587523.552693 IP (tos 0x0, ttl 64, id 5647, offset 0, flags [DF], proto TCP (6), length 4396)"
1779587523.552941,,,TCP,4396,"1779587523.552941 IP (tos 0x0, ttl 64, id 5650, offset 0, flags [DF], proto TCP (6), length 4396)"
1779587523.553162,,,TCP,2948,"1779587523.553162 IP (tos 0x0, ttl 64, id 5653, offset 0, flags [DF], proto TCP (6), length 2948)"
1779587523.553271,,,TCP,52,"1779587523.553271 IP (tos 0x0, ttl 64, id 1727, offset 0, flags [DF], proto TCP (6), length 52)"
1779587523.553356,,,TCP,52,"1779587523.553356 IP (tos 0x0, ttl 64, id 1728, offset 0, flags [DF], proto TCP (6), length 52)"
1779587523.553373,,,TCP,1380,"1779587523.553373 IP (tos 0x0, ttl 64, id 5655, offset 0, flags [DF], proto TCP (6), length 1380)"
1779587523.553388,,,TCP,2948,"1779587523.553388 IP (tos 0x0, ttl 64, id 5656, offset 0, flags [DF], proto TCP (6), length 2948)"
1779587523.553644,,,TCP,4396,"1779587523.553644 IP (tos 0x0, ttl 64, id 5658, offset 0, flags [DF], proto TCP (6), length 4396)"
1779587523.553894,,,TCP,4396,"1779587523.553894 IP (tos 0x0, ttl 64, id 5661, offset 0, flags [DF], proto TCP (6), length 4396)"
1779587523.554107,,,TCP,4396,"1779587523.554107 IP (tos 0x0, ttl 64, id 5664, offset 0, flags [DF], proto TCP (6), length 4396)"
1779587523.554325,,,TCP,4396,"1779587523.554325 IP (tos 0x0, ttl 64, id 5667, offset 0, flags [DF], proto TCP (6), length 4396)"
1779587523.554564,,,TCP,2948,"1779587523.554564 IP (tos 0x0, ttl 64, id 5670, offset 0, flags [DF], proto TCP (6), length 2948)"
1779587523.554820,,,TCP,4396,"1779587523.554820 IP (tos 0x0, ttl 64, id 5672, offset 0, flags [DF], proto TCP (6), length 4396)"
1779587523.555007,,,TCP,4396,"1779587523.555007 IP (tos 0x0, ttl 64, id 5675, offset 0, flags [DF], proto TCP (6), length 4396)"
1779587523.555162,,,TCP,52,"1779587523.555162 IP (tos 0x0, ttl 64, id 1729, offset 0, flags [DF], proto TCP (6), length 52)"
1779587523.555192,,,TCP,4396,"1779587523.555192 IP (tos 0x0, ttl 64, id 5678, offset 0, flags [DF], proto TCP (6), length 4396)"
1779587523.555489,,,TCP,4396,"1779587523.555489 IP (tos 0x0, ttl 64, id 5681, offset 0, flags [DF], proto TCP (6), length 4396)"
1779587523.555680,,,TCP,4396,"1779587523.555680 IP (tos 0x0, ttl 64, id 5684, offset 0, flags [DF], proto TCP (6), length 4396)"
1779587523.555830,,,TCP,2948,"1779587523.555830 IP (tos 0x0, ttl 64, id 5687, offset 0, flags [DF], proto TCP (6), length 2948)"
1779587523.556065,,,TCP,4396,"1779587523.556065 IP (tos 0x0, ttl 64, id 5689, offset 0, flags [DF], proto TCP (6), length 4396)"
1779587523.556214,,,TCP,52,"1779587523.556214 IP (tos 0x0, ttl 64, id 1730, offset 0, flags [DF], proto TCP (6), length 52)"
1779587523.556248,,,TCP,4396,"1779587523.556248 IP (tos 0x0, ttl 64, id 5692, offset 0, flags [DF], proto TCP (6), length 4396)"
1779587523.556544,,,TCP,4396,"1779587523.556544 IP (tos 0x0, ttl 64, id 5695, offset 0, flags [DF], proto TCP (6), length 4396)"
1779587523.556711,,,TCP,4396,"1779587523.556711 IP (tos 0x0, ttl 64, id 5698, offset 0, flags [DF], proto TCP (6), length 4396)"
1779587523.556826,,,TCP,52,"1779587523.556826 IP (tos 0x0, ttl 64, id 1731, offset 0, flags [DF], proto TCP (6), length 52)"
1779587523.556930,,,TCP,4396,"1779587523.556930 IP (tos 0x0, ttl 64, id 5701, offset 0, flags [DF], proto TCP (6), length 4396)"
1779587523.557256,,,TCP,2948,"1779587523.557256 IP (tos 0x0, ttl 64, id 5704, offset 0, flags [DF], proto TCP (6), length 2948)"
1779587523.557453,,,TCP,4396,"1779587523.557453 IP (tos 0x0, ttl 64, id 5706, offset 0, flags [DF], proto TCP (6), length 4396)"
1779587523.557629,,,TCP,4396,"1779587523.557629 IP (tos 0x0, ttl 64, id 5709, offset 0, flags [DF], proto TCP (6), length 4396)"
1779587523.557789,,,TCP,4396,"1779587523.557789 IP (tos 0x0, ttl 64, id 5712, offset 0, flags [DF], proto TCP (6), length 4396)"
1779587523.557978,,,TCP,4396,"1779587523.557978 IP (tos 0x0, ttl 64, id 5715, offset 0, flags [DF], proto TCP (6), length 4396)"
1779587523.558076,,,TCP,52,"1779587523.558076 IP (tos 0x0, ttl 64, id 1732, offset 0, flags [DF], proto TCP (6), length 52)"
1779587523.558149,,,TCP,4396,"1779587523.558149 IP (tos 0x0, ttl 64, id 5718, offset 0, flags [DF], proto TCP (6), length 4396)"
1779587523.558345,,,TCP,2948,"1779587523.558345 IP (tos 0x0, ttl 64, id 5721, offset 0, flags [DF], proto TCP (6), length 2948)"
1779587523.558544,,,TCP,4396,"1779587523.558544 IP (tos 0x0, ttl 64, id 5723, offset 0, flags [DF], proto TCP (6), length 4396)"
1779587523.558915,,,TCP,52,"1779587523.558915 IP (tos 0x0, ttl 64, id 1733, offset 0, flags [DF], proto TCP (6), length 52)"
1779587523.559082,,,TCP,4396,"1779587523.559082 IP (tos 0x0, ttl 64, id 5726, offset 0, flags [DF], proto TCP (6), length 4396)"
1779587523.559613,,,TCP,4396,"1779587523.559613 IP (tos 0x0, ttl 64, id 5729, offset 0, flags [DF], proto TCP (6), length 4396)"
1779587523.559901,,,TCP,52,"1779587523.559901 IP (tos 0x0, ttl 64, id 1734, offset 0, flags [DF], proto TCP (6), length 52)"
1779587523.560180,,,TCP,4396,"1779587523.560180 IP (tos 0x0, ttl 64, id 5732, offset 0, flags [DF], proto TCP (6), length 4396)"
1779587523.560341,,,TCP,52,"1779587523.560341 IP (tos 0x0, ttl 64, id 1735, offset 0, flags [DF], proto TCP (6), length 52)"
1779587523.560861,,,TCP,4396,"1779587523.560861 IP (tos 0x0, ttl 64, id 5735, offset 0, flags [DF], proto TCP (6), length 4396)"
1779587523.560880,,,TCP,52,"1779587523.560880 IP (tos 0x0, ttl 64, id 1736, offset 0, flags [DF], proto TCP (6), length 52)"
1779587523.561131,,,TCP,52,"1779587523.561131 IP (tos 0x0, ttl 64, id 1737, offset 0, flags [DF], proto TCP (6), length 52)"
1779587523.561199,,,TCP,2948,"1779587523.561199 IP (tos 0x0, ttl 64, id 5738, offset 0, flags [DF], proto TCP (6), length 2948)"
1779587523.561366,,,TCP,52,"1779587523.561366 IP (tos 0x0, ttl 64, id 1738, offset 0, flags [DF], proto TCP (6), length 52)"
1779587523.561439,,,TCP,4396,"1779587523.561439 IP (tos 0x0, ttl 64, id 5740, offset 0, flags [DF], proto TCP (6), length 4396)"
1779587523.561545,,,TCP,52,"1779587523.561545 IP (tos 0x0, ttl 64, id 1739, offset 0, flags [DF], proto TCP (6), length 52)"
1779587523.561718,,,TCP,4396,"1779587523.561718 IP (tos 0x0, ttl 64, id 5743, offset 0, flags [DF], proto TCP (6), length 4396)"
1779587523.561854,,,TCP,52,"1779587523.561854 IP (tos 0x0, ttl 64, id 1740, offset 0, flags [DF], proto TCP (6), length 52)"
1779587523.562020,,,TCP,52,"1779587523.562020 IP (tos 0x0, ttl 64, id 1741, offset 0, flags [DF], proto TCP (6), length 52)"
1779587523.562088,,,TCP,4396,"1779587523.562088 IP (tos 0x0, ttl 64, id 5746, offset 0, flags [DF], proto TCP (6), length 4396)"
1779587523.562181,,,TCP,52,"1779587523.562181 IP (tos 0x0, ttl 64, id 1742, offset 0, flags [DF], proto TCP (6), length 52)"
1779587523.562340,,,TCP,4396,"1779587523.562340 IP (tos 0x0, ttl 64, id 5749, offset 0, flags [DF], proto TCP (6), length 4396)"
1779587523.562529,,,TCP,52,"1779587523.562529 IP (tos 0x0, ttl 64, id 1743, offset 0, flags [DF], proto TCP (6), length 52)"
1779587523.562639,,,TCP,4396,"1779587523.562639 IP (tos 0x0, ttl 64, id 5752, offset 0, flags [DF], proto TCP (6), length 4396)"
1779587523.562735,,,TCP,52,"1779587523.562735 IP (tos 0x0, ttl 64, id 1744, offset 0, flags [DF], proto TCP (6), length 52)"
1779587523.562960,,,TCP,2948,"1779587523.562960 IP (tos 0x0, ttl 64, id 5755, offset 0, flags [DF], proto TCP (6), length 2948)"
1779587523.562968,,,TCP,52,"1779587523.562968 IP (tos 0x0, ttl 64, id 1745, offset 0, flags [DF], proto TCP (6), length 52)"
1779587523.563176,,,TCP,52,"1779587523.563176 IP (tos 0x0, ttl 64, id 1746, offset 0, flags [DF], proto TCP (6), length 52)"
1779587523.563194,,,TCP,4396,"1779587523.563194 IP (tos 0x0, ttl 64, id 5757, offset 0, flags [DF], proto TCP (6), length 4396)"
1779587523.563369,,,TCP,4396,"1779587523.563369 IP (tos 0x0, ttl 64, id 5760, offset 0, flags [DF], proto TCP (6), length 4396)"
1779587523.563425,,,TCP,52,"1779587523.563425 IP (tos 0x0, ttl 64, id 1747, offset 0, flags [DF], proto TCP (6), length 52)"
1779587523.563441,,,TCP,764,"1779587523.563441 IP (tos 0x0, ttl 64, id 5763, offset 0, flags [DF], proto TCP (6), length 764)"
1779587523.563674,,,TCP,52,"1779587523.563674 IP (tos 0x0, ttl 64, id 1748, offset 0, flags [DF], proto TCP (6), length 52)"
1779587523.563748,,,TCP,2948,"1779587523.563748 IP (tos 0x0, ttl 64, id 5764, offset 0, flags [DF], proto TCP (6), length 2948)"
1779587523.563931,,,TCP,52,"1779587523.563931 IP (tos 0x0, ttl 64, id 1749, offset 0, flags [DF], proto TCP (6), length 52)"
1779587523.564009,,,TCP,4396,"1779587523.564009 IP (tos 0x0, ttl 64, id 5766, offset 0, flags [DF], proto TCP (6), length 4396)"
1779587523.564164,,,TCP,52,"1779587523.564164 IP (tos 0x0, ttl 64, id 1750, offset 0, flags [DF], proto TCP (6), length 52)"
1779587523.564375,,,TCP,52,"1779587523.564375 IP (tos 0x0, ttl 64, id 1751, offset 0, flags [DF], proto TCP (6), length 52)"
1779587523.564413,,,TCP,4396,"1779587523.564413 IP (tos 0x0, ttl 64, id 5769, offset 0, flags [DF], proto TCP (6), length 4396)"
1779587523.564592,,,TCP,52,"1779587523.564592 IP (tos 0x0, ttl 64, id 1752, offset 0, flags [DF], proto TCP (6), length 52)"
1779587523.564625,,,TCP,4396,"1779587523.564625 IP (tos 0x0, ttl 64, id 5772, offset 0, flags [DF], proto TCP (6), length 4396)"
1779587523.564864,,,TCP,52,"1779587523.564864 IP (tos 0x0, ttl 64, id 1753, offset 0, flags [DF], proto TCP (6), length 52)"
1779587523.564900,,,TCP,4396,"1779587523.564900 IP (tos 0x0, ttl 64, id 5775, offset 0, flags [DF], proto TCP (6), length 4396)"
1779587523.565037,,,TCP,52,"1779587523.565037 IP (tos 0x0, ttl 64, id 1754, offset 0, flags [DF], proto TCP (6), length 52)"
1779587523.565108,,,TCP,2948,"1779587523.565108 IP (tos 0x0, ttl 64, id 5778, offset 0, flags [DF], proto TCP (6), length 2948)"
1779587523.565230,,,TCP,52,"1779587523.565230 IP (tos 0x0, ttl 64, id 1755, offset 0, flags [DF], proto TCP (6), length 52)"
1779587523.565385,,,TCP,4396,"1779587523.565385 IP (tos 0x0, ttl 64, id 5780, offset 0, flags [DF], proto TCP (6), length 4396)"
1779587523.565532,,,TCP,52,"1779587523.565532 IP (tos 0x0, ttl 64, id 1756, offset 0, flags [DF], proto TCP (6), length 52)"
1779587523.565638,,,TCP,4396,"1779587523.565638 IP (tos 0x0, ttl 64, id 5783, offset 0, flags [DF], proto TCP (6), length 4396)"
1779587523.565697,,,TCP,52,"1779587523.565697 IP (tos 0x0, ttl 64, id 1757, offset 0, flags [DF], proto TCP (6), length 52)"
1779587523.565866,,,TCP,52,"1779587523.565866 IP (tos 0x0, ttl 64, id 1758, offset 0, flags [DF], proto TCP (6), length 52)"
1779587523.565923,,,TCP,4396,"1779587523.565923 IP (tos 0x0, ttl 64, id 5786, offset 0, flags [DF], proto TCP (6), length 4396)"
1779587523.566097,,,TCP,52,"1779587523.566097 IP (tos 0x0, ttl 64, id 1759, offset 0, flags [DF], proto TCP (6), length 52)"
1779587523.566126,,,TCP,4396,"1779587523.566126 IP (tos 0x0, ttl 64, id 5789, offset 0, flags [DF], proto TCP (6), length 4396)"
1779587523.566376,,,TCP,4396,"1779587523.566376 IP (tos 0x0, ttl 64, id 5792, offset 0, flags [DF], proto TCP (6), length 4396)"
1779587523.566447,,,TCP,52,"1779587523.566447 IP (tos 0x0, ttl 64, id 1760, offset 0, flags [DF], proto TCP (6), length 52)"
1779587523.566626,,,TCP,2948,"1779587523.566626 IP (tos 0x0, ttl 64, id 5795, offset 0, flags [DF], proto TCP (6), length 2948)"
1779587523.566713,,,TCP,52,"1779587523.566713 IP (tos 0x0, ttl 64, id 1761, offset 0, flags [DF], proto TCP (6), length 52)"
1779587523.566916,,,TCP,52,"1779587523.566916 IP (tos 0x0, ttl 64, id 1762, offset 0, flags [DF], proto TCP (6), length 52)"
1779587523.566925,,,TCP,4396,"1779587523.566925 IP (tos 0x0, ttl 64, id 5797, offset 0, flags [DF], proto TCP (6), length 4396)"
1779587523.567103,,,TCP,52,"1779587523.567103 IP (tos 0x0, ttl 64, id 1763, offset 0, flags [DF], proto TCP (6), length 52)"
1779587523.567146,,,TCP,4396,"1779587523.567146 IP (tos 0x0, ttl 64, id 5800, offset 0, flags [DF], proto TCP (6), length 4396)"
1779587523.567286,,,TCP,52,"1779587523.567286 IP (tos 0x0, ttl 64, id 1764, offset 0, flags [DF], proto TCP (6), length 52)"
1779587523.567348,,,TCP,4396,"1779587523.567348 IP (tos 0x0, ttl 64, id 5803, offset 0, flags [DF], proto TCP (6), length 4396)"
1779587523.567570,,,TCP,4396,"1779587523.567570 IP (tos 0x0, ttl 64, id 5806, offset 0, flags [DF], proto TCP (6), length 4396)"
1779587523.567616,,,TCP,52,"1779587523.567616 IP (tos 0x0, ttl 64, id 1765, offset 0, flags [DF], proto TCP (6), length 52)"
1779587523.567774,,,TCP,52,"1779587523.567774 IP (tos 0x0, ttl 64, id 1766, offset 0, flags [DF], proto TCP (6), length 52)"
1779587523.567821,,,TCP,4396,"1779587523.567821 IP (tos 0x0, ttl 64, id 5809, offset 0, flags [DF], proto TCP (6), length 4396)"
1779587523.567963,,,TCP,52,"1779587523.567963 IP (tos 0x0, ttl 64, id 1767, offset 0, flags [DF], proto TCP (6), length 52)"
1779587523.568023,,,TCP,2948,"1779587523.568023 IP (tos 0x0, ttl 64, id 5812, offset 0, flags [DF], proto TCP (6), length 2948)"
1779587523.568146,,,TCP,52,"1779587523.568146 IP (tos 0x0, ttl 64, id 1768, offset 0, flags [DF], proto TCP (6), length 52)"
1779587523.568257,,,TCP,4396,"1779587523.568257 IP (tos 0x0, ttl 64, id 5814, offset 0, flags [DF], proto TCP (6), length 4396)"
1779587523.568363,,,TCP,52,"1779587523.568363 IP (tos 0x0, ttl 64, id 1769, offset 0, flags [DF], proto TCP (6), length 52)"
1779587523.568364,,,TCP,52,"1779587523.568364 IP (tos 0x0, ttl 64, id 1770, offset 0, flags [DF], proto TCP (6), length 52)"
1779587523.568507,,,TCP,4396,"1779587523.568507 IP (tos 0x0, ttl 64, id 5817, offset 0, flags [DF], proto TCP (6), length 4396)"
1779587523.568577,,,TCP,52,"1779587523.568577 IP (tos 0x0, ttl 64, id 1771, offset 0, flags [DF], proto TCP (6), length 52)"
1779587523.568764,,,TCP,4396,"1779587523.568764 IP (tos 0x0, ttl 64, id 5820, offset 0, flags [DF], proto TCP (6), length 4396)"
1779587523.568979,,,TCP,4396,"1779587523.568979 IP (tos 0x0, ttl 64, id 5823, offset 0, flags [DF], proto TCP (6), length 4396)"
1779587523.569225,,,TCP,4396,"1779587523.569225 IP (tos 0x0, ttl 64, id 5826, offset 0, flags [DF], proto TCP (6), length 4396)"
1779587523.569367,,,TCP,52,"1779587523.569367 IP (tos 0x0, ttl 64, id 1772, offset 0, flags [DF], proto TCP (6), length 52)"
1779587523.569445,,,TCP,2948,"1779587523.569445 IP (tos 0x0, ttl 64, id 5829, offset 0, flags [DF], proto TCP (6), length 2948)"
1779587523.569637,,,TCP,4396,"1779587523.569637 IP (tos 0x0, ttl 64, id 5831, offset 0, flags [DF], proto TCP (6), length 4396)"
1779587523.569698,,,TCP,52,"1779587523.569698 IP (tos 0x0, ttl 64, id 1773, offset 0, flags [DF], proto TCP (6), length 52)"
1779587523.569824,,,TCP,4396,"1779587523.569824 IP (tos 0x0, ttl 64, id 5834, offset 0, flags [DF], proto TCP (6), length 4396)"
1779587523.570088,,,TCP,4396,"1779587523.570088 IP (tos 0x0, ttl 64, id 5837, offset 0, flags [DF], proto TCP (6), length 4396)"
1779587523.570239,,,TCP,52,"1779587523.570239 IP (tos 0x0, ttl 64, id 1774, offset 0, flags [DF], proto TCP (6), length 52)"
1779587523.570467,,,TCP,4396,"1779587523.570467 IP (tos 0x0, ttl 64, id 5840, offset 0, flags [DF], proto TCP (6), length 4396)"
1779587523.570732,,,TCP,4396,"1779587523.570732 IP (tos 0x0, ttl 64, id 5843, offset 0, flags [DF], proto TCP (6), length 4396)"
1779587523.570886,,,TCP,52,"1779587523.570886 IP (tos 0x0, ttl 64, id 1775, offset 0, flags [DF], proto TCP (6), length 52)"
1779587523.570917,,,TCP,2948,"1779587523.570917 IP (tos 0x0, ttl 64, id 5846, offset 0, flags [DF], proto TCP (6), length 2948)"
1779587523.571170,,,TCP,4396,"1779587523.571170 IP (tos 0x0, ttl 64, id 5848, offset 0, flags [DF], proto TCP (6), length 4396)"
1779587523.571232,,,TCP,52,"1779587523.571232 IP (tos 0x0, ttl 64, id 1776, offset 0, flags [DF], proto TCP (6), length 52)"
1779587523.571385,,,TCP,4396,"1779587523.571385 IP (tos 0x0, ttl 64, id 5851, offset 0, flags [DF], proto TCP (6), length 4396)"
1779587523.571475,,,TCP,52,"1779587523.571475 IP (tos 0x0, ttl 64, id 1777, offset 0, flags [DF], proto TCP (6), length 52)"
1779587523.571611,,,TCP,4396,"1779587523.571611 IP (tos 0x0, ttl 64, id 5854, offset 0, flags [DF], proto TCP (6), length 4396)"
1779587523.571753,,,TCP,52,"1779587523.571753 IP (tos 0x0, ttl 64, id 1778, offset 0, flags [DF], proto TCP (6), length 52)"
1779587523.571860,,,TCP,4396,"1779587523.571860 IP (tos 0x0, ttl 64, id 5857, offset 0, flags [DF], proto TCP (6), length 4396)"
1779587523.572116,,,TCP,4396,"1779587523.572116 IP (tos 0x0, ttl 64, id 5860, offset 0, flags [DF], proto TCP (6), length 4396)"
1779587523.572129,,,TCP,52,"1779587523.572129 IP (tos 0x0, ttl 64, id 1779, offset 0, flags [DF], proto TCP (6), length 52)"
1779587523.572388,,,TCP,52,"1779587523.572388 IP (tos 0x0, ttl 64, id 1780, offset 0, flags [DF], proto TCP (6), length 52)"
1779587523.572476,,,TCP,2948,"1779587523.572476 IP (tos 0x0, ttl 64, id 5863, offset 0, flags [DF], proto TCP (6), length 2948)"
1779587523.572681,,,TCP,52,"1779587523.572681 IP (tos 0x0, ttl 64, id 1781, offset 0, flags [DF], proto TCP (6), length 52)"
1779587523.572788,,,TCP,4396,"1779587523.572788 IP (tos 0x0, ttl 64, id 5865, offset 0, flags [DF], proto TCP (6), length 4396)"
1779587523.573000,,,TCP,52,"1779587523.573000 IP (tos 0x0, ttl 64, id 1782, offset 0, flags [DF], proto TCP (6), length 52)"
1779587523.573080,,,TCP,4396,"1779587523.573080 IP (tos 0x0, ttl 64, id 5868, offset 0, flags [DF], proto TCP (6), length 4396)"
1779587523.573230,,,TCP,52,"1779587523.573230 IP (tos 0x0, ttl 64, id 1783, offset 0, flags [DF], proto TCP (6), length 52)"
1779587523.573331,,,TCP,4396,"1779587523.573331 IP (tos 0x0, ttl 64, id 5871, offset 0, flags [DF], proto TCP (6), length 4396)"
1779587523.573414,,,TCP,52,"1779587523.573414 IP (tos 0x0, ttl 64, id 1784, offset 0, flags [DF], proto TCP (6), length 52)"
1779587523.573623,,,TCP,4396,"1779587523.573623 IP (tos 0x0, ttl 64, id 5874, offset 0, flags [DF], proto TCP (6), length 4396)"
1779587523.573806,,,TCP,52,"1779587523.573806 IP (tos 0x0, ttl 64, id 1785, offset 0, flags [DF], proto TCP (6), length 52)"
1779587523.573823,,,TCP,268,"1779587523.573823 IP (tos 0x0, ttl 64, id 5877, offset 0, flags [DF], proto TCP (6), length 268)"
1779587523.573836,,,TCP,2948,"1779587523.573836 IP (tos 0x0, ttl 64, id 5878, offset 0, flags [DF], proto TCP (6), length 2948)"
1779587523.574039,,,TCP,4396,"1779587523.574039 IP (tos 0x0, ttl 64, id 5880, offset 0, flags [DF], proto TCP (6), length 4396)"
1779587523.574078,,,TCP,52,"1779587523.574078 IP (tos 0x0, ttl 64, id 1786, offset 0, flags [DF], proto TCP (6), length 52)"
1779587523.574224,,,TCP,4396,"1779587523.574224 IP (tos 0x0, ttl 64, id 5883, offset 0, flags [DF], proto TCP (6), length 4396)"
1779587523.574455,,,TCP,52,"1779587523.574455 IP (tos 0x0, ttl 64, id 1787, offset 0, flags [DF], proto TCP (6), length 52)"
1779587523.574557,,,TCP,4396,"1779587523.574557 IP (tos 0x0, ttl 64, id 5886, offset 0, flags [DF], proto TCP (6), length 4396)"
1779587523.574975,,,TCP,52,"1779587523.574975 IP (tos 0x0, ttl 64, id 1788, offset 0, flags [DF], proto TCP (6), length 52)"
1779587523.575159,,,TCP,52,"1779587523.575159 IP (tos 0x0, ttl 64, id 1789, offset 0, flags [DF], proto TCP (6), length 52)"
1779587523.575427,,,TCP,52,"1779587523.575427 IP (tos 0x0, ttl 64, id 1790, offset 0, flags [DF], proto TCP (6), length 52)"
1779587523.575675,,,TCP,52,"1779587523.575675 IP (tos 0x0, ttl 64, id 1791, offset 0, flags [DF], proto TCP (6), length 52)"
1779587523.576137,,,TCP,52,"1779587523.576137 IP (tos 0x0, ttl 64, id 1792, offset 0, flags [DF], proto TCP (6), length 52)"
1779587523.576413,,,TCP,52,"1779587523.576413 IP (tos 0x0, ttl 64, id 1793, offset 0, flags [DF], proto TCP (6), length 52)"
1779587523.576599,,,TCP,52,"1779587523.576599 IP (tos 0x0, ttl 64, id 1794, offset 0, flags [DF], proto TCP (6), length 52)"
1779587523.576640,,,TCP,52,"1779587523.576640 IP (tos 0x0, ttl 64, id 1795, offset 0, flags [DF], proto TCP (6), length 52)"
1779587523.577232,,,TCP,52,"1779587523.577232 IP (tos 0x0, ttl 64, id 1796, offset 0, flags [DF], proto TCP (6), length 52)"
1779587523.577235,,,TCP,52,"1779587523.577235 IP (tos 0x0, ttl 64, id 1797, offset 0, flags [DF], proto TCP (6), length 52)"
1779587523.577583,,,TCP,52,"1779587523.577583 IP (tos 0x0, ttl 64, id 1798, offset 0, flags [DF], proto TCP (6), length 52)"
1779587523.577830,,,TCP,52,"1779587523.577830 IP (tos 0x0, ttl 64, id 1799, offset 0, flags [DF], proto TCP (6), length 52)"
1779587523.578071,,,TCP,52,"1779587523.578071 IP (tos 0x0, ttl 64, id 1800, offset 0, flags [DF], proto TCP (6), length 52)"
1779587523.578074,,,TCP,52,"1779587523.578074 IP (tos 0x0, ttl 64, id 1801, offset 0, flags [DF], proto TCP (6), length 52)"
1779587523.578319,,,TCP,52,"1779587523.578319 IP (tos 0x0, ttl 64, id 1802, offset 0, flags [DF], proto TCP (6), length 52)"
1779587523.578555,,,TCP,52,"1779587523.578555 IP (tos 0x0, ttl 64, id 1803, offset 0, flags [DF], proto TCP (6), length 52)"
1779587523.579003,,,TCP,52,"1779587523.579003 IP (tos 0x0, ttl 64, id 1804, offset 0, flags [DF], proto TCP (6), length 52)"
1779587523.579239,,,TCP,52,"1779587523.579239 IP (tos 0x0, ttl 64, id 1805, offset 0, flags [DF], proto TCP (6), length 52)"
1779587523.579243,,,TCP,52,"1779587523.579243 IP (tos 0x0, ttl 64, id 1806, offset 0, flags [DF], proto TCP (6), length 52)"
1779587523.579459,,,TCP,52,"1779587523.579459 IP (tos 0x0, ttl 64, id 1807, offset 0, flags [DF], proto TCP (6), length 52)"
1779587523.579674,,,TCP,52,"1779587523.579674 IP (tos 0x0, ttl 64, id 1808, offset 0, flags [DF], proto TCP (6), length 52)"
1779587523.579862,,,TCP,52,"1779587523.579862 IP (tos 0x0, ttl 64, id 1809, offset 0, flags [DF], proto TCP (6), length 52)"
1779587523.580130,,,TCP,52,"1779587523.580130 IP (tos 0x0, ttl 64, id 1810, offset 0, flags [DF], proto TCP (6), length 52)"
1779587523.580515,,,TCP,52,"1779587523.580515 IP (tos 0x0, ttl 64, id 1811, offset 0, flags [DF], proto TCP (6), length 52)"
1779587523.580787,,,TCP,52,"1779587523.580787 IP (tos 0x0, ttl 64, id 1812, offset 0, flags [DF], proto TCP (6), length 52)"
1779587523.580962,,,TCP,52,"1779587523.580962 IP (tos 0x0, ttl 64, id 1813, offset 0, flags [DF], proto TCP (6), length 52)"
1779587523.581199,,,TCP,52,"1779587523.581199 IP (tos 0x0, ttl 64, id 1814, offset 0, flags [DF], proto TCP (6), length 52)"
1779587523.581418,,,TCP,52,"1779587523.581418 IP (tos 0x0, ttl 64, id 1815, offset 0, flags [DF], proto TCP (6), length 52)"
1779587523.581656,,,TCP,52,"1779587523.581656 IP (tos 0x0, ttl 64, id 1816, offset 0, flags [DF], proto TCP (6), length 52)"
1779587523.582101,,,TCP,52,"1779587523.582101 IP (tos 0x0, ttl 64, id 1817, offset 0, flags [DF], proto TCP (6), length 52)"
1779587523.582298,,,TCP,52,"1779587523.582298 IP (tos 0x0, ttl 64, id 1818, offset 0, flags [DF], proto TCP (6), length 52)"
1779587523.582514,,,TCP,52,"1779587523.582514 IP (tos 0x0, ttl 64, id 1819, offset 0, flags [DF], proto TCP (6), length 52)"
1779587523.582579,,,TCP,508,"1779587523.582579 IP (tos 0x0, ttl 64, id 5889, offset 0, flags [DF], proto TCP (6), length 508)"
1779587523.582841,,,TCP,52,"1779587523.582841 IP (tos 0x0, ttl 64, id 1820, offset 0, flags [DF], proto TCP (6), length 52)"
1779587523.583158,,,TCP,52,"1779587523.583158 IP (tos 0x0, ttl 64, id 1821, offset 0, flags [DF], proto TCP (6), length 52)"
1779587523.583639,,,TCP,52,"1779587523.583639 IP (tos 0x0, ttl 64, id 1822, offset 0, flags [DF], proto TCP (6), length 52)"
1779587523.583882,,,TCP,52,"1779587523.583882 IP (tos 0x0, ttl 64, id 1823, offset 0, flags [DF], proto TCP (6), length 52)"
1779587523.584062,,,TCP,52,"1779587523.584062 IP (tos 0x0, ttl 64, id 1824, offset 0, flags [DF], proto TCP (6), length 52)"
1779587523.584216,,,TCP,52,"1779587523.584216 IP (tos 0x0, ttl 64, id 1825, offset 0, flags [DF], proto TCP (6), length 52)"
1779587523.584482,,,TCP,52,"1779587523.584482 IP (tos 0x0, ttl 64, id 1826, offset 0, flags [DF], proto TCP (6), length 52)"
1779587523.584592,,,TCP,52,"1779587523.584592 IP (tos 0x0, ttl 64, id 1827, offset 0, flags [DF], proto TCP (6), length 52)"
1779587523.600028,,,TCP,52,"1779587523.600028 IP (tos 0x0, ttl 64, id 1828, offset 0, flags [DF], proto TCP (6), length 52)"
1779587523.600187,,,TCP,52,"1779587523.600187 IP (tos 0x0, ttl 64, id 5890, offset 0, flags [DF], proto TCP (6), length 52)"
1779587523.724529,,,TCP,60,"1779587523.724529 IP (tos 0x0, ttl 64, id 33759, offset 0, flags [DF], proto TCP (6), length 60)"
1779587523.734660,,,TCP,60,"1779587523.734660 IP (tos 0x0, ttl 64, id 0, offset 0, flags [DF], proto TCP (6), length 60)"
1779587523.734728,,,TCP,52,"1779587523.734728 IP (tos 0x0, ttl 64, id 33760, offset 0, flags [DF], proto TCP (6), length 52)"
1779587523.734894,,,TCP,88,"1779587523.734894 IP (tos 0x0, ttl 64, id 33761, offset 0, flags [DF], proto TCP (6), length 88)"
1779587523.737394,,,TCP,2948,"1779587523.737394 IP (tos 0x0, ttl 64, id 33762, offset 0, flags [DF], proto TCP (6), length 2948)"
1779587523.737910,,,TCP,2948,"1779587523.737910 IP (tos 0x0, ttl 64, id 33764, offset 0, flags [DF], proto TCP (6), length 2948)"
1779587523.737958,,,TCP,1500,"1779587523.737958 IP (tos 0x0, ttl 64, id 33766, offset 0, flags [DF], proto TCP (6), length 1500)"
1779587523.738667,,,TCP,2948,"1779587523.738667 IP (tos 0x0, ttl 64, id 33767, offset 0, flags [DF], proto TCP (6), length 2948)"
1779587523.738708,,,TCP,1500,"1779587523.738708 IP (tos 0x0, ttl 64, id 33769, offset 0, flags [DF], proto TCP (6), length 1500)"
1779587523.739236,,,TCP,1500,"1779587523.739236 IP (tos 0x0, ttl 64, id 33770, offset 0, flags [DF], proto TCP (6), length 1500)"
1779587523.745032,,,TCP,52,"1779587523.745032 IP (tos 0x0, ttl 64, id 56535, offset 0, flags [DF], proto TCP (6), length 52)"
1779587523.745106,,,TCP,2948,"1779587523.745106 IP (tos 0x0, ttl 64, id 33771, offset 0, flags [DF], proto TCP (6), length 2948)"
1779587523.747475,,,TCP,52,"1779587523.747475 IP (tos 0x0, ttl 64, id 56536, offset 0, flags [DF], proto TCP (6), length 52)"
1779587523.747572,,,TCP,2948,"1779587523.747572 IP (tos 0x0, ttl 64, id 33773, offset 0, flags [DF], proto TCP (6), length 2948)"
1779587523.747583,,,TCP,1708,"1779587523.747583 IP (tos 0x0, ttl 64, id 33775, offset 0, flags [DF], proto TCP (6), length 1708)"
1779587523.748093,,,TCP,52,"1779587523.748093 IP (tos 0x0, ttl 64, id 56537, offset 0, flags [DF], proto TCP (6), length 52)"
1779587523.748097,,,TCP,52,"1779587523.748097 IP (tos 0x0, ttl 64, id 56538, offset 0, flags [DF], proto TCP (6), length 52)"
1779587523.748801,,,TCP,52,"1779587523.748801 IP (tos 0x0, ttl 64, id 56539, offset 0, flags [DF], proto TCP (6), length 52)"
1779587523.748804,,,TCP,52,"1779587523.748804 IP (tos 0x0, ttl 64, id 56540, offset 0, flags [DF], proto TCP (6), length 52)"
1779587523.749348,,,TCP,52,"1779587523.749348 IP (tos 0x0, ttl 64, id 56541, offset 0, flags [DF], proto TCP (6), length 52)"
1779587523.755216,,,TCP,52,"1779587523.755216 IP (tos 0x0, ttl 64, id 56542, offset 0, flags [DF], proto TCP (6), length 52)"
1779587523.756029,,,TCP,2948,"1779587523.756029 IP (tos 0x0, ttl 64, id 33777, offset 0, flags [DF], proto TCP (6), length 2948)"
1779587523.756729,,,TCP,4396,"1779587523.756729 IP (tos 0x0, ttl 64, id 33779, offset 0, flags [DF], proto TCP (6), length 4396)"
1779587523.757132,,,TCP,4396,"1779587523.757132 IP (tos 0x0, ttl 64, id 33782, offset 0, flags [DF], proto TCP (6), length 4396)"
1779587523.757489,,,TCP,4396,"1779587523.757489 IP (tos 0x0, ttl 64, id 33785, offset 0, flags [DF], proto TCP (6), length 4396)"
1779587523.757629,,,TCP,52,"1779587523.757629 IP (tos 0x0, ttl 64, id 56543, offset 0, flags [DF], proto TCP (6), length 52)"
1779587523.757632,,,TCP,52,"1779587523.757632 IP (tos 0x0, ttl 64, id 56544, offset 0, flags [DF], proto TCP (6), length 52)"
1779587523.757667,,,TCP,508,"1779587523.757667 IP (tos 0x0, ttl 64, id 33788, offset 0, flags [DF], proto TCP (6), length 508)"
1779587523.757823,,,TCP,2948,"1779587523.757823 IP (tos 0x0, ttl 64, id 33789, offset 0, flags [DF], proto TCP (6), length 2948)"
1779587523.758334,,,TCP,4396,"1779587523.758334 IP (tos 0x0, ttl 64, id 33791, offset 0, flags [DF], proto TCP (6), length 4396)"
1779587523.758728,,,TCP,4396,"1779587523.758728 IP (tos 0x0, ttl 64, id 33794, offset 0, flags [DF], proto TCP (6), length 4396)"
1779587523.759354,,,TCP,4396,"1779587523.759354 IP (tos 0x0, ttl 64, id 33797, offset 0, flags [DF], proto TCP (6), length 4396)"
1779587523.760163,,,TCP,4396,"1779587523.760163 IP (tos 0x0, ttl 64, id 33800, offset 0, flags [DF], proto TCP (6), length 4396)"
1779587523.766091,,,TCP,52,"1779587523.766091 IP (tos 0x0, ttl 64, id 56545, offset 0, flags [DF], proto TCP (6), length 52)"
1779587523.766143,,,TCP,5844,"1779587523.766143 IP (tos 0x0, ttl 64, id 33803, offset 0, flags [DF], proto TCP (6), length 5844)"
1779587523.766784,,,TCP,52,"1779587523.766784 IP (tos 0x0, ttl 64, id 56546, offset 0, flags [DF], proto TCP (6), length 52)"
1779587523.766841,,,TCP,7292,"1779587523.766841 IP (tos 0x0, ttl 64, id 33807, offset 0, flags [DF], proto TCP (6), length 7292)"
1779587523.767198,,,TCP,52,"1779587523.767198 IP (tos 0x0, ttl 64, id 56547, offset 0, flags [DF], proto TCP (6), length 52)"
1779587523.767254,,,TCP,8740,"1779587523.767254 IP (tos 0x0, ttl 64, id 33812, offset 0, flags [DF], proto TCP (6), length 8740)"
1779587523.767587,,,TCP,52,"1779587523.767587 IP (tos 0x0, ttl 64, id 56548, offset 0, flags [DF], proto TCP (6), length 52)"
1779587523.767631,,,TCP,10188,"1779587523.767631 IP (tos 0x0, ttl 64, id 33818, offset 0, flags [DF], proto TCP (6), length 10188)"
1779587523.767680,,,TCP,52,"1779587523.767680 IP (tos 0x0, ttl 64, id 56549, offset 0, flags [DF], proto TCP (6), length 52)"
1779587523.767868,,,TCP,52,"1779587523.767868 IP (tos 0x0, ttl 64, id 56550, offset 0, flags [DF], proto TCP (6), length 52)"
1779587523.768389,,,TCP,52,"1779587523.768389 IP (tos 0x0, ttl 64, id 56551, offset 0, flags [DF], proto TCP (6), length 52)"
1779587523.768424,,,TCP,11636,"1779587523.768424 IP (tos 0x0, ttl 64, id 33825, offset 0, flags [DF], proto TCP (6), length 11636)"
1779587523.768769,,,TCP,52,"1779587523.768769 IP (tos 0x0, ttl 64, id 56552, offset 0, flags [DF], proto TCP (6), length 52)"
1779587523.768792,,,TCP,11636,"1779587523.768792 IP (tos 0x0, ttl 64, id 33833, offset 0, flags [DF], proto TCP (6), length 11636)"
1779587523.769401,,,TCP,52,"1779587523.769401 IP (tos 0x0, ttl 64, id 56553, offset 0, flags [DF], proto TCP (6), length 52)"
1779587523.769979,,,TCP,11636,"1779587523.769979 IP (tos 0x0, ttl 64, id 33841, offset 0, flags [DF], proto TCP (6), length 11636)"
1779587523.770246,,,TCP,52,"1779587523.770246 IP (tos 0x0, ttl 64, id 56554, offset 0, flags [DF], proto TCP (6), length 52)"
1779587523.770281,,,TCP,8740,"1779587523.770281 IP (tos 0x0, ttl 64, id 33849, offset 0, flags [DF], proto TCP (6), length 8740)"
1779587523.776225,,,TCP,52,"1779587523.776225 IP (tos 0x0, ttl 64, id 56555, offset 0, flags [DF], proto TCP (6), length 52)"
1779587523.776284,,,TCP,11636,"1779587523.776284 IP (tos 0x0, ttl 64, id 33855, offset 0, flags [DF], proto TCP (6), length 11636)"
1779587523.776884,,,TCP,52,"1779587523.776884 IP (tos 0x0, ttl 64, id 56556, offset 0, flags [DF], proto TCP (6), length 52)"
1779587523.777291,,,TCP,52,"1779587523.777291 IP (tos 0x0, ttl 64, id 56557, offset 0, flags [DF], proto TCP (6), length 52)"
1779587523.777315,,,TCP,17428,"1779587523.777315 IP (tos 0x0, ttl 64, id 33863, offset 0, flags [DF], proto TCP (6), length 17428)"
1779587523.777675,,,TCP,52,"1779587523.777675 IP (tos 0x0, ttl 64, id 56558, offset 0, flags [DF], proto TCP (6), length 52)"
1779587523.777700,,,TCP,18876,"1779587523.777700 IP (tos 0x0, ttl 64, id 33875, offset 0, flags [DF], proto TCP (6), length 18876)"
1779587523.778442,,,TCP,52,"1779587523.778442 IP (tos 0x0, ttl 64, id 56559, offset 0, flags [DF], proto TCP (6), length 52)"
1779587523.778470,,,TCP,21772,"1779587523.778470 IP (tos 0x0, ttl 64, id 33888, offset 0, flags [DF], proto TCP (6), length 21772)"
1779587523.778826,,,TCP,52,"1779587523.778826 IP (tos 0x0, ttl 64, id 56560, offset 0, flags [DF], proto TCP (6), length 52)"
1779587523.778850,,,TCP,24668,"1779587523.778850 IP (tos 0x0, ttl 64, id 33903, offset 0, flags [DF], proto TCP (6), length 24668)"
1779587523.778873,,,TCP,1500,"1779587523.778873 IP (tos 0x0, ttl 64, id 33920, offset 0, flags [DF], proto TCP (6), length 1500)"
1779587523.779963,,,TCP,14532,"1779587523.779963 IP (tos 0x0, ttl 64, id 33921, offset 0, flags [DF], proto TCP (6), length 14532)"
1779587523.779997,,,TCP,52,"1779587523.779997 IP (tos 0x0, ttl 64, id 56561, offset 0, flags [DF], proto TCP (6), length 52)"
1779587523.780317,,,TCP,52,"1779587523.780317 IP (tos 0x0, ttl 64, id 56562, offset 0, flags [DF], proto TCP (6), length 52)"
1779587523.780406,,,TCP,29012,"1779587523.780406 IP (tos 0x0, ttl 64, id 33931, offset 0, flags [DF], proto TCP (6), length 29012)"
1779587523.780442,,,TCP,4396,"1779587523.780442 IP (tos 0x0, ttl 64, id 33951, offset 0, flags [DF], proto TCP (6), length 4396)"
1779587523.780449,,,TCP,7292,"1779587523.780449 IP (tos 0x0, ttl 64, id 33954, offset 0, flags [DF], proto TCP (6), length 7292)"
1779587523.786337,,,TCP,52,"1779587523.786337 IP (tos 0x0, ttl 64, id 56563, offset 0, flags [DF], proto TCP (6), length 52)"
1779587523.786392,,,TCP,23220,"1779587523.786392 IP (tos 0x0, ttl 64, id 33959, offset 0, flags [DF], proto TCP (6), length 23220)"
1779587523.787373,,,TCP,52,"1779587523.787373 IP (tos 0x0, ttl 64, id 56564, offset 0, flags [DF], proto TCP (6), length 52)"
1779587523.787413,,,TCP,33356,"1779587523.787413 IP (tos 0x0, ttl 64, id 33975, offset 0, flags [DF], proto TCP (6), length 33356)"
1779587523.787419,,,TCP,1500,"1779587523.787419 IP (tos 0x0, ttl 64, id 33998, offset 0, flags [DF], proto TCP (6), length 1500)"
1779587523.787714,,,TCP,52,"1779587523.787714 IP (tos 0x0, ttl 64, id 56565, offset 0, flags [DF], proto TCP (6), length 52)"
1779587523.787738,,,TCP,37700,"1779587523.787738 IP (tos 0x0, ttl 64, id 33999, offset 0, flags [DF], proto TCP (6), length 37700)"
1779587523.788517,,,TCP,52,"1779587523.788517 IP (tos 0x0, ttl 64, id 56566, offset 0, flags [DF], proto TCP (6), length 52)"
1779587523.788552,,,TCP,27564,"1779587523.788552 IP (tos 0x0, ttl 64, id 34025, offset 0, flags [DF], proto TCP (6), length 27564)"
1779587523.788888,,,TCP,52,"1779587523.788888 IP (tos 0x0, ttl 64, id 56567, offset 0, flags [DF], proto TCP (6), length 52)"
1779587523.788889,,,TCP,52,"1779587523.788889 IP (tos 0x0, ttl 64, id 56568, offset 0, flags [DF], proto TCP (6), length 52)"
1779587523.788913,,,TCP,28124,"1779587523.788913 IP (tos 0x0, ttl 64, id 34044, offset 0, flags [DF], proto TCP (6), length 28124)"
1779587523.790000,,,TCP,52,"1779587523.790000 IP (tos 0x0, ttl 64, id 56569, offset 0, flags [DF], proto TCP (6), length 52)"
1779587523.790024,,,TCP,23220,"1779587523.790024 IP (tos 0x0, ttl 64, id 34064, offset 0, flags [DF], proto TCP (6), length 23220)"
1779587523.790441,,,TCP,52,"1779587523.790441 IP (tos 0x0, ttl 64, id 56570, offset 0, flags [DF], proto TCP (6), length 52)"
1779587523.790448,,,TCP,52,"1779587523.790448 IP (tos 0x0, ttl 64, id 56571, offset 0, flags [DF], proto TCP (6), length 52)"
1779587523.790475,,,TCP,8740,"1779587523.790475 IP (tos 0x0, ttl 64, id 34080, offset 0, flags [DF], proto TCP (6), length 8740)"
1779587523.790479,,,TCP,52,"1779587523.790479 IP (tos 0x0, ttl 64, id 56572, offset 0, flags [DF], proto TCP (6), length 52)"
1779587523.790500,,,TCP,4396,"1779587523.790500 IP (tos 0x0, ttl 64, id 34086, offset 0, flags [DF], proto TCP (6), length 4396)"
1779587523.790703,,,TCP,4396,"1779587523.790703 IP (tos 0x0, ttl 64, id 34089, offset 0, flags [DF], proto TCP (6), length 4396)"
1779587523.790887,,,TCP,4396,"1779587523.790887 IP (tos 0x0, ttl 64, id 34092, offset 0, flags [DF], proto TCP (6), length 4396)"
1779587523.791061,,,TCP,2948,"1779587523.791061 IP (tos 0x0, ttl 64, id 34095, offset 0, flags [DF], proto TCP (6), length 2948)"
1779587523.791297,,,TCP,4396,"1779587523.791297 IP (tos 0x0, ttl 64, id 34097, offset 0, flags [DF], proto TCP (6), length 4396)"
1779587523.791607,,,TCP,4396,"1779587523.791607 IP (tos 0x0, ttl 64, id 34100, offset 0, flags [DF], proto TCP (6), length 4396)"
1779587523.791938,,,TCP,4396,"1779587523.791938 IP (tos 0x0, ttl 64, id 34103, offset 0, flags [DF], proto TCP (6), length 4396)"
1779587523.792267,,,TCP,4396,"1779587523.792267 IP (tos 0x0, ttl 64, id 34106, offset 0, flags [DF], proto TCP (6), length 4396)"
1779587523.792576,,,TCP,4396,"1779587523.792576 IP (tos 0x0, ttl 64, id 34109, offset 0, flags [DF], proto TCP (6), length 4396)"
1779587523.792855,,,TCP,2948,"1779587523.792855 IP (tos 0x0, ttl 64, id 34112, offset 0, flags [DF], proto TCP (6), length 2948)"
1779587523.793180,,,TCP,4396,"1779587523.793180 IP (tos 0x0, ttl 64, id 34114, offset 0, flags [DF], proto TCP (6), length 4396)"
1779587523.793460,,,TCP,4396,"1779587523.793460 IP (tos 0x0, ttl 64, id 34117, offset 0, flags [DF], proto TCP (6), length 4396)"
1779587523.793739,,,TCP,4396,"1779587523.793739 IP (tos 0x0, ttl 64, id 34120, offset 0, flags [DF], proto TCP (6), length 4396)"
1779587523.793974,,,TCP,4396,"1779587523.793974 IP (tos 0x0, ttl 64, id 34123, offset 0, flags [DF], proto TCP (6), length 4396)"
1779587523.794230,,,TCP,4396,"1779587523.794230 IP (tos 0x0, ttl 64, id 34126, offset 0, flags [DF], proto TCP (6), length 4396)"
1779587523.795310,,,TCP,15980,"1779587523.795310 IP (tos 0x0, ttl 64, id 34129, offset 0, flags [DF], proto TCP (6), length 15980)"
1779587523.796434,,,TCP,52,"1779587523.796434 IP (tos 0x0, ttl 64, id 56573, offset 0, flags [DF], proto TCP (6), length 52)"
1779587523.796455,,,TCP,15980,"1779587523.796455 IP (tos 0x0, ttl 64, id 34140, offset 0, flags [DF], proto TCP (6), length 15980)"
1779587523.796726,,,TCP,4396,"1779587523.796726 IP (tos 0x0, ttl 64, id 34151, offset 0, flags [DF], proto TCP (6), length 4396)"
1779587523.797005,,,TCP,4396,"1779587523.797005 IP (tos 0x0, ttl 64, id 34154, offset 0, flags [DF], proto TCP (6), length 4396)"
1779587523.797458,,,TCP,52,"1779587523.797458 IP (tos 0x0, ttl 64, id 56574, offset 0, flags [DF], proto TCP (6), length 52)"
1779587523.797460,,,TCP,52,"1779587523.797460 IP (tos 0x0, ttl 64, id 56575, offset 0, flags [DF], proto TCP (6), length 52)"
1779587523.797492,,,TCP,4396,"1779587523.797492 IP (tos 0x0, ttl 64, id 34157, offset 0, flags [DF], proto TCP (6), length 4396)"
1779587523.797513,,,TCP,4396,"1779587523.797513 IP (tos 0x0, ttl 64, id 34160, offset 0, flags [DF], proto TCP (6), length 4396)"
1779587523.797754,,,TCP,52,"1779587523.797754 IP (tos 0x0, ttl 64, id 56576, offset 0, flags [DF], proto TCP (6), length 52)"
1779587523.797785,,,TCP,2948,"1779587523.797785 IP (tos 0x0, ttl 64, id 34163, offset 0, flags [DF], proto TCP (6), length 2948)"
1779587523.797995,,,TCP,4396,"1779587523.797995 IP (tos 0x0, ttl 64, id 34165, offset 0, flags [DF], proto TCP (6), length 4396)"
1779587523.798231,,,TCP,4396,"1779587523.798231 IP (tos 0x0, ttl 64, id 34168, offset 0, flags [DF], proto TCP (6), length 4396)"
1779587523.798462,,,TCP,4396,"1779587523.798462 IP (tos 0x0, ttl 64, id 34171, offset 0, flags [DF], proto TCP (6), length 4396)"
1779587523.798581,,,TCP,52,"1779587523.798581 IP (tos 0x0, ttl 64, id 56577, offset 0, flags [DF], proto TCP (6), length 52)"
1779587523.798681,,,TCP,4396,"1779587523.798681 IP (tos 0x0, ttl 64, id 34174, offset 0, flags [DF], proto TCP (6), length 4396)"
1779587523.798928,,,TCP,52,"1779587523.798928 IP (tos 0x0, ttl 64, id 56578, offset 0, flags [DF], proto TCP (6), length 52)"
1779587523.798951,,,TCP,268,"1779587523.798951 IP (tos 0x0, ttl 64, id 34177, offset 0, flags [DF], proto TCP (6), length 268)"
1779587523.798966,,,TCP,2948,"1779587523.798966 IP (tos 0x0, ttl 64, id 34178, offset 0, flags [DF], proto TCP (6), length 2948)"
1779587523.799231,,,TCP,4396,"1779587523.799231 IP (tos 0x0, ttl 64, id 34180, offset 0, flags [DF], proto TCP (6), length 4396)"
1779587523.799458,,,TCP,4396,"1779587523.799458 IP (tos 0x0, ttl 64, id 34183, offset 0, flags [DF], proto TCP (6), length 4396)"
1779587523.799688,,,TCP,4396,"1779587523.799688 IP (tos 0x0, ttl 64, id 34186, offset 0, flags [DF], proto TCP (6), length 4396)"
1779587523.799954,,,TCP,4396,"1779587523.799954 IP (tos 0x0, ttl 64, id 34189, offset 0, flags [DF], proto TCP (6), length 4396)"
1779587523.800067,,,TCP,52,"1779587523.800067 IP (tos 0x0, ttl 64, id 56579, offset 0, flags [DF], proto TCP (6), length 52)"
1779587523.800175,,,TCP,2948,"1779587523.800175 IP (tos 0x0, ttl 64, id 34192, offset 0, flags [DF], proto TCP (6), length 2948)"
1779587523.800395,,,TCP,4396,"1779587523.800395 IP (tos 0x0, ttl 64, id 34194, offset 0, flags [DF], proto TCP (6), length 4396)"
1779587523.800507,,,TCP,52,"1779587523.800507 IP (tos 0x0, ttl 64, id 56580, offset 0, flags [DF], proto TCP (6), length 52)"
1779587523.800508,,,TCP,52,"1779587523.800508 IP (tos 0x0, ttl 64, id 56581, offset 0, flags [DF], proto TCP (6), length 52)"
1779587523.800591,,,TCP,4396,"1779587523.800591 IP (tos 0x0, ttl 64, id 34197, offset 0, flags [DF], proto TCP (6), length 4396)"
1779587523.800807,,,TCP,52,"1779587523.800807 IP (tos 0x0, ttl 64, id 56582, offset 0, flags [DF], proto TCP (6), length 52)"
1779587523.800836,,,TCP,4396,"1779587523.800836 IP (tos 0x0, ttl 64, id 34200, offset 0, flags [DF], proto TCP (6), length 4396)"
1779587523.800992,,,TCP,52,"1779587523.800992 IP (tos 0x0, ttl 64, id 56583, offset 0, flags [DF], proto TCP (6), length 52)"
1779587523.801062,,,TCP,4396,"1779587523.801062 IP (tos 0x0, ttl 64, id 34203, offset 0, flags [DF], proto TCP (6), length 4396)"
1779587523.801165,,,TCP,52,"1779587523.801165 IP (tos 0x0, ttl 64, id 56584, offset 0, flags [DF], proto TCP (6), length 52)"
1779587523.801254,,,TCP,4396,"1779587523.801254 IP (tos 0x0, ttl 64, id 34206, offset 0, flags [DF], proto TCP (6), length 4396)"
1779587523.801340,,,TCP,52,"1779587523.801340 IP (tos 0x0, ttl 64, id 56585, offset 0, flags [DF], proto TCP (6), length 52)"
1779587523.801450,,,TCP,2948,"1779587523.801450 IP (tos 0x0, ttl 64, id 34209, offset 0, flags [DF], proto TCP (6), length 2948)"
1779587523.801576,,,TCP,4396,"1779587523.801576 IP (tos 0x0, ttl 64, id 34211, offset 0, flags [DF], proto TCP (6), length 4396)"
1779587523.801653,,,TCP,52,"1779587523.801653 IP (tos 0x0, ttl 64, id 56586, offset 0, flags [DF], proto TCP (6), length 52)"
1779587523.801833,,,TCP,4396,"1779587523.801833 IP (tos 0x0, ttl 64, id 34214, offset 0, flags [DF], proto TCP (6), length 4396)"
1779587523.801987,,,TCP,52,"1779587523.801987 IP (tos 0x0, ttl 64, id 56587, offset 0, flags [DF], proto TCP (6), length 52)"
1779587523.802037,,,TCP,4396,"1779587523.802037 IP (tos 0x0, ttl 64, id 34217, offset 0, flags [DF], proto TCP (6), length 4396)"
1779587523.802242,,,TCP,4396,"1779587523.802242 IP (tos 0x0, ttl 64, id 34220, offset 0, flags [DF], proto TCP (6), length 4396)"
1779587523.802441,,,TCP,52,"1779587523.802441 IP (tos 0x0, ttl 64, id 56588, offset 0, flags [DF], proto TCP (6), length 52)"
1779587523.802450,,,TCP,4396,"1779587523.802450 IP (tos 0x0, ttl 64, id 34223, offset 0, flags [DF], proto TCP (6), length 4396)"
1779587523.802635,,,TCP,2948,"1779587523.802635 IP (tos 0x0, ttl 64, id 34226, offset 0, flags [DF], proto TCP (6), length 2948)"
1779587523.802840,,,TCP,52,"1779587523.802840 IP (tos 0x0, ttl 64, id 56589, offset 0, flags [DF], proto TCP (6), length 52)"
1779587523.802848,,,TCP,4396,"1779587523.802848 IP (tos 0x0, ttl 64, id 34228, offset 0, flags [DF], proto TCP (6), length 4396)"
1779587523.802867,,,TCP,52,"1779587523.802867 IP (tos 0x0, ttl 64, id 56590, offset 0, flags [DF], proto TCP (6), length 52)"
1779587523.803045,,,TCP,4396,"1779587523.803045 IP (tos 0x0, ttl 64, id 34231, offset 0, flags [DF], proto TCP (6), length 4396)"
1779587523.803234,,,TCP,4396,"1779587523.803234 IP (tos 0x0, ttl 64, id 34234, offset 0, flags [DF], proto TCP (6), length 4396)"
1779587523.803424,,,TCP,52,"1779587523.803424 IP (tos 0x0, ttl 64, id 56591, offset 0, flags [DF], proto TCP (6), length 52)"
1779587523.803571,,,TCP,4396,"1779587523.803571 IP (tos 0x0, ttl 64, id 34237, offset 0, flags [DF], proto TCP (6), length 4396)"
1779587523.803720,,,TCP,52,"1779587523.803720 IP (tos 0x0, ttl 64, id 56592, offset 0, flags [DF], proto TCP (6), length 52)"
1779587523.803816,,,TCP,4396,"1779587523.803816 IP (tos 0x0, ttl 64, id 34240, offset 0, flags [DF], proto TCP (6), length 4396)"
1779587523.803956,,,TCP,52,"1779587523.803956 IP (tos 0x0, ttl 64, id 56593, offset 0, flags [DF], proto TCP (6), length 52)"
1779587523.804015,,,TCP,2948,"1779587523.804015 IP (tos 0x0, ttl 64, id 34243, offset 0, flags [DF], proto TCP (6), length 2948)"
1779587523.804203,,,TCP,52,"1779587523.804203 IP (tos 0x0, ttl 64, id 56594, offset 0, flags [DF], proto TCP (6), length 52)"
1779587523.804219,,,TCP,4396,"1779587523.804219 IP (tos 0x0, ttl 64, id 34245, offset 0, flags [DF], proto TCP (6), length 4396)"
1779587523.804424,,,TCP,4396,"1779587523.804424 IP (tos 0x0, ttl 64, id 34248, offset 0, flags [DF], proto TCP (6), length 4396)"
1779587523.804527,,,TCP,52,"1779587523.804527 IP (tos 0x0, ttl 64, id 56595, offset 0, flags [DF], proto TCP (6), length 52)"
1779587523.804583,,,TCP,4396,"1779587523.804583 IP (tos 0x0, ttl 64, id 34251, offset 0, flags [DF], proto TCP (6), length 4396)"
1779587523.804825,,,TCP,4396,"1779587523.804825 IP (tos 0x0, ttl 64, id 34254, offset 0, flags [DF], proto TCP (6), length 4396)"
1779587523.805019,,,TCP,4396,"1779587523.805019 IP (tos 0x0, ttl 64, id 34257, offset 0, flags [DF], proto TCP (6), length 4396)"
1779587523.805280,,,TCP,2948,"1779587523.805280 IP (tos 0x0, ttl 64, id 34260, offset 0, flags [DF], proto TCP (6), length 2948)"
1779587523.805341,,,TCP,52,"1779587523.805341 IP (tos 0x0, ttl 64, id 56596, offset 0, flags [DF], proto TCP (6), length 52)"
1779587523.805481,,,TCP,4396,"1779587523.805481 IP (tos 0x0, ttl 64, id 34262, offset 0, flags [DF], proto TCP (6), length 4396)"
1779587523.805667,,,TCP,4396,"1779587523.805667 IP (tos 0x0, ttl 64, id 34265, offset 0, flags [DF], proto TCP (6), length 4396)"
1779587523.805849,,,TCP,4396,"1779587523.805849 IP (tos 0x0, ttl 64, id 34268, offset 0, flags [DF], proto TCP (6), length 4396)"
1779587523.806037,,,TCP,4396,"1779587523.806037 IP (tos 0x0, ttl 64, id 34271, offset 0, flags [DF], proto TCP (6), length 4396)"
1779587523.806222,,,TCP,4396,"1779587523.806222 IP (tos 0x0, ttl 64, id 34274, offset 0, flags [DF], proto TCP (6), length 4396)"
1779587523.806403,,,TCP,2948,"1779587523.806403 IP (tos 0x0, ttl 64, id 34277, offset 0, flags [DF], proto TCP (6), length 2948)"
1779587523.806486,,,TCP,52,"1779587523.806486 IP (tos 0x0, ttl 64, id 56597, offset 0, flags [DF], proto TCP (6), length 52)"
1779587523.806582,,,TCP,4396,"1779587523.806582 IP (tos 0x0, ttl 64, id 34279, offset 0, flags [DF], proto TCP (6), length 4396)"
1779587523.806769,,,TCP,52,"1779587523.806769 IP (tos 0x0, ttl 64, id 56598, offset 0, flags [DF], proto TCP (6), length 52)"
1779587523.806861,,,TCP,4396,"1779587523.806861 IP (tos 0x0, ttl 64, id 34282, offset 0, flags [DF], proto TCP (6), length 4396)"
1779587523.807022,,,TCP,52,"1779587523.807022 IP (tos 0x0, ttl 64, id 56599, offset 0, flags [DF], proto TCP (6), length 52)"
1779587523.807108,,,TCP,4396,"1779587523.807108 IP (tos 0x0, ttl 64, id 34285, offset 0, flags [DF], proto TCP (6), length 4396)"
1779587523.807318,,,TCP,4396,"1779587523.807318 IP (tos 0x0, ttl 64, id 34288, offset 0, flags [DF], proto TCP (6), length 4396)"
1779587523.807520,,,TCP,52,"1779587523.807520 IP (tos 0x0, ttl 64, id 56600, offset 0, flags [DF], proto TCP (6), length 52)"
1779587523.807535,,,TCP,2948,"1779587523.807535 IP (tos 0x0, ttl 64, id 34291, offset 0, flags [DF], proto TCP (6), length 2948)"
1779587523.807783,,,TCP,52,"1779587523.807783 IP (tos 0x0, ttl 64, id 56601, offset 0, flags [DF], proto TCP (6), length 52)"
1779587523.807784,,,TCP,4396,"1779587523.807784 IP (tos 0x0, ttl 64, id 34293, offset 0, flags [DF], proto TCP (6), length 4396)"
1779587523.807995,,,TCP,52,"1779587523.807995 IP (tos 0x0, ttl 64, id 56602, offset 0, flags [DF], proto TCP (6), length 52)"
1779587523.808055,,,TCP,4396,"1779587523.808055 IP (tos 0x0, ttl 64, id 34296, offset 0, flags [DF], proto TCP (6), length 4396)"
1779587523.808254,,,TCP,52,"1779587523.808254 IP (tos 0x0, ttl 64, id 56603, offset 0, flags [DF], proto TCP (6), length 52)"
1779587523.808350,,,TCP,4396,"1779587523.808350 IP (tos 0x0, ttl 64, id 34299, offset 0, flags [DF], proto TCP (6), length 4396)"
1779587523.808454,,,TCP,52,"1779587523.808454 IP (tos 0x0, ttl 64, id 56604, offset 0, flags [DF], proto TCP (6), length 52)"
1779587523.808661,,,TCP,52,"1779587523.808661 IP (tos 0x0, ttl 64, id 56605, offset 0, flags [DF], proto TCP (6), length 52)"
1779587523.808714,,,TCP,4396,"1779587523.808714 IP (tos 0x0, ttl 64, id 34302, offset 0, flags [DF], proto TCP (6), length 4396)"
1779587523.808986,,,TCP,52,"1779587523.808986 IP (tos 0x0, ttl 64, id 56606, offset 0, flags [DF], proto TCP (6), length 52)"
1779587523.809014,,,TCP,476,"1779587523.809014 IP (tos 0x0, ttl 64, id 34305, offset 0, flags [DF], proto TCP (6), length 476)"
1779587523.809241,,,TCP,2948,"1779587523.809241 IP (tos 0x0, ttl 64, id 34306, offset 0, flags [DF], proto TCP (6), length 2948)"
1779587523.809454,,,TCP,52,"1779587523.809454 IP (tos 0x0, ttl 64, id 56607, offset 0, flags [DF], proto TCP (6), length 52)"
1779587523.809549,,,TCP,4396,"1779587523.809549 IP (tos 0x0, ttl 64, id 34308, offset 0, flags [DF], proto TCP (6), length 4396)"
1779587523.809710,,,TCP,52,"1779587523.809710 IP (tos 0x0, ttl 64, id 56608, offset 0, flags [DF], proto TCP (6), length 52)"
1779587523.809829,,,TCP,4396,"1779587523.809829 IP (tos 0x0, ttl 64, id 34311, offset 0, flags [DF], proto TCP (6), length 4396)"
1779587523.809941,,,TCP,52,"1779587523.809941 IP (tos 0x0, ttl 64, id 56609, offset 0, flags [DF], proto TCP (6), length 52)"
1779587523.810089,,,TCP,4396,"1779587523.810089 IP (tos 0x0, ttl 64, id 34314, offset 0, flags [DF], proto TCP (6), length 4396)"
1779587523.810182,,,TCP,52,"1779587523.810182 IP (tos 0x0, ttl 64, id 56610, offset 0, flags [DF], proto TCP (6), length 52)"
1779587523.810346,,,TCP,4396,"1779587523.810346 IP (tos 0x0, ttl 64, id 34317, offset 0, flags [DF], proto TCP (6), length 4396)"
1779587523.810419,,,TCP,52,"1779587523.810419 IP (tos 0x0, ttl 64, id 56611, offset 0, flags [DF], proto TCP (6), length 52)"
1779587523.810639,,,TCP,2948,"1779587523.810639 IP (tos 0x0, ttl 64, id 34320, offset 0, flags [DF], proto TCP (6), length 2948)"
1779587523.810648,,,TCP,52,"1779587523.810648 IP (tos 0x0, ttl 64, id 56612, offset 0, flags [DF], proto TCP (6), length 52)"
1779587523.810908,,,TCP,4396,"1779587523.810908 IP (tos 0x0, ttl 64, id 34322, offset 0, flags [DF], proto TCP (6), length 4396)"
1779587523.811054,,,TCP,52,"1779587523.811054 IP (tos 0x0, ttl 64, id 56613, offset 0, flags [DF], proto TCP (6), length 52)"
1779587523.811156,,,TCP,4396,"1779587523.811156 IP (tos 0x0, ttl 64, id 34325, offset 0, flags [DF], proto TCP (6), length 4396)"
1779587523.811210,,,TCP,52,"1779587523.811210 IP (tos 0x0, ttl 64, id 56614, offset 0, flags [DF], proto TCP (6), length 52)"
1779587523.811361,,,TCP,4396,"1779587523.811361 IP (tos 0x0, ttl 64, id 34328, offset 0, flags [DF], proto TCP (6), length 4396)"
1779587523.811382,,,TCP,52,"1779587523.811382 IP (tos 0x0, ttl 64, id 56615, offset 0, flags [DF], proto TCP (6), length 52)"
1779587523.811567,,,TCP,52,"1779587523.811567 IP (tos 0x0, ttl 64, id 56616, offset 0, flags [DF], proto TCP (6), length 52)"
1779587523.811601,,,TCP,4396,"1779587523.811601 IP (tos 0x0, ttl 64, id 34331, offset 0, flags [DF], proto TCP (6), length 4396)"
1779587523.811774,,,TCP,52,"1779587523.811774 IP (tos 0x0, ttl 64, id 56617, offset 0, flags [DF], proto TCP (6), length 52)"
1779587523.811805,,,TCP,4396,"1779587523.811805 IP (tos 0x0, ttl 64, id 34334, offset 0, flags [DF], proto TCP (6), length 4396)"
1779587523.811957,,,TCP,52,"1779587523.811957 IP (tos 0x0, ttl 64, id 56618, offset 0, flags [DF], proto TCP (6), length 52)"
1779587523.811998,,,TCP,2948,"1779587523.811998 IP (tos 0x0, ttl 64, id 34337, offset 0, flags [DF], proto TCP (6), length 2948)"
1779587523.812072,,,TCP,52,"1779587523.812072 IP (tos 0x0, ttl 64, id 56619, offset 0, flags [DF], proto TCP (6), length 52)"
1779587523.812267,,,TCP,4396,"1779587523.812267 IP (tos 0x0, ttl 64, id 34339, offset 0, flags [DF], proto TCP (6), length 4396)"
1779587523.812287,,,TCP,52,"1779587523.812287 IP (tos 0x0, ttl 64, id 56620, offset 0, flags [DF], proto TCP (6), length 52)"
1779587523.812505,,,TCP,52,"1779587523.812505 IP (tos 0x0, ttl 64, id 56621, offset 0, flags [DF], proto TCP (6), length 52)"
1779587523.812582,,,TCP,4396,"1779587523.812582 IP (tos 0x0, ttl 64, id 34342, offset 0, flags [DF], proto TCP (6), length 4396)"
1779587523.812703,,,TCP,52,"1779587523.812703 IP (tos 0x0, ttl 64, id 56622, offset 0, flags [DF], proto TCP (6), length 52)"
1779587523.812878,,,TCP,4396,"1779587523.812878 IP (tos 0x0, ttl 64, id 34345, offset 0, flags [DF], proto TCP (6), length 4396)"
1779587523.812894,,,TCP,52,"1779587523.812894 IP (tos 0x0, ttl 64, id 56623, offset 0, flags [DF], proto TCP (6), length 52)"
1779587523.813086,,,TCP,4396,"1779587523.813086 IP (tos 0x0, ttl 64, id 34348, offset 0, flags [DF], proto TCP (6), length 4396)"
1779587523.813087,,,TCP,52,"1779587523.813087 IP (tos 0x0, ttl 64, id 56624, offset 0, flags [DF], proto TCP (6), length 52)"
1779587523.813279,,,TCP,52,"1779587523.813279 IP (tos 0x0, ttl 64, id 56625, offset 0, flags [DF], proto TCP (6), length 52)"
1779587523.813334,,,TCP,4396,"1779587523.813334 IP (tos 0x0, ttl 64, id 34351, offset 0, flags [DF], proto TCP (6), length 4396)"
1779587523.813562,,,TCP,2948,"1779587523.813562 IP (tos 0x0, ttl 64, id 34354, offset 0, flags [DF], proto TCP (6), length 2948)"
1779587523.813587,,,TCP,52,"1779587523.813587 IP (tos 0x0, ttl 64, id 56626, offset 0, flags [DF], proto TCP (6), length 52)"
1779587523.813795,,,TCP,4396,"1779587523.813795 IP (tos 0x0, ttl 64, id 34356, offset 0, flags [DF], proto TCP (6), length 4396)"
1779587523.813873,,,TCP,52,"1779587523.813873 IP (tos 0x0, ttl 64, id 56627, offset 0, flags [DF], proto TCP (6), length 52)"
1779587523.814073,,,TCP,4396,"1779587523.814073 IP (tos 0x0, ttl 64, id 34359, offset 0, flags [DF], proto TCP (6), length 4396)"
1779587523.814078,,,TCP,52,"1779587523.814078 IP (tos 0x0, ttl 64, id 56628, offset 0, flags [DF], proto TCP (6), length 52)"
1779587523.814248,,,TCP,52,"1779587523.814248 IP (tos 0x0, ttl 64, id 56629, offset 0, flags [DF], proto TCP (6), length 52)"
1779587523.814362,,,TCP,4396,"1779587523.814362 IP (tos 0x0, ttl 64, id 34362, offset 0, flags [DF], proto TCP (6), length 4396)"
1779587523.814452,,,TCP,52,"1779587523.814452 IP (tos 0x0, ttl 64, id 56630, offset 0, flags [DF], proto TCP (6), length 52)"
1779587523.814585,,,TCP,4396,"1779587523.814585 IP (tos 0x0, ttl 64, id 34365, offset 0, flags [DF], proto TCP (6), length 4396)"
1779587523.814593,,,TCP,52,"1779587523.814593 IP (tos 0x0, ttl 64, id 56631, offset 0, flags [DF], proto TCP (6), length 52)"
1779587523.814850,,,TCP,4396,"1779587523.814850 IP (tos 0x0, ttl 64, id 34368, offset 0, flags [DF], proto TCP (6), length 4396)"
1779587523.815030,,,TCP,52,"1779587523.815030 IP (tos 0x0, ttl 64, id 56632, offset 0, flags [DF], proto TCP (6), length 52)"
1779587523.815139,,,TCP,2948,"1779587523.815139 IP (tos 0x0, ttl 64, id 34371, offset 0, flags [DF], proto TCP (6), length 2948)"
1779587523.815207,,,TCP,52,"1779587523.815207 IP (tos 0x0, ttl 64, id 56633, offset 0, flags [DF], proto TCP (6), length 52)"
1779587523.815381,,,TCP,52,"1779587523.815381 IP (tos 0x0, ttl 64, id 56634, offset 0, flags [DF], proto TCP (6), length 52)"
1779587523.815456,,,TCP,4396,"1779587523.815456 IP (tos 0x0, ttl 64, id 34373, offset 0, flags [DF], proto TCP (6), length 4396)"
1779587523.815551,,,TCP,52,"1779587523.815551 IP (tos 0x0, ttl 64, id 56635, offset 0, flags [DF], proto TCP (6), length 52)"
1779587523.815667,,,TCP,4396,"1779587523.815667 IP (tos 0x0, ttl 64, id 34376, offset 0, flags [DF], proto TCP (6), length 4396)"
1779587523.815724,,,TCP,52,"1779587523.815724 IP (tos 0x0, ttl 64, id 56636, offset 0, flags [DF], proto TCP (6), length 52)"
1779587523.815903,,,TCP,4396,"1779587523.815903 IP (tos 0x0, ttl 64, id 34379, offset 0, flags [DF], proto TCP (6), length 4396)"
1779587523.815904,,,TCP,52,"1779587523.815904 IP (tos 0x0, ttl 64, id 56637, offset 0, flags [DF], proto TCP (6), length 52)"
1779587523.816073,,,TCP,52,"1779587523.816073 IP (tos 0x0, ttl 64, id 56638, offset 0, flags [DF], proto TCP (6), length 52)"
1779587523.816116,,,TCP,4396,"1779587523.816116 IP (tos 0x0, ttl 64, id 34382, offset 0, flags [DF], proto TCP (6), length 4396)"
1779587523.816267,,,TCP,52,"1779587523.816267 IP (tos 0x0, ttl 64, id 56639, offset 0, flags [DF], proto TCP (6), length 52)"
1779587523.816327,,,TCP,4396,"1779587523.816327 IP (tos 0x0, ttl 64, id 34385, offset 0, flags [DF], proto TCP (6), length 4396)"
1779587523.816456,,,TCP,52,"1779587523.816456 IP (tos 0x0, ttl 64, id 56640, offset 0, flags [DF], proto TCP (6), length 52)"
1779587523.816578,,,TCP,2948,"1779587523.816578 IP (tos 0x0, ttl 64, id 34388, offset 0, flags [DF], proto TCP (6), length 2948)"
1779587523.816644,,,TCP,52,"1779587523.816644 IP (tos 0x0, ttl 64, id 56641, offset 0, flags [DF], proto TCP (6), length 52)"
1779587523.816789,,,TCP,4396,"1779587523.816789 IP (tos 0x0, ttl 64, id 34390, offset 0, flags [DF], proto TCP (6), length 4396)"
1779587523.816901,,,TCP,52,"1779587523.816901 IP (tos 0x0, ttl 64, id 56642, offset 0, flags [DF], proto TCP (6), length 52)"
1779587523.817015,,,TCP,4396,"1779587523.817015 IP (tos 0x0, ttl 64, id 34393, offset 0, flags [DF], proto TCP (6), length 4396)"
1779587523.817275,,,TCP,4396,"1779587523.817275 IP (tos 0x0, ttl 64, id 34396, offset 0, flags [DF], proto TCP (6), length 4396)"
1779587523.817283,,,TCP,52,"1779587523.817283 IP (tos 0x0, ttl 64, id 56643, offset 0, flags [DF], proto TCP (6), length 52)"
1779587523.817462,,,TCP,52,"1779587523.817462 IP (tos 0x0, ttl 64, id 56644, offset 0, flags [DF], proto TCP (6), length 52)"
1779587523.817524,,,TCP,4396,"1779587523.817524 IP (tos 0x0, ttl 64, id 34399, offset 0, flags [DF], proto TCP (6), length 4396)"
1779587523.817550,,,TCP,52,"1779587523.817550 IP (tos 0x0, ttl 64, id 56645, offset 0, flags [DF], proto TCP (6), length 52)"
1779587523.817734,,,TCP,4396,"1779587523.817734 IP (tos 0x0, ttl 64, id 34402, offset 0, flags [DF], proto TCP (6), length 4396)"
1779587523.817809,,,TCP,52,"1779587523.817809 IP (tos 0x0, ttl 64, id 56646, offset 0, flags [DF], proto TCP (6), length 52)"
1779587523.817912,,,TCP,2948,"1779587523.817912 IP (tos 0x0, ttl 64, id 34405, offset 0, flags [DF], proto TCP (6), length 2948)"
1779587523.818071,,,TCP,4396,"1779587523.818071 IP (tos 0x0, ttl 64, id 34407, offset 0, flags [DF], proto TCP (6), length 4396)"
1779587523.818078,,,TCP,52,"1779587523.818078 IP (tos 0x0, ttl 64, id 56647, offset 0, flags [DF], proto TCP (6), length 52)"
1779587523.818293,,,TCP,4396,"1779587523.818293 IP (tos 0x0, ttl 64, id 34410, offset 0, flags [DF], proto TCP (6), length 4396)"
1779587523.818379,,,TCP,52,"1779587523.818379 IP (tos 0x0, ttl 64, id 56648, offset 0, flags [DF], proto TCP (6), length 52)"
1779587523.818493,,,TCP,4396,"1779587523.818493 IP (tos 0x0, ttl 64, id 34413, offset 0, flags [DF], proto TCP (6), length 4396)"
1779587523.818690,,,TCP,4396,"1779587523.818690 IP (tos 0x0, ttl 64, id 34416, offset 0, flags [DF], proto TCP (6), length 4396)"
1779587523.818747,,,TCP,52,"1779587523.818747 IP (tos 0x0, ttl 64, id 56649, offset 0, flags [DF], proto TCP (6), length 52)"
1779587523.818915,,,TCP,2948,"1779587523.818915 IP (tos 0x0, ttl 64, id 34419, offset 0, flags [DF], proto TCP (6), length 2948)"
1779587523.819256,,,TCP,52,"1779587523.819256 IP (tos 0x0, ttl 64, id 56650, offset 0, flags [DF], proto TCP (6), length 52)"
1779587523.819318,,,TCP,4396,"1779587523.819318 IP (tos 0x0, ttl 64, id 34421, offset 0, flags [DF], proto TCP (6), length 4396)"
1779587523.819329,,,TCP,1220,"1779587523.819329 IP (tos 0x0, ttl 64, id 34424, offset 0, flags [DF], proto TCP (6), length 1220)"
1779587523.819494,,,TCP,2948,"1779587523.819494 IP (tos 0x0, ttl 64, id 34425, offset 0, flags [DF], proto TCP (6), length 2948)"
1779587523.819572,,,TCP,52,"1779587523.819572 IP (tos 0x0, ttl 64, id 56651, offset 0, flags [DF], proto TCP (6), length 52)"
1779587523.819699,,,TCP,4396,"1779587523.819699 IP (tos 0x0, ttl 64, id 34427, offset 0, flags [DF], proto TCP (6), length 4396)"
1779587523.819854,,,TCP,52,"1779587523.819854 IP (tos 0x0, ttl 64, id 56652, offset 0, flags [DF], proto TCP (6), length 52)"
1779587523.819919,,,TCP,4396,"1779587523.819919 IP (tos 0x0, ttl 64, id 34430, offset 0, flags [DF], proto TCP (6), length 4396)"
1779587523.820105,,,TCP,52,"1779587523.820105 IP (tos 0x0, ttl 64, id 56653, offset 0, flags [DF], proto TCP (6), length 52)"
1779587523.820174,,,TCP,4396,"1779587523.820174 IP (tos 0x0, ttl 64, id 34433, offset 0, flags [DF], proto TCP (6), length 4396)"
1779587523.820363,,,TCP,4396,"1779587523.820363 IP (tos 0x0, ttl 64, id 34436, offset 0, flags [DF], proto TCP (6), length 4396)"
1779587523.820391,,,TCP,52,"1779587523.820391 IP (tos 0x0, ttl 64, id 56654, offset 0, flags [DF], proto TCP (6), length 52)"
1779587523.820541,,,TCP,2948,"1779587523.820541 IP (tos 0x0, ttl 64, id 34439, offset 0, flags [DF], proto TCP (6), length 2948)"
1779587523.820672,,,TCP,52,"1779587523.820672 IP (tos 0x0, ttl 64, id 56655, offset 0, flags [DF], proto TCP (6), length 52)"
1779587523.820736,,,TCP,4396,"1779587523.820736 IP (tos 0x0, ttl 64, id 34441, offset 0, flags [DF], proto TCP (6), length 4396)"
1779587523.820962,,,TCP,52,"1779587523.820962 IP (tos 0x0, ttl 64, id 56656, offset 0, flags [DF], proto TCP (6), length 52)"
1779587523.821028,,,TCP,4396,"1779587523.821028 IP (tos 0x0, ttl 64, id 34444, offset 0, flags [DF], proto TCP (6), length 4396)"
1779587523.821189,,,TCP,52,"1779587523.821189 IP (tos 0x0, ttl 64, id 56657, offset 0, flags [DF], proto TCP (6), length 52)"
1779587523.821220,,,TCP,4396,"1779587523.821220 IP (tos 0x0, ttl 64, id 34447, offset 0, flags [DF], proto TCP (6), length 4396)"
1779587523.821476,,,TCP,4396,"1779587523.821476 IP (tos 0x0, ttl 64, id 34450, offset 0, flags [DF], proto TCP (6), length 4396)"
1779587523.821576,,,TCP,52,"1779587523.821576 IP (tos 0x0, ttl 64, id 56658, offset 0, flags [DF], proto TCP (6), length 52)"
1779587523.821765,,,TCP,4396,"1779587523.821765 IP (tos 0x0, ttl 64, id 34453, offset 0, flags [DF], proto TCP (6), length 4396)"
1779587523.821774,,,TCP,52,"1779587523.821774 IP (tos 0x0, ttl 64, id 56659, offset 0, flags [DF], proto TCP (6), length 52)"
1779587523.821969,,,TCP,2948,"1779587523.821969 IP (tos 0x0, ttl 64, id 34456, offset 0, flags [DF], proto TCP (6), length 2948)"
1779587523.822006,,,TCP,52,"1779587523.822006 IP (tos 0x0, ttl 64, id 56660, offset 0, flags [DF], proto TCP (6), length 52)"
1779587523.822009,,,TCP,52,"1779587523.822009 IP (tos 0x0, ttl 64, id 56661, offset 0, flags [DF], proto TCP (6), length 52)"
1779587523.822221,,,TCP,4396,"1779587523.822221 IP (tos 0x0, ttl 64, id 34458, offset 0, flags [DF], proto TCP (6), length 4396)"
1779587523.822332,,,TCP,52,"1779587523.822332 IP (tos 0x0, ttl 64, id 56662, offset 0, flags [DF], proto TCP (6), length 52)"
1779587523.822417,,,TCP,4396,"1779587523.822417 IP (tos 0x0, ttl 64, id 34461, offset 0, flags [DF], proto TCP (6), length 4396)"
1779587523.822662,,,TCP,52,"1779587523.822662 IP (tos 0x0, ttl 64, id 56663, offset 0, flags [DF], proto TCP (6), length 52)"
1779587523.822698,,,TCP,4396,"1779587523.822698 IP (tos 0x0, ttl 64, id 34464, offset 0, flags [DF], proto TCP (6), length 4396)"
1779587523.822867,,,TCP,4396,"1779587523.822867 IP (tos 0x0, ttl 64, id 34467, offset 0, flags [DF], proto TCP (6), length 4396)"
1779587523.822949,,,TCP,52,"1779587523.822949 IP (tos 0x0, ttl 64, id 56664, offset 0, flags [DF], proto TCP (6), length 52)"
1779587523.823104,,,TCP,4396,"1779587523.823104 IP (tos 0x0, ttl 64, id 34470, offset 0, flags [DF], proto TCP (6), length 4396)"
1779587523.823131,,,TCP,52,"1779587523.823131 IP (tos 0x0, ttl 64, id 56665, offset 0, flags [DF], proto TCP (6), length 52)"
1779587523.823348,,,TCP,2948,"1779587523.823348 IP (tos 0x0, ttl 64, id 34473, offset 0, flags [DF], proto TCP (6), length 2948)"
1779587523.823398,,,TCP,52,"1779587523.823398 IP (tos 0x0, ttl 64, id 56666, offset 0, flags [DF], proto TCP (6), length 52)"
1779587523.823539,,,TCP,4396,"1779587523.823539 IP (tos 0x0, ttl 64, id 34475, offset 0, flags [DF], proto TCP (6), length 4396)"
1779587523.823601,,,TCP,52,"1779587523.823601 IP (tos 0x0, ttl 64, id 56667, offset 0, flags [DF], proto TCP (6), length 52)"
1779587523.823765,,,TCP,4396,"1779587523.823765 IP (tos 0x0, ttl 64, id 34478, offset 0, flags [DF], proto TCP (6), length 4396)"
1779587523.823854,,,TCP,52,"1779587523.823854 IP (tos 0x0, ttl 64, id 56668, offset 0, flags [DF], proto TCP (6), length 52)"
1779587523.823997,,,TCP,4396,"1779587523.823997 IP (tos 0x0, ttl 64, id 34481, offset 0, flags [DF], proto TCP (6), length 4396)"
1779587523.824145,,,TCP,52,"1779587523.824145 IP (tos 0x0, ttl 64, id 56669, offset 0, flags [DF], proto TCP (6), length 52)"
1779587523.824195,,,TCP,4396,"1779587523.824195 IP (tos 0x0, ttl 64, id 34484, offset 0, flags [DF], proto TCP (6), length 4396)"
1779587523.824380,,,TCP,52,"1779587523.824380 IP (tos 0x0, ttl 64, id 56670, offset 0, flags [DF], proto TCP (6), length 52)"
1779587523.824435,,,TCP,4396,"1779587523.824435 IP (tos 0x0, ttl 64, id 34487, offset 0, flags [DF], proto TCP (6), length 4396)"
1779587523.824629,,,TCP,52,"1779587523.824629 IP (tos 0x0, ttl 64, id 56671, offset 0, flags [DF], proto TCP (6), length 52)"
1779587523.824908,,,TCP,52,"1779587523.824908 IP (tos 0x0, ttl 64, id 56672, offset 0, flags [DF], proto TCP (6), length 52)"
1779587523.825192,,,TCP,52,"1779587523.825192 IP (tos 0x0, ttl 64, id 56673, offset 0, flags [DF], proto TCP (6), length 52)"
1779587523.825478,,,TCP,52,"1779587523.825478 IP (tos 0x0, ttl 64, id 56674, offset 0, flags [DF], proto TCP (6), length 52)"
1779587523.825706,,,TCP,52,"1779587523.825706 IP (tos 0x0, ttl 64, id 56675, offset 0, flags [DF], proto TCP (6), length 52)"
1779587523.826205,,,TCP,52,"1779587523.826205 IP (tos 0x0, ttl 64, id 56676, offset 0, flags [DF], proto TCP (6), length 52)"
1779587523.826348,,,TCP,52,"1779587523.826348 IP (tos 0x0, ttl 64, id 56677, offset 0, flags [DF], proto TCP (6), length 52)"
1779587523.826617,,,TCP,52,"1779587523.826617 IP (tos 0x0, ttl 64, id 56678, offset 0, flags [DF], proto TCP (6), length 52)"
1779587523.826826,,,TCP,52,"1779587523.826826 IP (tos 0x0, ttl 64, id 56679, offset 0, flags [DF], proto TCP (6), length 52)"
1779587523.827054,,,TCP,52,"1779587523.827054 IP (tos 0x0, ttl 64, id 56680, offset 0, flags [DF], proto TCP (6), length 52)"
1779587523.827305,,,TCP,52,"1779587523.827305 IP (tos 0x0, ttl 64, id 56681, offset 0, flags [DF], proto TCP (6), length 52)"
1779587523.827707,,,TCP,52,"1779587523.827707 IP (tos 0x0, ttl 64, id 56682, offset 0, flags [DF], proto TCP (6), length 52)"
1779587523.827842,,,TCP,52,"1779587523.827842 IP (tos 0x0, ttl 64, id 56683, offset 0, flags [DF], proto TCP (6), length 52)"
1779587523.827928,,,TCP,52,"1779587523.827928 IP (tos 0x0, ttl 64, id 56684, offset 0, flags [DF], proto TCP (6), length 52)"
1779587523.828124,,,TCP,52,"1779587523.828124 IP (tos 0x0, ttl 64, id 56685, offset 0, flags [DF], proto TCP (6), length 52)"
1779587523.828315,,,TCP,52,"1779587523.828315 IP (tos 0x0, ttl 64, id 56686, offset 0, flags [DF], proto TCP (6), length 52)"
1779587523.828758,,,TCP,52,"1779587523.828758 IP (tos 0x0, ttl 64, id 56687, offset 0, flags [DF], proto TCP (6), length 52)"
1779587523.828948,,,TCP,52,"1779587523.828948 IP (tos 0x0, ttl 64, id 56688, offset 0, flags [DF], proto TCP (6), length 52)"
1779587523.829058,,,TCP,52,"1779587523.829058 IP (tos 0x0, ttl 64, id 56689, offset 0, flags [DF], proto TCP (6), length 52)"
1779587523.829353,,,TCP,52,"1779587523.829353 IP (tos 0x0, ttl 64, id 56690, offset 0, flags [DF], proto TCP (6), length 52)"
1779587523.829679,,,TCP,52,"1779587523.829679 IP (tos 0x0, ttl 64, id 56691, offset 0, flags [DF], proto TCP (6), length 52)"
1779587523.829738,,,TCP,140,"1779587523.829738 IP (tos 0x0, ttl 64, id 34490, offset 0, flags [DF], proto TCP (6), length 140)"
1779587523.829891,,,TCP,52,"1779587523.829891 IP (tos 0x0, ttl 64, id 56692, offset 0, flags [DF], proto TCP (6), length 52)"
1779587523.830115,,,TCP,52,"1779587523.830115 IP (tos 0x0, ttl 64, id 56693, offset 0, flags [DF], proto TCP (6), length 52)"
1779587523.830203,,,TCP,52,"1779587523.830203 IP (tos 0x0, ttl 64, id 56694, offset 0, flags [DF], proto TCP (6), length 52)"
1779587523.830507,,,TCP,52,"1779587523.830507 IP (tos 0x0, ttl 64, id 56695, offset 0, flags [DF], proto TCP (6), length 52)"
1779587523.830661,,,TCP,52,"1779587523.830661 IP (tos 0x0, ttl 64, id 56696, offset 0, flags [DF], proto TCP (6), length 52)"
1779587523.830857,,,TCP,52,"1779587523.830857 IP (tos 0x0, ttl 64, id 56697, offset 0, flags [DF], proto TCP (6), length 52)"
1779587523.831091,,,TCP,52,"1779587523.831091 IP (tos 0x0, ttl 64, id 56698, offset 0, flags [DF], proto TCP (6), length 52)"
1779587523.831307,,,TCP,52,"1779587523.831307 IP (tos 0x0, ttl 64, id 56699, offset 0, flags [DF], proto TCP (6), length 52)"
1779587523.831437,,,TCP,52,"1779587523.831437 IP (tos 0x0, ttl 64, id 34491, offset 0, flags [DF], proto TCP (6), length 52)"
1779587523.831520,,,TCP,52,"1779587523.831520 IP (tos 0x0, ttl 64, id 56700, offset 0, flags [DF], proto TCP (6), length 52)"
1779587523.831833,,,TCP,52,"1779587523.831833 IP (tos 0x0, ttl 64, id 56701, offset 0, flags [DF], proto TCP (6), length 52)"
1779587523.832012,,,TCP,52,"1779587523.832012 IP (tos 0x0, ttl 64, id 56702, offset 0, flags [DF], proto TCP (6), length 52)"
1779587523.832416,,,TCP,52,"1779587523.832416 IP (tos 0x0, ttl 64, id 56703, offset 0, flags [DF], proto TCP (6), length 52)"
1779587523.832474,,,TCP,52,"1779587523.832474 IP (tos 0x0, ttl 64, id 56704, offset 0, flags [DF], proto TCP (6), length 52)"
1779587523.832846,,,TCP,52,"1779587523.832846 IP (tos 0x0, ttl 64, id 56705, offset 0, flags [DF], proto TCP (6), length 52)"
1779587523.833110,,,TCP,52,"1779587523.833110 IP (tos 0x0, ttl 64, id 56706, offset 0, flags [DF], proto TCP (6), length 52)"
1779587523.833358,,,TCP,52,"1779587523.833358 IP (tos 0x0, ttl 64, id 56707, offset 0, flags [DF], proto TCP (6), length 52)"
1779587523.833363,,,TCP,52,"1779587523.833363 IP (tos 0x0, ttl 64, id 56708, offset 0, flags [DF], proto TCP (6), length 52)"
1779587523.833554,,,TCP,52,"1779587523.833554 IP (tos 0x0, ttl 64, id 56709, offset 0, flags [DF], proto TCP (6), length 52)"
1779587523.833954,,,TCP,52,"1779587523.833954 IP (tos 0x0, ttl 64, id 56710, offset 0, flags [DF], proto TCP (6), length 52)"
1779587523.834209,,,TCP,52,"1779587523.834209 IP (tos 0x0, ttl 64, id 56711, offset 0, flags [DF], proto TCP (6), length 52)"
1779587523.834494,,,TCP,52,"1779587523.834494 IP (tos 0x0, ttl 64, id 56712, offset 0, flags [DF], proto TCP (6), length 52)"
1779587523.839872,,,TCP,52,"1779587523.839872 IP (tos 0x0, ttl 64, id 56713, offset 0, flags [DF], proto TCP (6), length 52)"
1779587523.848382,,,TCP,52,"1779587523.848382 IP (tos 0x0, ttl 64, id 56714, offset 0, flags [DF], proto TCP (6), length 52)"
1779587523.848626,,,TCP,52,"1779587523.848626 IP (tos 0x0, ttl 64, id 34492, offset 0, flags [DF], proto TCP (6), length 52)"
1779587523.880434,,,TCP,60,"1779587523.880434 IP (tos 0x0, ttl 64, id 9890, offset 0, flags [DF], proto TCP (6), length 60)"
1779587523.890517,,,TCP,60,"1779587523.890517 IP (tos 0x0, ttl 64, id 0, offset 0, flags [DF], proto TCP (6), length 60)"
1779587523.890595,,,TCP,52,"1779587523.890595 IP (tos 0x0, ttl 64, id 9891, offset 0, flags [DF], proto TCP (6), length 52)"
1779587523.891309,,,TCP,88,"1779587523.891309 IP (tos 0x0, ttl 64, id 9892, offset 0, flags [DF], proto TCP (6), length 88)"
1779587523.894519,,,TCP,2948,"1779587523.894519 IP (tos 0x0, ttl 64, id 9893, offset 0, flags [DF], proto TCP (6), length 2948)"
1779587523.894975,,,TCP,2948,"1779587523.894975 IP (tos 0x0, ttl 64, id 9895, offset 0, flags [DF], proto TCP (6), length 2948)"
1779587523.895006,,,TCP,1500,"1779587523.895006 IP (tos 0x0, ttl 64, id 9897, offset 0, flags [DF], proto TCP (6), length 1500)"
1779587523.895554,,,TCP,2948,"1779587523.895554 IP (tos 0x0, ttl 64, id 9898, offset 0, flags [DF], proto TCP (6), length 2948)"
1779587523.895592,,,TCP,1500,"1779587523.895592 IP (tos 0x0, ttl 64, id 9900, offset 0, flags [DF], proto TCP (6), length 1500)"
1779587523.896137,,,TCP,1500,"1779587523.896137 IP (tos 0x0, ttl 64, id 9901, offset 0, flags [DF], proto TCP (6), length 1500)"
1779587523.901425,,,TCP,52,"1779587523.901425 IP (tos 0x0, ttl 64, id 7397, offset 0, flags [DF], proto TCP (6), length 52)"
1779587523.901526,,,TCP,2948,"1779587523.901526 IP (tos 0x0, ttl 64, id 9902, offset 0, flags [DF], proto TCP (6), length 2948)"
1779587523.904587,,,TCP,52,"1779587523.904587 IP (tos 0x0, ttl 64, id 7398, offset 0, flags [DF], proto TCP (6), length 52)"
1779587523.904640,,,TCP,2948,"1779587523.904640 IP (tos 0x0, ttl 64, id 9904, offset 0, flags [DF], proto TCP (6), length 2948)"
1779587523.904651,,,TCP,2948,"1779587523.904651 IP (tos 0x0, ttl 64, id 9906, offset 0, flags [DF], proto TCP (6), length 2948)"
1779587523.905057,,,TCP,52,"1779587523.905057 IP (tos 0x0, ttl 64, id 7399, offset 0, flags [DF], proto TCP (6), length 52)"
1779587523.905059,,,TCP,52,"1779587523.905059 IP (tos 0x0, ttl 64, id 7400, offset 0, flags [DF], proto TCP (6), length 52)"
1779587523.905093,,,TCP,2948,"1779587523.905093 IP (tos 0x0, ttl 64, id 9908, offset 0, flags [DF], proto TCP (6), length 2948)"
1779587523.905099,,,TCP,2948,"1779587523.905099 IP (tos 0x0, ttl 64, id 9910, offset 0, flags [DF], proto TCP (6), length 2948)"
1779587523.905654,,,TCP,52,"1779587523.905654 IP (tos 0x0, ttl 64, id 7401, offset 0, flags [DF], proto TCP (6), length 52)"
1779587523.905655,,,TCP,52,"1779587523.905655 IP (tos 0x0, ttl 64, id 7402, offset 0, flags [DF], proto TCP (6), length 52)"
1779587523.905704,,,TCP,4396,"1779587523.905704 IP (tos 0x0, ttl 64, id 9912, offset 0, flags [DF], proto TCP (6), length 4396)"
1779587523.905715,,,TCP,4396,"1779587523.905715 IP (tos 0x0, ttl 64, id 9915, offset 0, flags [DF], proto TCP (6), length 4396)"
1779587523.906205,,,TCP,52,"1779587523.906205 IP (tos 0x0, ttl 64, id 7403, offset 0, flags [DF], proto TCP (6), length 52)"
1779587523.906222,,,TCP,4396,"1779587523.906222 IP (tos 0x0, ttl 64, id 9918, offset 0, flags [DF], proto TCP (6), length 4396)"
1779587523.906226,,,TCP,1500,"1779587523.906226 IP (tos 0x0, ttl 64, id 9921, offset 0, flags [DF], proto TCP (6), length 1500)"
1779587523.911599,,,TCP,52,"1779587523.911599 IP (tos 0x0, ttl 64, id 7404, offset 0, flags [DF], proto TCP (6), length 52)"
1779587523.911656,,,TCP,2948,"1779587523.911656 IP (tos 0x0, ttl 64, id 9922, offset 0, flags [DF], proto TCP (6), length 2948)"
1779587523.912705,,,TCP,2948,"1779587523.912705 IP (tos 0x0, ttl 64, id 9924, offset 0, flags [DF], proto TCP (6), length 2948)"
1779587523.914791,,,TCP,52,"1779587523.914791 IP (tos 0x0, ttl 64, id 7405, offset 0, flags [DF], proto TCP (6), length 52)"
1779587523.914793,,,TCP,52,"1779587523.914793 IP (tos 0x0, ttl 64, id 7406, offset 0, flags [DF], proto TCP (6), length 52)"
1779587523.914825,,,TCP,5844,"1779587523.914825 IP (tos 0x0, ttl 64, id 9926, offset 0, flags [DF], proto TCP (6), length 5844)"
1779587523.914830,,,TCP,5844,"1779587523.914830 IP (tos 0x0, ttl 64, id 9930, offset 0, flags [DF], proto TCP (6), length 5844)"
1779587523.915122,,,TCP,52,"1779587523.915122 IP (tos 0x0, ttl 64, id 7407, offset 0, flags [DF], proto TCP (6), length 52)"
1779587523.915123,,,TCP,52,"1779587523.915123 IP (tos 0x0, ttl 64, id 7408, offset 0, flags [DF], proto TCP (6), length 52)"
1779587523.915140,,,TCP,7292,"1779587523.915140 IP (tos 0x0, ttl 64, id 9934, offset 0, flags [DF], proto TCP (6), length 7292)"
1779587523.915823,,,TCP,52,"1779587523.915823 IP (tos 0x0, ttl 64, id 7409, offset 0, flags [DF], proto TCP (6), length 52)"
1779587523.915824,,,TCP,52,"1779587523.915824 IP (tos 0x0, ttl 64, id 7410, offset 0, flags [DF], proto TCP (6), length 52)"
1779587523.915880,,,TCP,8740,"1779587523.915880 IP (tos 0x0, ttl 64, id 9939, offset 0, flags [DF], proto TCP (6), length 8740)"
1779587523.915883,,,TCP,1500,"1779587523.915883 IP (tos 0x0, ttl 64, id 9945, offset 0, flags [DF], proto TCP (6), length 1500)"
1779587523.915885,,,TCP,8740,"1779587523.915885 IP (tos 0x0, ttl 64, id 9946, offset 0, flags [DF], proto TCP (6), length 8740)"
1779587523.916306,,,TCP,52,"1779587523.916306 IP (tos 0x0, ttl 64, id 7411, offset 0, flags [DF], proto TCP (6), length 52)"
1779587523.916309,,,TCP,52,"1779587523.916309 IP (tos 0x0, ttl 64, id 7412, offset 0, flags [DF], proto TCP (6), length 52)"
1779587523.916374,,,TCP,10188,"1779587523.916374 IP (tos 0x0, ttl 64, id 9952, offset 0, flags [DF], proto TCP (6), length 10188)"
1779587523.916381,,,TCP,4396,"1779587523.916381 IP (tos 0x0, ttl 64, id 9959, offset 0, flags [DF], proto TCP (6), length 4396)"
1779587523.921742,,,TCP,52,"1779587523.921742 IP (tos 0x0, ttl 64, id 7413, offset 0, flags [DF], proto TCP (6), length 52)"
1779587523.922792,,,TCP,52,"1779587523.922792 IP (tos 0x0, ttl 64, id 7414, offset 0, flags [DF], proto TCP (6), length 52)"
1779587523.987285,,,TCP,52,"1779587523.987285 IP (tos 0x0, ttl 64, id 7415, offset 0, flags [DF], proto TCP (6), length 52)"
1779587523.990086,,,TCP,52,"1779587523.990086 IP (tos 0x0, ttl 64, id 7416, offset 0, flags [DF], proto TCP (6), length 52)"
1779587523.991953,,,TCP,52,"1779587523.991953 IP (tos 0x0, ttl 64, id 7417, offset 0, flags [DF], proto TCP (6), length 52)"
1779587523.995682,,,TCP,52,"1779587523.995682 IP (tos 0x0, ttl 64, id 7418, offset 0, flags [DF], proto TCP (6), length 52)"
1779587523.996335,,,TCP,5844,"1779587523.996335 IP (tos 0x0, ttl 64, id 9962, offset 0, flags [DF], proto TCP (6), length 5844)"
1779587523.996420,,,TCP,5844,"1779587523.996420 IP (tos 0x0, ttl 64, id 9966, offset 0, flags [DF], proto TCP (6), length 5844)"
1779587523.996437,,,TCP,2676,"1779587523.996437 IP (tos 0x0, ttl 64, id 9970, offset 0, flags [DF], proto TCP (6), length 2676)"
1779587523.996450,,,TCP,5844,"1779587523.996450 IP (tos 0x0, ttl 64, id 9972, offset 0, flags [DF], proto TCP (6), length 5844)"
1779587523.996460,,,TCP,324,"1779587523.996460 IP (tos 0x0, ttl 64, id 9976, offset 0, flags [DF], proto TCP (6), length 324)"
1779587523.996470,,,TCP,5844,"1779587523.996470 IP (tos 0x0, ttl 64, id 9977, offset 0, flags [DF], proto TCP (6), length 5844)"
1779587523.996479,,,TCP,2948,"1779587523.996479 IP (tos 0x0, ttl 64, id 9981, offset 0, flags [DF], proto TCP (6), length 2948)"
1779587523.996492,,,TCP,5844,"1779587523.996492 IP (tos 0x0, ttl 64, id 9983, offset 0, flags [DF], proto TCP (6), length 5844)"
1779587523.996502,,,TCP,5844,"1779587523.996502 IP (tos 0x0, ttl 64, id 9987, offset 0, flags [DF], proto TCP (6), length 5844)"
1779587523.996511,,,TCP,5844,"1779587523.996511 IP (tos 0x0, ttl 64, id 9991, offset 0, flags [DF], proto TCP (6), length 5844)"
1779587523.996521,,,TCP,5844,"1779587523.996521 IP (tos 0x0, ttl 64, id 9995, offset 0, flags [DF], proto TCP (6), length 5844)"
1779587523.996535,,,TCP,5844,"1779587523.996535 IP (tos 0x0, ttl 64, id 9999, offset 0, flags [DF], proto TCP (6), length 5844)"
1779587523.996547,,,TCP,1500,"1779587523.996547 IP (tos 0x0, ttl 64, id 10003, offset 0, flags [DF], proto TCP (6), length 1500)"
1779587524.006512,,,TCP,52,"1779587524.006512 IP (tos 0x0, ttl 64, id 7419, offset 0, flags [DF], proto TCP (6), length 52)"
1779587524.006530,,,TCP,52,"1779587524.006530 IP (tos 0x0, ttl 64, id 7420, offset 0, flags [DF], proto TCP (6), length 52)"
1779587524.006531,,,TCP,52,"1779587524.006531 IP (tos 0x0, ttl 64, id 7421, offset 0, flags [DF], proto TCP (6), length 52)"
1779587524.006532,,,TCP,52,"1779587524.006532 IP (tos 0x0, ttl 64, id 7422, offset 0, flags [DF], proto TCP (6), length 52)"
1779587524.006536,,,TCP,52,"1779587524.006536 IP (tos 0x0, ttl 64, id 7423, offset 0, flags [DF], proto TCP (6), length 52)"
1779587524.006537,,,TCP,52,"1779587524.006537 IP (tos 0x0, ttl 64, id 7424, offset 0, flags [DF], proto TCP (6), length 52)"
1779587524.006549,,,TCP,52,"1779587524.006549 IP (tos 0x0, ttl 64, id 7425, offset 0, flags [DF], proto TCP (6), length 52)"
1779587524.006766,,,TCP,4396,"1779587524.006766 IP (tos 0x0, ttl 64, id 10004, offset 0, flags [DF], proto TCP (6), length 4396)"
1779587524.006788,,,TCP,52,"1779587524.006788 IP (tos 0x0, ttl 64, id 7426, offset 0, flags [DF], proto TCP (6), length 52)"
1779587524.006793,,,TCP,7292,"1779587524.006793 IP (tos 0x0, ttl 64, id 10007, offset 0, flags [DF], proto TCP (6), length 7292)"
1779587524.006814,,,TCP,7292,"1779587524.006814 IP (tos 0x0, ttl 64, id 10012, offset 0, flags [DF], proto TCP (6), length 7292)"
1779587524.006942,,,TCP,7292,"1779587524.006942 IP (tos 0x0, ttl 64, id 10017, offset 0, flags [DF], proto TCP (6), length 7292)"
1779587524.006970,,,TCP,15980,"1779587524.006970 IP (tos 0x0, ttl 64, id 10022, offset 0, flags [DF], proto TCP (6), length 15980)"
1779587524.007062,,,TCP,5844,"1779587524.007062 IP (tos 0x0, ttl 64, id 10033, offset 0, flags [DF], proto TCP (6), length 5844)"
1779587524.007077,,,TCP,15980,"1779587524.007077 IP (tos 0x0, ttl 64, id 10037, offset 0, flags [DF], proto TCP (6), length 15980)"
1779587524.007098,,,TCP,15980,"1779587524.007098 IP (tos 0x0, ttl 64, id 10048, offset 0, flags [DF], proto TCP (6), length 15980)"
1779587524.007150,,,TCP,11636,"1779587524.007150 IP (tos 0x0, ttl 64, id 10059, offset 0, flags [DF], proto TCP (6), length 11636)"
1779587524.007163,,,TCP,15980,"1779587524.007163 IP (tos 0x0, ttl 64, id 10067, offset 0, flags [DF], proto TCP (6), length 15980)"
1779587524.007174,,,TCP,15980,"1779587524.007174 IP (tos 0x0, ttl 64, id 10078, offset 0, flags [DF], proto TCP (6), length 15980)"
1779587524.007195,,,TCP,316,"1779587524.007195 IP (tos 0x0, ttl 64, id 10089, offset 0, flags [DF], proto TCP (6), length 316)"
1779587524.007274,,,TCP,2948,"1779587524.007274 IP (tos 0x0, ttl 64, id 10090, offset 0, flags [DF], proto TCP (6), length 2948)"
1779587524.007947,,,TCP,4396,"1779587524.007947 IP (tos 0x0, ttl 64, id 10092, offset 0, flags [DF], proto TCP (6), length 4396)"
1779587524.008919,,,TCP,4396,"1779587524.008919 IP (tos 0x0, ttl 64, id 10095, offset 0, flags [DF], proto TCP (6), length 4396)"
1779587524.009756,,,TCP,4396,"1779587524.009756 IP (tos 0x0, ttl 64, id 10098, offset 0, flags [DF], proto TCP (6), length 4396)"
1779587524.010545,,,TCP,4396,"1779587524.010545 IP (tos 0x0, ttl 64, id 10101, offset 0, flags [DF], proto TCP (6), length 4396)"
1779587524.011267,,,TCP,2948,"1779587524.011267 IP (tos 0x0, ttl 64, id 10104, offset 0, flags [DF], proto TCP (6), length 2948)"
1779587524.012183,,,TCP,4396,"1779587524.012183 IP (tos 0x0, ttl 64, id 10106, offset 0, flags [DF], proto TCP (6), length 4396)"
1779587524.016804,,,TCP,52,"1779587524.016804 IP (tos 0x0, ttl 64, id 7427, offset 0, flags [DF], proto TCP (6), length 52)"
1779587524.016828,,,TCP,52,"1779587524.016828 IP (tos 0x0, ttl 64, id 7428, offset 0, flags [DF], proto TCP (6), length 52)"
1779587524.016829,,,TCP,52,"1779587524.016829 IP (tos 0x0, ttl 64, id 7429, offset 0, flags [DF], proto TCP (6), length 52)"
1779587524.016997,,,TCP,8740,"1779587524.016997 IP (tos 0x0, ttl 64, id 10109, offset 0, flags [DF], proto TCP (6), length 8740)"
1779587524.017014,,,TCP,52,"1779587524.017014 IP (tos 0x0, ttl 64, id 7430, offset 0, flags [DF], proto TCP (6), length 52)"
1779587524.017015,,,TCP,52,"1779587524.017015 IP (tos 0x0, ttl 64, id 7431, offset 0, flags [DF], proto TCP (6), length 52)"
1779587524.017019,,,TCP,15980,"1779587524.017019 IP (tos 0x0, ttl 64, id 10115, offset 0, flags [DF], proto TCP (6), length 15980)"
1779587524.017143,,,TCP,52,"1779587524.017143 IP (tos 0x0, ttl 64, id 7432, offset 0, flags [DF], proto TCP (6), length 52)"
1779587524.017146,,,TCP,52,"1779587524.017146 IP (tos 0x0, ttl 64, id 7433, offset 0, flags [DF], proto TCP (6), length 52)"
1779587524.017147,,,TCP,52,"1779587524.017147 IP (tos 0x0, ttl 64, id 7434, offset 0, flags [DF], proto TCP (6), length 52)"
1779587524.017196,,,TCP,52,"1779587524.017196 IP (tos 0x0, ttl 64, id 7435, offset 0, flags [DF], proto TCP (6), length 52)"
1779587524.017224,,,TCP,52,"1779587524.017224 IP (tos 0x0, ttl 64, id 7436, offset 0, flags [DF], proto TCP (6), length 52)"
1779587524.017224,,,TCP,52,"1779587524.017224 IP (tos 0x0, ttl 64, id 7437, offset 0, flags [DF], proto TCP (6), length 52)"
1779587524.017227,,,TCP,52,"1779587524.017227 IP (tos 0x0, ttl 64, id 7438, offset 0, flags [DF], proto TCP (6), length 52)"
1779587524.017262,,,TCP,1172,"1779587524.017262 IP (tos 0x0, ttl 64, id 10126, offset 0, flags [DF], proto TCP (6), length 1172)"
1779587524.017420,,,TCP,52,"1779587524.017420 IP (tos 0x0, ttl 64, id 7439, offset 0, flags [DF], proto TCP (6), length 52)"
1779587524.017597,,,TCP,2948,"1779587524.017597 IP (tos 0x0, ttl 64, id 10127, offset 0, flags [DF], proto TCP (6), length 2948)"
1779587524.018076,,,TCP,52,"1779587524.018076 IP (tos 0x0, ttl 64, id 7440, offset 0, flags [DF], proto TCP (6), length 52)"
1779587524.018123,,,TCP,4396,"1779587524.018123 IP (tos 0x0, ttl 64, id 10129, offset 0, flags [DF], proto TCP (6), length 4396)"
1779587524.018783,,,TCP,4396,"1779587524.018783 IP (tos 0x0, ttl 64, id 10132, offset 0, flags [DF], proto TCP (6), length 4396)"
1779587524.018955,,,TCP,52,"1779587524.018955 IP (tos 0x0, ttl 64, id 7441, offset 0, flags [DF], proto TCP (6), length 52)"
1779587524.019262,,,TCP,4396,"1779587524.019262 IP (tos 0x0, ttl 64, id 10135, offset 0, flags [DF], proto TCP (6), length 4396)"
1779587524.019771,,,TCP,4396,"1779587524.019771 IP (tos 0x0, ttl 64, id 10138, offset 0, flags [DF], proto TCP (6), length 4396)"
1779587524.019785,,,TCP,52,"1779587524.019785 IP (tos 0x0, ttl 64, id 7442, offset 0, flags [DF], proto TCP (6), length 52)"
1779587524.020380,,,TCP,2948,"1779587524.020380 IP (tos 0x0, ttl 64, id 10141, offset 0, flags [DF], proto TCP (6), length 2948)"
1779587524.020642,,,TCP,52,"1779587524.020642 IP (tos 0x0, ttl 64, id 7443, offset 0, flags [DF], proto TCP (6), length 52)"
1779587524.020860,,,TCP,4396,"1779587524.020860 IP (tos 0x0, ttl 64, id 10143, offset 0, flags [DF], proto TCP (6), length 4396)"
1779587524.021245,,,TCP,4396,"1779587524.021245 IP (tos 0x0, ttl 64, id 10146, offset 0, flags [DF], proto TCP (6), length 4396)"
1779587524.021316,,,TCP,52,"1779587524.021316 IP (tos 0x0, ttl 64, id 7444, offset 0, flags [DF], proto TCP (6), length 52)"
1779587524.021722,,,TCP,4396,"1779587524.021722 IP (tos 0x0, ttl 64, id 10149, offset 0, flags [DF], proto TCP (6), length 4396)"
1779587524.022120,,,TCP,4396,"1779587524.022120 IP (tos 0x0, ttl 64, id 10152, offset 0, flags [DF], proto TCP (6), length 4396)"
1779587524.022242,,,TCP,52,"1779587524.022242 IP (tos 0x0, ttl 64, id 7445, offset 0, flags [DF], proto TCP (6), length 52)"
1779587524.022621,,,TCP,4396,"1779587524.022621 IP (tos 0x0, ttl 64, id 10155, offset 0, flags [DF], proto TCP (6), length 4396)"
1779587524.023126,,,TCP,2948,"1779587524.023126 IP (tos 0x0, ttl 64, id 10158, offset 0, flags [DF], proto TCP (6), length 2948)"
1779587524.023621,,,TCP,4396,"1779587524.023621 IP (tos 0x0, ttl 64, id 10160, offset 0, flags [DF], proto TCP (6), length 4396)"
1779587524.024187,,,TCP,4396,"1779587524.024187 IP (tos 0x0, ttl 64, id 10163, offset 0, flags [DF], proto TCP (6), length 4396)"
1779587524.024816,,,TCP,4396,"1779587524.024816 IP (tos 0x0, ttl 64, id 10166, offset 0, flags [DF], proto TCP (6), length 4396)"
1779587524.025252,,,TCP,4396,"1779587524.025252 IP (tos 0x0, ttl 64, id 10169, offset 0, flags [DF], proto TCP (6), length 4396)"
1779587524.025844,,,TCP,4396,"1779587524.025844 IP (tos 0x0, ttl 64, id 10172, offset 0, flags [DF], proto TCP (6), length 4396)"
1779587524.026577,,,TCP,2948,"1779587524.026577 IP (tos 0x0, ttl 64, id 10175, offset 0, flags [DF], proto TCP (6), length 2948)"
1779587524.027053,,,TCP,52,"1779587524.027053 IP (tos 0x0, ttl 64, id 7446, offset 0, flags [DF], proto TCP (6), length 52)"
1779587524.027055,,,TCP,52,"1779587524.027055 IP (tos 0x0, ttl 64, id 7447, offset 0, flags [DF], proto TCP (6), length 52)"
1779587524.027130,,,TCP,4396,"1779587524.027130 IP (tos 0x0, ttl 64, id 10177, offset 0, flags [DF], proto TCP (6), length 4396)"
1779587524.027301,,,TCP,52,"1779587524.027301 IP (tos 0x0, ttl 64, id 7448, offset 0, flags [DF], proto TCP (6), length 52)"
1779587524.027327,,,TCP,1132,"1779587524.027327 IP (tos 0x0, ttl 64, id 10180, offset 0, flags [DF], proto TCP (6), length 1132)"
1779587524.027567,,,TCP,2948,"1779587524.027567 IP (tos 0x0, ttl 64, id 10181, offset 0, flags [DF], proto TCP (6), length 2948)"
1779587524.027707,,,TCP,52,"1779587524.027707 IP (tos 0x0, ttl 64, id 7449, offset 0, flags [DF], proto TCP (6), length 52)"
1779587524.027970,,,TCP,4396,"1779587524.027970 IP (tos 0x0, ttl 64, id 10183, offset 0, flags [DF], proto TCP (6), length 4396)"
1779587524.028157,,,TCP,52,"1779587524.028157 IP (tos 0x0, ttl 64, id 7450, offset 0, flags [DF], proto TCP (6), length 52)"
1779587524.028468,,,TCP,4396,"1779587524.028468 IP (tos 0x0, ttl 64, id 10186, offset 0, flags [DF], proto TCP (6), length 4396)"
1779587524.028808,,,TCP,52,"1779587524.028808 IP (tos 0x0, ttl 64, id 7451, offset 0, flags [DF], proto TCP (6), length 52)"
1779587524.028854,,,TCP,4396,"1779587524.028854 IP (tos 0x0, ttl 64, id 10189, offset 0, flags [DF], proto TCP (6), length 4396)"
1779587524.029155,,,TCP,4396,"1779587524.029155 IP (tos 0x0, ttl 64, id 10192, offset 0, flags [DF], proto TCP (6), length 4396)"
1779587524.029310,,,TCP,52,"1779587524.029310 IP (tos 0x0, ttl 64, id 7452, offset 0, flags [DF], proto TCP (6), length 52)"
1779587524.029481,,,TCP,2948,"1779587524.029481 IP (tos 0x0, ttl 64, id 10195, offset 0, flags [DF], proto TCP (6), length 2948)"
1779587524.029703,,,TCP,4396,"1779587524.029703 IP (tos 0x0, ttl 64, id 10197, offset 0, flags [DF], proto TCP (6), length 4396)"
1779587524.029814,,,TCP,52,"1779587524.029814 IP (tos 0x0, ttl 64, id 7453, offset 0, flags [DF], proto TCP (6), length 52)"
1779587524.029991,,,TCP,4396,"1779587524.029991 IP (tos 0x0, ttl 64, id 10200, offset 0, flags [DF], proto TCP (6), length 4396)"
1779587524.030224,,,TCP,4396,"1779587524.030224 IP (tos 0x0, ttl 64, id 10203, offset 0, flags [DF], proto TCP (6), length 4396)"
1779587524.030423,,,TCP,52,"1779587524.030423 IP (tos 0x0, ttl 64, id 7454, offset 0, flags [DF], proto TCP (6), length 52)"
1779587524.030459,,,TCP,4396,"1779587524.030459 IP (tos 0x0, ttl 64, id 10206, offset 0, flags [DF], proto TCP (6), length 4396)"
1779587524.030876,,,TCP,4396,"1779587524.030876 IP (tos 0x0, ttl 64, id 10209, offset 0, flags [DF], proto TCP (6), length 4396)"
1779587524.030894,,,TCP,52,"1779587524.030894 IP (tos 0x0, ttl 64, id 7455, offset 0, flags [DF], proto TCP (6), length 52)"
1779587524.031228,,,TCP,2948,"1779587524.031228 IP (tos 0x0, ttl 64, id 10212, offset 0, flags [DF], proto TCP (6), length 2948)"
1779587524.031269,,,TCP,52,"1779587524.031269 IP (tos 0x0, ttl 64, id 7456, offset 0, flags [DF], proto TCP (6), length 52)"
1779587524.031506,,,TCP,4396,"1779587524.031506 IP (tos 0x0, ttl 64, id 10214, offset 0, flags [DF], proto TCP (6), length 4396)"
1779587524.031753,,,TCP,52,"1779587524.031753 IP (tos 0x0, ttl 64, id 7457, offset 0, flags [DF], proto TCP (6), length 52)"
1779587524.031811,,,TCP,4396,"1779587524.031811 IP (tos 0x0, ttl 64, id 10217, offset 0, flags [DF], proto TCP (6), length 4396)"
1779587524.032087,,,TCP,4396,"1779587524.032087 IP (tos 0x0, ttl 64, id 10220, offset 0, flags [DF], proto TCP (6), length 4396)"
1779587524.032166,,,TCP,52,"1779587524.032166 IP (tos 0x0, ttl 64, id 7458, offset 0, flags [DF], proto TCP (6), length 52)"
1779587524.032398,,,TCP,4396,"1779587524.032398 IP (tos 0x0, ttl 64, id 10223, offset 0, flags [DF], proto TCP (6), length 4396)"
1779587524.032649,,,TCP,52,"1779587524.032649 IP (tos 0x0, ttl 64, id 7459, offset 0, flags [DF], proto TCP (6), length 52)"
1779587524.032690,,,TCP,4396,"1779587524.032690 IP (tos 0x0, ttl 64, id 10226, offset 0, flags [DF], proto TCP (6), length 4396)"
1779587524.033011,,,TCP,2948,"1779587524.033011 IP (tos 0x0, ttl 64, id 10229, offset 0, flags [DF], proto TCP (6), length 2948)"
1779587524.033166,,,TCP,52,"1779587524.033166 IP (tos 0x0, ttl 64, id 7460, offset 0, flags [DF], proto TCP (6), length 52)"
1779587524.033431,,,TCP,4396,"1779587524.033431 IP (tos 0x0, ttl 64, id 10231, offset 0, flags [DF], proto TCP (6), length 4396)"
1779587524.033686,,,TCP,52,"1779587524.033686 IP (tos 0x0, ttl 64, id 7461, offset 0, flags [DF], proto TCP (6), length 52)"
1779587524.033740,,,TCP,4396,"1779587524.033740 IP (tos 0x0, ttl 64, id 10234, offset 0, flags [DF], proto TCP (6), length 4396)"
1779587524.034017,,,TCP,4396,"1779587524.034017 IP (tos 0x0, ttl 64, id 10237, offset 0, flags [DF], proto TCP (6), length 4396)"
1779587524.034243,,,TCP,52,"1779587524.034243 IP (tos 0x0, ttl 64, id 7462, offset 0, flags [DF], proto TCP (6), length 52)"
1779587524.034302,,,TCP,4396,"1779587524.034302 IP (tos 0x0, ttl 64, id 10240, offset 0, flags [DF], proto TCP (6), length 4396)"
1779587524.034563,,,TCP,4396,"1779587524.034563 IP (tos 0x0, ttl 64, id 10243, offset 0, flags [DF], proto TCP (6), length 4396)"
1779587524.034867,,,TCP,52,"1779587524.034867 IP (tos 0x0, ttl 64, id 7463, offset 0, flags [DF], proto TCP (6), length 52)"
1779587524.035038,,,TCP,2948,"1779587524.035038 IP (tos 0x0, ttl 64, id 10246, offset 0, flags [DF], proto TCP (6), length 2948)"
1779587524.035280,,,TCP,4396,"1779587524.035280 IP (tos 0x0, ttl 64, id 10248, offset 0, flags [DF], proto TCP (6), length 4396)"
1779587524.035293,,,TCP,52,"1779587524.035293 IP (tos 0x0, ttl 64, id 7464, offset 0, flags [DF], proto TCP (6), length 52)"
1779587524.035537,,,TCP,4396,"1779587524.035537 IP (tos 0x0, ttl 64, id 10251, offset 0, flags [DF], proto TCP (6), length 4396)"
1779587524.035870,,,TCP,52,"1779587524.035870 IP (tos 0x0, ttl 64, id 7465, offset 0, flags [DF], proto TCP (6), length 52)"
1779587524.035920,,,TCP,4396,"1779587524.035920 IP (tos 0x0, ttl 64, id 10254, offset 0, flags [DF], proto TCP (6), length 4396)"
1779587524.036204,,,TCP,4396,"1779587524.036204 IP (tos 0x0, ttl 64, id 10257, offset 0, flags [DF], proto TCP (6), length 4396)"
1779587524.036464,,,TCP,4396,"1779587524.036464 IP (tos 0x0, ttl 64, id 10260, offset 0, flags [DF], proto TCP (6), length 4396)"
1779587524.036625,,,TCP,52,"1779587524.036625 IP (tos 0x0, ttl 64, id 7466, offset 0, flags [DF], proto TCP (6), length 52)"
1779587524.036705,,,TCP,2948,"1779587524.036705 IP (tos 0x0, ttl 64, id 10263, offset 0, flags [DF], proto TCP (6), length 2948)"
1779587524.036934,,,TCP,4396,"1779587524.036934 IP (tos 0x0, ttl 64, id 10265, offset 0, flags [DF], proto TCP (6), length 4396)"
1779587524.037148,,,TCP,52,"1779587524.037148 IP (tos 0x0, ttl 64, id 7467, offset 0, flags [DF], proto TCP (6), length 52)"
1779587524.037167,,,TCP,4396,"1779587524.037167 IP (tos 0x0, ttl 64, id 10268, offset 0, flags [DF], proto TCP (6), length 4396)"
1779587524.037372,,,TCP,52,"1779587524.037372 IP (tos 0x0, ttl 64, id 7468, offset 0, flags [DF], proto TCP (6), length 52)"
1779587524.037394,,,TCP,804,"1779587524.037394 IP (tos 0x0, ttl 64, id 10271, offset 0, flags [DF], proto TCP (6), length 804)"
1779587524.037473,,,TCP,2948,"1779587524.037473 IP (tos 0x0, ttl 64, id 10272, offset 0, flags [DF], proto TCP (6), length 2948)"
1779587524.037611,,,TCP,52,"1779587524.037611 IP (tos 0x0, ttl 64, id 7469, offset 0, flags [DF], proto TCP (6), length 52)"
1779587524.037763,,,TCP,4396,"1779587524.037763 IP (tos 0x0, ttl 64, id 10274, offset 0, flags [DF], proto TCP (6), length 4396)"
1779587524.038020,,,TCP,52,"1779587524.038020 IP (tos 0x0, ttl 64, id 7470, offset 0, flags [DF], proto TCP (6), length 52)"
1779587524.038198,,,TCP,4396,"1779587524.038198 IP (tos 0x0, ttl 64, id 10277, offset 0, flags [DF], proto TCP (6), length 4396)"
1779587524.038489,,,TCP,52,"1779587524.038489 IP (tos 0x0, ttl 64, id 7471, offset 0, flags [DF], proto TCP (6), length 52)"
1779587524.038519,,,TCP,4396,"1779587524.038519 IP (tos 0x0, ttl 64, id 10280, offset 0, flags [DF], proto TCP (6), length 4396)"
1779587524.038861,,,TCP,4396,"1779587524.038861 IP (tos 0x0, ttl 64, id 10283, offset 0, flags [DF], proto TCP (6), length 4396)"
1779587524.038881,,,TCP,52,"1779587524.038881 IP (tos 0x0, ttl 64, id 7472, offset 0, flags [DF], proto TCP (6), length 52)"
1779587524.039164,,,TCP,2948,"1779587524.039164 IP (tos 0x0, ttl 64, id 10286, offset 0, flags [DF], proto TCP (6), length 2948)"
1779587524.039185,,,TCP,52,"1779587524.039185 IP (tos 0x0, ttl 64, id 7473, offset 0, flags [DF], proto TCP (6), length 52)"
1779587524.039538,,,TCP,52,"1779587524.039538 IP (tos 0x0, ttl 64, id 7474, offset 0, flags [DF], proto TCP (6), length 52)"
1779587524.039664,,,TCP,4396,"1779587524.039664 IP (tos 0x0, ttl 64, id 10288, offset 0, flags [DF], proto TCP (6), length 4396)"
1779587524.039720,,,TCP,52,"1779587524.039720 IP (tos 0x0, ttl 64, id 7475, offset 0, flags [DF], proto TCP (6), length 52)"
1779587524.040012,,,TCP,52,"1779587524.040012 IP (tos 0x0, ttl 64, id 7476, offset 0, flags [DF], proto TCP (6), length 52)"
1779587524.040044,,,TCP,4396,"1779587524.040044 IP (tos 0x0, ttl 64, id 10291, offset 0, flags [DF], proto TCP (6), length 4396)"
1779587524.040268,,,TCP,52,"1779587524.040268 IP (tos 0x0, ttl 64, id 7477, offset 0, flags [DF], proto TCP (6), length 52)"
1779587524.040426,,,TCP,4396,"1779587524.040426 IP (tos 0x0, ttl 64, id 10294, offset 0, flags [DF], proto TCP (6), length 4396)"
1779587524.040475,,,TCP,52,"1779587524.040475 IP (tos 0x0, ttl 64, id 7478, offset 0, flags [DF], proto TCP (6), length 52)"
1779587524.040762,,,TCP,4396,"1779587524.040762 IP (tos 0x0, ttl 64, id 10297, offset 0, flags [DF], proto TCP (6), length 4396)"
1779587524.040932,,,TCP,52,"1779587524.040932 IP (tos 0x0, ttl 64, id 7479, offset 0, flags [DF], proto TCP (6), length 52)"
1779587524.041110,,,TCP,4396,"1779587524.041110 IP (tos 0x0, ttl 64, id 10300, offset 0, flags [DF], proto TCP (6), length 4396)"
1779587524.041284,,,TCP,52,"1779587524.041284 IP (tos 0x0, ttl 64, id 7480, offset 0, flags [DF], proto TCP (6), length 52)"
1779587524.041331,,,TCP,2948,"1779587524.041331 IP (tos 0x0, ttl 64, id 10303, offset 0, flags [DF], proto TCP (6), length 2948)"
1779587524.041551,,,TCP,52,"1779587524.041551 IP (tos 0x0, ttl 64, id 7481, offset 0, flags [DF], proto TCP (6), length 52)"
1779587524.041597,,,TCP,4396,"1779587524.041597 IP (tos 0x0, ttl 64, id 10305, offset 0, flags [DF], proto TCP (6), length 4396)"
1779587524.041828,,,TCP,52,"1779587524.041828 IP (tos 0x0, ttl 64, id 7482, offset 0, flags [DF], proto TCP (6), length 52)"
1779587524.041865,,,TCP,4396,"1779587524.041865 IP (tos 0x0, ttl 64, id 10308, offset 0, flags [DF], proto TCP (6), length 4396)"
1779587524.042140,,,TCP,52,"1779587524.042140 IP (tos 0x0, ttl 64, id 7483, offset 0, flags [DF], proto TCP (6), length 52)"
1779587524.042277,,,TCP,4396,"1779587524.042277 IP (tos 0x0, ttl 64, id 10311, offset 0, flags [DF], proto TCP (6), length 4396)"
1779587524.042461,,,TCP,52,"1779587524.042461 IP (tos 0x0, ttl 64, id 7484, offset 0, flags [DF], proto TCP (6), length 52)"
1779587524.042524,,,TCP,4396,"1779587524.042524 IP (tos 0x0, ttl 64, id 10314, offset 0, flags [DF], proto TCP (6), length 4396)"
1779587524.042750,,,TCP,52,"1779587524.042750 IP (tos 0x0, ttl 64, id 7485, offset 0, flags [DF], proto TCP (6), length 52)"
1779587524.042801,,,TCP,4396,"1779587524.042801 IP (tos 0x0, ttl 64, id 10317, offset 0, flags [DF], proto TCP (6), length 4396)"
1779587524.043047,,,TCP,52,"1779587524.043047 IP (tos 0x0, ttl 64, id 7486, offset 0, flags [DF], proto TCP (6), length 52)"
1779587524.043094,,,TCP,2948,"1779587524.043094 IP (tos 0x0, ttl 64, id 10320, offset 0, flags [DF], proto TCP (6), length 2948)"
1779587524.043298,,,TCP,4396,"1779587524.043298 IP (tos 0x0, ttl 64, id 10322, offset 0, flags [DF], proto TCP (6), length 4396)"
1779587524.043487,,,TCP,52,"1779587524.043487 IP (tos 0x0, ttl 64, id 7487, offset 0, flags [DF], proto TCP (6), length 52)"
1779587524.043582,,,TCP,4396,"1779587524.043582 IP (tos 0x0, ttl 64, id 10325, offset 0, flags [DF], proto TCP (6), length 4396)"
1779587524.043780,,,TCP,52,"1779587524.043780 IP (tos 0x0, ttl 64, id 7488, offset 0, flags [DF], proto TCP (6), length 52)"
1779587524.043893,,,TCP,4396,"1779587524.043893 IP (tos 0x0, ttl 64, id 10328, offset 0, flags [DF], proto TCP (6), length 4396)"
1779587524.044062,,,TCP,52,"1779587524.044062 IP (tos 0x0, ttl 64, id 7489, offset 0, flags [DF], proto TCP (6), length 52)"
1779587524.044239,,,TCP,4396,"1779587524.044239 IP (tos 0x0, ttl 64, id 10331, offset 0, flags [DF], proto TCP (6), length 4396)"
1779587524.044332,,,TCP,52,"1779587524.044332 IP (tos 0x0, ttl 64, id 7490, offset 0, flags [DF], proto TCP (6), length 52)"
1779587524.044617,,,TCP,52,"1779587524.044617 IP (tos 0x0, ttl 64, id 7491, offset 0, flags [DF], proto TCP (6), length 52)"
1779587524.044687,,,TCP,4396,"1779587524.044687 IP (tos 0x0, ttl 64, id 10334, offset 0, flags [DF], proto TCP (6), length 4396)"
1779587524.045085,,,TCP,2948,"1779587524.045085 IP (tos 0x0, ttl 64, id 10337, offset 0, flags [DF], proto TCP (6), length 2948)"
1779587524.045090,,,TCP,52,"1779587524.045090 IP (tos 0x0, ttl 64, id 7492, offset 0, flags [DF], proto TCP (6), length 52)"
1779587524.045333,,,TCP,52,"1779587524.045333 IP (tos 0x0, ttl 64, id 7493, offset 0, flags [DF], proto TCP (6), length 52)"
1779587524.045515,,,TCP,4396,"1779587524.045515 IP (tos 0x0, ttl 64, id 10339, offset 0, flags [DF], proto TCP (6), length 4396)"
1779587524.045595,,,TCP,52,"1779587524.045595 IP (tos 0x0, ttl 64, id 7494, offset 0, flags [DF], proto TCP (6), length 52)"
1779587524.045849,,,TCP,4396,"1779587524.045849 IP (tos 0x0, ttl 64, id 10342, offset 0, flags [DF], proto TCP (6), length 4396)"
1779587524.045963,,,TCP,52,"1779587524.045963 IP (tos 0x0, ttl 64, id 7495, offset 0, flags [DF], proto TCP (6), length 52)"
1779587524.046268,,,TCP,52,"1779587524.046268 IP (tos 0x0, ttl 64, id 7496, offset 0, flags [DF], proto TCP (6), length 52)"
1779587524.046284,,,TCP,4396,"1779587524.046284 IP (tos 0x0, ttl 64, id 10345, offset 0, flags [DF], proto TCP (6), length 4396)"
1779587524.046522,,,TCP,52,"1779587524.046522 IP (tos 0x0, ttl 64, id 7497, offset 0, flags [DF], proto TCP (6), length 52)"
1779587524.046611,,,TCP,4396,"1779587524.046611 IP (tos 0x0, ttl 64, id 10348, offset 0, flags [DF], proto TCP (6), length 4396)"
1779587524.046748,,,TCP,52,"1779587524.046748 IP (tos 0x0, ttl 64, id 7498, offset 0, flags [DF], proto TCP (6), length 52)"
1779587524.046903,,,TCP,4396,"1779587524.046903 IP (tos 0x0, ttl 64, id 10351, offset 0, flags [DF], proto TCP (6), length 4396)"
1779587524.046974,,,TCP,52,"1779587524.046974 IP (tos 0x0, ttl 64, id 7499, offset 0, flags [DF], proto TCP (6), length 52)"
1779587524.047198,,,TCP,2948,"1779587524.047198 IP (tos 0x0, ttl 64, id 10354, offset 0, flags [DF], proto TCP (6), length 2948)"
1779587524.047209,,,TCP,52,"1779587524.047209 IP (tos 0x0, ttl 64, id 7500, offset 0, flags [DF], proto TCP (6), length 52)"
1779587524.047435,,,TCP,52,"1779587524.047435 IP (tos 0x0, ttl 64, id 7501, offset 0, flags [DF], proto TCP (6), length 52)"
1779587524.047474,,,TCP,1300,"1779587524.047474 IP (tos 0x0, ttl 64, id 10356, offset 0, flags [DF], proto TCP (6), length 1300)"
1779587524.047488,,,TCP,52,"1779587524.047488 IP (tos 0x0, ttl 64, id 7502, offset 0, flags [DF], proto TCP (6), length 52)"
1779587524.047517,,,TCP,2948,"1779587524.047517 IP (tos 0x0, ttl 64, id 10357, offset 0, flags [DF], proto TCP (6), length 2948)"
1779587524.047782,,,TCP,52,"1779587524.047782 IP (tos 0x0, ttl 64, id 7503, offset 0, flags [DF], proto TCP (6), length 52)"
1779587524.047844,,,TCP,4396,"1779587524.047844 IP (tos 0x0, ttl 64, id 10359, offset 0, flags [DF], proto TCP (6), length 4396)"
1779587524.048147,,,TCP,4396,"1779587524.048147 IP (tos 0x0, ttl 64, id 10362, offset 0, flags [DF], proto TCP (6), length 4396)"
1779587524.048242,,,TCP,52,"1779587524.048242 IP (tos 0x0, ttl 64, id 7504, offset 0, flags [DF], proto TCP (6), length 52)"
1779587524.048448,,,TCP,4396,"1779587524.048448 IP (tos 0x0, ttl 64, id 10365, offset 0, flags [DF], proto TCP (6), length 4396)"
1779587524.048573,,,TCP,52,"1779587524.048573 IP (tos 0x0, ttl 64, id 7505, offset 0, flags [DF], proto TCP (6), length 52)"
1779587524.048745,,,TCP,4396,"1779587524.048745 IP (tos 0x0, ttl 64, id 10368, offset 0, flags [DF], proto TCP (6), length 4396)"
1779587524.048905,,,TCP,52,"1779587524.048905 IP (tos 0x0, ttl 64, id 7506, offset 0, flags [DF], proto TCP (6), length 52)"
1779587524.049030,,,TCP,2948,"1779587524.049030 IP (tos 0x0, ttl 64, id 10371, offset 0, flags [DF], proto TCP (6), length 2948)"
1779587524.049231,,,TCP,52,"1779587524.049231 IP (tos 0x0, ttl 64, id 7507, offset 0, flags [DF], proto TCP (6), length 52)"
1779587524.049291,,,TCP,4396,"1779587524.049291 IP (tos 0x0, ttl 64, id 10373, offset 0, flags [DF], proto TCP (6), length 4396)"
1779587524.049580,,,TCP,4396,"1779587524.049580 IP (tos 0x0, ttl 64, id 10376, offset 0, flags [DF], proto TCP (6), length 4396)"
1779587524.049705,,,TCP,52,"1779587524.049705 IP (tos 0x0, ttl 64, id 7508, offset 0, flags [DF], proto TCP (6), length 52)"
1779587524.049889,,,TCP,4396,"1779587524.049889 IP (tos 0x0, ttl 64, id 10379, offset 0, flags [DF], proto TCP (6), length 4396)"
1779587524.050094,,,TCP,52,"1779587524.050094 IP (tos 0x0, ttl 64, id 7509, offset 0, flags [DF], proto TCP (6), length 52)"
1779587524.050208,,,TCP,4396,"1779587524.050208 IP (tos 0x0, ttl 64, id 10382, offset 0, flags [DF], proto TCP (6), length 4396)"
1779587524.050433,,,TCP,4396,"1779587524.050433 IP (tos 0x0, ttl 64, id 10385, offset 0, flags [DF], proto TCP (6), length 4396)"
1779587524.050449,,,TCP,52,"1779587524.050449 IP (tos 0x0, ttl 64, id 7510, offset 0, flags [DF], proto TCP (6), length 52)"
1779587524.050708,,,TCP,2948,"1779587524.050708 IP (tos 0x0, ttl 64, id 10388, offset 0, flags [DF], proto TCP (6), length 2948)"
1779587524.050814,,,TCP,52,"1779587524.050814 IP (tos 0x0, ttl 64, id 7511, offset 0, flags [DF], proto TCP (6), length 52)"
1779587524.050987,,,TCP,4396,"1779587524.050987 IP (tos 0x0, ttl 64, id 10390, offset 0, flags [DF], proto TCP (6), length 4396)"
1779587524.051174,,,TCP,52,"1779587524.051174 IP (tos 0x0, ttl 64, id 7512, offset 0, flags [DF], proto TCP (6), length 52)"
1779587524.051369,,,TCP,52,"1779587524.051369 IP (tos 0x0, ttl 64, id 7513, offset 0, flags [DF], proto TCP (6), length 52)"
1779587524.051576,,,TCP,4396,"1779587524.051576 IP (tos 0x0, ttl 64, id 10393, offset 0, flags [DF], proto TCP (6), length 4396)"
1779587524.051619,,,TCP,52,"1779587524.051619 IP (tos 0x0, ttl 64, id 7514, offset 0, flags [DF], proto TCP (6), length 52)"
1779587524.051896,,,TCP,52,"1779587524.051896 IP (tos 0x0, ttl 64, id 7515, offset 0, flags [DF], proto TCP (6), length 52)"
1779587524.051945,,,TCP,4396,"1779587524.051945 IP (tos 0x0, ttl 64, id 10396, offset 0, flags [DF], proto TCP (6), length 4396)"
1779587524.052217,,,TCP,4396,"1779587524.052217 IP (tos 0x0, ttl 64, id 10399, offset 0, flags [DF], proto TCP (6), length 4396)"
1779587524.052331,,,TCP,52,"1779587524.052331 IP (tos 0x0, ttl 64, id 7516, offset 0, flags [DF], proto TCP (6), length 52)"
1779587524.052553,,,TCP,52,"1779587524.052553 IP (tos 0x0, ttl 64, id 7517, offset 0, flags [DF], proto TCP (6), length 52)"
1779587524.052665,,,TCP,4396,"1779587524.052665 IP (tos 0x0, ttl 64, id 10402, offset 0, flags [DF], proto TCP (6), length 4396)"
1779587524.052833,,,TCP,52,"1779587524.052833 IP (tos 0x0, ttl 64, id 7518, offset 0, flags [DF], proto TCP (6), length 52)"
1779587524.052963,,,TCP,2948,"1779587524.052963 IP (tos 0x0, ttl 64, id 10405, offset 0, flags [DF], proto TCP (6), length 2948)"
1779587524.053138,,,TCP,52,"1779587524.053138 IP (tos 0x0, ttl 64, id 7519, offset 0, flags [DF], proto TCP (6), length 52)"
1779587524.053286,,,TCP,4396,"1779587524.053286 IP (tos 0x0, ttl 64, id 10407, offset 0, flags [DF], proto TCP (6), length 4396)"
1779587524.053320,,,TCP,52,"1779587524.053320 IP (tos 0x0, ttl 64, id 7520, offset 0, flags [DF], proto TCP (6), length 52)"
1779587524.053622,,,TCP,52,"1779587524.053622 IP (tos 0x0, ttl 64, id 7521, offset 0, flags [DF], proto TCP (6), length 52)"
1779587524.053691,,,TCP,4396,"1779587524.053691 IP (tos 0x0, ttl 64, id 10410, offset 0, flags [DF], proto TCP (6), length 4396)"
1779587524.053918,,,TCP,4396,"1779587524.053918 IP (tos 0x0, ttl 64, id 10413, offset 0, flags [DF], proto TCP (6), length 4396)"
1779587524.053929,,,TCP,52,"1779587524.053929 IP (tos 0x0, ttl 64, id 7522, offset 0, flags [DF], proto TCP (6), length 52)"
1779587524.054127,,,TCP,4396,"1779587524.054127 IP (tos 0x0, ttl 64, id 10416, offset 0, flags [DF], proto TCP (6), length 4396)"
1779587524.054305,,,TCP,52,"1779587524.054305 IP (tos 0x0, ttl 64, id 7523, offset 0, flags [DF], proto TCP (6), length 52)"
1779587524.054399,,,TCP,4396,"1779587524.054399 IP (tos 0x0, ttl 64, id 10419, offset 0, flags [DF], proto TCP (6), length 4396)"
1779587524.054743,,,TCP,52,"1779587524.054743 IP (tos 0x0, ttl 64, id 7524, offset 0, flags [DF], proto TCP (6), length 52)"
1779587524.054827,,,TCP,2948,"1779587524.054827 IP (tos 0x0, ttl 64, id 10422, offset 0, flags [DF], proto TCP (6), length 2948)"
1779587524.055121,,,TCP,52,"1779587524.055121 IP (tos 0x0, ttl 64, id 7525, offset 0, flags [DF], proto TCP (6), length 52)"
1779587524.055183,,,TCP,4396,"1779587524.055183 IP (tos 0x0, ttl 64, id 10424, offset 0, flags [DF], proto TCP (6), length 4396)"
1779587524.055486,,,TCP,4396,"1779587524.055486 IP (tos 0x0, ttl 64, id 10427, offset 0, flags [DF], proto TCP (6), length 4396)"
1779587524.055539,,,TCP,52,"1779587524.055539 IP (tos 0x0, ttl 64, id 7526, offset 0, flags [DF], proto TCP (6), length 52)"
1779587524.055831,,,TCP,4396,"1779587524.055831 IP (tos 0x0, ttl 64, id 10430, offset 0, flags [DF], proto TCP (6), length 4396)"
1779587524.055872,,,TCP,52,"1779587524.055872 IP (tos 0x0, ttl 64, id 7527, offset 0, flags [DF], proto TCP (6), length 52)"
1779587524.056204,,,TCP,4396,"1779587524.056204 IP (tos 0x0, ttl 64, id 10433, offset 0, flags [DF], proto TCP (6), length 4396)"
1779587524.056312,,,TCP,52,"1779587524.056312 IP (tos 0x0, ttl 64, id 7528, offset 0, flags [DF], proto TCP (6), length 52)"
1779587524.056553,,,TCP,4396,"1779587524.056553 IP (tos 0x0, ttl 64, id 10436, offset 0, flags [DF], proto TCP (6), length 4396)"
1779587524.056653,,,TCP,52,"1779587524.056653 IP (tos 0x0, ttl 64, id 7529, offset 0, flags [DF], proto TCP (6), length 52)"
1779587524.056921,,,TCP,52,"1779587524.056921 IP (tos 0x0, ttl 64, id 7530, offset 0, flags [DF], proto TCP (6), length 52)"
1779587524.056966,,,TCP,2948,"1779587524.056966 IP (tos 0x0, ttl 64, id 10439, offset 0, flags [DF], proto TCP (6), length 2948)"
1779587524.057253,,,TCP,52,"1779587524.057253 IP (tos 0x0, ttl 64, id 7531, offset 0, flags [DF], proto TCP (6), length 52)"
1779587524.057335,,,TCP,4396,"1779587524.057335 IP (tos 0x0, ttl 64, id 10441, offset 0, flags [DF], proto TCP (6), length 4396)"
1779587524.057531,,,TCP,52,"1779587524.057531 IP (tos 0x0, ttl 64, id 7532, offset 0, flags [DF], proto TCP (6), length 52)"
1779587524.057533,,,TCP,52,"1779587524.057533 IP (tos 0x0, ttl 64, id 7533, offset 0, flags [DF], proto TCP (6), length 52)"
1779587524.057582,,,TCP,4396,"1779587524.057582 IP (tos 0x0, ttl 64, id 10444, offset 0, flags [DF], proto TCP (6), length 4396)"
1779587524.057596,,,TCP,804,"1779587524.057596 IP (tos 0x0, ttl 64, id 10447, offset 0, flags [DF], proto TCP (6), length 804)"
1779587524.057891,,,TCP,52,"1779587524.057891 IP (tos 0x0, ttl 64, id 7534, offset 0, flags [DF], proto TCP (6), length 52)"
1779587524.057952,,,TCP,2948,"1779587524.057952 IP (tos 0x0, ttl 64, id 10448, offset 0, flags [DF], proto TCP (6), length 2948)"
1779587524.058205,,,TCP,52,"1779587524.058205 IP (tos 0x0, ttl 64, id 7535, offset 0, flags [DF], proto TCP (6), length 52)"
1779587524.058262,,,TCP,4396,"1779587524.058262 IP (tos 0x0, ttl 64, id 10450, offset 0, flags [DF], proto TCP (6), length 4396)"
1779587524.058490,,,TCP,52,"1779587524.058490 IP (tos 0x0, ttl 64, id 7536, offset 0, flags [DF], proto TCP (6), length 52)"
1779587524.058566,,,TCP,4396,"1779587524.058566 IP (tos 0x0, ttl 64, id 10453, offset 0, flags [DF], proto TCP (6), length 4396)"
1779587524.058766,,,TCP,52,"1779587524.058766 IP (tos 0x0, ttl 64, id 7537, offset 0, flags [DF], proto TCP (6), length 52)"
1779587524.058974,,,TCP,4396,"1779587524.058974 IP (tos 0x0, ttl 64, id 10456, offset 0, flags [DF], proto TCP (6), length 4396)"
1779587524.059066,,,TCP,52,"1779587524.059066 IP (tos 0x0, ttl 64, id 7538, offset 0, flags [DF], proto TCP (6), length 52)"
1779587524.059275,,,TCP,4396,"1779587524.059275 IP (tos 0x0, ttl 64, id 10459, offset 0, flags [DF], proto TCP (6), length 4396)"
1779587524.059306,,,TCP,52,"1779587524.059306 IP (tos 0x0, ttl 64, id 7539, offset 0, flags [DF], proto TCP (6), length 52)"
1779587524.059602,,,TCP,52,"1779587524.059602 IP (tos 0x0, ttl 64, id 7540, offset 0, flags [DF], proto TCP (6), length 52)"
1779587524.059624,,,TCP,2948,"1779587524.059624 IP (tos 0x0, ttl 64, id 10462, offset 0, flags [DF], proto TCP (6), length 2948)"
1779587524.059879,,,TCP,4396,"1779587524.059879 IP (tos 0x0, ttl 64, id 10464, offset 0, flags [DF], proto TCP (6), length 4396)"
1779587524.059906,,,TCP,52,"1779587524.059906 IP (tos 0x0, ttl 64, id 7541, offset 0, flags [DF], proto TCP (6), length 52)"
1779587524.060119,,,TCP,4396,"1779587524.060119 IP (tos 0x0, ttl 64, id 10467, offset 0, flags [DF], proto TCP (6), length 4396)"
1779587524.060274,,,TCP,52,"1779587524.060274 IP (tos 0x0, ttl 64, id 7542, offset 0, flags [DF], proto TCP (6), length 52)"
1779587524.060354,,,TCP,4396,"1779587524.060354 IP (tos 0x0, ttl 64, id 10470, offset 0, flags [DF], proto TCP (6), length 4396)"
1779587524.060471,,,TCP,52,"1779587524.060471 IP (tos 0x0, ttl 64, id 7543, offset 0, flags [DF], proto TCP (6), length 52)"
1779587524.060583,,,TCP,4396,"1779587524.060583 IP (tos 0x0, ttl 64, id 10473, offset 0, flags [DF], proto TCP (6), length 4396)"
1779587524.060761,,,TCP,52,"1779587524.060761 IP (tos 0x0, ttl 64, id 7544, offset 0, flags [DF], proto TCP (6), length 52)"
1779587524.060902,,,TCP,4396,"1779587524.060902 IP (tos 0x0, ttl 64, id 10476, offset 0, flags [DF], proto TCP (6), length 4396)"
1779587524.061131,,,TCP,52,"1779587524.061131 IP (tos 0x0, ttl 64, id 7545, offset 0, flags [DF], proto TCP (6), length 52)"
1779587524.061154,,,TCP,2948,"1779587524.061154 IP (tos 0x0, ttl 64, id 10479, offset 0, flags [DF], proto TCP (6), length 2948)"
1779587524.061448,,,TCP,4396,"1779587524.061448 IP (tos 0x0, ttl 64, id 10481, offset 0, flags [DF], proto TCP (6), length 4396)"
1779587524.061623,,,TCP,52,"1779587524.061623 IP (tos 0x0, ttl 64, id 7546, offset 0, flags [DF], proto TCP (6), length 52)"
1779587524.061797,,,TCP,4396,"1779587524.061797 IP (tos 0x0, ttl 64, id 10484, offset 0, flags [DF], proto TCP (6), length 4396)"
1779587524.062012,,,TCP,52,"1779587524.062012 IP (tos 0x0, ttl 64, id 7547, offset 0, flags [DF], proto TCP (6), length 52)"
1779587524.062078,,,TCP,4396,"1779587524.062078 IP (tos 0x0, ttl 64, id 10487, offset 0, flags [DF], proto TCP (6), length 4396)"
1779587524.062266,,,TCP,52,"1779587524.062266 IP (tos 0x0, ttl 64, id 7548, offset 0, flags [DF], proto TCP (6), length 52)"
1779587524.062319,,,TCP,4396,"1779587524.062319 IP (tos 0x0, ttl 64, id 10490, offset 0, flags [DF], proto TCP (6), length 4396)"
1779587524.062606,,,TCP,4396,"1779587524.062606 IP (tos 0x0, ttl 64, id 10493, offset 0, flags [DF], proto TCP (6), length 4396)"
1779587524.062736,,,TCP,52,"1779587524.062736 IP (tos 0x0, ttl 64, id 7549, offset 0, flags [DF], proto TCP (6), length 52)"
1779587524.062873,,,TCP,2948,"1779587524.062873 IP (tos 0x0, ttl 64, id 10496, offset 0, flags [DF], proto TCP (6), length 2948)"
1779587524.063012,,,TCP,52,"1779587524.063012 IP (tos 0x0, ttl 64, id 7550, offset 0, flags [DF], proto TCP (6), length 52)"
1779587524.063208,,,TCP,4396,"1779587524.063208 IP (tos 0x0, ttl 64, id 10498, offset 0, flags [DF], proto TCP (6), length 4396)"
1779587524.063328,,,TCP,52,"1779587524.063328 IP (tos 0x0, ttl 64, id 7551, offset 0, flags [DF], proto TCP (6), length 52)"
1779587524.063563,,,TCP,4396,"1779587524.063563 IP (tos 0x0, ttl 64, id 10501, offset 0, flags [DF], proto TCP (6), length 4396)"
1779587524.063734,,,TCP,52,"1779587524.063734 IP (tos 0x0, ttl 64, id 7552, offset 0, flags [DF], proto TCP (6), length 52)"
1779587524.063857,,,TCP,4396,"1779587524.063857 IP (tos 0x0, ttl 64, id 10504, offset 0, flags [DF], proto TCP (6), length 4396)"
1779587524.063975,,,TCP,52,"1779587524.063975 IP (tos 0x0, ttl 64, id 7553, offset 0, flags [DF], proto TCP (6), length 52)"
1779587524.064144,,,TCP,4396,"1779587524.064144 IP (tos 0x0, ttl 64, id 10507, offset 0, flags [DF], proto TCP (6), length 4396)"
1779587524.064152,,,TCP,52,"1779587524.064152 IP (tos 0x0, ttl 64, id 7554, offset 0, flags [DF], proto TCP (6), length 52)"
1779587524.064425,,,TCP,52,"1779587524.064425 IP (tos 0x0, ttl 64, id 7555, offset 0, flags [DF], proto TCP (6), length 52)"
1779587524.064512,,,TCP,4396,"1779587524.064512 IP (tos 0x0, ttl 64, id 10510, offset 0, flags [DF], proto TCP (6), length 4396)"
1779587524.064856,,,TCP,52,"1779587524.064856 IP (tos 0x0, ttl 64, id 7556, offset 0, flags [DF], proto TCP (6), length 52)"
1779587524.064909,,,TCP,2948,"1779587524.064909 IP (tos 0x0, ttl 64, id 10513, offset 0, flags [DF], proto TCP (6), length 2948)"
1779587524.065234,,,TCP,52,"1779587524.065234 IP (tos 0x0, ttl 64, id 7557, offset 0, flags [DF], proto TCP (6), length 52)"
1779587524.065264,,,TCP,4396,"1779587524.065264 IP (tos 0x0, ttl 64, id 10515, offset 0, flags [DF], proto TCP (6), length 4396)"
1779587524.065557,,,TCP,52,"1779587524.065557 IP (tos 0x0, ttl 64, id 7558, offset 0, flags [DF], proto TCP (6), length 52)"
1779587524.065616,,,TCP,4396,"1779587524.065616 IP (tos 0x0, ttl 64, id 10518, offset 0, flags [DF], proto TCP (6), length 4396)"
1779587524.065886,,,TCP,52,"1779587524.065886 IP (tos 0x0, ttl 64, id 7559, offset 0, flags [DF], proto TCP (6), length 52)"
1779587524.065954,,,TCP,4396,"1779587524.065954 IP (tos 0x0, ttl 64, id 10521, offset 0, flags [DF], proto TCP (6), length 4396)"
1779587524.066317,,,TCP,52,"1779587524.066317 IP (tos 0x0, ttl 64, id 7560, offset 0, flags [DF], proto TCP (6), length 52)"
1779587524.066378,,,TCP,4396,"1779587524.066378 IP (tos 0x0, ttl 64, id 10524, offset 0, flags [DF], proto TCP (6), length 4396)"
1779587524.066617,,,TCP,52,"1779587524.066617 IP (tos 0x0, ttl 64, id 7561, offset 0, flags [DF], proto TCP (6), length 52)"
1779587524.066742,,,TCP,4396,"1779587524.066742 IP (tos 0x0, ttl 64, id 10527, offset 0, flags [DF], proto TCP (6), length 4396)"
1779587524.067034,,,TCP,52,"1779587524.067034 IP (tos 0x0, ttl 64, id 7562, offset 0, flags [DF], proto TCP (6), length 52)"
1779587524.067109,,,TCP,2948,"1779587524.067109 IP (tos 0x0, ttl 64, id 10530, offset 0, flags [DF], proto TCP (6), length 2948)"
1779587524.067375,,,TCP,52,"1779587524.067375 IP (tos 0x0, ttl 64, id 7563, offset 0, flags [DF], proto TCP (6), length 52)"
1779587524.067435,,,TCP,4396,"1779587524.067435 IP (tos 0x0, ttl 64, id 10532, offset 0, flags [DF], proto TCP (6), length 4396)"
1779587524.067628,,,TCP,52,"1779587524.067628 IP (tos 0x0, ttl 64, id 7564, offset 0, flags [DF], proto TCP (6), length 52)"
1779587524.067636,,,TCP,52,"1779587524.067636 IP (tos 0x0, ttl 64, id 7565, offset 0, flags [DF], proto TCP (6), length 52)"
1779587524.067681,,,TCP,1052,"1779587524.067681 IP (tos 0x0, ttl 64, id 10535, offset 0, flags [DF], proto TCP (6), length 1052)"
1779587524.067718,,,TCP,2948,"1779587524.067718 IP (tos 0x0, ttl 64, id 10536, offset 0, flags [DF], proto TCP (6), length 2948)"
1779587524.067969,,,TCP,52,"1779587524.067969 IP (tos 0x0, ttl 64, id 7566, offset 0, flags [DF], proto TCP (6), length 52)"
1779587524.067992,,,TCP,4396,"1779587524.067992 IP (tos 0x0, ttl 64, id 10538, offset 0, flags [DF], proto TCP (6), length 4396)"
1779587524.068295,,,TCP,52,"1779587524.068295 IP (tos 0x0, ttl 64, id 7567, offset 0, flags [DF], proto TCP (6), length 52)"
1779587524.068368,,,TCP,4396,"1779587524.068368 IP (tos 0x0, ttl 64, id 10541, offset 0, flags [DF], proto TCP (6), length 4396)"
1779587524.068614,,,TCP,52,"1779587524.068614 IP (tos 0x0, ttl 64, id 7568, offset 0, flags [DF], proto TCP (6), length 52)"
1779587524.068714,,,TCP,4396,"1779587524.068714 IP (tos 0x0, ttl 64, id 10544, offset 0, flags [DF], proto TCP (6), length 4396)"
1779587524.069035,,,TCP,52,"1779587524.069035 IP (tos 0x0, ttl 64, id 7569, offset 0, flags [DF], proto TCP (6), length 52)"
1779587524.069102,,,TCP,4396,"1779587524.069102 IP (tos 0x0, ttl 64, id 10547, offset 0, flags [DF], proto TCP (6), length 4396)"
1779587524.069348,,,TCP,52,"1779587524.069348 IP (tos 0x0, ttl 64, id 7570, offset 0, flags [DF], proto TCP (6), length 52)"
1779587524.069418,,,TCP,2948,"1779587524.069418 IP (tos 0x0, ttl 64, id 10550, offset 0, flags [DF], proto TCP (6), length 2948)"
1779587524.069695,,,TCP,52,"1779587524.069695 IP (tos 0x0, ttl 64, id 7571, offset 0, flags [DF], proto TCP (6), length 52)"
1779587524.069756,,,TCP,4396,"1779587524.069756 IP (tos 0x0, ttl 64, id 10552, offset 0, flags [DF], proto TCP (6), length 4396)"
1779587524.069935,,,TCP,52,"1779587524.069935 IP (tos 0x0, ttl 64, id 7572, offset 0, flags [DF], proto TCP (6), length 52)"
1779587524.070138,,,TCP,52,"1779587524.070138 IP (tos 0x0, ttl 64, id 7573, offset 0, flags [DF], proto TCP (6), length 52)"
1779587524.070175,,,TCP,4396,"1779587524.070175 IP (tos 0x0, ttl 64, id 10555, offset 0, flags [DF], proto TCP (6), length 4396)"
1779587524.070409,,,TCP,52,"1779587524.070409 IP (tos 0x0, ttl 64, id 7574, offset 0, flags [DF], proto TCP (6), length 52)"
1779587524.070473,,,TCP,4396,"1779587524.070473 IP (tos 0x0, ttl 64, id 10558, offset 0, flags [DF], proto TCP (6), length 4396)"
1779587524.070656,,,TCP,52,"1779587524.070656 IP (tos 0x0, ttl 64, id 7575, offset 0, flags [DF], proto TCP (6), length 52)"
1779587524.070874,,,TCP,4396,"1779587524.070874 IP (tos 0x0, ttl 64, id 10561, offset 0, flags [DF], proto TCP (6), length 4396)"
1779587524.070924,,,TCP,52,"1779587524.070924 IP (tos 0x0, ttl 64, id 7576, offset 0, flags [DF], proto TCP (6), length 52)"
1779587524.071226,,,TCP,52,"1779587524.071226 IP (tos 0x0, ttl 64, id 7577, offset 0, flags [DF], proto TCP (6), length 52)"
1779587524.071436,,,TCP,4396,"1779587524.071436 IP (tos 0x0, ttl 64, id 10564, offset 0, flags [DF], proto TCP (6), length 4396)"
1779587524.071472,,,TCP,52,"1779587524.071472 IP (tos 0x0, ttl 64, id 7578, offset 0, flags [DF], proto TCP (6), length 52)"
1779587524.071870,,,TCP,52,"1779587524.071870 IP (tos 0x0, ttl 64, id 7579, offset 0, flags [DF], proto TCP (6), length 52)"
1779587524.071974,,,TCP,2948,"1779587524.071974 IP (tos 0x0, ttl 64, id 10567, offset 0, flags [DF], proto TCP (6), length 2948)"
1779587524.072098,,,TCP,52,"1779587524.072098 IP (tos 0x0, ttl 64, id 7580, offset 0, flags [DF], proto TCP (6), length 52)"
1779587524.072376,,,TCP,52,"1779587524.072376 IP (tos 0x0, ttl 64, id 7581, offset 0, flags [DF], proto TCP (6), length 52)"
1779587524.072479,,,TCP,4396,"1779587524.072479 IP (tos 0x0, ttl 64, id 10569, offset 0, flags [DF], proto TCP (6), length 4396)"
1779587524.072672,,,TCP,52,"1779587524.072672 IP (tos 0x0, ttl 64, id 7582, offset 0, flags [DF], proto TCP (6), length 52)"
1779587524.072896,,,TCP,52,"1779587524.072896 IP (tos 0x0, ttl 64, id 7583, offset 0, flags [DF], proto TCP (6), length 52)"
1779587524.072983,,,TCP,4396,"1779587524.072983 IP (tos 0x0, ttl 64, id 10572, offset 0, flags [DF], proto TCP (6), length 4396)"
1779587524.073270,,,TCP,52,"1779587524.073270 IP (tos 0x0, ttl 64, id 7584, offset 0, flags [DF], proto TCP (6), length 52)"
1779587524.073373,,,TCP,4396,"1779587524.073373 IP (tos 0x0, ttl 64, id 10575, offset 0, flags [DF], proto TCP (6), length 4396)"
1779587524.073641,,,TCP,52,"1779587524.073641 IP (tos 0x0, ttl 64, id 7585, offset 0, flags [DF], proto TCP (6), length 52)"
1779587524.073968,,,TCP,52,"1779587524.073968 IP (tos 0x0, ttl 64, id 7586, offset 0, flags [DF], proto TCP (6), length 52)"
1779587524.074107,,,TCP,4396,"1779587524.074107 IP (tos 0x0, ttl 64, id 10578, offset 0, flags [DF], proto TCP (6), length 4396)"
1779587524.074163,,,TCP,52,"1779587524.074163 IP (tos 0x0, ttl 64, id 7587, offset 0, flags [DF], proto TCP (6), length 52)"
1779587524.074600,,,TCP,52,"1779587524.074600 IP (tos 0x0, ttl 64, id 7588, offset 0, flags [DF], proto TCP (6), length 52)"
1779587524.074745,,,TCP,4396,"1779587524.074745 IP (tos 0x0, ttl 64, id 10581, offset 0, flags [DF], proto TCP (6), length 4396)"
1779587524.074978,,,TCP,52,"1779587524.074978 IP (tos 0x0, ttl 64, id 7589, offset 0, flags [DF], proto TCP (6), length 52)"
1779587524.075289,,,TCP,52,"1779587524.075289 IP (tos 0x0, ttl 64, id 7590, offset 0, flags [DF], proto TCP (6), length 52)"
1779587524.075372,,,TCP,2948,"1779587524.075372 IP (tos 0x0, ttl 64, id 10584, offset 0, flags [DF], proto TCP (6), length 2948)"
1779587524.075675,,,TCP,52,"1779587524.075675 IP (tos 0x0, ttl 64, id 7591, offset 0, flags [DF], proto TCP (6), length 52)"
1779587524.075770,,,TCP,4396,"1779587524.075770 IP (tos 0x0, ttl 64, id 10586, offset 0, flags [DF], proto TCP (6), length 4396)"
1779587524.076038,,,TCP,52,"1779587524.076038 IP (tos 0x0, ttl 64, id 7592, offset 0, flags [DF], proto TCP (6), length 52)"
1779587524.076103,,,TCP,4396,"1779587524.076103 IP (tos 0x0, ttl 64, id 10589, offset 0, flags [DF], proto TCP (6), length 4396)"
1779587524.076435,,,TCP,52,"1779587524.076435 IP (tos 0x0, ttl 64, id 7593, offset 0, flags [DF], proto TCP (6), length 52)"
1779587524.076542,,,TCP,4396,"1779587524.076542 IP (tos 0x0, ttl 64, id 10592, offset 0, flags [DF], proto TCP (6), length 4396)"
1779587524.076814,,,TCP,52,"1779587524.076814 IP (tos 0x0, ttl 64, id 7594, offset 0, flags [DF], proto TCP (6), length 52)"
1779587524.076980,,,TCP,4396,"1779587524.076980 IP (tos 0x0, ttl 64, id 10595, offset 0, flags [DF], proto TCP (6), length 4396)"
1779587524.077164,,,TCP,52,"1779587524.077164 IP (tos 0x0, ttl 64, id 7595, offset 0, flags [DF], proto TCP (6), length 52)"
1779587524.077434,,,TCP,4396,"1779587524.077434 IP (tos 0x0, ttl 64, id 10598, offset 0, flags [DF], proto TCP (6), length 4396)"
1779587524.077452,,,TCP,52,"1779587524.077452 IP (tos 0x0, ttl 64, id 7596, offset 0, flags [DF], proto TCP (6), length 52)"
1779587524.077735,,,TCP,52,"1779587524.077735 IP (tos 0x0, ttl 64, id 7597, offset 0, flags [DF], proto TCP (6), length 52)"
1779587524.077738,,,TCP,52,"1779587524.077738 IP (tos 0x0, ttl 64, id 7598, offset 0, flags [DF], proto TCP (6), length 52)"
1779587524.077804,,,TCP,2948,"1779587524.077804 IP (tos 0x0, ttl 64, id 10601, offset 0, flags [DF], proto TCP (6), length 2948)"
1779587524.077828,,,TCP,1340,"1779587524.077828 IP (tos 0x0, ttl 64, id 10603, offset 0, flags [DF], proto TCP (6), length 1340)"
1779587524.078046,,,TCP,52,"1779587524.078046 IP (tos 0x0, ttl 64, id 7599, offset 0, flags [DF], proto TCP (6), length 52)"
1779587524.078232,,,TCP,2948,"1779587524.078232 IP (tos 0x0, ttl 64, id 10604, offset 0, flags [DF], proto TCP (6), length 2948)"
1779587524.078422,,,TCP,52,"1779587524.078422 IP (tos 0x0, ttl 64, id 7600, offset 0, flags [DF], proto TCP (6), length 52)"
1779587524.078654,,,TCP,4396,"1779587524.078654 IP (tos 0x0, ttl 64, id 10606, offset 0, flags [DF], proto TCP (6), length 4396)"
1779587524.078766,,,TCP,52,"1779587524.078766 IP (tos 0x0, ttl 64, id 7601, offset 0, flags [DF], proto TCP (6), length 52)"
1779587524.079029,,,TCP,4396,"1779587524.079029 IP (tos 0x0, ttl 64, id 10609, offset 0, flags [DF], proto TCP (6), length 4396)"
1779587524.079153,,,TCP,52,"1779587524.079153 IP (tos 0x0, ttl 64, id 7602, offset 0, flags [DF], proto TCP (6), length 52)"
1779587524.079397,,,TCP,4396,"1779587524.079397 IP (tos 0x0, ttl 64, id 10612, offset 0, flags [DF], proto TCP (6), length 4396)"
1779587524.079434,,,TCP,52,"1779587524.079434 IP (tos 0x0, ttl 64, id 7603, offset 0, flags [DF], proto TCP (6), length 52)"
1779587524.079700,,,TCP,4396,"1779587524.079700 IP (tos 0x0, ttl 64, id 10615, offset 0, flags [DF], proto TCP (6), length 4396)"
1779587524.079782,,,TCP,52,"1779587524.079782 IP (tos 0x0, ttl 64, id 7604, offset 0, flags [DF], proto TCP (6), length 52)"
1779587524.080040,,,TCP,2948,"1779587524.080040 IP (tos 0x0, ttl 64, id 10618, offset 0, flags [DF], proto TCP (6), length 2948)"
1779587524.080222,,,TCP,52,"1779587524.080222 IP (tos 0x0, ttl 64, id 7605, offset 0, flags [DF], proto TCP (6), length 52)"
1779587524.080537,,,TCP,52,"1779587524.080537 IP (tos 0x0, ttl 64, id 7606, offset 0, flags [DF], proto TCP (6), length 52)"
1779587524.080906,,,TCP,52,"1779587524.080906 IP (tos 0x0, ttl 64, id 7607, offset 0, flags [DF], proto TCP (6), length 52)"
1779587524.081482,,,TCP,52,"1779587524.081482 IP (tos 0x0, ttl 64, id 7608, offset 0, flags [DF], proto TCP (6), length 52)"
1779587524.082039,,,TCP,52,"1779587524.082039 IP (tos 0x0, ttl 64, id 7609, offset 0, flags [DF], proto TCP (6), length 52)"
1779587524.082543,,,TCP,52,"1779587524.082543 IP (tos 0x0, ttl 64, id 7610, offset 0, flags [DF], proto TCP (6), length 52)"
1779587524.083037,,,TCP,52,"1779587524.083037 IP (tos 0x0, ttl 64, id 7611, offset 0, flags [DF], proto TCP (6), length 52)"
1779587524.083427,,,TCP,52,"1779587524.083427 IP (tos 0x0, ttl 64, id 7612, offset 0, flags [DF], proto TCP (6), length 52)"
1779587524.084174,,,TCP,52,"1779587524.084174 IP (tos 0x0, ttl 64, id 7613, offset 0, flags [DF], proto TCP (6), length 52)"
1779587524.084814,,,TCP,52,"1779587524.084814 IP (tos 0x0, ttl 64, id 7614, offset 0, flags [DF], proto TCP (6), length 52)"
1779587524.085425,,,TCP,52,"1779587524.085425 IP (tos 0x0, ttl 64, id 7615, offset 0, flags [DF], proto TCP (6), length 52)"
1779587524.085796,,,TCP,52,"1779587524.085796 IP (tos 0x0, ttl 64, id 7616, offset 0, flags [DF], proto TCP (6), length 52)"
1779587524.086155,,,TCP,52,"1779587524.086155 IP (tos 0x0, ttl 64, id 7617, offset 0, flags [DF], proto TCP (6), length 52)"
1779587524.086640,,,TCP,52,"1779587524.086640 IP (tos 0x0, ttl 64, id 7618, offset 0, flags [DF], proto TCP (6), length 52)"
1779587524.087011,,,TCP,52,"1779587524.087011 IP (tos 0x0, ttl 64, id 7619, offset 0, flags [DF], proto TCP (6), length 52)"
1779587524.087493,,,TCP,52,"1779587524.087493 IP (tos 0x0, ttl 64, id 7620, offset 0, flags [DF], proto TCP (6), length 52)"
1779587524.087860,,,TCP,52,"1779587524.087860 IP (tos 0x0, ttl 64, id 7621, offset 0, flags [DF], proto TCP (6), length 52)"
1779587524.087864,,,TCP,52,"1779587524.087864 IP (tos 0x0, ttl 64, id 7622, offset 0, flags [DF], proto TCP (6), length 52)"
1779587524.087934,,,TCP,1460,"1779587524.087934 IP (tos 0x0, ttl 64, id 10620, offset 0, flags [DF], proto TCP (6), length 1460)"
1779587524.088325,,,TCP,52,"1779587524.088325 IP (tos 0x0, ttl 64, id 7623, offset 0, flags [DF], proto TCP (6), length 52)"
1779587524.088697,,,TCP,52,"1779587524.088697 IP (tos 0x0, ttl 64, id 7624, offset 0, flags [DF], proto TCP (6), length 52)"
1779587524.089092,,,TCP,52,"1779587524.089092 IP (tos 0x0, ttl 64, id 7625, offset 0, flags [DF], proto TCP (6), length 52)"
1779587524.089336,,,TCP,52,"1779587524.089336 IP (tos 0x0, ttl 64, id 10621, offset 0, flags [DF], proto TCP (6), length 52)"
1779587524.089462,,,TCP,52,"1779587524.089462 IP (tos 0x0, ttl 64, id 7626, offset 0, flags [DF], proto TCP (6), length 52)"
1779587524.089769,,,TCP,52,"1779587524.089769 IP (tos 0x0, ttl 64, id 7627, offset 0, flags [DF], proto TCP (6), length 52)"
1779587524.090098,,,TCP,52,"1779587524.090098 IP (tos 0x0, ttl 64, id 7628, offset 0, flags [DF], proto TCP (6), length 52)"
1779587524.098063,,,TCP,52,"1779587524.098063 IP (tos 0x0, ttl 64, id 7629, offset 0, flags [DF], proto TCP (6), length 52)"
1779587524.121748,,,TCP,52,"1779587524.121748 IP (tos 0x0, ttl 64, id 7630, offset 0, flags [DF], proto TCP (6), length 52)"
1779587524.121938,,,TCP,52,"1779587524.121938 IP (tos 0x0, ttl 64, id 10622, offset 0, flags [DF], proto TCP (6), length 52)"
