timestamp_s,src,dst,protocolo,ip_len,info
1779594297.328376,,,UDP,63,"1779594297.328376 IP (tos 0x0, ttl 64, id 38568, offset 0, flags [DF], proto UDP (17), length 63)"
1779594297.338759,,,UDP,36,"1779594297.338759 IP (tos 0x0, ttl 64, id 7224, offset 0, flags [DF], proto UDP (17), length 36)"
1779594297.339601,,,UDP,1500,"1779594297.339601 IP (tos 0x0, ttl 64, id 38569, offset 0, flags [+], proto UDP (17), length 1500)"
1779594297.340279,,,UDP,1500,"1779594297.340279 IP (tos 0x0, ttl 64, id 38570, offset 0, flags [+], proto UDP (17), length 1500)"
1779594297.341199,,,UDP,1500,"1779594297.341199 IP (tos 0x0, ttl 64, id 38571, offset 0, flags [+], proto UDP (17), length 1500)"
1779594297.342010,,,UDP,1500,"1779594297.342010 IP (tos 0x0, ttl 64, id 38572, offset 0, flags [+], proto UDP (17), length 1500)"
1779594297.342680,,,UDP,1500,"1779594297.342680 IP (tos 0x0, ttl 64, id 38573, offset 0, flags [+], proto UDP (17), length 1500)"
1779594297.343237,,,UDP,1500,"1779594297.343237 IP (tos 0x0, ttl 64, id 38574, offset 0, flags [+], proto UDP (17), length 1500)"
1779594297.343809,,,UDP,1500,"1779594297.343809 IP (tos 0x0, ttl 64, id 38575, offset 0, flags [+], proto UDP (17), length 1500)"
1779594297.344608,,,UDP,1500,"1779594297.344608 IP (tos 0x0, ttl 64, id 38576, offset 0, flags [+], proto UDP (17), length 1500)"
1779594297.349927,,,UDP,29,"1779594297.349927 IP (tos 0x0, ttl 64, id 7227, offset 0, flags [DF], proto UDP (17), length 29)"
1779594297.350670,,,UDP,1500,"1779594297.350670 IP (tos 0x0, ttl 64, id 38577, offset 0, flags [+], proto UDP (17), length 1500)"
1779594297.351075,,,UDP,29,"1779594297.351075 IP (tos 0x0, ttl 64, id 7228, offset 0, flags [DF], proto UDP (17), length 29)"
1779594297.351749,,,UDP,1500,"1779594297.351749 IP (tos 0x0, ttl 64, id 38578, offset 0, flags [+], proto UDP (17), length 1500)"
1779594297.351857,,,UDP,29,"1779594297.351857 IP (tos 0x0, ttl 64, id 7229, offset 0, flags [DF], proto UDP (17), length 29)"
1779594297.352366,,,UDP,1500,"1779594297.352366 IP (tos 0x0, ttl 64, id 38579, offset 0, flags [+], proto UDP (17), length 1500)"
1779594297.352525,,,UDP,29,"1779594297.352525 IP (tos 0x0, ttl 64, id 7230, offset 0, flags [DF], proto UDP (17), length 29)"
1779594297.352980,,,UDP,1500,"1779594297.352980 IP (tos 0x0, ttl 64, id 38580, offset 0, flags [+], proto UDP (17), length 1500)"
1779594297.353093,,,UDP,29,"1779594297.353093 IP (tos 0x0, ttl 64, id 7231, offset 0, flags [DF], proto UDP (17), length 29)"
1779594297.353481,,,UDP,1500,"1779594297.353481 IP (tos 0x0, ttl 64, id 38581, offset 0, flags [+], proto UDP (17), length 1500)"
1779594297.353736,,,UDP,29,"1779594297.353736 IP (tos 0x0, ttl 64, id 7232, offset 0, flags [DF], proto UDP (17), length 29)"
1779594297.354142,,,UDP,1500,"1779594297.354142 IP (tos 0x0, ttl 64, id 38582, offset 0, flags [+], proto UDP (17), length 1500)"
1779594297.354671,,,UDP,29,"1779594297.354671 IP (tos 0x0, ttl 64, id 7233, offset 0, flags [DF], proto UDP (17), length 29)"
1779594297.355126,,,UDP,1500,"1779594297.355126 IP (tos 0x0, ttl 64, id 38583, offset 0, flags [+], proto UDP (17), length 1500)"
1779594297.355166,,,UDP,29,"1779594297.355166 IP (tos 0x0, ttl 64, id 7234, offset 0, flags [DF], proto UDP (17), length 29)"
1779594297.355554,,,UDP,1500,"1779594297.355554 IP (tos 0x0, ttl 64, id 38584, offset 0, flags [+], proto UDP (17), length 1500)"
1779594297.361260,,,UDP,29,"1779594297.361260 IP (tos 0x0, ttl 64, id 7235, offset 0, flags [DF], proto UDP (17), length 29)"
1779594297.362241,,,UDP,29,"1779594297.362241 IP (tos 0x0, ttl 64, id 7236, offset 0, flags [DF], proto UDP (17), length 29)"
1779594297.362245,,,UDP,1500,"1779594297.362245 IP (tos 0x0, ttl 64, id 38585, offset 0, flags [+], proto UDP (17), length 1500)"
1779594297.362760,,,UDP,30,"1779594297.362760 IP (tos 0x0, ttl 64, id 7237, offset 0, flags [DF], proto UDP (17), length 30)"
1779594297.362836,,,UDP,1500,"1779594297.362836 IP (tos 0x0, ttl 64, id 38586, offset 0, flags [+], proto UDP (17), length 1500)"
1779594297.363276,,,UDP,1500,"1779594297.363276 IP (tos 0x0, ttl 64, id 38587, offset 0, flags [+], proto UDP (17), length 1500)"
1779594297.363353,,,UDP,30,"1779594297.363353 IP (tos 0x0, ttl 64, id 7238, offset 0, flags [DF], proto UDP (17), length 30)"
1779594297.363767,,,UDP,1500,"1779594297.363767 IP (tos 0x0, ttl 64, id 38588, offset 0, flags [+], proto UDP (17), length 1500)"
1779594297.363814,,,UDP,30,"1779594297.363814 IP (tos 0x0, ttl 64, id 7239, offset 0, flags [DF], proto UDP (17), length 30)"
1779594297.364198,,,UDP,1500,"1779594297.364198 IP (tos 0x0, ttl 64, id 38589, offset 0, flags [+], proto UDP (17), length 1500)"
1779594297.364462,,,UDP,30,"1779594297.364462 IP (tos 0x0, ttl 64, id 7240, offset 0, flags [DF], proto UDP (17), length 30)"
1779594297.364967,,,UDP,1500,"1779594297.364967 IP (tos 0x0, ttl 64, id 38590, offset 0, flags [+], proto UDP (17), length 1500)"
1779594297.365722,,,UDP,30,"1779594297.365722 IP (tos 0x0, ttl 64, id 7241, offset 0, flags [DF], proto UDP (17), length 30)"
1779594297.365852,,,UDP,30,"1779594297.365852 IP (tos 0x0, ttl 64, id 7242, offset 0, flags [DF], proto UDP (17), length 30)"
1779594297.366140,,,UDP,1500,"1779594297.366140 IP (tos 0x0, ttl 64, id 38591, offset 0, flags [+], proto UDP (17), length 1500)"
1779594297.366611,,,UDP,1500,"1779594297.366611 IP (tos 0x0, ttl 64, id 38592, offset 0, flags [+], proto UDP (17), length 1500)"
1779594297.372852,,,UDP,30,"1779594297.372852 IP (tos 0x0, ttl 64, id 7243, offset 0, flags [DF], proto UDP (17), length 30)"
1779594297.373246,,,UDP,30,"1779594297.373246 IP (tos 0x0, ttl 64, id 7244, offset 0, flags [DF], proto UDP (17), length 30)"
1779594297.373318,,,UDP,1500,"1779594297.373318 IP (tos 0x0, ttl 64, id 38594, offset 0, flags [+], proto UDP (17), length 1500)"
1779594297.373648,,,UDP,30,"1779594297.373648 IP (tos 0x0, ttl 64, id 7245, offset 0, flags [DF], proto UDP (17), length 30)"
1779594297.373765,,,UDP,1500,"1779594297.373765 IP (tos 0x0, ttl 64, id 38595, offset 0, flags [+], proto UDP (17), length 1500)"
1779594297.374118,,,UDP,30,"1779594297.374118 IP (tos 0x0, ttl 64, id 7246, offset 0, flags [DF], proto UDP (17), length 30)"
1779594297.374120,,,UDP,1500,"1779594297.374120 IP (tos 0x0, ttl 64, id 38596, offset 0, flags [+], proto UDP (17), length 1500)"
1779594297.374505,,,UDP,1500,"1779594297.374505 IP (tos 0x0, ttl 64, id 38597, offset 0, flags [+], proto UDP (17), length 1500)"
1779594297.374522,,,UDP,30,"1779594297.374522 IP (tos 0x0, ttl 64, id 7247, offset 0, flags [DF], proto UDP (17), length 30)"
1779594297.374993,,,UDP,1500,"1779594297.374993 IP (tos 0x0, ttl 64, id 38598, offset 0, flags [+], proto UDP (17), length 1500)"
1779594297.375253,,,UDP,30,"1779594297.375253 IP (tos 0x0, ttl 64, id 7248, offset 0, flags [DF], proto UDP (17), length 30)"
1779594297.375664,,,UDP,1500,"1779594297.375664 IP (tos 0x0, ttl 64, id 38599, offset 0, flags [+], proto UDP (17), length 1500)"
1779594297.376502,,,UDP,30,"1779594297.376502 IP (tos 0x0, ttl 64, id 7249, offset 0, flags [DF], proto UDP (17), length 30)"
1779594297.376921,,,UDP,30,"1779594297.376921 IP (tos 0x0, ttl 64, id 7250, offset 0, flags [DF], proto UDP (17), length 30)"
1779594297.377141,,,UDP,1500,"1779594297.377141 IP (tos 0x0, ttl 64, id 38600, offset 0, flags [+], proto UDP (17), length 1500)"
1779594297.377585,,,UDP,1500,"1779594297.377585 IP (tos 0x0, ttl 64, id 38601, offset 0, flags [+], proto UDP (17), length 1500)"
1779594297.383867,,,UDP,30,"1779594297.383867 IP (tos 0x0, ttl 64, id 7252, offset 0, flags [DF], proto UDP (17), length 30)"
1779594297.384098,,,UDP,30,"1779594297.384098 IP (tos 0x0, ttl 64, id 7253, offset 0, flags [DF], proto UDP (17), length 30)"
1779594297.384418,,,UDP,1500,"1779594297.384418 IP (tos 0x0, ttl 64, id 38602, offset 0, flags [+], proto UDP (17), length 1500)"
1779594297.384422,,,UDP,30,"1779594297.384422 IP (tos 0x0, ttl 64, id 7254, offset 0, flags [DF], proto UDP (17), length 30)"
1779594297.384824,,,UDP,30,"1779594297.384824 IP (tos 0x0, ttl 64, id 7255, offset 0, flags [DF], proto UDP (17), length 30)"
1779594297.384906,,,UDP,1500,"1779594297.384906 IP (tos 0x0, ttl 64, id 38603, offset 0, flags [+], proto UDP (17), length 1500)"
1779594297.385336,,,UDP,30,"1779594297.385336 IP (tos 0x0, ttl 64, id 7256, offset 0, flags [DF], proto UDP (17), length 30)"
1779594297.385349,,,UDP,1500,"1779594297.385349 IP (tos 0x0, ttl 64, id 38604, offset 0, flags [+], proto UDP (17), length 1500)"
1779594297.385778,,,UDP,1500,"1779594297.385778 IP (tos 0x0, ttl 64, id 38605, offset 0, flags [+], proto UDP (17), length 1500)"
1779594297.386066,,,UDP,30,"1779594297.386066 IP (tos 0x0, ttl 64, id 7257, offset 0, flags [DF], proto UDP (17), length 30)"
1779594297.386201,,,UDP,1500,"1779594297.386201 IP (tos 0x0, ttl 64, id 38606, offset 0, flags [+], proto UDP (17), length 1500)"
1779594297.386626,,,UDP,1500,"1779594297.386626 IP (tos 0x0, ttl 64, id 38607, offset 0, flags [+], proto UDP (17), length 1500)"
1779594297.387657,,,UDP,30,"1779594297.387657 IP (tos 0x0, ttl 64, id 7258, offset 0, flags [DF], proto UDP (17), length 30)"
1779594297.387889,,,UDP,30,"1779594297.387889 IP (tos 0x0, ttl 64, id 7259, offset 0, flags [DF], proto UDP (17), length 30)"
1779594297.388086,,,UDP,1500,"1779594297.388086 IP (tos 0x0, ttl 64, id 38608, offset 0, flags [+], proto UDP (17), length 1500)"
1779594297.388471,,,UDP,1500,"1779594297.388471 IP (tos 0x0, ttl 64, id 38609, offset 0, flags [+], proto UDP (17), length 1500)"
1779594297.395018,,,UDP,30,"1779594297.395018 IP (tos 0x0, ttl 64, id 7260, offset 0, flags [DF], proto UDP (17), length 30)"
1779594297.395321,,,UDP,30,"1779594297.395321 IP (tos 0x0, ttl 64, id 7261, offset 0, flags [DF], proto UDP (17), length 30)"
1779594297.395702,,,UDP,30,"1779594297.395702 IP (tos 0x0, ttl 64, id 7262, offset 0, flags [DF], proto UDP (17), length 30)"
1779594297.396037,,,UDP,1500,"1779594297.396037 IP (tos 0x0, ttl 64, id 38611, offset 0, flags [+], proto UDP (17), length 1500)"
1779594297.396122,,,UDP,30,"1779594297.396122 IP (tos 0x0, ttl 64, id 7263, offset 0, flags [DF], proto UDP (17), length 30)"
1779594297.396562,,,UDP,30,"1779594297.396562 IP (tos 0x0, ttl 64, id 7264, offset 0, flags [DF], proto UDP (17), length 30)"
1779594297.396603,,,UDP,1500,"1779594297.396603 IP (tos 0x0, ttl 64, id 38612, offset 0, flags [+], proto UDP (17), length 1500)"
1779594297.396923,,,UDP,30,"1779594297.396923 IP (tos 0x0, ttl 64, id 7265, offset 0, flags [DF], proto UDP (17), length 30)"
1779594297.397058,,,UDP,1500,"1779594297.397058 IP (tos 0x0, ttl 64, id 38613, offset 0, flags [+], proto UDP (17), length 1500)"
1779594297.397515,,,UDP,1500,"1779594297.397515 IP (tos 0x0, ttl 64, id 38614, offset 0, flags [+], proto UDP (17), length 1500)"
1779594297.397932,,,UDP,1500,"1779594297.397932 IP (tos 0x0, ttl 64, id 38615, offset 0, flags [+], proto UDP (17), length 1500)"
1779594297.398319,,,UDP,1500,"1779594297.398319 IP (tos 0x0, ttl 64, id 38616, offset 0, flags [+], proto UDP (17), length 1500)"
1779594297.398380,,,UDP,30,"1779594297.398380 IP (tos 0x0, ttl 64, id 7266, offset 0, flags [DF], proto UDP (17), length 30)"
1779594297.398778,,,UDP,30,"1779594297.398778 IP (tos 0x0, ttl 64, id 7267, offset 0, flags [DF], proto UDP (17), length 30)"
1779594297.398882,,,UDP,1500,"1779594297.398882 IP (tos 0x0, ttl 64, id 38617, offset 0, flags [+], proto UDP (17), length 1500)"
1779594297.399301,,,UDP,1500,"1779594297.399301 IP (tos 0x0, ttl 64, id 38618, offset 0, flags [+], proto UDP (17), length 1500)"
1779594297.406646,,,UDP,30,"1779594297.406646 IP (tos 0x0, ttl 64, id 7268, offset 0, flags [DF], proto UDP (17), length 30)"
1779594297.407086,,,UDP,30,"1779594297.407086 IP (tos 0x0, ttl 64, id 7269, offset 0, flags [DF], proto UDP (17), length 30)"
1779594297.407340,,,UDP,1500,"1779594297.407340 IP (tos 0x0, ttl 64, id 38620, offset 0, flags [+], proto UDP (17), length 1500)"
1779594297.407471,,,UDP,30,"1779594297.407471 IP (tos 0x0, ttl 64, id 7270, offset 0, flags [DF], proto UDP (17), length 30)"
1779594297.408004,,,UDP,30,"1779594297.408004 IP (tos 0x0, ttl 64, id 7271, offset 0, flags [DF], proto UDP (17), length 30)"
1779594297.408220,,,UDP,30,"1779594297.408220 IP (tos 0x0, ttl 64, id 7272, offset 0, flags [DF], proto UDP (17), length 30)"
1779594297.408303,,,UDP,1500,"1779594297.408303 IP (tos 0x0, ttl 64, id 38621, offset 0, flags [+], proto UDP (17), length 1500)"
1779594297.408734,,,UDP,30,"1779594297.408734 IP (tos 0x0, ttl 64, id 7273, offset 0, flags [DF], proto UDP (17), length 30)"
1779594297.409016,,,UDP,1500,"1779594297.409016 IP (tos 0x0, ttl 64, id 38622, offset 0, flags [+], proto UDP (17), length 1500)"
1779594297.409202,,,UDP,30,"1779594297.409202 IP (tos 0x0, ttl 64, id 7274, offset 0, flags [DF], proto UDP (17), length 30)"
1779594297.409551,,,UDP,1500,"1779594297.409551 IP (tos 0x0, ttl 64, id 38623, offset 0, flags [+], proto UDP (17), length 1500)"
1779594297.409601,,,UDP,30,"1779594297.409601 IP (tos 0x0, ttl 64, id 7275, offset 0, flags [DF], proto UDP (17), length 30)"
1779594297.410125,,,UDP,1500,"1779594297.410125 IP (tos 0x0, ttl 64, id 38624, offset 0, flags [+], proto UDP (17), length 1500)"
1779594297.410603,,,UDP,1500,"1779594297.410603 IP (tos 0x0, ttl 64, id 38625, offset 0, flags [+], proto UDP (17), length 1500)"
1779594297.411005,,,UDP,1500,"1779594297.411005 IP (tos 0x0, ttl 64, id 38626, offset 0, flags [+], proto UDP (17), length 1500)"
1779594297.411442,,,UDP,1500,"1779594297.411442 IP (tos 0x0, ttl 64, id 38627, offset 0, flags [+], proto UDP (17), length 1500)"
1779594297.418315,,,UDP,30,"1779594297.418315 IP (tos 0x0, ttl 64, id 7276, offset 0, flags [DF], proto UDP (17), length 30)"
1779594297.418774,,,UDP,1500,"1779594297.418774 IP (tos 0x0, ttl 64, id 38629, offset 0, flags [+], proto UDP (17), length 1500)"
1779594297.418936,,,UDP,30,"1779594297.418936 IP (tos 0x0, ttl 64, id 7277, offset 0, flags [DF], proto UDP (17), length 30)"
1779594297.419389,,,UDP,1500,"1779594297.419389 IP (tos 0x0, ttl 64, id 38630, offset 0, flags [+], proto UDP (17), length 1500)"
1779594297.419451,,,UDP,30,"1779594297.419451 IP (tos 0x0, ttl 64, id 7278, offset 0, flags [DF], proto UDP (17), length 30)"
1779594297.419991,,,UDP,1500,"1779594297.419991 IP (tos 0x0, ttl 64, id 38631, offset 0, flags [+], proto UDP (17), length 1500)"
1779594297.420041,,,UDP,30,"1779594297.420041 IP (tos 0x0, ttl 64, id 7279, offset 0, flags [DF], proto UDP (17), length 30)"
1779594297.420464,,,UDP,30,"1779594297.420464 IP (tos 0x0, ttl 64, id 7280, offset 0, flags [DF], proto UDP (17), length 30)"
1779594297.420543,,,UDP,1500,"1779594297.420543 IP (tos 0x0, ttl 64, id 38632, offset 0, flags [+], proto UDP (17), length 1500)"
1779594297.420943,,,UDP,30,"1779594297.420943 IP (tos 0x0, ttl 64, id 7281, offset 0, flags [DF], proto UDP (17), length 30)"
1779594297.420981,,,UDP,1500,"1779594297.420981 IP (tos 0x0, ttl 64, id 38633, offset 0, flags [+], proto UDP (17), length 1500)"
1779594297.421370,,,UDP,30,"1779594297.421370 IP (tos 0x0, ttl 64, id 7282, offset 0, flags [DF], proto UDP (17), length 30)"
1779594297.421427,,,UDP,1500,"1779594297.421427 IP (tos 0x0, ttl 64, id 38634, offset 0, flags [+], proto UDP (17), length 1500)"
1779594297.421718,,,UDP,30,"1779594297.421718 IP (tos 0x0, ttl 64, id 7283, offset 0, flags [DF], proto UDP (17), length 30)"
1779594297.421811,,,UDP,1500,"1779594297.421811 IP (tos 0x0, ttl 64, id 38635, offset 0, flags [+], proto UDP (17), length 1500)"
1779594297.422261,,,UDP,1500,"1779594297.422261 IP (tos 0x0, ttl 64, id 38636, offset 0, flags [+], proto UDP (17), length 1500)"
1779594297.429126,,,UDP,30,"1779594297.429126 IP (tos 0x0, ttl 64, id 7285, offset 0, flags [DF], proto UDP (17), length 30)"
1779594297.429759,,,UDP,30,"1779594297.429759 IP (tos 0x0, ttl 64, id 7286, offset 0, flags [DF], proto UDP (17), length 30)"
1779594297.429875,,,UDP,1500,"1779594297.429875 IP (tos 0x0, ttl 64, id 38638, offset 0, flags [+], proto UDP (17), length 1500)"
1779594297.430334,,,UDP,1500,"1779594297.430334 IP (tos 0x0, ttl 64, id 38639, offset 0, flags [+], proto UDP (17), length 1500)"
1779594297.430359,,,UDP,30,"1779594297.430359 IP (tos 0x0, ttl 64, id 7287, offset 0, flags [DF], proto UDP (17), length 30)"
1779594297.430806,,,UDP,1500,"1779594297.430806 IP (tos 0x0, ttl 64, id 38640, offset 0, flags [+], proto UDP (17), length 1500)"
1779594297.430898,,,UDP,30,"1779594297.430898 IP (tos 0x0, ttl 64, id 7288, offset 0, flags [DF], proto UDP (17), length 30)"
1779594297.431311,,,UDP,30,"1779594297.431311 IP (tos 0x0, ttl 64, id 7289, offset 0, flags [DF], proto UDP (17), length 30)"
1779594297.431410,,,UDP,1500,"1779594297.431410 IP (tos 0x0, ttl 64, id 38641, offset 0, flags [+], proto UDP (17), length 1500)"
1779594297.431717,,,UDP,30,"1779594297.431717 IP (tos 0x0, ttl 64, id 7290, offset 0, flags [DF], proto UDP (17), length 30)"
1779594297.431832,,,UDP,1500,"1779594297.431832 IP (tos 0x0, ttl 64, id 38642, offset 0, flags [+], proto UDP (17), length 1500)"
1779594297.432105,,,UDP,30,"1779594297.432105 IP (tos 0x0, ttl 64, id 7291, offset 0, flags [DF], proto UDP (17), length 30)"
1779594297.432262,,,UDP,1500,"1779594297.432262 IP (tos 0x0, ttl 64, id 38643, offset 0, flags [+], proto UDP (17), length 1500)"
1779594297.432565,,,UDP,30,"1779594297.432565 IP (tos 0x0, ttl 64, id 7292, offset 0, flags [DF], proto UDP (17), length 30)"
1779594297.432654,,,UDP,1500,"1779594297.432654 IP (tos 0x0, ttl 64, id 38644, offset 0, flags [+], proto UDP (17), length 1500)"
1779594297.433107,,,UDP,1500,"1779594297.433107 IP (tos 0x0, ttl 64, id 38645, offset 0, flags [+], proto UDP (17), length 1500)"
1779594297.440326,,,UDP,30,"1779594297.440326 IP (tos 0x0, ttl 64, id 7294, offset 0, flags [DF], proto UDP (17), length 30)"
1779594297.440672,,,UDP,30,"1779594297.440672 IP (tos 0x0, ttl 64, id 7295, offset 0, flags [DF], proto UDP (17), length 30)"
1779594297.440743,,,UDP,1500,"1779594297.440743 IP (tos 0x0, ttl 64, id 38646, offset 0, flags [+], proto UDP (17), length 1500)"
1779594297.441141,,,UDP,1500,"1779594297.441141 IP (tos 0x0, ttl 64, id 38647, offset 0, flags [+], proto UDP (17), length 1500)"
1779594297.441189,,,UDP,30,"1779594297.441189 IP (tos 0x0, ttl 64, id 7296, offset 0, flags [DF], proto UDP (17), length 30)"
1779594297.441672,,,UDP,1500,"1779594297.441672 IP (tos 0x0, ttl 64, id 38648, offset 0, flags [+], proto UDP (17), length 1500)"
1779594297.441737,,,UDP,30,"1779594297.441737 IP (tos 0x0, ttl 64, id 7297, offset 0, flags [DF], proto UDP (17), length 30)"
1779594297.442152,,,UDP,30,"1779594297.442152 IP (tos 0x0, ttl 64, id 7298, offset 0, flags [DF], proto UDP (17), length 30)"
1779594297.442528,,,UDP,1500,"1779594297.442528 IP (tos 0x0, ttl 64, id 38649, offset 0, flags [+], proto UDP (17), length 1500)"
1779594297.442577,,,UDP,30,"1779594297.442577 IP (tos 0x0, ttl 64, id 7299, offset 0, flags [DF], proto UDP (17), length 30)"
1779594297.442968,,,UDP,30,"1779594297.442968 IP (tos 0x0, ttl 64, id 7300, offset 0, flags [DF], proto UDP (17), length 30)"
1779594297.443253,,,UDP,1500,"1779594297.443253 IP (tos 0x0, ttl 64, id 38650, offset 0, flags [+], proto UDP (17), length 1500)"
1779594297.443390,,,UDP,30,"1779594297.443390 IP (tos 0x0, ttl 64, id 7301, offset 0, flags [DF], proto UDP (17), length 30)"
1779594297.443905,,,UDP,1500,"1779594297.443905 IP (tos 0x0, ttl 64, id 38651, offset 0, flags [+], proto UDP (17), length 1500)"
1779594297.444388,,,UDP,1500,"1779594297.444388 IP (tos 0x0, ttl 64, id 38652, offset 0, flags [+], proto UDP (17), length 1500)"
1779594297.444857,,,UDP,1500,"1779594297.444857 IP (tos 0x0, ttl 64, id 38653, offset 0, flags [+], proto UDP (17), length 1500)"
1779594297.451197,,,UDP,30,"1779594297.451197 IP (tos 0x0, ttl 64, id 7303, offset 0, flags [DF], proto UDP (17), length 30)"
1779594297.451484,,,UDP,30,"1779594297.451484 IP (tos 0x0, ttl 64, id 7304, offset 0, flags [DF], proto UDP (17), length 30)"
1779594297.451764,,,UDP,1500,"1779594297.451764 IP (tos 0x0, ttl 64, id 38654, offset 0, flags [+], proto UDP (17), length 1500)"
1779594297.452232,,,UDP,30,"1779594297.452232 IP (tos 0x0, ttl 64, id 7305, offset 0, flags [DF], proto UDP (17), length 30)"
1779594297.452336,,,UDP,1500,"1779594297.452336 IP (tos 0x0, ttl 64, id 38655, offset 0, flags [+], proto UDP (17), length 1500)"
1779594297.452795,,,UDP,1500,"1779594297.452795 IP (tos 0x0, ttl 64, id 38656, offset 0, flags [+], proto UDP (17), length 1500)"
1779594297.453071,,,UDP,30,"1779594297.453071 IP (tos 0x0, ttl 64, id 7306, offset 0, flags [DF], proto UDP (17), length 30)"
1779594297.453512,,,UDP,1500,"1779594297.453512 IP (tos 0x0, ttl 64, id 38657, offset 0, flags [+], proto UDP (17), length 1500)"
1779594297.453777,,,UDP,30,"1779594297.453777 IP (tos 0x0, ttl 64, id 7307, offset 0, flags [DF], proto UDP (17), length 30)"
1779594297.454208,,,UDP,1500,"1779594297.454208 IP (tos 0x0, ttl 64, id 38658, offset 0, flags [+], proto UDP (17), length 1500)"
1779594297.454287,,,UDP,30,"1779594297.454287 IP (tos 0x0, ttl 64, id 7308, offset 0, flags [DF], proto UDP (17), length 30)"
1779594297.454672,,,UDP,1500,"1779594297.454672 IP (tos 0x0, ttl 64, id 38659, offset 0, flags [+], proto UDP (17), length 1500)"
1779594297.454736,,,UDP,30,"1779594297.454736 IP (tos 0x0, ttl 64, id 7309, offset 0, flags [DF], proto UDP (17), length 30)"
1779594297.455153,,,UDP,1500,"1779594297.455153 IP (tos 0x0, ttl 64, id 38660, offset 0, flags [+], proto UDP (17), length 1500)"
1779594297.455186,,,UDP,30,"1779594297.455186 IP (tos 0x0, ttl 64, id 7310, offset 0, flags [DF], proto UDP (17), length 30)"
1779594297.455571,,,UDP,1500,"1779594297.455571 IP (tos 0x0, ttl 64, id 38661, offset 0, flags [+], proto UDP (17), length 1500)"
1779594297.462324,,,UDP,30,"1779594297.462324 IP (tos 0x0, ttl 64, id 7311, offset 0, flags [DF], proto UDP (17), length 30)"
1779594297.462691,,,UDP,30,"1779594297.462691 IP (tos 0x0, ttl 64, id 7312, offset 0, flags [DF], proto UDP (17), length 30)"
1779594297.463077,,,UDP,1500,"1779594297.463077 IP (tos 0x0, ttl 64, id 38663, offset 0, flags [+], proto UDP (17), length 1500)"
1779594297.463139,,,UDP,30,"1779594297.463139 IP (tos 0x0, ttl 64, id 7313, offset 0, flags [DF], proto UDP (17), length 30)"
1779594297.463506,,,UDP,1500,"1779594297.463506 IP (tos 0x0, ttl 64, id 38664, offset 0, flags [+], proto UDP (17), length 1500)"
1779594297.463810,,,UDP,30,"1779594297.463810 IP (tos 0x0, ttl 64, id 7314, offset 0, flags [DF], proto UDP (17), length 30)"
1779594297.463930,,,UDP,1500,"1779594297.463930 IP (tos 0x0, ttl 64, id 38665, offset 0, flags [+], proto UDP (17), length 1500)"
1779594297.464328,,,UDP,1500,"1779594297.464328 IP (tos 0x0, ttl 64, id 38666, offset 0, flags [+], proto UDP (17), length 1500)"
1779594297.464561,,,UDP,30,"1779594297.464561 IP (tos 0x0, ttl 64, id 7315, offset 0, flags [DF], proto UDP (17), length 30)"
1779594297.465019,,,UDP,1500,"1779594297.465019 IP (tos 0x0, ttl 64, id 38667, offset 0, flags [+], proto UDP (17), length 1500)"
1779594297.465061,,,UDP,30,"1779594297.465061 IP (tos 0x0, ttl 64, id 7316, offset 0, flags [DF], proto UDP (17), length 30)"
1779594297.465461,,,UDP,1500,"1779594297.465461 IP (tos 0x0, ttl 64, id 38668, offset 0, flags [+], proto UDP (17), length 1500)"
1779594297.465493,,,UDP,30,"1779594297.465493 IP (tos 0x0, ttl 64, id 7317, offset 0, flags [DF], proto UDP (17), length 30)"
1779594297.465846,,,UDP,1500,"1779594297.465846 IP (tos 0x0, ttl 64, id 38669, offset 0, flags [+], proto UDP (17), length 1500)"
1779594297.465870,,,UDP,30,"1779594297.465870 IP (tos 0x0, ttl 64, id 7318, offset 0, flags [DF], proto UDP (17), length 30)"
1779594297.466265,,,UDP,1500,"1779594297.466265 IP (tos 0x0, ttl 64, id 38670, offset 0, flags [+], proto UDP (17), length 1500)"
1779594297.473646,,,UDP,30,"1779594297.473646 IP (tos 0x0, ttl 64, id 7320, offset 0, flags [DF], proto UDP (17), length 30)"
1779594297.473865,,,UDP,30,"1779594297.473865 IP (tos 0x0, ttl 64, id 7321, offset 0, flags [DF], proto UDP (17), length 30)"
1779594297.474248,,,UDP,30,"1779594297.474248 IP (tos 0x0, ttl 64, id 7322, offset 0, flags [DF], proto UDP (17), length 30)"
1779594297.474257,,,UDP,1500,"1779594297.474257 IP (tos 0x0, ttl 64, id 38672, offset 0, flags [+], proto UDP (17), length 1500)"
1779594297.474648,,,UDP,30,"1779594297.474648 IP (tos 0x0, ttl 64, id 7323, offset 0, flags [DF], proto UDP (17), length 30)"
1779594297.474910,,,UDP,1500,"1779594297.474910 IP (tos 0x0, ttl 64, id 38673, offset 0, flags [+], proto UDP (17), length 1500)"
1779594297.475396,,,UDP,30,"1779594297.475396 IP (tos 0x0, ttl 64, id 7324, offset 0, flags [DF], proto UDP (17), length 30)"
1779594297.475455,,,UDP,1500,"1779594297.475455 IP (tos 0x0, ttl 64, id 38674, offset 0, flags [+], proto UDP (17), length 1500)"
1779594297.475770,,,UDP,30,"1779594297.475770 IP (tos 0x0, ttl 64, id 7325, offset 0, flags [DF], proto UDP (17), length 30)"
1779594297.476144,,,UDP,30,"1779594297.476144 IP (tos 0x0, ttl 64, id 7326, offset 0, flags [DF], proto UDP (17), length 30)"
1779594297.476161,,,UDP,1500,"1779594297.476161 IP (tos 0x0, ttl 64, id 38675, offset 0, flags [+], proto UDP (17), length 1500)"
1779594297.476618,,,UDP,30,"1779594297.476618 IP (tos 0x0, ttl 64, id 7327, offset 0, flags [DF], proto UDP (17), length 30)"
1779594297.476850,,,UDP,1500,"1779594297.476850 IP (tos 0x0, ttl 64, id 38676, offset 0, flags [+], proto UDP (17), length 1500)"
1779594297.477654,,,UDP,1500,"1779594297.477654 IP (tos 0x0, ttl 64, id 38677, offset 0, flags [+], proto UDP (17), length 1500)"
1779594297.478326,,,UDP,1500,"1779594297.478326 IP (tos 0x0, ttl 64, id 38678, offset 0, flags [+], proto UDP (17), length 1500)"
1779594297.479033,,,UDP,1500,"1779594297.479033 IP (tos 0x0, ttl 64, id 38679, offset 0, flags [+], proto UDP (17), length 1500)"
1779594297.484910,,,UDP,30,"1779594297.484910 IP (tos 0x0, ttl 64, id 7328, offset 0, flags [DF], proto UDP (17), length 30)"
1779594297.485376,,,UDP,30,"1779594297.485376 IP (tos 0x0, ttl 64, id 7329, offset 0, flags [DF], proto UDP (17), length 30)"
1779594297.485941,,,UDP,30,"1779594297.485941 IP (tos 0x0, ttl 64, id 7330, offset 0, flags [DF], proto UDP (17), length 30)"
1779594297.486040,,,UDP,1500,"1779594297.486040 IP (tos 0x0, ttl 64, id 38681, offset 0, flags [+], proto UDP (17), length 1500)"
1779594297.486592,,,UDP,1500,"1779594297.486592 IP (tos 0x0, ttl 64, id 38682, offset 0, flags [+], proto UDP (17), length 1500)"
1779594297.486699,,,UDP,30,"1779594297.486699 IP (tos 0x0, ttl 64, id 7331, offset 0, flags [DF], proto UDP (17), length 30)"
1779594297.487137,,,UDP,1500,"1779594297.487137 IP (tos 0x0, ttl 64, id 38683, offset 0, flags [+], proto UDP (17), length 1500)"
1779594297.487422,,,UDP,31,"1779594297.487422 IP (tos 0x0, ttl 64, id 7332, offset 0, flags [DF], proto UDP (17), length 31)"
1779594297.487633,,,UDP,1500,"1779594297.487633 IP (tos 0x0, ttl 64, id 38684, offset 0, flags [+], proto UDP (17), length 1500)"
1779594297.488090,,,UDP,1500,"1779594297.488090 IP (tos 0x0, ttl 64, id 38685, offset 0, flags [+], proto UDP (17), length 1500)"
1779594297.488145,,,UDP,31,"1779594297.488145 IP (tos 0x0, ttl 64, id 7333, offset 0, flags [DF], proto UDP (17), length 31)"
1779594297.488644,,,UDP,1500,"1779594297.488644 IP (tos 0x0, ttl 64, id 38686, offset 0, flags [+], proto UDP (17), length 1500)"
1779594297.488708,,,UDP,31,"1779594297.488708 IP (tos 0x0, ttl 64, id 7334, offset 0, flags [DF], proto UDP (17), length 31)"
1779594297.489177,,,UDP,1500,"1779594297.489177 IP (tos 0x0, ttl 64, id 38687, offset 0, flags [+], proto UDP (17), length 1500)"
1779594297.489490,,,UDP,31,"1779594297.489490 IP (tos 0x0, ttl 64, id 7335, offset 0, flags [DF], proto UDP (17), length 31)"
1779594297.490038,,,UDP,1500,"1779594297.490038 IP (tos 0x0, ttl 64, id 38688, offset 0, flags [+], proto UDP (17), length 1500)"
1779594297.496595,,,UDP,31,"1779594297.496595 IP (tos 0x0, ttl 64, id 7337, offset 0, flags [DF], proto UDP (17), length 31)"
1779594297.497094,,,UDP,31,"1779594297.497094 IP (tos 0x0, ttl 64, id 7338, offset 0, flags [DF], proto UDP (17), length 31)"
1779594297.497410,,,UDP,1500,"1779594297.497410 IP (tos 0x0, ttl 64, id 38690, offset 0, flags [+], proto UDP (17), length 1500)"
1779594297.497528,,,UDP,31,"1779594297.497528 IP (tos 0x0, ttl 64, id 7339, offset 0, flags [DF], proto UDP (17), length 31)"
1779594297.497982,,,UDP,1500,"1779594297.497982 IP (tos 0x0, ttl 64, id 38691, offset 0, flags [+], proto UDP (17), length 1500)"
1779594297.498034,,,UDP,31,"1779594297.498034 IP (tos 0x0, ttl 64, id 7340, offset 0, flags [DF], proto UDP (17), length 31)"
1779594297.498454,,,UDP,1500,"1779594297.498454 IP (tos 0x0, ttl 64, id 38692, offset 0, flags [+], proto UDP (17), length 1500)"
1779594297.498504,,,UDP,31,"1779594297.498504 IP (tos 0x0, ttl 64, id 7341, offset 0, flags [DF], proto UDP (17), length 31)"
1779594297.498878,,,UDP,1500,"1779594297.498878 IP (tos 0x0, ttl 64, id 38693, offset 0, flags [+], proto UDP (17), length 1500)"
1779594297.499139,,,UDP,31,"1779594297.499139 IP (tos 0x0, ttl 64, id 7342, offset 0, flags [DF], proto UDP (17), length 31)"
1779594297.499283,,,UDP,1500,"1779594297.499283 IP (tos 0x0, ttl 64, id 38694, offset 0, flags [+], proto UDP (17), length 1500)"
1779594297.499559,,,UDP,31,"1779594297.499559 IP (tos 0x0, ttl 64, id 7343, offset 0, flags [DF], proto UDP (17), length 31)"
1779594297.499668,,,UDP,1500,"1779594297.499668 IP (tos 0x0, ttl 64, id 38695, offset 0, flags [+], proto UDP (17), length 1500)"
1779594297.500036,,,UDP,1500,"1779594297.500036 IP (tos 0x0, ttl 64, id 38696, offset 0, flags [+], proto UDP (17), length 1500)"
1779594297.500389,,,UDP,31,"1779594297.500389 IP (tos 0x0, ttl 64, id 7344, offset 0, flags [DF], proto UDP (17), length 31)"
1779594297.500868,,,UDP,1500,"1779594297.500868 IP (tos 0x0, ttl 64, id 38697, offset 0, flags [+], proto UDP (17), length 1500)"
1779594297.508011,,,UDP,31,"1779594297.508011 IP (tos 0x0, ttl 64, id 7346, offset 0, flags [DF], proto UDP (17), length 31)"
1779594297.508480,,,UDP,31,"1779594297.508480 IP (tos 0x0, ttl 64, id 7347, offset 0, flags [DF], proto UDP (17), length 31)"
1779594297.508716,,,UDP,1500,"1779594297.508716 IP (tos 0x0, ttl 64, id 38698, offset 0, flags [+], proto UDP (17), length 1500)"
1779594297.508795,,,UDP,31,"1779594297.508795 IP (tos 0x0, ttl 64, id 7348, offset 0, flags [DF], proto UDP (17), length 31)"
1779594297.509196,,,UDP,31,"1779594297.509196 IP (tos 0x0, ttl 64, id 7349, offset 0, flags [DF], proto UDP (17), length 31)"
1779594297.509259,,,UDP,1500,"1779594297.509259 IP (tos 0x0, ttl 64, id 38699, offset 0, flags [+], proto UDP (17), length 1500)"
1779594297.509622,,,UDP,31,"1779594297.509622 IP (tos 0x0, ttl 64, id 7350, offset 0, flags [DF], proto UDP (17), length 31)"
1779594297.509719,,,UDP,1500,"1779594297.509719 IP (tos 0x0, ttl 64, id 38700, offset 0, flags [+], proto UDP (17), length 1500)"
1779594297.509967,,,UDP,31,"1779594297.509967 IP (tos 0x0, ttl 64, id 7351, offset 0, flags [DF], proto UDP (17), length 31)"
1779594297.510341,,,UDP,31,"1779594297.510341 IP (tos 0x0, ttl 64, id 7352, offset 0, flags [DF], proto UDP (17), length 31)"
1779594297.510420,,,UDP,1500,"1779594297.510420 IP (tos 0x0, ttl 64, id 38701, offset 0, flags [+], proto UDP (17), length 1500)"
1779594297.510900,,,UDP,1500,"1779594297.510900 IP (tos 0x0, ttl 64, id 38702, offset 0, flags [+], proto UDP (17), length 1500)"
1779594297.511170,,,UDP,31,"1779594297.511170 IP (tos 0x0, ttl 64, id 7353, offset 0, flags [DF], proto UDP (17), length 31)"
1779594297.511375,,,UDP,1500,"1779594297.511375 IP (tos 0x0, ttl 64, id 38703, offset 0, flags [+], proto UDP (17), length 1500)"
1779594297.511782,,,UDP,1500,"1779594297.511782 IP (tos 0x0, ttl 64, id 38704, offset 0, flags [+], proto UDP (17), length 1500)"
1779594297.512135,,,UDP,1500,"1779594297.512135 IP (tos 0x0, ttl 64, id 38705, offset 0, flags [+], proto UDP (17), length 1500)"
1779594297.519302,,,UDP,31,"1779594297.519302 IP (tos 0x0, ttl 64, id 7354, offset 0, flags [DF], proto UDP (17), length 31)"
1779594297.519604,,,UDP,31,"1779594297.519604 IP (tos 0x0, ttl 64, id 7355, offset 0, flags [DF], proto UDP (17), length 31)"
1779594297.519969,,,UDP,1500,"1779594297.519969 IP (tos 0x0, ttl 64, id 38706, offset 0, flags [+], proto UDP (17), length 1500)"
1779594297.520201,,,UDP,31,"1779594297.520201 IP (tos 0x0, ttl 64, id 7356, offset 0, flags [DF], proto UDP (17), length 31)"
1779594297.520458,,,UDP,1500,"1779594297.520458 IP (tos 0x0, ttl 64, id 38707, offset 0, flags [+], proto UDP (17), length 1500)"
1779594297.520779,,,UDP,31,"1779594297.520779 IP (tos 0x0, ttl 64, id 7357, offset 0, flags [DF], proto UDP (17), length 31)"
1779594297.520920,,,UDP,1500,"1779594297.520920 IP (tos 0x0, ttl 64, id 38708, offset 0, flags [+], proto UDP (17), length 1500)"
1779594297.521242,,,UDP,31,"1779594297.521242 IP (tos 0x0, ttl 64, id 7358, offset 0, flags [DF], proto UDP (17), length 31)"
1779594297.521387,,,UDP,1500,"1779594297.521387 IP (tos 0x0, ttl 64, id 38709, offset 0, flags [+], proto UDP (17), length 1500)"
1779594297.521682,,,UDP,31,"1779594297.521682 IP (tos 0x0, ttl 64, id 7359, offset 0, flags [DF], proto UDP (17), length 31)"
1779594297.521846,,,UDP,1500,"1779594297.521846 IP (tos 0x0, ttl 64, id 38710, offset 0, flags [+], proto UDP (17), length 1500)"
1779594297.522160,,,UDP,31,"1779594297.522160 IP (tos 0x0, ttl 64, id 7360, offset 0, flags [DF], proto UDP (17), length 31)"
1779594297.522340,,,UDP,1500,"1779594297.522340 IP (tos 0x0, ttl 64, id 38711, offset 0, flags [+], proto UDP (17), length 1500)"
1779594297.522484,,,UDP,31,"1779594297.522484 IP (tos 0x0, ttl 64, id 7361, offset 0, flags [DF], proto UDP (17), length 31)"
1779594297.522765,,,UDP,1500,"1779594297.522765 IP (tos 0x0, ttl 64, id 38712, offset 0, flags [+], proto UDP (17), length 1500)"
1779594297.523185,,,UDP,1500,"1779594297.523185 IP (tos 0x0, ttl 64, id 38713, offset 0, flags [+], proto UDP (17), length 1500)"
1779594297.530556,,,UDP,31,"1779594297.530556 IP (tos 0x0, ttl 64, id 7362, offset 0, flags [DF], proto UDP (17), length 31)"
1779594297.530880,,,UDP,31,"1779594297.530880 IP (tos 0x0, ttl 64, id 7363, offset 0, flags [DF], proto UDP (17), length 31)"
1779594297.531049,,,UDP,1500,"1779594297.531049 IP (tos 0x0, ttl 64, id 38714, offset 0, flags [+], proto UDP (17), length 1500)"
1779594297.531422,,,UDP,31,"1779594297.531422 IP (tos 0x0, ttl 64, id 7364, offset 0, flags [DF], proto UDP (17), length 31)"
1779594297.531557,,,UDP,1500,"1779594297.531557 IP (tos 0x0, ttl 64, id 38715, offset 0, flags [+], proto UDP (17), length 1500)"
1779594297.531778,,,UDP,31,"1779594297.531778 IP (tos 0x0, ttl 64, id 7365, offset 0, flags [DF], proto UDP (17), length 31)"
1779594297.532199,,,UDP,1500,"1779594297.532199 IP (tos 0x0, ttl 64, id 38716, offset 0, flags [+], proto UDP (17), length 1500)"
1779594297.532230,,,UDP,31,"1779594297.532230 IP (tos 0x0, ttl 64, id 7366, offset 0, flags [DF], proto UDP (17), length 31)"
1779594297.532693,,,UDP,1500,"1779594297.532693 IP (tos 0x0, ttl 64, id 38717, offset 0, flags [+], proto UDP (17), length 1500)"
1779594297.532702,,,UDP,31,"1779594297.532702 IP (tos 0x0, ttl 64, id 7367, offset 0, flags [DF], proto UDP (17), length 31)"
1779594297.533087,,,UDP,31,"1779594297.533087 IP (tos 0x0, ttl 64, id 7368, offset 0, flags [DF], proto UDP (17), length 31)"
1779594297.533355,,,UDP,1500,"1779594297.533355 IP (tos 0x0, ttl 64, id 38718, offset 0, flags [+], proto UDP (17), length 1500)"
1779594297.533470,,,UDP,31,"1779594297.533470 IP (tos 0x0, ttl 64, id 7369, offset 0, flags [DF], proto UDP (17), length 31)"
1779594297.533791,,,UDP,1500,"1779594297.533791 IP (tos 0x0, ttl 64, id 38719, offset 0, flags [+], proto UDP (17), length 1500)"
1779594297.534259,,,UDP,1500,"1779594297.534259 IP (tos 0x0, ttl 64, id 38720, offset 0, flags [+], proto UDP (17), length 1500)"
1779594297.534725,,,UDP,1500,"1779594297.534725 IP (tos 0x0, ttl 64, id 38721, offset 0, flags [+], proto UDP (17), length 1500)"
1779594297.541525,,,UDP,31,"1779594297.541525 IP (tos 0x0, ttl 64, id 7371, offset 0, flags [DF], proto UDP (17), length 31)"
1779594297.542051,,,UDP,31,"1779594297.542051 IP (tos 0x0, ttl 64, id 7372, offset 0, flags [DF], proto UDP (17), length 31)"
1779594297.542332,,,UDP,1500,"1779594297.542332 IP (tos 0x0, ttl 64, id 38722, offset 0, flags [+], proto UDP (17), length 1500)"
1779594297.542559,,,UDP,31,"1779594297.542559 IP (tos 0x0, ttl 64, id 7373, offset 0, flags [DF], proto UDP (17), length 31)"
1779594297.542830,,,UDP,1500,"1779594297.542830 IP (tos 0x0, ttl 64, id 38723, offset 0, flags [+], proto UDP (17), length 1500)"
1779594297.543408,,,UDP,31,"1779594297.543408 IP (tos 0x0, ttl 64, id 7374, offset 0, flags [DF], proto UDP (17), length 31)"
1779594297.543520,,,UDP,1500,"1779594297.543520 IP (tos 0x0, ttl 64, id 38724, offset 0, flags [+], proto UDP (17), length 1500)"
1779594297.543674,,,UDP,31,"1779594297.543674 IP (tos 0x0, ttl 64, id 7375, offset 0, flags [DF], proto UDP (17), length 31)"
1779594297.544061,,,UDP,1500,"1779594297.544061 IP (tos 0x0, ttl 64, id 38725, offset 0, flags [+], proto UDP (17), length 1500)"
1779594297.544169,,,UDP,31,"1779594297.544169 IP (tos 0x0, ttl 64, id 7376, offset 0, flags [DF], proto UDP (17), length 31)"
1779594297.544554,,,UDP,1500,"1779594297.544554 IP (tos 0x0, ttl 64, id 38726, offset 0, flags [+], proto UDP (17), length 1500)"
1779594297.544551,,,UDP,31,"1779594297.544551 IP (tos 0x0, ttl 64, id 7377, offset 0, flags [DF], proto UDP (17), length 31)"
1779594297.545039,,,UDP,31,"1779594297.545039 IP (tos 0x0, ttl 64, id 7378, offset 0, flags [DF], proto UDP (17), length 31)"
1779594297.545467,,,UDP,1500,"1779594297.545467 IP (tos 0x0, ttl 64, id 38727, offset 0, flags [+], proto UDP (17), length 1500)"
1779594297.545904,,,UDP,1500,"1779594297.545904 IP (tos 0x0, ttl 64, id 38728, offset 0, flags [+], proto UDP (17), length 1500)"
1779594297.546329,,,UDP,1500,"1779594297.546329 IP (tos 0x0, ttl 64, id 38729, offset 0, flags [+], proto UDP (17), length 1500)"
1779594297.552874,,,UDP,31,"1779594297.552874 IP (tos 0x0, ttl 64, id 7379, offset 0, flags [DF], proto UDP (17), length 31)"
1779594297.553407,,,UDP,31,"1779594297.553407 IP (tos 0x0, ttl 64, id 7380, offset 0, flags [DF], proto UDP (17), length 31)"
1779594297.554281,,,UDP,31,"1779594297.554281 IP (tos 0x0, ttl 64, id 7381, offset 0, flags [DF], proto UDP (17), length 31)"
1779594297.554435,,,UDP,31,"1779594297.554435 IP (tos 0x0, ttl 64, id 7382, offset 0, flags [DF], proto UDP (17), length 31)"
1779594297.554963,,,UDP,31,"1779594297.554963 IP (tos 0x0, ttl 64, id 7383, offset 0, flags [DF], proto UDP (17), length 31)"
1779594297.555819,,,UDP,31,"1779594297.555819 IP (tos 0x0, ttl 64, id 7384, offset 0, flags [DF], proto UDP (17), length 31)"
1779594297.556247,,,UDP,31,"1779594297.556247 IP (tos 0x0, ttl 64, id 7385, offset 0, flags [DF], proto UDP (17), length 31)"
1779594297.556682,,,UDP,31,"1779594297.556682 IP (tos 0x0, ttl 64, id 7386, offset 0, flags [DF], proto UDP (17), length 31)"
1779594297.664137,,,UDP,1500,"1779594297.664137 IP (tos 0x0, ttl 64, id 38737, offset 0, flags [+], proto UDP (17), length 1500)"
1779594297.665580,,,UDP,1500,"1779594297.665580 IP (tos 0x0, ttl 64, id 38738, offset 0, flags [+], proto UDP (17), length 1500)"
1779594297.666714,,,UDP,1500,"1779594297.666714 IP (tos 0x0, ttl 64, id 38739, offset 0, flags [+], proto UDP (17), length 1500)"
1779594297.667905,,,UDP,1500,"1779594297.667905 IP (tos 0x0, ttl 64, id 38740, offset 0, flags [+], proto UDP (17), length 1500)"
1779594297.668983,,,UDP,1500,"1779594297.668983 IP (tos 0x0, ttl 64, id 38741, offset 0, flags [+], proto UDP (17), length 1500)"
1779594297.670018,,,UDP,1500,"1779594297.670018 IP (tos 0x0, ttl 64, id 38742, offset 0, flags [+], proto UDP (17), length 1500)"
1779594297.671109,,,UDP,1500,"1779594297.671109 IP (tos 0x0, ttl 64, id 38743, offset 0, flags [+], proto UDP (17), length 1500)"
1779594297.672094,,,UDP,1500,"1779594297.672094 IP (tos 0x0, ttl 64, id 38744, offset 0, flags [+], proto UDP (17), length 1500)"
1779594297.675614,,,UDP,31,"1779594297.675614 IP (tos 0x0, ttl 64, id 7392, offset 0, flags [DF], proto UDP (17), length 31)"
1779594297.676777,,,UDP,31,"1779594297.676777 IP (tos 0x0, ttl 64, id 7393, offset 0, flags [DF], proto UDP (17), length 31)"
1779594297.676974,,,UDP,1500,"1779594297.676974 IP (tos 0x0, ttl 64, id 38746, offset 0, flags [+], proto UDP (17), length 1500)"
1779594297.677739,,,UDP,31,"1779594297.677739 IP (tos 0x0, ttl 64, id 7394, offset 0, flags [DF], proto UDP (17), length 31)"
1779594297.677914,,,UDP,1500,"1779594297.677914 IP (tos 0x0, ttl 64, id 38747, offset 0, flags [+], proto UDP (17), length 1500)"
1779594297.678725,,,UDP,1500,"1779594297.678725 IP (tos 0x0, ttl 64, id 38748, offset 0, flags [+], proto UDP (17), length 1500)"
1779594297.678946,,,UDP,31,"1779594297.678946 IP (tos 0x0, ttl 64, id 7395, offset 0, flags [DF], proto UDP (17), length 31)"
1779594297.679790,,,UDP,1500,"1779594297.679790 IP (tos 0x0, ttl 64, id 38749, offset 0, flags [+], proto UDP (17), length 1500)"
1779594297.680131,,,UDP,31,"1779594297.680131 IP (tos 0x0, ttl 64, id 7396, offset 0, flags [DF], proto UDP (17), length 31)"
1779594297.681044,,,UDP,31,"1779594297.681044 IP (tos 0x0, ttl 64, id 7397, offset 0, flags [DF], proto UDP (17), length 31)"
1779594297.681100,,,UDP,1500,"1779594297.681100 IP (tos 0x0, ttl 64, id 38750, offset 0, flags [+], proto UDP (17), length 1500)"
1779594297.681891,,,UDP,1500,"1779594297.681891 IP (tos 0x0, ttl 64, id 38751, offset 0, flags [+], proto UDP (17), length 1500)"
1779594297.682225,,,UDP,31,"1779594297.682225 IP (tos 0x0, ttl 64, id 7398, offset 0, flags [DF], proto UDP (17), length 31)"
1779594297.682928,,,UDP,1500,"1779594297.682928 IP (tos 0x0, ttl 64, id 38752, offset 0, flags [+], proto UDP (17), length 1500)"
1779594297.683085,,,UDP,31,"1779594297.683085 IP (tos 0x0, ttl 64, id 7399, offset 0, flags [DF], proto UDP (17), length 31)"
1779594297.683732,,,UDP,1500,"1779594297.683732 IP (tos 0x0, ttl 64, id 38753, offset 0, flags [+], proto UDP (17), length 1500)"
1779594297.688102,,,UDP,31,"1779594297.688102 IP (tos 0x0, ttl 64, id 7400, offset 0, flags [DF], proto UDP (17), length 31)"
1779594297.688937,,,UDP,31,"1779594297.688937 IP (tos 0x0, ttl 64, id 7401, offset 0, flags [DF], proto UDP (17), length 31)"
1779594297.689499,,,UDP,1500,"1779594297.689499 IP (tos 0x0, ttl 64, id 38754, offset 0, flags [+], proto UDP (17), length 1500)"
1779594297.689619,,,UDP,31,"1779594297.689619 IP (tos 0x0, ttl 64, id 7402, offset 0, flags [DF], proto UDP (17), length 31)"
1779594297.690274,,,UDP,1500,"1779594297.690274 IP (tos 0x0, ttl 64, id 38755, offset 0, flags [+], proto UDP (17), length 1500)"
1779594297.690443,,,UDP,31,"1779594297.690443 IP (tos 0x0, ttl 64, id 7403, offset 0, flags [DF], proto UDP (17), length 31)"
1779594297.690898,,,UDP,1500,"1779594297.690898 IP (tos 0x0, ttl 64, id 38756, offset 0, flags [+], proto UDP (17), length 1500)"
1779594297.691505,,,UDP,1500,"1779594297.691505 IP (tos 0x0, ttl 64, id 38757, offset 0, flags [+], proto UDP (17), length 1500)"
1779594297.691813,,,UDP,31,"1779594297.691813 IP (tos 0x0, ttl 64, id 7404, offset 0, flags [DF], proto UDP (17), length 31)"
1779594297.692402,,,UDP,1500,"1779594297.692402 IP (tos 0x0, ttl 64, id 38758, offset 0, flags [+], proto UDP (17), length 1500)"
1779594297.692601,,,UDP,31,"1779594297.692601 IP (tos 0x0, ttl 64, id 7405, offset 0, flags [DF], proto UDP (17), length 31)"
1779594297.693279,,,UDP,1500,"1779594297.693279 IP (tos 0x0, ttl 64, id 38759, offset 0, flags [+], proto UDP (17), length 1500)"
1779594297.693773,,,UDP,31,"1779594297.693773 IP (tos 0x0, ttl 64, id 7406, offset 0, flags [DF], proto UDP (17), length 31)"
1779594297.694295,,,UDP,31,"1779594297.694295 IP (tos 0x0, ttl 64, id 7407, offset 0, flags [DF], proto UDP (17), length 31)"
1779594297.694373,,,UDP,1500,"1779594297.694373 IP (tos 0x0, ttl 64, id 38760, offset 0, flags [+], proto UDP (17), length 1500)"
1779594297.695005,,,UDP,1500,"1779594297.695005 IP (tos 0x0, ttl 64, id 38761, offset 0, flags [+], proto UDP (17), length 1500)"
1779594297.700458,,,UDP,31,"1779594297.700458 IP (tos 0x0, ttl 64, id 7408, offset 0, flags [DF], proto UDP (17), length 31)"
1779594297.700983,,,UDP,31,"1779594297.700983 IP (tos 0x0, ttl 64, id 7409, offset 0, flags [DF], proto UDP (17), length 31)"
1779594297.701478,,,UDP,31,"1779594297.701478 IP (tos 0x0, ttl 64, id 7410, offset 0, flags [DF], proto UDP (17), length 31)"
1779594297.701678,,,UDP,1500,"1779594297.701678 IP (tos 0x0, ttl 64, id 38763, offset 0, flags [+], proto UDP (17), length 1500)"
1779594297.702051,,,UDP,31,"1779594297.702051 IP (tos 0x0, ttl 64, id 7411, offset 0, flags [DF], proto UDP (17), length 31)"
1779594297.702331,,,UDP,1500,"1779594297.702331 IP (tos 0x0, ttl 64, id 38764, offset 0, flags [+], proto UDP (17), length 1500)"
1779594297.702778,,,UDP,1500,"1779594297.702778 IP (tos 0x0, ttl 64, id 38765, offset 0, flags [+], proto UDP (17), length 1500)"
1779594297.703034,,,UDP,31,"1779594297.703034 IP (tos 0x0, ttl 64, id 7412, offset 0, flags [DF], proto UDP (17), length 31)"
1779594297.703306,,,UDP,1500,"1779594297.703306 IP (tos 0x0, ttl 64, id 38766, offset 0, flags [+], proto UDP (17), length 1500)"
1779594297.703949,,,UDP,1500,"1779594297.703949 IP (tos 0x0, ttl 64, id 38767, offset 0, flags [+], proto UDP (17), length 1500)"
1779594297.703987,,,UDP,31,"1779594297.703987 IP (tos 0x0, ttl 64, id 7413, offset 0, flags [DF], proto UDP (17), length 31)"
1779594297.704871,,,UDP,1500,"1779594297.704871 IP (tos 0x0, ttl 64, id 38768, offset 0, flags [+], proto UDP (17), length 1500)"
1779594297.704901,,,UDP,31,"1779594297.704901 IP (tos 0x0, ttl 64, id 7414, offset 0, flags [DF], proto UDP (17), length 31)"
1779594297.705557,,,UDP,1500,"1779594297.705557 IP (tos 0x0, ttl 64, id 38769, offset 0, flags [+], proto UDP (17), length 1500)"
1779594297.705703,,,UDP,31,"1779594297.705703 IP (tos 0x0, ttl 64, id 7415, offset 0, flags [DF], proto UDP (17), length 31)"
1779594297.706314,,,UDP,1500,"1779594297.706314 IP (tos 0x0, ttl 64, id 38770, offset 0, flags [+], proto UDP (17), length 1500)"
1779594297.712452,,,UDP,31,"1779594297.712452 IP (tos 0x0, ttl 64, id 7416, offset 0, flags [DF], proto UDP (17), length 31)"
1779594297.712972,,,UDP,31,"1779594297.712972 IP (tos 0x0, ttl 64, id 7417, offset 0, flags [DF], proto UDP (17), length 31)"
1779594297.713384,,,UDP,31,"1779594297.713384 IP (tos 0x0, ttl 64, id 7418, offset 0, flags [DF], proto UDP (17), length 31)"
1779594297.713968,,,UDP,31,"1779594297.713968 IP (tos 0x0, ttl 64, id 7419, offset 0, flags [DF], proto UDP (17), length 31)"
1779594297.713974,,,UDP,1500,"1779594297.713974 IP (tos 0x0, ttl 64, id 38771, offset 0, flags [+], proto UDP (17), length 1500)"
1779594297.714604,,,UDP,1500,"1779594297.714604 IP (tos 0x0, ttl 64, id 38772, offset 0, flags [+], proto UDP (17), length 1500)"
1779594297.714671,,,UDP,31,"1779594297.714671 IP (tos 0x0, ttl 64, id 7420, offset 0, flags [DF], proto UDP (17), length 31)"
1779594297.715283,,,UDP,1500,"1779594297.715283 IP (tos 0x0, ttl 64, id 38773, offset 0, flags [+], proto UDP (17), length 1500)"
1779594297.715459,,,UDP,31,"1779594297.715459 IP (tos 0x0, ttl 64, id 7421, offset 0, flags [DF], proto UDP (17), length 31)"
1779594297.716023,,,UDP,31,"1779594297.716023 IP (tos 0x0, ttl 64, id 7422, offset 0, flags [DF], proto UDP (17), length 31)"
1779594297.716233,,,UDP,1500,"1779594297.716233 IP (tos 0x0, ttl 64, id 38774, offset 0, flags [+], proto UDP (17), length 1500)"
1779594297.716834,,,UDP,31,"1779594297.716834 IP (tos 0x0, ttl 64, id 7423, offset 0, flags [DF], proto UDP (17), length 31)"
1779594297.716991,,,UDP,1500,"1779594297.716991 IP (tos 0x0, ttl 64, id 38775, offset 0, flags [+], proto UDP (17), length 1500)"
1779594297.717588,,,UDP,1500,"1779594297.717588 IP (tos 0x0, ttl 64, id 38776, offset 0, flags [+], proto UDP (17), length 1500)"
1779594297.718325,,,UDP,1500,"1779594297.718325 IP (tos 0x0, ttl 64, id 38777, offset 0, flags [+], proto UDP (17), length 1500)"
1779594297.719020,,,UDP,1500,"1779594297.719020 IP (tos 0x0, ttl 64, id 38778, offset 0, flags [+], proto UDP (17), length 1500)"
1779594297.724977,,,UDP,31,"1779594297.724977 IP (tos 0x0, ttl 64, id 7425, offset 0, flags [DF], proto UDP (17), length 31)"
1779594297.725397,,,UDP,31,"1779594297.725397 IP (tos 0x0, ttl 64, id 7426, offset 0, flags [DF], proto UDP (17), length 31)"
1779594297.726029,,,UDP,31,"1779594297.726029 IP (tos 0x0, ttl 64, id 7427, offset 0, flags [DF], proto UDP (17), length 31)"
1779594297.726074,,,UDP,1500,"1779594297.726074 IP (tos 0x0, ttl 64, id 38779, offset 0, flags [+], proto UDP (17), length 1500)"
1779594297.726767,,,UDP,1500,"1779594297.726767 IP (tos 0x0, ttl 64, id 38780, offset 0, flags [+], proto UDP (17), length 1500)"
1779594297.726833,,,UDP,31,"1779594297.726833 IP (tos 0x0, ttl 64, id 7428, offset 0, flags [DF], proto UDP (17), length 31)"
1779594297.727296,,,UDP,1500,"1779594297.727296 IP (tos 0x0, ttl 64, id 38781, offset 0, flags [+], proto UDP (17), length 1500)"
1779594297.727452,,,UDP,31,"1779594297.727452 IP (tos 0x0, ttl 64, id 7429, offset 0, flags [DF], proto UDP (17), length 31)"
1779594297.727744,,,UDP,1500,"1779594297.727744 IP (tos 0x0, ttl 64, id 38782, offset 0, flags [+], proto UDP (17), length 1500)"
1779594297.728283,,,UDP,1500,"1779594297.728283 IP (tos 0x0, ttl 64, id 38783, offset 0, flags [+], proto UDP (17), length 1500)"
1779594297.728352,,,UDP,31,"1779594297.728352 IP (tos 0x0, ttl 64, id 7430, offset 0, flags [DF], proto UDP (17), length 31)"
1779594297.728843,,,UDP,31,"1779594297.728843 IP (tos 0x0, ttl 64, id 7431, offset 0, flags [DF], proto UDP (17), length 31)"
1779594297.729163,,,UDP,1500,"1779594297.729163 IP (tos 0x0, ttl 64, id 38784, offset 0, flags [+], proto UDP (17), length 1500)"
1779594297.729433,,,UDP,31,"1779594297.729433 IP (tos 0x0, ttl 64, id 7432, offset 0, flags [DF], proto UDP (17), length 31)"
1779594297.729789,,,UDP,1500,"1779594297.729789 IP (tos 0x0, ttl 64, id 38785, offset 0, flags [+], proto UDP (17), length 1500)"
1779594297.730428,,,UDP,1500,"1779594297.730428 IP (tos 0x0, ttl 64, id 38786, offset 0, flags [+], proto UDP (17), length 1500)"
1779594297.736925,,,UDP,31,"1779594297.736925 IP (tos 0x0, ttl 64, id 7433, offset 0, flags [DF], proto UDP (17), length 31)"
1779594297.737401,,,UDP,31,"1779594297.737401 IP (tos 0x0, ttl 64, id 7434, offset 0, flags [DF], proto UDP (17), length 31)"
1779594297.737904,,,UDP,31,"1779594297.737904 IP (tos 0x0, ttl 64, id 7435, offset 0, flags [DF], proto UDP (17), length 31)"
1779594297.738138,,,UDP,1500,"1779594297.738138 IP (tos 0x0, ttl 64, id 38787, offset 0, flags [+], proto UDP (17), length 1500)"
1779594297.738212,,,UDP,31,"1779594297.738212 IP (tos 0x0, ttl 64, id 7436, offset 0, flags [DF], proto UDP (17), length 31)"
1779594297.738812,,,UDP,1500,"1779594297.738812 IP (tos 0x0, ttl 64, id 38788, offset 0, flags [+], proto UDP (17), length 1500)"
1779594297.738887,,,UDP,31,"1779594297.738887 IP (tos 0x0, ttl 64, id 7437, offset 0, flags [DF], proto UDP (17), length 31)"
1779594297.739279,,,UDP,1500,"1779594297.739279 IP (tos 0x0, ttl 64, id 38789, offset 0, flags [+], proto UDP (17), length 1500)"
1779594297.739651,,,UDP,31,"1779594297.739651 IP (tos 0x0, ttl 64, id 7438, offset 0, flags [DF], proto UDP (17), length 31)"
1779594297.739784,,,UDP,1500,"1779594297.739784 IP (tos 0x0, ttl 64, id 38790, offset 0, flags [+], proto UDP (17), length 1500)"
1779594297.740239,,,UDP,1500,"1779594297.740239 IP (tos 0x0, ttl 64, id 38791, offset 0, flags [+], proto UDP (17), length 1500)"
1779594297.740491,,,UDP,31,"1779594297.740491 IP (tos 0x0, ttl 64, id 7439, offset 0, flags [DF], proto UDP (17), length 31)"
1779594297.740832,,,UDP,1500,"1779594297.740832 IP (tos 0x0, ttl 64, id 38792, offset 0, flags [+], proto UDP (17), length 1500)"
1779594297.740929,,,UDP,31,"1779594297.740929 IP (tos 0x0, ttl 64, id 7440, offset 0, flags [DF], proto UDP (17), length 31)"
1779594297.741385,,,UDP,1500,"1779594297.741385 IP (tos 0x0, ttl 64, id 38793, offset 0, flags [+], proto UDP (17), length 1500)"
1779594297.742241,,,UDP,1500,"1779594297.742241 IP (tos 0x0, ttl 64, id 38794, offset 0, flags [+], proto UDP (17), length 1500)"
1779594297.748914,,,UDP,31,"1779594297.748914 IP (tos 0x0, ttl 64, id 7442, offset 0, flags [DF], proto UDP (17), length 31)"
1779594297.749315,,,UDP,31,"1779594297.749315 IP (tos 0x0, ttl 64, id 7443, offset 0, flags [DF], proto UDP (17), length 31)"
1779594297.749792,,,UDP,31,"1779594297.749792 IP (tos 0x0, ttl 64, id 7444, offset 0, flags [DF], proto UDP (17), length 31)"
1779594297.750202,,,UDP,1500,"1779594297.750202 IP (tos 0x0, ttl 64, id 38796, offset 0, flags [+], proto UDP (17), length 1500)"
1779594297.750260,,,UDP,31,"1779594297.750260 IP (tos 0x0, ttl 64, id 7445, offset 0, flags [DF], proto UDP (17), length 31)"
1779594297.750661,,,UDP,31,"1779594297.750661 IP (tos 0x0, ttl 64, id 7446, offset 0, flags [DF], proto UDP (17), length 31)"
1779594297.750949,,,UDP,1500,"1779594297.750949 IP (tos 0x0, ttl 64, id 38797, offset 0, flags [+], proto UDP (17), length 1500)"
1779594297.751446,,,UDP,31,"1779594297.751446 IP (tos 0x0, ttl 64, id 7447, offset 0, flags [DF], proto UDP (17), length 31)"
1779594297.751535,,,UDP,1500,"1779594297.751535 IP (tos 0x0, ttl 64, id 38798, offset 0, flags [+], proto UDP (17), length 1500)"
1779594297.751931,,,UDP,31,"1779594297.751931 IP (tos 0x0, ttl 64, id 7448, offset 0, flags [DF], proto UDP (17), length 31)"
1779594297.752038,,,UDP,1500,"1779594297.752038 IP (tos 0x0, ttl 64, id 38799, offset 0, flags [+], proto UDP (17), length 1500)"
1779594297.752625,,,UDP,1500,"1779594297.752625 IP (tos 0x0, ttl 64, id 38800, offset 0, flags [+], proto UDP (17), length 1500)"
1779594297.752638,,,UDP,31,"1779594297.752638 IP (tos 0x0, ttl 64, id 7449, offset 0, flags [DF], proto UDP (17), length 31)"
1779594297.753450,,,UDP,1500,"1779594297.753450 IP (tos 0x0, ttl 64, id 38801, offset 0, flags [+], proto UDP (17), length 1500)"
1779594297.754401,,,UDP,1500,"1779594297.754401 IP (tos 0x0, ttl 64, id 38802, offset 0, flags [+], proto UDP (17), length 1500)"
1779594297.755102,,,UDP,1500,"1779594297.755102 IP (tos 0x0, ttl 64, id 38803, offset 0, flags [+], proto UDP (17), length 1500)"
1779594297.760880,,,UDP,31,"1779594297.760880 IP (tos 0x0, ttl 64, id 7450, offset 0, flags [DF], proto UDP (17), length 31)"
1779594297.761497,,,UDP,1500,"1779594297.761497 IP (tos 0x0, ttl 64, id 38804, offset 0, flags [+], proto UDP (17), length 1500)"
1779594297.761584,,,UDP,31,"1779594297.761584 IP (tos 0x0, ttl 64, id 7451, offset 0, flags [DF], proto UDP (17), length 31)"
1779594297.762030,,,UDP,31,"1779594297.762030 IP (tos 0x0, ttl 64, id 7452, offset 0, flags [DF], proto UDP (17), length 31)"
1779594297.762136,,,UDP,1500,"1779594297.762136 IP (tos 0x0, ttl 64, id 38805, offset 0, flags [+], proto UDP (17), length 1500)"
1779594297.762626,,,UDP,1500,"1779594297.762626 IP (tos 0x0, ttl 64, id 38806, offset 0, flags [+], proto UDP (17), length 1500)"
1779594297.762665,,,UDP,31,"1779594297.762665 IP (tos 0x0, ttl 64, id 7453, offset 0, flags [DF], proto UDP (17), length 31)"
1779594297.763179,,,UDP,31,"1779594297.763179 IP (tos 0x0, ttl 64, id 7454, offset 0, flags [DF], proto UDP (17), length 31)"
1779594297.763236,,,UDP,1500,"1779594297.763236 IP (tos 0x0, ttl 64, id 38807, offset 0, flags [+], proto UDP (17), length 1500)"
1779594297.763697,,,UDP,1500,"1779594297.763697 IP (tos 0x0, ttl 64, id 38808, offset 0, flags [+], proto UDP (17), length 1500)"
1779594297.764101,,,UDP,31,"1779594297.764101 IP (tos 0x0, ttl 64, id 7455, offset 0, flags [DF], proto UDP (17), length 31)"
1779594297.764569,,,UDP,1500,"1779594297.764569 IP (tos 0x0, ttl 64, id 38809, offset 0, flags [+], proto UDP (17), length 1500)"
1779594297.765017,,,UDP,31,"1779594297.765017 IP (tos 0x0, ttl 64, id 7456, offset 0, flags [DF], proto UDP (17), length 31)"
1779594297.765526,,,UDP,1500,"1779594297.765526 IP (tos 0x0, ttl 64, id 38810, offset 0, flags [+], proto UDP (17), length 1500)"
1779594297.765743,,,UDP,31,"1779594297.765743 IP (tos 0x0, ttl 64, id 7457, offset 0, flags [DF], proto UDP (17), length 31)"
1779594297.766172,,,UDP,1500,"1779594297.766172 IP (tos 0x0, ttl 64, id 38811, offset 0, flags [+], proto UDP (17), length 1500)"
1779594297.771967,,,UDP,31,"1779594297.771967 IP (tos 0x0, ttl 64, id 7458, offset 0, flags [DF], proto UDP (17), length 31)"
1779594297.772549,,,UDP,31,"1779594297.772549 IP (tos 0x0, ttl 64, id 7459, offset 0, flags [DF], proto UDP (17), length 31)"
1779594297.772634,,,UDP,1500,"1779594297.772634 IP (tos 0x0, ttl 64, id 38812, offset 0, flags [+], proto UDP (17), length 1500)"
1779594297.773049,,,UDP,31,"1779594297.773049 IP (tos 0x0, ttl 64, id 7460, offset 0, flags [DF], proto UDP (17), length 31)"
1779594297.773144,,,UDP,1500,"1779594297.773144 IP (tos 0x0, ttl 64, id 38813, offset 0, flags [+], proto UDP (17), length 1500)"
1779594297.773641,,,UDP,1500,"1779594297.773641 IP (tos 0x0, ttl 64, id 38814, offset 0, flags [+], proto UDP (17), length 1500)"
1779594297.773679,,,UDP,31,"1779594297.773679 IP (tos 0x0, ttl 64, id 7461, offset 0, flags [DF], proto UDP (17), length 31)"
1779594297.774065,,,UDP,31,"1779594297.774065 IP (tos 0x0, ttl 64, id 7462, offset 0, flags [DF], proto UDP (17), length 31)"
1779594297.774085,,,UDP,1500,"1779594297.774085 IP (tos 0x0, ttl 64, id 38815, offset 0, flags [+], proto UDP (17), length 1500)"
1779594297.774490,,,UDP,1500,"1779594297.774490 IP (tos 0x0, ttl 64, id 38816, offset 0, flags [+], proto UDP (17), length 1500)"
1779594297.774959,,,UDP,31,"1779594297.774959 IP (tos 0x0, ttl 64, id 7463, offset 0, flags [DF], proto UDP (17), length 31)"
1779594297.775455,,,UDP,1500,"1779594297.775455 IP (tos 0x0, ttl 64, id 38817, offset 0, flags [+], proto UDP (17), length 1500)"
1779594297.775901,,,UDP,31,"1779594297.775901 IP (tos 0x0, ttl 64, id 7464, offset 0, flags [DF], proto UDP (17), length 31)"
1779594297.776348,,,UDP,1500,"1779594297.776348 IP (tos 0x0, ttl 64, id 38818, offset 0, flags [+], proto UDP (17), length 1500)"
1779594297.776510,,,UDP,31,"1779594297.776510 IP (tos 0x0, ttl 64, id 7465, offset 0, flags [DF], proto UDP (17), length 31)"
1779594297.776970,,,UDP,1500,"1779594297.776970 IP (tos 0x0, ttl 64, id 38819, offset 0, flags [+], proto UDP (17), length 1500)"
1779594297.783246,,,UDP,31,"1779594297.783246 IP (tos 0x0, ttl 64, id 7466, offset 0, flags [DF], proto UDP (17), length 31)"
1779594297.783494,,,UDP,31,"1779594297.783494 IP (tos 0x0, ttl 64, id 7467, offset 0, flags [DF], proto UDP (17), length 31)"
1779594297.783860,,,UDP,1500,"1779594297.783860 IP (tos 0x0, ttl 64, id 38820, offset 0, flags [+], proto UDP (17), length 1500)"
1779594297.784003,,,UDP,31,"1779594297.784003 IP (tos 0x0, ttl 64, id 7468, offset 0, flags [DF], proto UDP (17), length 31)"
1779594297.784378,,,UDP,1500,"1779594297.784378 IP (tos 0x0, ttl 64, id 38821, offset 0, flags [+], proto UDP (17), length 1500)"
1779594297.784461,,,UDP,31,"1779594297.784461 IP (tos 0x0, ttl 64, id 7469, offset 0, flags [DF], proto UDP (17), length 31)"
1779594297.784793,,,UDP,31,"1779594297.784793 IP (tos 0x0, ttl 64, id 7470, offset 0, flags [DF], proto UDP (17), length 31)"
1779594297.784824,,,UDP,1500,"1779594297.784824 IP (tos 0x0, ttl 64, id 38822, offset 0, flags [+], proto UDP (17), length 1500)"
1779594297.785290,,,UDP,1500,"1779594297.785290 IP (tos 0x0, ttl 64, id 38823, offset 0, flags [+], proto UDP (17), length 1500)"
1779594297.785681,,,UDP,1500,"1779594297.785681 IP (tos 0x0, ttl 64, id 38824, offset 0, flags [+], proto UDP (17), length 1500)"
1779594297.785773,,,UDP,31,"1779594297.785773 IP (tos 0x0, ttl 64, id 7471, offset 0, flags [DF], proto UDP (17), length 31)"
1779594297.786186,,,UDP,1500,"1779594297.786186 IP (tos 0x0, ttl 64, id 38825, offset 0, flags [+], proto UDP (17), length 1500)"
1779594297.786675,,,UDP,31,"1779594297.786675 IP (tos 0x0, ttl 64, id 7472, offset 0, flags [DF], proto UDP (17), length 31)"
1779594297.787112,,,UDP,1500,"1779594297.787112 IP (tos 0x0, ttl 64, id 38826, offset 0, flags [+], proto UDP (17), length 1500)"
1779594297.787267,,,UDP,31,"1779594297.787267 IP (tos 0x0, ttl 64, id 7473, offset 0, flags [DF], proto UDP (17), length 31)"
1779594297.787691,,,UDP,1500,"1779594297.787691 IP (tos 0x0, ttl 64, id 38827, offset 0, flags [+], proto UDP (17), length 1500)"
1779594297.794359,,,UDP,31,"1779594297.794359 IP (tos 0x0, ttl 64, id 7474, offset 0, flags [DF], proto UDP (17), length 31)"
1779594297.794858,,,UDP,1500,"1779594297.794858 IP (tos 0x0, ttl 64, id 38829, offset 0, flags [+], proto UDP (17), length 1500)"
1779594297.794866,,,UDP,31,"1779594297.794866 IP (tos 0x0, ttl 64, id 7475, offset 0, flags [DF], proto UDP (17), length 31)"
1779594297.795231,,,UDP,31,"1779594297.795231 IP (tos 0x0, ttl 64, id 7476, offset 0, flags [DF], proto UDP (17), length 31)"
1779594297.795357,,,UDP,1500,"1779594297.795357 IP (tos 0x0, ttl 64, id 38830, offset 0, flags [+], proto UDP (17), length 1500)"
1779594297.795617,,,UDP,31,"1779594297.795617 IP (tos 0x0, ttl 64, id 7477, offset 0, flags [DF], proto UDP (17), length 31)"
1779594297.795852,,,UDP,1500,"1779594297.795852 IP (tos 0x0, ttl 64, id 38831, offset 0, flags [+], proto UDP (17), length 1500)"
1779594297.796044,,,UDP,31,"1779594297.796044 IP (tos 0x0, ttl 64, id 7478, offset 0, flags [DF], proto UDP (17), length 31)"
1779594297.796274,,,UDP,1500,"1779594297.796274 IP (tos 0x0, ttl 64, id 38832, offset 0, flags [+], proto UDP (17), length 1500)"
1779594297.796532,,,UDP,31,"1779594297.796532 IP (tos 0x0, ttl 64, id 7479, offset 0, flags [DF], proto UDP (17), length 31)"
1779594297.796730,,,UDP,1500,"1779594297.796730 IP (tos 0x0, ttl 64, id 38833, offset 0, flags [+], proto UDP (17), length 1500)"
1779594297.797222,,,UDP,1500,"1779594297.797222 IP (tos 0x0, ttl 64, id 38834, offset 0, flags [+], proto UDP (17), length 1500)"
1779594297.797446,,,UDP,31,"1779594297.797446 IP (tos 0x0, ttl 64, id 7480, offset 0, flags [DF], proto UDP (17), length 31)"
1779594297.797865,,,UDP,1500,"1779594297.797865 IP (tos 0x0, ttl 64, id 38835, offset 0, flags [+], proto UDP (17), length 1500)"
1779594297.797965,,,UDP,31,"1779594297.797965 IP (tos 0x0, ttl 64, id 7481, offset 0, flags [DF], proto UDP (17), length 31)"
1779594297.798419,,,UDP,1500,"1779594297.798419 IP (tos 0x0, ttl 64, id 38836, offset 0, flags [+], proto UDP (17), length 1500)"
1779594297.805320,,,UDP,31,"1779594297.805320 IP (tos 0x0, ttl 64, id 7482, offset 0, flags [DF], proto UDP (17), length 31)"
1779594297.805716,,,UDP,31,"1779594297.805716 IP (tos 0x0, ttl 64, id 7483, offset 0, flags [DF], proto UDP (17), length 31)"
1779594297.805940,,,UDP,1500,"1779594297.805940 IP (tos 0x0, ttl 64, id 38837, offset 0, flags [+], proto UDP (17), length 1500)"
1779594297.806260,,,UDP,31,"1779594297.806260 IP (tos 0x0, ttl 64, id 7484, offset 0, flags [DF], proto UDP (17), length 31)"
1779594297.806500,,,UDP,1500,"1779594297.806500 IP (tos 0x0, ttl 64, id 38838, offset 0, flags [+], proto UDP (17), length 1500)"
1779594297.806571,,,UDP,31,"1779594297.806571 IP (tos 0x0, ttl 64, id 7485, offset 0, flags [DF], proto UDP (17), length 31)"
1779594297.807024,,,UDP,1500,"1779594297.807024 IP (tos 0x0, ttl 64, id 38839, offset 0, flags [+], proto UDP (17), length 1500)"
1779594297.807075,,,UDP,31,"1779594297.807075 IP (tos 0x0, ttl 64, id 7486, offset 0, flags [DF], proto UDP (17), length 31)"
1779594297.807558,,,UDP,31,"1779594297.807558 IP (tos 0x0, ttl 64, id 7487, offset 0, flags [DF], proto UDP (17), length 31)"
1779594297.807590,,,UDP,1500,"1779594297.807590 IP (tos 0x0, ttl 64, id 38840, offset 0, flags [+], proto UDP (17), length 1500)"
1779594297.808187,,,UDP,31,"1779594297.808187 IP (tos 0x0, ttl 64, id 7488, offset 0, flags [DF], proto UDP (17), length 31)"
1779594297.808655,,,UDP,1500,"1779594297.808655 IP (tos 0x0, ttl 64, id 38841, offset 0, flags [+], proto UDP (17), length 1500)"
1779594297.808705,,,UDP,31,"1779594297.808705 IP (tos 0x0, ttl 64, id 7489, offset 0, flags [DF], proto UDP (17), length 31)"
1779594297.811147,,,UDP,1500,"1779594297.811147 IP (tos 0x0, ttl 64, id 38842, offset 0, flags [+], proto UDP (17), length 1500)"
1779594297.812018,,,UDP,1500,"1779594297.812018 IP (tos 0x0, ttl 64, id 38843, offset 0, flags [+], proto UDP (17), length 1500)"
1779594297.813408,,,UDP,1500,"1779594297.813408 IP (tos 0x0, ttl 64, id 38844, offset 0, flags [+], proto UDP (17), length 1500)"
1779594297.816490,,,UDP,31,"1779594297.816490 IP (tos 0x0, ttl 64, id 7490, offset 0, flags [DF], proto UDP (17), length 31)"
1779594297.816981,,,UDP,31,"1779594297.816981 IP (tos 0x0, ttl 64, id 7491, offset 0, flags [DF], proto UDP (17), length 31)"
1779594297.817467,,,UDP,31,"1779594297.817467 IP (tos 0x0, ttl 64, id 7492, offset 0, flags [DF], proto UDP (17), length 31)"
1779594297.818020,,,UDP,31,"1779594297.818020 IP (tos 0x0, ttl 64, id 7493, offset 0, flags [DF], proto UDP (17), length 31)"
1779594297.822028,,,UDP,31,"1779594297.822028 IP (tos 0x0, ttl 64, id 7494, offset 0, flags [DF], proto UDP (17), length 31)"
1779594297.822564,,,UDP,31,"1779594297.822564 IP (tos 0x0, ttl 64, id 7495, offset 0, flags [DF], proto UDP (17), length 31)"
1779594297.823001,,,UDP,31,"1779594297.823001 IP (tos 0x0, ttl 64, id 7496, offset 0, flags [DF], proto UDP (17), length 31)"
1779594297.824063,,,UDP,31,"1779594297.824063 IP (tos 0x0, ttl 64, id 7497, offset 0, flags [DF], proto UDP (17), length 31)"
1779594297.824876,,,UDP,34,"1779594297.824876 IP (tos 0x0, ttl 64, id 38846, offset 0, flags [DF], proto UDP (17), length 34)"
1779594297.835085,,,UDP,35,"1779594297.835085 IP (tos 0x0, ttl 64, id 7499, offset 0, flags [DF], proto UDP (17), length 35)"
1779594297.966753,,,UDP,63,"1779594297.966753 IP (tos 0x0, ttl 64, id 38860, offset 0, flags [DF], proto UDP (17), length 63)"
1779594297.976956,,,UDP,36,"1779594297.976956 IP (tos 0x0, ttl 64, id 7524, offset 0, flags [DF], proto UDP (17), length 36)"
1779594297.977725,,,UDP,1500,"1779594297.977725 IP (tos 0x0, ttl 64, id 38861, offset 0, flags [+], proto UDP (17), length 1500)"
1779594297.978473,,,UDP,1500,"1779594297.978473 IP (tos 0x0, ttl 64, id 38862, offset 0, flags [+], proto UDP (17), length 1500)"
1779594297.979239,,,UDP,1500,"1779594297.979239 IP (tos 0x0, ttl 64, id 38863, offset 0, flags [+], proto UDP (17), length 1500)"
1779594297.979915,,,UDP,1500,"1779594297.979915 IP (tos 0x0, ttl 64, id 38864, offset 0, flags [+], proto UDP (17), length 1500)"
1779594297.980466,,,UDP,1500,"1779594297.980466 IP (tos 0x0, ttl 64, id 38865, offset 0, flags [+], proto UDP (17), length 1500)"
1779594297.981124,,,UDP,1500,"1779594297.981124 IP (tos 0x0, ttl 64, id 38866, offset 0, flags [+], proto UDP (17), length 1500)"
1779594297.981790,,,UDP,1500,"1779594297.981790 IP (tos 0x0, ttl 64, id 38867, offset 0, flags [+], proto UDP (17), length 1500)"
1779594297.982495,,,UDP,1500,"1779594297.982495 IP (tos 0x0, ttl 64, id 38868, offset 0, flags [+], proto UDP (17), length 1500)"
1779594297.987974,,,UDP,29,"1779594297.987974 IP (tos 0x0, ttl 64, id 7527, offset 0, flags [DF], proto UDP (17), length 29)"
1779594297.988703,,,UDP,1500,"1779594297.988703 IP (tos 0x0, ttl 64, id 38869, offset 0, flags [+], proto UDP (17), length 1500)"
1779594297.989332,,,UDP,29,"1779594297.989332 IP (tos 0x0, ttl 64, id 7528, offset 0, flags [DF], proto UDP (17), length 29)"
1779594297.989721,,,UDP,29,"1779594297.989721 IP (tos 0x0, ttl 64, id 7529, offset 0, flags [DF], proto UDP (17), length 29)"
1779594297.989903,,,UDP,1500,"1779594297.989903 IP (tos 0x0, ttl 64, id 38870, offset 0, flags [+], proto UDP (17), length 1500)"
1779594297.990286,,,UDP,29,"1779594297.990286 IP (tos 0x0, ttl 64, id 7530, offset 0, flags [DF], proto UDP (17), length 29)"
1779594297.990367,,,UDP,1500,"1779594297.990367 IP (tos 0x0, ttl 64, id 38871, offset 0, flags [+], proto UDP (17), length 1500)"
1779594297.990767,,,UDP,1500,"1779594297.990767 IP (tos 0x0, ttl 64, id 38872, offset 0, flags [+], proto UDP (17), length 1500)"
1779594297.990923,,,UDP,29,"1779594297.990923 IP (tos 0x0, ttl 64, id 7531, offset 0, flags [DF], proto UDP (17), length 29)"
1779594297.991313,,,UDP,1500,"1779594297.991313 IP (tos 0x0, ttl 64, id 38873, offset 0, flags [+], proto UDP (17), length 1500)"
1779594297.991615,,,UDP,29,"1779594297.991615 IP (tos 0x0, ttl 64, id 7532, offset 0, flags [DF], proto UDP (17), length 29)"
1779594297.992017,,,UDP,1500,"1779594297.992017 IP (tos 0x0, ttl 64, id 38874, offset 0, flags [+], proto UDP (17), length 1500)"
1779594297.992370,,,UDP,29,"1779594297.992370 IP (tos 0x0, ttl 64, id 7533, offset 0, flags [DF], proto UDP (17), length 29)"
1779594297.992887,,,UDP,1500,"1779594297.992887 IP (tos 0x0, ttl 64, id 38875, offset 0, flags [+], proto UDP (17), length 1500)"
1779594297.993059,,,UDP,29,"1779594297.993059 IP (tos 0x0, ttl 64, id 7534, offset 0, flags [DF], proto UDP (17), length 29)"
1779594297.993785,,,UDP,1500,"1779594297.993785 IP (tos 0x0, ttl 64, id 38876, offset 0, flags [+], proto UDP (17), length 1500)"
1779594297.999247,,,UDP,29,"1779594297.999247 IP (tos 0x0, ttl 64, id 7535, offset 0, flags [DF], proto UDP (17), length 29)"
1779594297.999900,,,UDP,1500,"1779594297.999900 IP (tos 0x0, ttl 64, id 38877, offset 0, flags [+], proto UDP (17), length 1500)"
1779594298.000293,,,UDP,29,"1779594298.000293 IP (tos 0x0, ttl 64, id 7536, offset 0, flags [DF], proto UDP (17), length 29)"
1779594298.000684,,,UDP,30,"1779594298.000684 IP (tos 0x0, ttl 64, id 7537, offset 0, flags [DF], proto UDP (17), length 30)"
1779594298.000831,,,UDP,1500,"1779594298.000831 IP (tos 0x0, ttl 64, id 38878, offset 0, flags [+], proto UDP (17), length 1500)"
1779594298.001080,,,UDP,30,"1779594298.001080 IP (tos 0x0, ttl 64, id 7538, offset 0, flags [DF], proto UDP (17), length 30)"
1779594298.001328,,,UDP,1500,"1779594298.001328 IP (tos 0x0, ttl 64, id 38879, offset 0, flags [+], proto UDP (17), length 1500)"
1779594298.001600,,,UDP,30,"1779594298.001600 IP (tos 0x0, ttl 64, id 7539, offset 0, flags [DF], proto UDP (17), length 30)"
1779594298.001728,,,UDP,1500,"1779594298.001728 IP (tos 0x0, ttl 64, id 38880, offset 0, flags [+], proto UDP (17), length 1500)"
1779594298.002208,,,UDP,1500,"1779594298.002208 IP (tos 0x0, ttl 64, id 38881, offset 0, flags [+], proto UDP (17), length 1500)"
1779594298.002307,,,UDP,30,"1779594298.002307 IP (tos 0x0, ttl 64, id 7540, offset 0, flags [DF], proto UDP (17), length 30)"
1779594298.002711,,,UDP,1500,"1779594298.002711 IP (tos 0x0, ttl 64, id 38882, offset 0, flags [+], proto UDP (17), length 1500)"
1779594298.003363,,,UDP,30,"1779594298.003363 IP (tos 0x0, ttl 64, id 7541, offset 0, flags [DF], proto UDP (17), length 30)"
1779594298.003824,,,UDP,1500,"1779594298.003824 IP (tos 0x0, ttl 64, id 38883, offset 0, flags [+], proto UDP (17), length 1500)"
1779594298.004264,,,UDP,30,"1779594298.004264 IP (tos 0x0, ttl 64, id 7542, offset 0, flags [DF], proto UDP (17), length 30)"
1779594298.004699,,,UDP,1500,"1779594298.004699 IP (tos 0x0, ttl 64, id 38884, offset 0, flags [+], proto UDP (17), length 1500)"
1779594298.010417,,,UDP,30,"1779594298.010417 IP (tos 0x0, ttl 64, id 7543, offset 0, flags [DF], proto UDP (17), length 30)"
1779594298.011125,,,UDP,1500,"1779594298.011125 IP (tos 0x0, ttl 64, id 38885, offset 0, flags [+], proto UDP (17), length 1500)"
1779594298.011159,,,UDP,30,"1779594298.011159 IP (tos 0x0, ttl 64, id 7544, offset 0, flags [DF], proto UDP (17), length 30)"
1779594298.011663,,,UDP,30,"1779594298.011663 IP (tos 0x0, ttl 64, id 7545, offset 0, flags [DF], proto UDP (17), length 30)"
1779594298.011716,,,UDP,1500,"1779594298.011716 IP (tos 0x0, ttl 64, id 38886, offset 0, flags [+], proto UDP (17), length 1500)"
1779594298.012073,,,UDP,30,"1779594298.012073 IP (tos 0x0, ttl 64, id 7546, offset 0, flags [DF], proto UDP (17), length 30)"
1779594298.012188,,,UDP,1500,"1779594298.012188 IP (tos 0x0, ttl 64, id 38887, offset 0, flags [+], proto UDP (17), length 1500)"
1779594298.012497,,,UDP,30,"1779594298.012497 IP (tos 0x0, ttl 64, id 7547, offset 0, flags [DF], proto UDP (17), length 30)"
1779594298.012636,,,UDP,1500,"1779594298.012636 IP (tos 0x0, ttl 64, id 38888, offset 0, flags [+], proto UDP (17), length 1500)"
1779594298.012975,,,UDP,30,"1779594298.012975 IP (tos 0x0, ttl 64, id 7548, offset 0, flags [DF], proto UDP (17), length 30)"
1779594298.013091,,,UDP,1500,"1779594298.013091 IP (tos 0x0, ttl 64, id 38889, offset 0, flags [+], proto UDP (17), length 1500)"
1779594298.013549,,,UDP,1500,"1779594298.013549 IP (tos 0x0, ttl 64, id 38890, offset 0, flags [+], proto UDP (17), length 1500)"
1779594298.014127,,,UDP,30,"1779594298.014127 IP (tos 0x0, ttl 64, id 7549, offset 0, flags [DF], proto UDP (17), length 30)"
1779594298.014593,,,UDP,1500,"1779594298.014593 IP (tos 0x0, ttl 64, id 38891, offset 0, flags [+], proto UDP (17), length 1500)"
1779594298.015062,,,UDP,30,"1779594298.015062 IP (tos 0x0, ttl 64, id 7550, offset 0, flags [DF], proto UDP (17), length 30)"
1779594298.015435,,,UDP,1500,"1779594298.015435 IP (tos 0x0, ttl 64, id 38892, offset 0, flags [+], proto UDP (17), length 1500)"
1779594298.021654,,,UDP,30,"1779594298.021654 IP (tos 0x0, ttl 64, id 7551, offset 0, flags [DF], proto UDP (17), length 30)"
1779594298.022079,,,UDP,1500,"1779594298.022079 IP (tos 0x0, ttl 64, id 38893, offset 0, flags [+], proto UDP (17), length 1500)"
1779594298.022096,,,UDP,30,"1779594298.022096 IP (tos 0x0, ttl 64, id 7552, offset 0, flags [DF], proto UDP (17), length 30)"
1779594298.022496,,,UDP,30,"1779594298.022496 IP (tos 0x0, ttl 64, id 7553, offset 0, flags [DF], proto UDP (17), length 30)"
1779594298.022531,,,UDP,1500,"1779594298.022531 IP (tos 0x0, ttl 64, id 38894, offset 0, flags [+], proto UDP (17), length 1500)"
1779594298.022922,,,UDP,1500,"1779594298.022922 IP (tos 0x0, ttl 64, id 38895, offset 0, flags [+], proto UDP (17), length 1500)"
1779594298.022991,,,UDP,30,"1779594298.022991 IP (tos 0x0, ttl 64, id 7554, offset 0, flags [DF], proto UDP (17), length 30)"
1779594298.023398,,,UDP,30,"1779594298.023398 IP (tos 0x0, ttl 64, id 7555, offset 0, flags [DF], proto UDP (17), length 30)"
1779594298.023401,,,UDP,1500,"1779594298.023401 IP (tos 0x0, ttl 64, id 38896, offset 0, flags [+], proto UDP (17), length 1500)"
1779594298.023775,,,UDP,1500,"1779594298.023775 IP (tos 0x0, ttl 64, id 38897, offset 0, flags [+], proto UDP (17), length 1500)"
1779594298.023854,,,UDP,30,"1779594298.023854 IP (tos 0x0, ttl 64, id 7556, offset 0, flags [DF], proto UDP (17), length 30)"
1779594298.024254,,,UDP,1500,"1779594298.024254 IP (tos 0x0, ttl 64, id 38898, offset 0, flags [+], proto UDP (17), length 1500)"
1779594298.024913,,,UDP,30,"1779594298.024913 IP (tos 0x0, ttl 64, id 7557, offset 0, flags [DF], proto UDP (17), length 30)"
1779594298.025494,,,UDP,1500,"1779594298.025494 IP (tos 0x0, ttl 64, id 38899, offset 0, flags [+], proto UDP (17), length 1500)"
1779594298.025771,,,UDP,30,"1779594298.025771 IP (tos 0x0, ttl 64, id 7558, offset 0, flags [DF], proto UDP (17), length 30)"
1779594298.026324,,,UDP,1500,"1779594298.026324 IP (tos 0x0, ttl 64, id 38900, offset 0, flags [+], proto UDP (17), length 1500)"
1779594298.032468,,,UDP,30,"1779594298.032468 IP (tos 0x0, ttl 64, id 7560, offset 0, flags [DF], proto UDP (17), length 30)"
1779594298.032851,,,UDP,30,"1779594298.032851 IP (tos 0x0, ttl 64, id 7561, offset 0, flags [DF], proto UDP (17), length 30)"
1779594298.033035,,,UDP,1500,"1779594298.033035 IP (tos 0x0, ttl 64, id 38902, offset 0, flags [+], proto UDP (17), length 1500)"
1779594298.033218,,,UDP,30,"1779594298.033218 IP (tos 0x0, ttl 64, id 7562, offset 0, flags [DF], proto UDP (17), length 30)"
1779594298.033487,,,UDP,1500,"1779594298.033487 IP (tos 0x0, ttl 64, id 38903, offset 0, flags [+], proto UDP (17), length 1500)"
1779594298.033692,,,UDP,30,"1779594298.033692 IP (tos 0x0, ttl 64, id 7563, offset 0, flags [DF], proto UDP (17), length 30)"
1779594298.033894,,,UDP,1500,"1779594298.033894 IP (tos 0x0, ttl 64, id 38904, offset 0, flags [+], proto UDP (17), length 1500)"
1779594298.034060,,,UDP,30,"1779594298.034060 IP (tos 0x0, ttl 64, id 7564, offset 0, flags [DF], proto UDP (17), length 30)"
1779594298.034274,,,UDP,1500,"1779594298.034274 IP (tos 0x0, ttl 64, id 38905, offset 0, flags [+], proto UDP (17), length 1500)"
1779594298.034580,,,UDP,30,"1779594298.034580 IP (tos 0x0, ttl 64, id 7565, offset 0, flags [DF], proto UDP (17), length 30)"
1779594298.034694,,,UDP,1500,"1779594298.034694 IP (tos 0x0, ttl 64, id 38906, offset 0, flags [+], proto UDP (17), length 1500)"
1779594298.035096,,,UDP,1500,"1779594298.035096 IP (tos 0x0, ttl 64, id 38907, offset 0, flags [+], proto UDP (17), length 1500)"
1779594298.035975,,,UDP,30,"1779594298.035975 IP (tos 0x0, ttl 64, id 7566, offset 0, flags [DF], proto UDP (17), length 30)"
1779594298.036439,,,UDP,1500,"1779594298.036439 IP (tos 0x0, ttl 64, id 38908, offset 0, flags [+], proto UDP (17), length 1500)"
1779594298.036714,,,UDP,30,"1779594298.036714 IP (tos 0x0, ttl 64, id 7567, offset 0, flags [DF], proto UDP (17), length 30)"
1779594298.037182,,,UDP,1500,"1779594298.037182 IP (tos 0x0, ttl 64, id 38909, offset 0, flags [+], proto UDP (17), length 1500)"
1779594298.043543,,,UDP,30,"1779594298.043543 IP (tos 0x0, ttl 64, id 7569, offset 0, flags [DF], proto UDP (17), length 30)"
1779594298.043928,,,UDP,30,"1779594298.043928 IP (tos 0x0, ttl 64, id 7570, offset 0, flags [DF], proto UDP (17), length 30)"
1779594298.044251,,,UDP,30,"1779594298.044251 IP (tos 0x0, ttl 64, id 7571, offset 0, flags [DF], proto UDP (17), length 30)"
1779594298.044269,,,UDP,1500,"1779594298.044269 IP (tos 0x0, ttl 64, id 38910, offset 0, flags [+], proto UDP (17), length 1500)"
1779594298.044649,,,UDP,30,"1779594298.044649 IP (tos 0x0, ttl 64, id 7572, offset 0, flags [DF], proto UDP (17), length 30)"
1779594298.044786,,,UDP,1500,"1779594298.044786 IP (tos 0x0, ttl 64, id 38911, offset 0, flags [+], proto UDP (17), length 1500)"
1779594298.045016,,,UDP,30,"1779594298.045016 IP (tos 0x0, ttl 64, id 7573, offset 0, flags [DF], proto UDP (17), length 30)"
1779594298.045210,,,UDP,1500,"1779594298.045210 IP (tos 0x0, ttl 64, id 38912, offset 0, flags [+], proto UDP (17), length 1500)"
1779594298.045381,,,UDP,30,"1779594298.045381 IP (tos 0x0, ttl 64, id 7574, offset 0, flags [DF], proto UDP (17), length 30)"
1779594298.045630,,,UDP,1500,"1779594298.045630 IP (tos 0x0, ttl 64, id 38913, offset 0, flags [+], proto UDP (17), length 1500)"
1779594298.046039,,,UDP,1500,"1779594298.046039 IP (tos 0x0, ttl 64, id 38914, offset 0, flags [+], proto UDP (17), length 1500)"
1779594298.046448,,,UDP,1500,"1779594298.046448 IP (tos 0x0, ttl 64, id 38915, offset 0, flags [+], proto UDP (17), length 1500)"
1779594298.046722,,,UDP,30,"1779594298.046722 IP (tos 0x0, ttl 64, id 7575, offset 0, flags [DF], proto UDP (17), length 30)"
1779594298.047143,,,UDP,1500,"1779594298.047143 IP (tos 0x0, ttl 64, id 38916, offset 0, flags [+], proto UDP (17), length 1500)"
1779594298.047475,,,UDP,30,"1779594298.047475 IP (tos 0x0, ttl 64, id 7576, offset 0, flags [DF], proto UDP (17), length 30)"
1779594298.047870,,,UDP,1500,"1779594298.047870 IP (tos 0x0, ttl 64, id 38917, offset 0, flags [+], proto UDP (17), length 1500)"
1779594298.054770,,,UDP,30,"1779594298.054770 IP (tos 0x0, ttl 64, id 7577, offset 0, flags [DF], proto UDP (17), length 30)"
1779594298.055085,,,UDP,30,"1779594298.055085 IP (tos 0x0, ttl 64, id 7578, offset 0, flags [DF], proto UDP (17), length 30)"
1779594298.055199,,,UDP,1500,"1779594298.055199 IP (tos 0x0, ttl 64, id 38919, offset 0, flags [+], proto UDP (17), length 1500)"
1779594298.055541,,,UDP,30,"1779594298.055541 IP (tos 0x0, ttl 64, id 7579, offset 0, flags [DF], proto UDP (17), length 30)"
1779594298.055613,,,UDP,1500,"1779594298.055613 IP (tos 0x0, ttl 64, id 38920, offset 0, flags [+], proto UDP (17), length 1500)"
1779594298.055964,,,UDP,30,"1779594298.055964 IP (tos 0x0, ttl 64, id 7580, offset 0, flags [DF], proto UDP (17), length 30)"
1779594298.056092,,,UDP,1500,"1779594298.056092 IP (tos 0x0, ttl 64, id 38921, offset 0, flags [+], proto UDP (17), length 1500)"
1779594298.056351,,,UDP,30,"1779594298.056351 IP (tos 0x0, ttl 64, id 7581, offset 0, flags [DF], proto UDP (17), length 30)"
1779594298.056475,,,UDP,1500,"1779594298.056475 IP (tos 0x0, ttl 64, id 38922, offset 0, flags [+], proto UDP (17), length 1500)"
1779594298.056777,,,UDP,30,"1779594298.056777 IP (tos 0x0, ttl 64, id 7582, offset 0, flags [DF], proto UDP (17), length 30)"
1779594298.056900,,,UDP,1500,"1779594298.056900 IP (tos 0x0, ttl 64, id 38923, offset 0, flags [+], proto UDP (17), length 1500)"
1779594298.057477,,,UDP,1500,"1779594298.057477 IP (tos 0x0, ttl 64, id 38924, offset 0, flags [+], proto UDP (17), length 1500)"
1779594298.057494,,,UDP,30,"1779594298.057494 IP (tos 0x0, ttl 64, id 7583, offset 0, flags [DF], proto UDP (17), length 30)"
1779594298.057883,,,UDP,1500,"1779594298.057883 IP (tos 0x0, ttl 64, id 38925, offset 0, flags [+], proto UDP (17), length 1500)"
1779594298.058201,,,UDP,30,"1779594298.058201 IP (tos 0x0, ttl 64, id 7584, offset 0, flags [DF], proto UDP (17), length 30)"
1779594298.058621,,,UDP,1500,"1779594298.058621 IP (tos 0x0, ttl 64, id 38926, offset 0, flags [+], proto UDP (17), length 1500)"
1779594298.065691,,,UDP,30,"1779594298.065691 IP (tos 0x0, ttl 64, id 7586, offset 0, flags [DF], proto UDP (17), length 30)"
1779594298.065911,,,UDP,30,"1779594298.065911 IP (tos 0x0, ttl 64, id 7587, offset 0, flags [DF], proto UDP (17), length 30)"
1779594298.066491,,,UDP,1500,"1779594298.066491 IP (tos 0x0, ttl 64, id 38928, offset 0, flags [+], proto UDP (17), length 1500)"
1779594298.066521,,,UDP,30,"1779594298.066521 IP (tos 0x0, ttl 64, id 7588, offset 0, flags [DF], proto UDP (17), length 30)"
1779594298.066846,,,UDP,30,"1779594298.066846 IP (tos 0x0, ttl 64, id 7589, offset 0, flags [DF], proto UDP (17), length 30)"
1779594298.066969,,,UDP,1500,"1779594298.066969 IP (tos 0x0, ttl 64, id 38929, offset 0, flags [+], proto UDP (17), length 1500)"
1779594298.067266,,,UDP,30,"1779594298.067266 IP (tos 0x0, ttl 64, id 7590, offset 0, flags [DF], proto UDP (17), length 30)"
1779594298.067476,,,UDP,1500,"1779594298.067476 IP (tos 0x0, ttl 64, id 38930, offset 0, flags [+], proto UDP (17), length 1500)"
1779594298.067807,,,UDP,30,"1779594298.067807 IP (tos 0x0, ttl 64, id 7591, offset 0, flags [DF], proto UDP (17), length 30)"
1779594298.067976,,,UDP,1500,"1779594298.067976 IP (tos 0x0, ttl 64, id 38931, offset 0, flags [+], proto UDP (17), length 1500)"
1779594298.068189,,,UDP,30,"1779594298.068189 IP (tos 0x0, ttl 64, id 7592, offset 0, flags [DF], proto UDP (17), length 30)"
1779594298.068439,,,UDP,1500,"1779594298.068439 IP (tos 0x0, ttl 64, id 38932, offset 0, flags [+], proto UDP (17), length 1500)"
1779594298.068919,,,UDP,30,"1779594298.068919 IP (tos 0x0, ttl 64, id 7593, offset 0, flags [DF], proto UDP (17), length 30)"
1779594298.068964,,,UDP,1500,"1779594298.068964 IP (tos 0x0, ttl 64, id 38933, offset 0, flags [+], proto UDP (17), length 1500)"
1779594298.069390,,,UDP,1500,"1779594298.069390 IP (tos 0x0, ttl 64, id 38934, offset 0, flags [+], proto UDP (17), length 1500)"
1779594298.069852,,,UDP,1500,"1779594298.069852 IP (tos 0x0, ttl 64, id 38935, offset 0, flags [+], proto UDP (17), length 1500)"
1779594298.076913,,,UDP,30,"1779594298.076913 IP (tos 0x0, ttl 64, id 7595, offset 0, flags [DF], proto UDP (17), length 30)"
1779594298.077443,,,UDP,30,"1779594298.077443 IP (tos 0x0, ttl 64, id 7596, offset 0, flags [DF], proto UDP (17), length 30)"
1779594298.077755,,,UDP,1500,"1779594298.077755 IP (tos 0x0, ttl 64, id 38936, offset 0, flags [+], proto UDP (17), length 1500)"
1779594298.077915,,,UDP,30,"1779594298.077915 IP (tos 0x0, ttl 64, id 7597, offset 0, flags [DF], proto UDP (17), length 30)"
1779594298.078465,,,UDP,30,"1779594298.078465 IP (tos 0x0, ttl 64, id 7598, offset 0, flags [DF], proto UDP (17), length 30)"
1779594298.078558,,,UDP,1500,"1779594298.078558 IP (tos 0x0, ttl 64, id 38937, offset 0, flags [+], proto UDP (17), length 1500)"
1779594298.078883,,,UDP,30,"1779594298.078883 IP (tos 0x0, ttl 64, id 7599, offset 0, flags [DF], proto UDP (17), length 30)"
1779594298.079248,,,UDP,1500,"1779594298.079248 IP (tos 0x0, ttl 64, id 38938, offset 0, flags [+], proto UDP (17), length 1500)"
1779594298.079361,,,UDP,30,"1779594298.079361 IP (tos 0x0, ttl 64, id 7600, offset 0, flags [DF], proto UDP (17), length 30)"
1779594298.079758,,,UDP,30,"1779594298.079758 IP (tos 0x0, ttl 64, id 7601, offset 0, flags [DF], proto UDP (17), length 30)"
1779594298.079777,,,UDP,1500,"1779594298.079777 IP (tos 0x0, ttl 64, id 38939, offset 0, flags [+], proto UDP (17), length 1500)"
1779594298.080257,,,UDP,30,"1779594298.080257 IP (tos 0x0, ttl 64, id 7602, offset 0, flags [DF], proto UDP (17), length 30)"
1779594298.080365,,,UDP,1500,"1779594298.080365 IP (tos 0x0, ttl 64, id 38940, offset 0, flags [+], proto UDP (17), length 1500)"
1779594298.081111,,,UDP,1500,"1779594298.081111 IP (tos 0x0, ttl 64, id 38941, offset 0, flags [+], proto UDP (17), length 1500)"
1779594298.081789,,,UDP,1500,"1779594298.081789 IP (tos 0x0, ttl 64, id 38942, offset 0, flags [+], proto UDP (17), length 1500)"
1779594298.082312,,,UDP,1500,"1779594298.082312 IP (tos 0x0, ttl 64, id 38943, offset 0, flags [+], proto UDP (17), length 1500)"
1779594298.088868,,,UDP,30,"1779594298.088868 IP (tos 0x0, ttl 64, id 7603, offset 0, flags [DF], proto UDP (17), length 30)"
1779594298.089046,,,UDP,30,"1779594298.089046 IP (tos 0x0, ttl 64, id 7604, offset 0, flags [DF], proto UDP (17), length 30)"
1779594298.089929,,,UDP,30,"1779594298.089929 IP (tos 0x0, ttl 64, id 7605, offset 0, flags [DF], proto UDP (17), length 30)"
1779594298.090174,,,UDP,1500,"1779594298.090174 IP (tos 0x0, ttl 64, id 38944, offset 0, flags [+], proto UDP (17), length 1500)"
1779594298.090446,,,UDP,30,"1779594298.090446 IP (tos 0x0, ttl 64, id 7606, offset 0, flags [DF], proto UDP (17), length 30)"
1779594298.090766,,,UDP,1500,"1779594298.090766 IP (tos 0x0, ttl 64, id 38945, offset 0, flags [+], proto UDP (17), length 1500)"
1779594298.091045,,,UDP,30,"1779594298.091045 IP (tos 0x0, ttl 64, id 7607, offset 0, flags [DF], proto UDP (17), length 30)"
1779594298.091291,,,UDP,1500,"1779594298.091291 IP (tos 0x0, ttl 64, id 38946, offset 0, flags [+], proto UDP (17), length 1500)"
1779594298.091817,,,UDP,30,"1779594298.091817 IP (tos 0x0, ttl 64, id 7608, offset 0, flags [DF], proto UDP (17), length 30)"
1779594298.092171,,,UDP,1500,"1779594298.092171 IP (tos 0x0, ttl 64, id 38947, offset 0, flags [+], proto UDP (17), length 1500)"
1779594298.092298,,,UDP,30,"1779594298.092298 IP (tos 0x0, ttl 64, id 7609, offset 0, flags [DF], proto UDP (17), length 30)"
1779594298.092654,,,UDP,1500,"1779594298.092654 IP (tos 0x0, ttl 64, id 38948, offset 0, flags [+], proto UDP (17), length 1500)"
1779594298.092850,,,UDP,30,"1779594298.092850 IP (tos 0x0, ttl 64, id 7610, offset 0, flags [DF], proto UDP (17), length 30)"
1779594298.093230,,,UDP,1500,"1779594298.093230 IP (tos 0x0, ttl 64, id 38949, offset 0, flags [+], proto UDP (17), length 1500)"
1779594298.093912,,,UDP,1500,"1779594298.093912 IP (tos 0x0, ttl 64, id 38950, offset 0, flags [+], proto UDP (17), length 1500)"
1779594298.094397,,,UDP,1500,"1779594298.094397 IP (tos 0x0, ttl 64, id 38951, offset 0, flags [+], proto UDP (17), length 1500)"
1779594298.100976,,,UDP,30,"1779594298.100976 IP (tos 0x0, ttl 64, id 7611, offset 0, flags [DF], proto UDP (17), length 30)"
1779594298.101435,,,UDP,30,"1779594298.101435 IP (tos 0x0, ttl 64, id 7612, offset 0, flags [DF], proto UDP (17), length 30)"
1779594298.101623,,,UDP,1500,"1779594298.101623 IP (tos 0x0, ttl 64, id 38952, offset 0, flags [+], proto UDP (17), length 1500)"
1779594298.101820,,,UDP,30,"1779594298.101820 IP (tos 0x0, ttl 64, id 7613, offset 0, flags [DF], proto UDP (17), length 30)"
1779594298.102134,,,UDP,1500,"1779594298.102134 IP (tos 0x0, ttl 64, id 38953, offset 0, flags [+], proto UDP (17), length 1500)"
1779594298.102710,,,UDP,30,"1779594298.102710 IP (tos 0x0, ttl 64, id 7614, offset 0, flags [DF], proto UDP (17), length 30)"
1779594298.102828,,,UDP,1500,"1779594298.102828 IP (tos 0x0, ttl 64, id 38954, offset 0, flags [+], proto UDP (17), length 1500)"
1779594298.103104,,,UDP,30,"1779594298.103104 IP (tos 0x0, ttl 64, id 7615, offset 0, flags [DF], proto UDP (17), length 30)"
1779594298.103245,,,UDP,1500,"1779594298.103245 IP (tos 0x0, ttl 64, id 38955, offset 0, flags [+], proto UDP (17), length 1500)"
1779594298.103699,,,UDP,1500,"1779594298.103699 IP (tos 0x0, ttl 64, id 38956, offset 0, flags [+], proto UDP (17), length 1500)"
1779594298.103839,,,UDP,30,"1779594298.103839 IP (tos 0x0, ttl 64, id 7616, offset 0, flags [DF], proto UDP (17), length 30)"
1779594298.104317,,,UDP,1500,"1779594298.104317 IP (tos 0x0, ttl 64, id 38957, offset 0, flags [+], proto UDP (17), length 1500)"
1779594298.104432,,,UDP,30,"1779594298.104432 IP (tos 0x0, ttl 64, id 7617, offset 0, flags [DF], proto UDP (17), length 30)"
1779594298.104841,,,UDP,30,"1779594298.104841 IP (tos 0x0, ttl 64, id 7618, offset 0, flags [DF], proto UDP (17), length 30)"
1779594298.105177,,,UDP,1500,"1779594298.105177 IP (tos 0x0, ttl 64, id 38958, offset 0, flags [+], proto UDP (17), length 1500)"
1779594298.105844,,,UDP,1500,"1779594298.105844 IP (tos 0x0, ttl 64, id 38959, offset 0, flags [+], proto UDP (17), length 1500)"
1779594298.112237,,,UDP,30,"1779594298.112237 IP (tos 0x0, ttl 64, id 7619, offset 0, flags [DF], proto UDP (17), length 30)"
1779594298.112647,,,UDP,30,"1779594298.112647 IP (tos 0x0, ttl 64, id 7620, offset 0, flags [DF], proto UDP (17), length 30)"
1779594298.113128,,,UDP,1500,"1779594298.113128 IP (tos 0x0, ttl 64, id 38961, offset 0, flags [+], proto UDP (17), length 1500)"
1779594298.113440,,,UDP,30,"1779594298.113440 IP (tos 0x0, ttl 64, id 7621, offset 0, flags [DF], proto UDP (17), length 30)"
1779594298.113727,,,UDP,30,"1779594298.113727 IP (tos 0x0, ttl 64, id 7622, offset 0, flags [DF], proto UDP (17), length 30)"
1779594298.113885,,,UDP,1500,"1779594298.113885 IP (tos 0x0, ttl 64, id 38962, offset 0, flags [+], proto UDP (17), length 1500)"
1779594298.114000,,,UDP,30,"1779594298.114000 IP (tos 0x0, ttl 64, id 7623, offset 0, flags [DF], proto UDP (17), length 30)"
1779594298.114621,,,UDP,1500,"1779594298.114621 IP (tos 0x0, ttl 64, id 38963, offset 0, flags [+], proto UDP (17), length 1500)"
1779594298.114966,,,UDP,30,"1779594298.114966 IP (tos 0x0, ttl 64, id 7624, offset 0, flags [DF], proto UDP (17), length 30)"
1779594298.115137,,,UDP,1500,"1779594298.115137 IP (tos 0x0, ttl 64, id 38964, offset 0, flags [+], proto UDP (17), length 1500)"
1779594298.115575,,,UDP,1500,"1779594298.115575 IP (tos 0x0, ttl 64, id 38965, offset 0, flags [+], proto UDP (17), length 1500)"
1779594298.115638,,,UDP,30,"1779594298.115638 IP (tos 0x0, ttl 64, id 7625, offset 0, flags [DF], proto UDP (17), length 30)"
1779594298.115995,,,UDP,1500,"1779594298.115995 IP (tos 0x0, ttl 64, id 38966, offset 0, flags [+], proto UDP (17), length 1500)"
1779594298.116444,,,UDP,30,"1779594298.116444 IP (tos 0x0, ttl 64, id 7626, offset 0, flags [DF], proto UDP (17), length 30)"
1779594298.116489,,,UDP,1500,"1779594298.116489 IP (tos 0x0, ttl 64, id 38967, offset 0, flags [+], proto UDP (17), length 1500)"
1779594298.116958,,,UDP,1500,"1779594298.116958 IP (tos 0x0, ttl 64, id 38968, offset 0, flags [+], proto UDP (17), length 1500)"
1779594298.123859,,,UDP,30,"1779594298.123859 IP (tos 0x0, ttl 64, id 7628, offset 0, flags [DF], proto UDP (17), length 30)"
1779594298.124521,,,UDP,1500,"1779594298.124521 IP (tos 0x0, ttl 64, id 38969, offset 0, flags [+], proto UDP (17), length 1500)"
1779594298.124598,,,UDP,30,"1779594298.124598 IP (tos 0x0, ttl 64, id 7629, offset 0, flags [DF], proto UDP (17), length 30)"
1779594298.125038,,,UDP,30,"1779594298.125038 IP (tos 0x0, ttl 64, id 7630, offset 0, flags [DF], proto UDP (17), length 30)"
1779594298.125151,,,UDP,1500,"1779594298.125151 IP (tos 0x0, ttl 64, id 38970, offset 0, flags [+], proto UDP (17), length 1500)"
1779594298.125609,,,UDP,30,"1779594298.125609 IP (tos 0x0, ttl 64, id 7631, offset 0, flags [DF], proto UDP (17), length 30)"
1779594298.125783,,,UDP,1500,"1779594298.125783 IP (tos 0x0, ttl 64, id 38971, offset 0, flags [+], proto UDP (17), length 1500)"
1779594298.126003,,,UDP,31,"1779594298.126003 IP (tos 0x0, ttl 64, id 7632, offset 0, flags [DF], proto UDP (17), length 31)"
1779594298.126511,,,UDP,1500,"1779594298.126511 IP (tos 0x0, ttl 64, id 38972, offset 0, flags [+], proto UDP (17), length 1500)"
1779594298.126659,,,UDP,31,"1779594298.126659 IP (tos 0x0, ttl 64, id 7633, offset 0, flags [DF], proto UDP (17), length 31)"
1779594298.126781,,,UDP,31,"1779594298.126781 IP (tos 0x0, ttl 64, id 7634, offset 0, flags [DF], proto UDP (17), length 31)"
1779594298.127133,,,UDP,1500,"1779594298.127133 IP (tos 0x0, ttl 64, id 38973, offset 0, flags [+], proto UDP (17), length 1500)"
1779594298.127263,,,UDP,31,"1779594298.127263 IP (tos 0x0, ttl 64, id 7635, offset 0, flags [DF], proto UDP (17), length 31)"
1779594298.127735,,,UDP,1500,"1779594298.127735 IP (tos 0x0, ttl 64, id 38974, offset 0, flags [+], proto UDP (17), length 1500)"
1779594298.128179,,,UDP,1500,"1779594298.128179 IP (tos 0x0, ttl 64, id 38975, offset 0, flags [+], proto UDP (17), length 1500)"
1779594298.128661,,,UDP,1500,"1779594298.128661 IP (tos 0x0, ttl 64, id 38976, offset 0, flags [+], proto UDP (17), length 1500)"
1779594298.135214,,,UDP,31,"1779594298.135214 IP (tos 0x0, ttl 64, id 7636, offset 0, flags [DF], proto UDP (17), length 31)"
1779594298.135677,,,UDP,31,"1779594298.135677 IP (tos 0x0, ttl 64, id 7637, offset 0, flags [DF], proto UDP (17), length 31)"
1779594298.135830,,,UDP,1500,"1779594298.135830 IP (tos 0x0, ttl 64, id 38978, offset 0, flags [+], proto UDP (17), length 1500)"
1779594298.136377,,,UDP,31,"1779594298.136377 IP (tos 0x0, ttl 64, id 7638, offset 0, flags [DF], proto UDP (17), length 31)"
1779594298.136529,,,UDP,1500,"1779594298.136529 IP (tos 0x0, ttl 64, id 38979, offset 0, flags [+], proto UDP (17), length 1500)"
1779594298.137134,,,UDP,31,"1779594298.137134 IP (tos 0x0, ttl 64, id 7639, offset 0, flags [DF], proto UDP (17), length 31)"
1779594298.137135,,,UDP,1500,"1779594298.137135 IP (tos 0x0, ttl 64, id 38980, offset 0, flags [+], proto UDP (17), length 1500)"
1779594298.137597,,,UDP,1500,"1779594298.137597 IP (tos 0x0, ttl 64, id 38981, offset 0, flags [+], proto UDP (17), length 1500)"
1779594298.137639,,,UDP,31,"1779594298.137639 IP (tos 0x0, ttl 64, id 7640, offset 0, flags [DF], proto UDP (17), length 31)"
1779594298.138097,,,UDP,1500,"1779594298.138097 IP (tos 0x0, ttl 64, id 38982, offset 0, flags [+], proto UDP (17), length 1500)"
1779594298.138151,,,UDP,31,"1779594298.138151 IP (tos 0x0, ttl 64, id 7641, offset 0, flags [DF], proto UDP (17), length 31)"
1779594298.138487,,,UDP,31,"1779594298.138487 IP (tos 0x0, ttl 64, id 7642, offset 0, flags [DF], proto UDP (17), length 31)"
1779594298.138613,,,UDP,1500,"1779594298.138613 IP (tos 0x0, ttl 64, id 38983, offset 0, flags [+], proto UDP (17), length 1500)"
1779594298.138995,,,UDP,31,"1779594298.138995 IP (tos 0x0, ttl 64, id 7643, offset 0, flags [DF], proto UDP (17), length 31)"
1779594298.138999,,,UDP,1500,"1779594298.138999 IP (tos 0x0, ttl 64, id 38984, offset 0, flags [+], proto UDP (17), length 1500)"
1779594298.139381,,,UDP,1500,"1779594298.139381 IP (tos 0x0, ttl 64, id 38985, offset 0, flags [+], proto UDP (17), length 1500)"
1779594298.146229,,,UDP,31,"1779594298.146229 IP (tos 0x0, ttl 64, id 7644, offset 0, flags [DF], proto UDP (17), length 31)"
1779594298.146768,,,UDP,1500,"1779594298.146768 IP (tos 0x0, ttl 64, id 38987, offset 0, flags [+], proto UDP (17), length 1500)"
1779594298.146952,,,UDP,31,"1779594298.146952 IP (tos 0x0, ttl 64, id 7645, offset 0, flags [DF], proto UDP (17), length 31)"
1779594298.147397,,,UDP,1500,"1779594298.147397 IP (tos 0x0, ttl 64, id 38988, offset 0, flags [+], proto UDP (17), length 1500)"
1779594298.147688,,,UDP,31,"1779594298.147688 IP (tos 0x0, ttl 64, id 7646, offset 0, flags [DF], proto UDP (17), length 31)"
1779594298.147867,,,UDP,31,"1779594298.147867 IP (tos 0x0, ttl 64, id 7647, offset 0, flags [DF], proto UDP (17), length 31)"
1779594298.148134,,,UDP,1500,"1779594298.148134 IP (tos 0x0, ttl 64, id 38989, offset 0, flags [+], proto UDP (17), length 1500)"
1779594298.148372,,,UDP,31,"1779594298.148372 IP (tos 0x0, ttl 64, id 7648, offset 0, flags [DF], proto UDP (17), length 31)"
1779594298.148525,,,UDP,1500,"1779594298.148525 IP (tos 0x0, ttl 64, id 38990, offset 0, flags [+], proto UDP (17), length 1500)"
1779594298.148885,,,UDP,31,"1779594298.148885 IP (tos 0x0, ttl 64, id 7649, offset 0, flags [DF], proto UDP (17), length 31)"
1779594298.148913,,,UDP,1500,"1779594298.148913 IP (tos 0x0, ttl 64, id 38991, offset 0, flags [+], proto UDP (17), length 1500)"
1779594298.149255,,,UDP,31,"1779594298.149255 IP (tos 0x0, ttl 64, id 7650, offset 0, flags [DF], proto UDP (17), length 31)"
1779594298.149286,,,UDP,1500,"1779594298.149286 IP (tos 0x0, ttl 64, id 38992, offset 0, flags [+], proto UDP (17), length 1500)"
1779594298.149654,,,UDP,31,"1779594298.149654 IP (tos 0x0, ttl 64, id 7651, offset 0, flags [DF], proto UDP (17), length 31)"
1779594298.149667,,,UDP,1500,"1779594298.149667 IP (tos 0x0, ttl 64, id 38993, offset 0, flags [+], proto UDP (17), length 1500)"
1779594298.150103,,,UDP,1500,"1779594298.150103 IP (tos 0x0, ttl 64, id 38994, offset 0, flags [+], proto UDP (17), length 1500)"
1779594298.157159,,,UDP,31,"1779594298.157159 IP (tos 0x0, ttl 64, id 7652, offset 0, flags [DF], proto UDP (17), length 31)"
1779594298.157691,,,UDP,31,"1779594298.157691 IP (tos 0x0, ttl 64, id 7653, offset 0, flags [DF], proto UDP (17), length 31)"
1779594298.157851,,,UDP,1500,"1779594298.157851 IP (tos 0x0, ttl 64, id 38996, offset 0, flags [+], proto UDP (17), length 1500)"
1779594298.158311,,,UDP,1500,"1779594298.158311 IP (tos 0x0, ttl 64, id 38997, offset 0, flags [+], proto UDP (17), length 1500)"
1779594298.158399,,,UDP,31,"1779594298.158399 IP (tos 0x0, ttl 64, id 7654, offset 0, flags [DF], proto UDP (17), length 31)"
1779594298.158789,,,UDP,31,"1779594298.158789 IP (tos 0x0, ttl 64, id 7655, offset 0, flags [DF], proto UDP (17), length 31)"
1779594298.158898,,,UDP,1500,"1779594298.158898 IP (tos 0x0, ttl 64, id 38998, offset 0, flags [+], proto UDP (17), length 1500)"
1779594298.159221,,,UDP,31,"1779594298.159221 IP (tos 0x0, ttl 64, id 7656, offset 0, flags [DF], proto UDP (17), length 31)"
1779594298.159360,,,UDP,1500,"1779594298.159360 IP (tos 0x0, ttl 64, id 38999, offset 0, flags [+], proto UDP (17), length 1500)"
1779594298.159619,,,UDP,31,"1779594298.159619 IP (tos 0x0, ttl 64, id 7657, offset 0, flags [DF], proto UDP (17), length 31)"
1779594298.159776,,,UDP,1500,"1779594298.159776 IP (tos 0x0, ttl 64, id 39000, offset 0, flags [+], proto UDP (17), length 1500)"
1779594298.160017,,,UDP,31,"1779594298.160017 IP (tos 0x0, ttl 64, id 7658, offset 0, flags [DF], proto UDP (17), length 31)"
1779594298.160235,,,UDP,1500,"1779594298.160235 IP (tos 0x0, ttl 64, id 39001, offset 0, flags [+], proto UDP (17), length 1500)"
1779594298.160538,,,UDP,31,"1779594298.160538 IP (tos 0x0, ttl 64, id 7659, offset 0, flags [DF], proto UDP (17), length 31)"
1779594298.160654,,,UDP,1500,"1779594298.160654 IP (tos 0x0, ttl 64, id 39002, offset 0, flags [+], proto UDP (17), length 1500)"
1779594298.161108,,,UDP,1500,"1779594298.161108 IP (tos 0x0, ttl 64, id 39003, offset 0, flags [+], proto UDP (17), length 1500)"
1779594298.168400,,,UDP,31,"1779594298.168400 IP (tos 0x0, ttl 64, id 7661, offset 0, flags [DF], proto UDP (17), length 31)"
1779594298.168648,,,UDP,31,"1779594298.168648 IP (tos 0x0, ttl 64, id 7662, offset 0, flags [DF], proto UDP (17), length 31)"
1779594298.168934,,,UDP,1500,"1779594298.168934 IP (tos 0x0, ttl 64, id 39005, offset 0, flags [+], proto UDP (17), length 1500)"
1779594298.169279,,,UDP,31,"1779594298.169279 IP (tos 0x0, ttl 64, id 7663, offset 0, flags [DF], proto UDP (17), length 31)"
1779594298.169337,,,UDP,1500,"1779594298.169337 IP (tos 0x0, ttl 64, id 39006, offset 0, flags [+], proto UDP (17), length 1500)"
1779594298.169711,,,UDP,31,"1779594298.169711 IP (tos 0x0, ttl 64, id 7664, offset 0, flags [DF], proto UDP (17), length 31)"
1779594298.169764,,,UDP,1500,"1779594298.169764 IP (tos 0x0, ttl 64, id 39007, offset 0, flags [+], proto UDP (17), length 1500)"
1779594298.170080,,,UDP,31,"1779594298.170080 IP (tos 0x0, ttl 64, id 7665, offset 0, flags [DF], proto UDP (17), length 31)"
1779594298.170151,,,UDP,1500,"1779594298.170151 IP (tos 0x0, ttl 64, id 39008, offset 0, flags [+], proto UDP (17), length 1500)"
1779594298.170521,,,UDP,31,"1779594298.170521 IP (tos 0x0, ttl 64, id 7666, offset 0, flags [DF], proto UDP (17), length 31)"
1779594298.170595,,,UDP,1500,"1779594298.170595 IP (tos 0x0, ttl 64, id 39009, offset 0, flags [+], proto UDP (17), length 1500)"
1779594298.170950,,,UDP,31,"1779594298.170950 IP (tos 0x0, ttl 64, id 7667, offset 0, flags [DF], proto UDP (17), length 31)"
1779594298.170998,,,UDP,1500,"1779594298.170998 IP (tos 0x0, ttl 64, id 39010, offset 0, flags [+], proto UDP (17), length 1500)"
1779594298.171404,,,UDP,31,"1779594298.171404 IP (tos 0x0, ttl 64, id 7668, offset 0, flags [DF], proto UDP (17), length 31)"
1779594298.171434,,,UDP,1500,"1779594298.171434 IP (tos 0x0, ttl 64, id 39011, offset 0, flags [+], proto UDP (17), length 1500)"
1779594298.171842,,,UDP,1500,"1779594298.171842 IP (tos 0x0, ttl 64, id 39012, offset 0, flags [+], proto UDP (17), length 1500)"
1779594298.179378,,,UDP,31,"1779594298.179378 IP (tos 0x0, ttl 64, id 7669, offset 0, flags [DF], proto UDP (17), length 31)"
1779594298.179874,,,UDP,31,"1779594298.179874 IP (tos 0x0, ttl 64, id 7670, offset 0, flags [DF], proto UDP (17), length 31)"
1779594298.180160,,,UDP,31,"1779594298.180160 IP (tos 0x0, ttl 64, id 7671, offset 0, flags [DF], proto UDP (17), length 31)"
1779594298.180168,,,UDP,1500,"1779594298.180168 IP (tos 0x0, ttl 64, id 39014, offset 0, flags [+], proto UDP (17), length 1500)"
1779594298.180497,,,UDP,31,"1779594298.180497 IP (tos 0x0, ttl 64, id 7672, offset 0, flags [DF], proto UDP (17), length 31)"
1779594298.180676,,,UDP,1500,"1779594298.180676 IP (tos 0x0, ttl 64, id 39015, offset 0, flags [+], proto UDP (17), length 1500)"
1779594298.180932,,,UDP,31,"1779594298.180932 IP (tos 0x0, ttl 64, id 7673, offset 0, flags [DF], proto UDP (17), length 31)"
1779594298.181181,,,UDP,1500,"1779594298.181181 IP (tos 0x0, ttl 64, id 39016, offset 0, flags [+], proto UDP (17), length 1500)"
1779594298.181306,,,UDP,31,"1779594298.181306 IP (tos 0x0, ttl 64, id 7674, offset 0, flags [DF], proto UDP (17), length 31)"
1779594298.181618,,,UDP,1500,"1779594298.181618 IP (tos 0x0, ttl 64, id 39017, offset 0, flags [+], proto UDP (17), length 1500)"
1779594298.181749,,,UDP,31,"1779594298.181749 IP (tos 0x0, ttl 64, id 7675, offset 0, flags [DF], proto UDP (17), length 31)"
1779594298.182040,,,UDP,1500,"1779594298.182040 IP (tos 0x0, ttl 64, id 39018, offset 0, flags [+], proto UDP (17), length 1500)"
1779594298.182116,,,UDP,31,"1779594298.182116 IP (tos 0x0, ttl 64, id 7676, offset 0, flags [DF], proto UDP (17), length 31)"
1779594298.182486,,,UDP,1500,"1779594298.182486 IP (tos 0x0, ttl 64, id 39019, offset 0, flags [+], proto UDP (17), length 1500)"
1779594298.182915,,,UDP,1500,"1779594298.182915 IP (tos 0x0, ttl 64, id 39020, offset 0, flags [+], proto UDP (17), length 1500)"
1779594298.183338,,,UDP,1500,"1779594298.183338 IP (tos 0x0, ttl 64, id 39021, offset 0, flags [+], proto UDP (17), length 1500)"
1779594298.190676,,,UDP,31,"1779594298.190676 IP (tos 0x0, ttl 64, id 7678, offset 0, flags [DF], proto UDP (17), length 31)"
1779594298.191088,,,UDP,31,"1779594298.191088 IP (tos 0x0, ttl 64, id 7679, offset 0, flags [DF], proto UDP (17), length 31)"
1779594298.191165,,,UDP,1500,"1779594298.191165 IP (tos 0x0, ttl 64, id 39022, offset 0, flags [+], proto UDP (17), length 1500)"
1779594298.191534,,,UDP,31,"1779594298.191534 IP (tos 0x0, ttl 64, id 7680, offset 0, flags [DF], proto UDP (17), length 31)"
1779594298.191588,,,UDP,1500,"1779594298.191588 IP (tos 0x0, ttl 64, id 39023, offset 0, flags [+], proto UDP (17), length 1500)"
1779594298.192017,,,UDP,31,"1779594298.192017 IP (tos 0x0, ttl 64, id 7681, offset 0, flags [DF], proto UDP (17), length 31)"
1779594298.192073,,,UDP,1500,"1779594298.192073 IP (tos 0x0, ttl 64, id 39024, offset 0, flags [+], proto UDP (17), length 1500)"
1779594298.192415,,,UDP,31,"1779594298.192415 IP (tos 0x0, ttl 64, id 7682, offset 0, flags [DF], proto UDP (17), length 31)"
1779594298.192551,,,UDP,1500,"1779594298.192551 IP (tos 0x0, ttl 64, id 39025, offset 0, flags [+], proto UDP (17), length 1500)"
1779594298.192837,,,UDP,31,"1779594298.192837 IP (tos 0x0, ttl 64, id 7683, offset 0, flags [DF], proto UDP (17), length 31)"
1779594298.192999,,,UDP,1500,"1779594298.192999 IP (tos 0x0, ttl 64, id 39026, offset 0, flags [+], proto UDP (17), length 1500)"
1779594298.193247,,,UDP,31,"1779594298.193247 IP (tos 0x0, ttl 64, id 7684, offset 0, flags [DF], proto UDP (17), length 31)"
1779594298.193419,,,UDP,1500,"1779594298.193419 IP (tos 0x0, ttl 64, id 39027, offset 0, flags [+], proto UDP (17), length 1500)"
1779594298.193629,,,UDP,31,"1779594298.193629 IP (tos 0x0, ttl 64, id 7685, offset 0, flags [DF], proto UDP (17), length 31)"
1779594298.193846,,,UDP,1500,"1779594298.193846 IP (tos 0x0, ttl 64, id 39028, offset 0, flags [+], proto UDP (17), length 1500)"
1779594298.194269,,,UDP,1500,"1779594298.194269 IP (tos 0x0, ttl 64, id 39029, offset 0, flags [+], proto UDP (17), length 1500)"
1779594298.201764,,,UDP,31,"1779594298.201764 IP (tos 0x0, ttl 64, id 7687, offset 0, flags [DF], proto UDP (17), length 31)"
1779594298.201991,,,UDP,31,"1779594298.201991 IP (tos 0x0, ttl 64, id 7688, offset 0, flags [DF], proto UDP (17), length 31)"
1779594298.202406,,,UDP,1500,"1779594298.202406 IP (tos 0x0, ttl 64, id 39031, offset 0, flags [+], proto UDP (17), length 1500)"
1779594298.202512,,,UDP,31,"1779594298.202512 IP (tos 0x0, ttl 64, id 7689, offset 0, flags [DF], proto UDP (17), length 31)"
1779594298.202985,,,UDP,31,"1779594298.202985 IP (tos 0x0, ttl 64, id 7690, offset 0, flags [DF], proto UDP (17), length 31)"
1779594298.203062,,,UDP,1500,"1779594298.203062 IP (tos 0x0, ttl 64, id 39032, offset 0, flags [+], proto UDP (17), length 1500)"
1779594298.203373,,,UDP,31,"1779594298.203373 IP (tos 0x0, ttl 64, id 7691, offset 0, flags [DF], proto UDP (17), length 31)"
1779594298.203582,,,UDP,1500,"1779594298.203582 IP (tos 0x0, ttl 64, id 39033, offset 0, flags [+], proto UDP (17), length 1500)"
1779594298.203857,,,UDP,31,"1779594298.203857 IP (tos 0x0, ttl 64, id 7692, offset 0, flags [DF], proto UDP (17), length 31)"
1779594298.204127,,,UDP,1500,"1779594298.204127 IP (tos 0x0, ttl 64, id 39034, offset 0, flags [+], proto UDP (17), length 1500)"
1779594298.204139,,,UDP,31,"1779594298.204139 IP (tos 0x0, ttl 64, id 7693, offset 0, flags [DF], proto UDP (17), length 31)"
1779594298.204598,,,UDP,31,"1779594298.204598 IP (tos 0x0, ttl 64, id 7694, offset 0, flags [DF], proto UDP (17), length 31)"
1779594298.204826,,,UDP,1500,"1779594298.204826 IP (tos 0x0, ttl 64, id 39035, offset 0, flags [+], proto UDP (17), length 1500)"
1779594298.205536,,,UDP,1500,"1779594298.205536 IP (tos 0x0, ttl 64, id 39036, offset 0, flags [+], proto UDP (17), length 1500)"
1779594298.206002,,,UDP,1500,"1779594298.206002 IP (tos 0x0, ttl 64, id 39037, offset 0, flags [+], proto UDP (17), length 1500)"
1779594298.206491,,,UDP,1500,"1779594298.206491 IP (tos 0x0, ttl 64, id 39038, offset 0, flags [+], proto UDP (17), length 1500)"
1779594298.213491,,,UDP,31,"1779594298.213491 IP (tos 0x0, ttl 64, id 7696, offset 0, flags [DF], proto UDP (17), length 31)"
1779594298.213589,,,UDP,31,"1779594298.213589 IP (tos 0x0, ttl 64, id 7697, offset 0, flags [DF], proto UDP (17), length 31)"
1779594298.214284,,,UDP,31,"1779594298.214284 IP (tos 0x0, ttl 64, id 7698, offset 0, flags [DF], proto UDP (17), length 31)"
1779594298.214709,,,UDP,1500,"1779594298.214709 IP (tos 0x0, ttl 64, id 39039, offset 0, flags [+], proto UDP (17), length 1500)"
1779594298.214758,,,UDP,31,"1779594298.214758 IP (tos 0x0, ttl 64, id 7699, offset 0, flags [DF], proto UDP (17), length 31)"
1779594298.215438,,,UDP,31,"1779594298.215438 IP (tos 0x0, ttl 64, id 7700, offset 0, flags [DF], proto UDP (17), length 31)"
1779594298.215758,,,UDP,1500,"1779594298.215758 IP (tos 0x0, ttl 64, id 39040, offset 0, flags [+], proto UDP (17), length 1500)"
1779594298.216093,,,UDP,31,"1779594298.216093 IP (tos 0x0, ttl 64, id 7701, offset 0, flags [DF], proto UDP (17), length 31)"
1779594298.216397,,,UDP,31,"1779594298.216397 IP (tos 0x0, ttl 64, id 7702, offset 0, flags [DF], proto UDP (17), length 31)"
1779594298.216644,,,UDP,1500,"1779594298.216644 IP (tos 0x0, ttl 64, id 39041, offset 0, flags [+], proto UDP (17), length 1500)"
1779594298.216857,,,UDP,31,"1779594298.216857 IP (tos 0x0, ttl 64, id 7703, offset 0, flags [DF], proto UDP (17), length 31)"
1779594298.217512,,,UDP,1500,"1779594298.217512 IP (tos 0x0, ttl 64, id 39042, offset 0, flags [+], proto UDP (17), length 1500)"
1779594298.218328,,,UDP,1500,"1779594298.218328 IP (tos 0x0, ttl 64, id 39043, offset 0, flags [+], proto UDP (17), length 1500)"
1779594298.219049,,,UDP,1500,"1779594298.219049 IP (tos 0x0, ttl 64, id 39044, offset 0, flags [+], proto UDP (17), length 1500)"
1779594298.219893,,,UDP,1500,"1779594298.219893 IP (tos 0x0, ttl 64, id 39045, offset 0, flags [+], proto UDP (17), length 1500)"
1779594298.220642,,,UDP,1500,"1779594298.220642 IP (tos 0x0, ttl 64, id 39046, offset 0, flags [+], proto UDP (17), length 1500)"
1779594298.225785,,,UDP,31,"1779594298.225785 IP (tos 0x0, ttl 64, id 7705, offset 0, flags [DF], proto UDP (17), length 31)"
1779594298.226820,,,UDP,31,"1779594298.226820 IP (tos 0x0, ttl 64, id 7706, offset 0, flags [DF], proto UDP (17), length 31)"
1779594298.227495,,,UDP,1500,"1779594298.227495 IP (tos 0x0, ttl 64, id 39048, offset 0, flags [+], proto UDP (17), length 1500)"
1779594298.227578,,,UDP,31,"1779594298.227578 IP (tos 0x0, ttl 64, id 7707, offset 0, flags [DF], proto UDP (17), length 31)"
1779594298.228333,,,UDP,31,"1779594298.228333 IP (tos 0x0, ttl 64, id 7708, offset 0, flags [DF], proto UDP (17), length 31)"
1779594298.228505,,,UDP,1500,"1779594298.228505 IP (tos 0x0, ttl 64, id 39049, offset 0, flags [+], proto UDP (17), length 1500)"
1779594298.229111,,,UDP,31,"1779594298.229111 IP (tos 0x0, ttl 64, id 7709, offset 0, flags [DF], proto UDP (17), length 31)"
1779594298.229379,,,UDP,1500,"1779594298.229379 IP (tos 0x0, ttl 64, id 39050, offset 0, flags [+], proto UDP (17), length 1500)"
1779594298.229703,,,UDP,31,"1779594298.229703 IP (tos 0x0, ttl 64, id 7710, offset 0, flags [DF], proto UDP (17), length 31)"
1779594298.230240,,,UDP,1500,"1779594298.230240 IP (tos 0x0, ttl 64, id 39051, offset 0, flags [+], proto UDP (17), length 1500)"
1779594298.230716,,,UDP,31,"1779594298.230716 IP (tos 0x0, ttl 64, id 7711, offset 0, flags [DF], proto UDP (17), length 31)"
1779594298.230998,,,UDP,1500,"1779594298.230998 IP (tos 0x0, ttl 64, id 39052, offset 0, flags [+], proto UDP (17), length 1500)"
1779594298.231315,,,UDP,31,"1779594298.231315 IP (tos 0x0, ttl 64, id 7712, offset 0, flags [DF], proto UDP (17), length 31)"
1779594298.231795,,,UDP,1500,"1779594298.231795 IP (tos 0x0, ttl 64, id 39053, offset 0, flags [+], proto UDP (17), length 1500)"
1779594298.232602,,,UDP,1500,"1779594298.232602 IP (tos 0x0, ttl 64, id 39054, offset 0, flags [+], proto UDP (17), length 1500)"
1779594298.233295,,,UDP,1500,"1779594298.233295 IP (tos 0x0, ttl 64, id 39055, offset 0, flags [+], proto UDP (17), length 1500)"
1779594298.238682,,,UDP,31,"1779594298.238682 IP (tos 0x0, ttl 64, id 7713, offset 0, flags [DF], proto UDP (17), length 31)"
1779594298.239337,,,UDP,31,"1779594298.239337 IP (tos 0x0, ttl 64, id 7714, offset 0, flags [DF], proto UDP (17), length 31)"
1779594298.239716,,,UDP,1500,"1779594298.239716 IP (tos 0x0, ttl 64, id 39056, offset 0, flags [+], proto UDP (17), length 1500)"
1779594298.240120,,,UDP,31,"1779594298.240120 IP (tos 0x0, ttl 64, id 7715, offset 0, flags [DF], proto UDP (17), length 31)"
1779594298.240632,,,UDP,1500,"1779594298.240632 IP (tos 0x0, ttl 64, id 39057, offset 0, flags [+], proto UDP (17), length 1500)"
1779594298.241083,,,UDP,31,"1779594298.241083 IP (tos 0x0, ttl 64, id 7716, offset 0, flags [DF], proto UDP (17), length 31)"
1779594298.241451,,,UDP,1500,"1779594298.241451 IP (tos 0x0, ttl 64, id 39058, offset 0, flags [+], proto UDP (17), length 1500)"
1779594298.241760,,,UDP,31,"1779594298.241760 IP (tos 0x0, ttl 64, id 7717, offset 0, flags [DF], proto UDP (17), length 31)"
1779594298.242251,,,UDP,1500,"1779594298.242251 IP (tos 0x0, ttl 64, id 39059, offset 0, flags [+], proto UDP (17), length 1500)"
1779594298.242562,,,UDP,31,"1779594298.242562 IP (tos 0x0, ttl 64, id 7718, offset 0, flags [DF], proto UDP (17), length 31)"
1779594298.242971,,,UDP,1500,"1779594298.242971 IP (tos 0x0, ttl 64, id 39060, offset 0, flags [+], proto UDP (17), length 1500)"
1779594298.243358,,,UDP,31,"1779594298.243358 IP (tos 0x0, ttl 64, id 7719, offset 0, flags [DF], proto UDP (17), length 31)"
1779594298.243673,,,UDP,1500,"1779594298.243673 IP (tos 0x0, ttl 64, id 39061, offset 0, flags [+], proto UDP (17), length 1500)"
1779594298.244038,,,UDP,31,"1779594298.244038 IP (tos 0x0, ttl 64, id 7720, offset 0, flags [DF], proto UDP (17), length 31)"
1779594298.244290,,,UDP,1500,"1779594298.244290 IP (tos 0x0, ttl 64, id 39062, offset 0, flags [+], proto UDP (17), length 1500)"
1779594298.244963,,,UDP,1500,"1779594298.244963 IP (tos 0x0, ttl 64, id 39063, offset 0, flags [+], proto UDP (17), length 1500)"
1779594298.250733,,,UDP,31,"1779594298.250733 IP (tos 0x0, ttl 64, id 7721, offset 0, flags [DF], proto UDP (17), length 31)"
1779594298.251311,,,UDP,31,"1779594298.251311 IP (tos 0x0, ttl 64, id 7722, offset 0, flags [DF], proto UDP (17), length 31)"
1779594298.251573,,,UDP,1500,"1779594298.251573 IP (tos 0x0, ttl 64, id 39064, offset 0, flags [+], proto UDP (17), length 1500)"
1779594298.252119,,,UDP,31,"1779594298.252119 IP (tos 0x0, ttl 64, id 7723, offset 0, flags [DF], proto UDP (17), length 31)"
1779594298.252188,,,UDP,1500,"1779594298.252188 IP (tos 0x0, ttl 64, id 39065, offset 0, flags [+], proto UDP (17), length 1500)"
1779594298.252825,,,UDP,31,"1779594298.252825 IP (tos 0x0, ttl 64, id 7724, offset 0, flags [DF], proto UDP (17), length 31)"
1779594298.252876,,,UDP,1500,"1779594298.252876 IP (tos 0x0, ttl 64, id 39066, offset 0, flags [+], proto UDP (17), length 1500)"
1779594298.253430,,,UDP,1500,"1779594298.253430 IP (tos 0x0, ttl 64, id 39067, offset 0, flags [+], proto UDP (17), length 1500)"
1779594298.253495,,,UDP,31,"1779594298.253495 IP (tos 0x0, ttl 64, id 7725, offset 0, flags [DF], proto UDP (17), length 31)"
1779594298.254017,,,UDP,1500,"1779594298.254017 IP (tos 0x0, ttl 64, id 39068, offset 0, flags [+], proto UDP (17), length 1500)"
1779594298.254320,,,UDP,31,"1779594298.254320 IP (tos 0x0, ttl 64, id 7726, offset 0, flags [DF], proto UDP (17), length 31)"
1779594298.254877,,,UDP,31,"1779594298.254877 IP (tos 0x0, ttl 64, id 7727, offset 0, flags [DF], proto UDP (17), length 31)"
1779594298.254895,,,UDP,1500,"1779594298.254895 IP (tos 0x0, ttl 64, id 39069, offset 0, flags [+], proto UDP (17), length 1500)"
1779594298.255406,,,UDP,31,"1779594298.255406 IP (tos 0x0, ttl 64, id 7728, offset 0, flags [DF], proto UDP (17), length 31)"
1779594298.255408,,,UDP,1500,"1779594298.255408 IP (tos 0x0, ttl 64, id 39070, offset 0, flags [+], proto UDP (17), length 1500)"
1779594298.256050,,,UDP,1500,"1779594298.256050 IP (tos 0x0, ttl 64, id 39071, offset 0, flags [+], proto UDP (17), length 1500)"
1779594298.262567,,,UDP,31,"1779594298.262567 IP (tos 0x0, ttl 64, id 7729, offset 0, flags [DF], proto UDP (17), length 31)"
1779594298.262906,,,UDP,31,"1779594298.262906 IP (tos 0x0, ttl 64, id 7730, offset 0, flags [DF], proto UDP (17), length 31)"
1779594298.263300,,,UDP,31,"1779594298.263300 IP (tos 0x0, ttl 64, id 7731, offset 0, flags [DF], proto UDP (17), length 31)"
1779594298.263477,,,UDP,1500,"1779594298.263477 IP (tos 0x0, ttl 64, id 39072, offset 0, flags [+], proto UDP (17), length 1500)"
1779594298.263964,,,UDP,31,"1779594298.263964 IP (tos 0x0, ttl 64, id 7732, offset 0, flags [DF], proto UDP (17), length 31)"
1779594298.264063,,,UDP,1500,"1779594298.264063 IP (tos 0x0, ttl 64, id 39073, offset 0, flags [+], proto UDP (17), length 1500)"
1779594298.264616,,,UDP,1500,"1779594298.264616 IP (tos 0x0, ttl 64, id 39074, offset 0, flags [+], proto UDP (17), length 1500)"
1779594298.264619,,,UDP,31,"1779594298.264619 IP (tos 0x0, ttl 64, id 7733, offset 0, flags [DF], proto UDP (17), length 31)"
1779594298.265166,,,UDP,1500,"1779594298.265166 IP (tos 0x0, ttl 64, id 39075, offset 0, flags [+], proto UDP (17), length 1500)"
1779594298.265316,,,UDP,31,"1779594298.265316 IP (tos 0x0, ttl 64, id 7734, offset 0, flags [DF], proto UDP (17), length 31)"
1779594298.265621,,,UDP,1500,"1779594298.265621 IP (tos 0x0, ttl 64, id 39076, offset 0, flags [+], proto UDP (17), length 1500)"
1779594298.265797,,,UDP,31,"1779594298.265797 IP (tos 0x0, ttl 64, id 7735, offset 0, flags [DF], proto UDP (17), length 31)"
1779594298.266080,,,UDP,1500,"1779594298.266080 IP (tos 0x0, ttl 64, id 39077, offset 0, flags [+], proto UDP (17), length 1500)"
1779594298.266694,,,UDP,31,"1779594298.266694 IP (tos 0x0, ttl 64, id 7736, offset 0, flags [DF], proto UDP (17), length 31)"
1779594298.266842,,,UDP,1500,"1779594298.266842 IP (tos 0x0, ttl 64, id 39078, offset 0, flags [+], proto UDP (17), length 1500)"
1779594298.267400,,,UDP,1500,"1779594298.267400 IP (tos 0x0, ttl 64, id 39079, offset 0, flags [+], proto UDP (17), length 1500)"
1779594298.274389,,,UDP,31,"1779594298.274389 IP (tos 0x0, ttl 64, id 7738, offset 0, flags [DF], proto UDP (17), length 31)"
1779594298.274483,,,UDP,31,"1779594298.274483 IP (tos 0x0, ttl 64, id 7739, offset 0, flags [DF], proto UDP (17), length 31)"
1779594298.275192,,,UDP,31,"1779594298.275192 IP (tos 0x0, ttl 64, id 7740, offset 0, flags [DF], proto UDP (17), length 31)"
1779594298.275717,,,UDP,1500,"1779594298.275717 IP (tos 0x0, ttl 64, id 39081, offset 0, flags [+], proto UDP (17), length 1500)"
1779594298.275738,,,UDP,31,"1779594298.275738 IP (tos 0x0, ttl 64, id 7741, offset 0, flags [DF], proto UDP (17), length 31)"
1779594298.276001,,,UDP,31,"1779594298.276001 IP (tos 0x0, ttl 64, id 7742, offset 0, flags [DF], proto UDP (17), length 31)"
1779594298.276556,,,UDP,1500,"1779594298.276556 IP (tos 0x0, ttl 64, id 39082, offset 0, flags [+], proto UDP (17), length 1500)"
1779594298.276743,,,UDP,31,"1779594298.276743 IP (tos 0x0, ttl 64, id 7743, offset 0, flags [DF], proto UDP (17), length 31)"
1779594298.277283,,,UDP,1500,"1779594298.277283 IP (tos 0x0, ttl 64, id 39083, offset 0, flags [+], proto UDP (17), length 1500)"
1779594298.277373,,,UDP,31,"1779594298.277373 IP (tos 0x0, ttl 64, id 7744, offset 0, flags [DF], proto UDP (17), length 31)"
1779594298.277996,,,UDP,1500,"1779594298.277996 IP (tos 0x0, ttl 64, id 39084, offset 0, flags [+], proto UDP (17), length 1500)"
1779594298.278116,,,UDP,31,"1779594298.278116 IP (tos 0x0, ttl 64, id 7745, offset 0, flags [DF], proto UDP (17), length 31)"
1779594298.278646,,,UDP,1500,"1779594298.278646 IP (tos 0x0, ttl 64, id 39085, offset 0, flags [+], proto UDP (17), length 1500)"
1779594298.279110,,,UDP,1500,"1779594298.279110 IP (tos 0x0, ttl 64, id 39086, offset 0, flags [+], proto UDP (17), length 1500)"
1779594298.279594,,,UDP,1500,"1779594298.279594 IP (tos 0x0, ttl 64, id 39087, offset 0, flags [+], proto UDP (17), length 1500)"
1779594298.280057,,,UDP,1500,"1779594298.280057 IP (tos 0x0, ttl 64, id 39088, offset 0, flags [+], proto UDP (17), length 1500)"
1779594298.286495,,,UDP,31,"1779594298.286495 IP (tos 0x0, ttl 64, id 7746, offset 0, flags [DF], proto UDP (17), length 31)"
1779594298.287302,,,UDP,31,"1779594298.287302 IP (tos 0x0, ttl 64, id 7747, offset 0, flags [DF], proto UDP (17), length 31)"
1779594298.287620,,,UDP,1500,"1779594298.287620 IP (tos 0x0, ttl 64, id 39090, offset 0, flags [+], proto UDP (17), length 1500)"
1779594298.287980,,,UDP,31,"1779594298.287980 IP (tos 0x0, ttl 64, id 7748, offset 0, flags [DF], proto UDP (17), length 31)"
1779594298.288407,,,UDP,1500,"1779594298.288407 IP (tos 0x0, ttl 64, id 39091, offset 0, flags [+], proto UDP (17), length 1500)"
1779594298.288711,,,UDP,31,"1779594298.288711 IP (tos 0x0, ttl 64, id 7749, offset 0, flags [DF], proto UDP (17), length 31)"
1779594298.289249,,,UDP,31,"1779594298.289249 IP (tos 0x0, ttl 64, id 7750, offset 0, flags [DF], proto UDP (17), length 31)"
1779594298.289413,,,UDP,1500,"1779594298.289413 IP (tos 0x0, ttl 64, id 39092, offset 0, flags [+], proto UDP (17), length 1500)"
1779594298.289557,,,UDP,31,"1779594298.289557 IP (tos 0x0, ttl 64, id 7751, offset 0, flags [DF], proto UDP (17), length 31)"
1779594298.290043,,,UDP,31,"1779594298.290043 IP (tos 0x0, ttl 64, id 7752, offset 0, flags [DF], proto UDP (17), length 31)"
1779594298.290060,,,UDP,1500,"1779594298.290060 IP (tos 0x0, ttl 64, id 39093, offset 0, flags [+], proto UDP (17), length 1500)"
1779594298.290614,,,UDP,31,"1779594298.290614 IP (tos 0x0, ttl 64, id 7753, offset 0, flags [DF], proto UDP (17), length 31)"
1779594298.290621,,,UDP,1500,"1779594298.290621 IP (tos 0x0, ttl 64, id 39094, offset 0, flags [+], proto UDP (17), length 1500)"
1779594298.291224,,,UDP,1500,"1779594298.291224 IP (tos 0x0, ttl 64, id 39095, offset 0, flags [+], proto UDP (17), length 1500)"
1779594298.291826,,,UDP,1500,"1779594298.291826 IP (tos 0x0, ttl 64, id 39096, offset 0, flags [+], proto UDP (17), length 1500)"
1779594298.292381,,,UDP,1500,"1779594298.292381 IP (tos 0x0, ttl 64, id 39097, offset 0, flags [+], proto UDP (17), length 1500)"
1779594298.298686,,,UDP,31,"1779594298.298686 IP (tos 0x0, ttl 64, id 7755, offset 0, flags [DF], proto UDP (17), length 31)"
1779594298.299098,,,UDP,31,"1779594298.299098 IP (tos 0x0, ttl 64, id 7756, offset 0, flags [DF], proto UDP (17), length 31)"
1779594298.300270,,,UDP,31,"1779594298.300270 IP (tos 0x0, ttl 64, id 7757, offset 0, flags [DF], proto UDP (17), length 31)"
1779594298.300389,,,UDP,1500,"1779594298.300389 IP (tos 0x0, ttl 64, id 39098, offset 0, flags [+], proto UDP (17), length 1500)"
1779594298.300689,,,UDP,31,"1779594298.300689 IP (tos 0x0, ttl 64, id 7758, offset 0, flags [DF], proto UDP (17), length 31)"
1779594298.301085,,,UDP,31,"1779594298.301085 IP (tos 0x0, ttl 64, id 7759, offset 0, flags [DF], proto UDP (17), length 31)"
1779594298.301502,,,UDP,1500,"1779594298.301502 IP (tos 0x0, ttl 64, id 39099, offset 0, flags [+], proto UDP (17), length 1500)"
1779594298.301796,,,UDP,31,"1779594298.301796 IP (tos 0x0, ttl 64, id 7760, offset 0, flags [DF], proto UDP (17), length 31)"
1779594298.302298,,,UDP,1500,"1779594298.302298 IP (tos 0x0, ttl 64, id 39100, offset 0, flags [+], proto UDP (17), length 1500)"
1779594298.302426,,,UDP,31,"1779594298.302426 IP (tos 0x0, ttl 64, id 7761, offset 0, flags [DF], proto UDP (17), length 31)"
1779594298.302920,,,UDP,31,"1779594298.302920 IP (tos 0x0, ttl 64, id 7762, offset 0, flags [DF], proto UDP (17), length 31)"
1779594298.303294,,,UDP,1500,"1779594298.303294 IP (tos 0x0, ttl 64, id 39101, offset 0, flags [+], proto UDP (17), length 1500)"
1779594298.304013,,,UDP,1500,"1779594298.304013 IP (tos 0x0, ttl 64, id 39102, offset 0, flags [+], proto UDP (17), length 1500)"
1779594298.304899,,,UDP,1500,"1779594298.304899 IP (tos 0x0, ttl 64, id 39103, offset 0, flags [+], proto UDP (17), length 1500)"
1779594298.305640,,,UDP,1500,"1779594298.305640 IP (tos 0x0, ttl 64, id 39104, offset 0, flags [+], proto UDP (17), length 1500)"
1779594298.306304,,,UDP,1500,"1779594298.306304 IP (tos 0x0, ttl 64, id 39105, offset 0, flags [+], proto UDP (17), length 1500)"
1779594298.311569,,,UDP,31,"1779594298.311569 IP (tos 0x0, ttl 64, id 7763, offset 0, flags [DF], proto UDP (17), length 31)"
1779594298.312214,,,UDP,31,"1779594298.312214 IP (tos 0x0, ttl 64, id 7764, offset 0, flags [DF], proto UDP (17), length 31)"
1779594298.312978,,,UDP,1500,"1779594298.312978 IP (tos 0x0, ttl 64, id 39107, offset 0, flags [+], proto UDP (17), length 1500)"
1779594298.312983,,,UDP,31,"1779594298.312983 IP (tos 0x0, ttl 64, id 7765, offset 0, flags [DF], proto UDP (17), length 31)"
1779594298.313714,,,UDP,1500,"1779594298.313714 IP (tos 0x0, ttl 64, id 39108, offset 0, flags [+], proto UDP (17), length 1500)"
1779594298.313858,,,UDP,31,"1779594298.313858 IP (tos 0x0, ttl 64, id 7766, offset 0, flags [DF], proto UDP (17), length 31)"
1779594298.314378,,,UDP,1500,"1779594298.314378 IP (tos 0x0, ttl 64, id 39109, offset 0, flags [+], proto UDP (17), length 1500)"
1779594298.314693,,,UDP,31,"1779594298.314693 IP (tos 0x0, ttl 64, id 7767, offset 0, flags [DF], proto UDP (17), length 31)"
1779594298.315084,,,UDP,1500,"1779594298.315084 IP (tos 0x0, ttl 64, id 39110, offset 0, flags [+], proto UDP (17), length 1500)"
1779594298.315550,,,UDP,31,"1779594298.315550 IP (tos 0x0, ttl 64, id 7768, offset 0, flags [DF], proto UDP (17), length 31)"
1779594298.315932,,,UDP,1500,"1779594298.315932 IP (tos 0x0, ttl 64, id 39111, offset 0, flags [+], proto UDP (17), length 1500)"
1779594298.316095,,,UDP,31,"1779594298.316095 IP (tos 0x0, ttl 64, id 7769, offset 0, flags [DF], proto UDP (17), length 31)"
1779594298.316882,,,UDP,1500,"1779594298.316882 IP (tos 0x0, ttl 64, id 39112, offset 0, flags [+], proto UDP (17), length 1500)"
1779594298.316942,,,UDP,31,"1779594298.316942 IP (tos 0x0, ttl 64, id 7770, offset 0, flags [DF], proto UDP (17), length 31)"
1779594298.317468,,,UDP,1500,"1779594298.317468 IP (tos 0x0, ttl 64, id 39113, offset 0, flags [+], proto UDP (17), length 1500)"
1779594298.318024,,,UDP,1500,"1779594298.318024 IP (tos 0x0, ttl 64, id 39114, offset 0, flags [+], proto UDP (17), length 1500)"
1779594298.323736,,,UDP,31,"1779594298.323736 IP (tos 0x0, ttl 64, id 7771, offset 0, flags [DF], proto UDP (17), length 31)"
1779594298.324424,,,UDP,31,"1779594298.324424 IP (tos 0x0, ttl 64, id 7772, offset 0, flags [DF], proto UDP (17), length 31)"
1779594298.324678,,,UDP,1500,"1779594298.324678 IP (tos 0x0, ttl 64, id 39115, offset 0, flags [+], proto UDP (17), length 1500)"
1779594298.324936,,,UDP,31,"1779594298.324936 IP (tos 0x0, ttl 64, id 7773, offset 0, flags [DF], proto UDP (17), length 31)"
1779594298.325710,,,UDP,31,"1779594298.325710 IP (tos 0x0, ttl 64, id 7774, offset 0, flags [DF], proto UDP (17), length 31)"
1779594298.325874,,,UDP,1500,"1779594298.325874 IP (tos 0x0, ttl 64, id 39116, offset 0, flags [+], proto UDP (17), length 1500)"
1779594298.326670,,,UDP,1500,"1779594298.326670 IP (tos 0x0, ttl 64, id 39117, offset 0, flags [+], proto UDP (17), length 1500)"
1779594298.326882,,,UDP,31,"1779594298.326882 IP (tos 0x0, ttl 64, id 7775, offset 0, flags [DF], proto UDP (17), length 31)"
1779594298.327415,,,UDP,1500,"1779594298.327415 IP (tos 0x0, ttl 64, id 39118, offset 0, flags [+], proto UDP (17), length 1500)"
1779594298.327426,,,UDP,31,"1779594298.327426 IP (tos 0x0, ttl 64, id 7776, offset 0, flags [DF], proto UDP (17), length 31)"
1779594298.327950,,,UDP,31,"1779594298.327950 IP (tos 0x0, ttl 64, id 7777, offset 0, flags [DF], proto UDP (17), length 31)"
1779594298.328144,,,UDP,1500,"1779594298.328144 IP (tos 0x0, ttl 64, id 39119, offset 0, flags [+], proto UDP (17), length 1500)"
1779594298.328498,,,UDP,31,"1779594298.328498 IP (tos 0x0, ttl 64, id 7778, offset 0, flags [DF], proto UDP (17), length 31)"
1779594298.328883,,,UDP,1500,"1779594298.328883 IP (tos 0x0, ttl 64, id 39120, offset 0, flags [+], proto UDP (17), length 1500)"
1779594298.329696,,,UDP,1500,"1779594298.329696 IP (tos 0x0, ttl 64, id 39121, offset 0, flags [+], proto UDP (17), length 1500)"
1779594298.330400,,,UDP,1500,"1779594298.330400 IP (tos 0x0, ttl 64, id 39122, offset 0, flags [+], proto UDP (17), length 1500)"
1779594298.335656,,,UDP,31,"1779594298.335656 IP (tos 0x0, ttl 64, id 7780, offset 0, flags [DF], proto UDP (17), length 31)"
1779594298.336609,,,UDP,31,"1779594298.336609 IP (tos 0x0, ttl 64, id 7781, offset 0, flags [DF], proto UDP (17), length 31)"
1779594298.336690,,,UDP,1500,"1779594298.336690 IP (tos 0x0, ttl 64, id 39123, offset 0, flags [+], proto UDP (17), length 1500)"
1779594298.337331,,,UDP,31,"1779594298.337331 IP (tos 0x0, ttl 64, id 7782, offset 0, flags [DF], proto UDP (17), length 31)"
1779594298.337595,,,UDP,1500,"1779594298.337595 IP (tos 0x0, ttl 64, id 39124, offset 0, flags [+], proto UDP (17), length 1500)"
1779594298.337976,,,UDP,31,"1779594298.337976 IP (tos 0x0, ttl 64, id 7783, offset 0, flags [DF], proto UDP (17), length 31)"
1779594298.338418,,,UDP,1500,"1779594298.338418 IP (tos 0x0, ttl 64, id 39125, offset 0, flags [+], proto UDP (17), length 1500)"
1779594298.338782,,,UDP,31,"1779594298.338782 IP (tos 0x0, ttl 64, id 7784, offset 0, flags [DF], proto UDP (17), length 31)"
1779594298.339069,,,UDP,1500,"1779594298.339069 IP (tos 0x0, ttl 64, id 39126, offset 0, flags [+], proto UDP (17), length 1500)"
1779594298.339476,,,UDP,31,"1779594298.339476 IP (tos 0x0, ttl 64, id 7785, offset 0, flags [DF], proto UDP (17), length 31)"
1779594298.339647,,,UDP,1500,"1779594298.339647 IP (tos 0x0, ttl 64, id 39127, offset 0, flags [+], proto UDP (17), length 1500)"
1779594298.340187,,,UDP,1500,"1779594298.340187 IP (tos 0x0, ttl 64, id 39128, offset 0, flags [+], proto UDP (17), length 1500)"
1779594298.340254,,,UDP,31,"1779594298.340254 IP (tos 0x0, ttl 64, id 7786, offset 0, flags [DF], proto UDP (17), length 31)"
1779594298.340861,,,UDP,1500,"1779594298.340861 IP (tos 0x0, ttl 64, id 39129, offset 0, flags [+], proto UDP (17), length 1500)"
1779594298.340976,,,UDP,31,"1779594298.340976 IP (tos 0x0, ttl 64, id 7787, offset 0, flags [DF], proto UDP (17), length 31)"
1779594298.341606,,,UDP,1500,"1779594298.341606 IP (tos 0x0, ttl 64, id 39130, offset 0, flags [+], proto UDP (17), length 1500)"
1779594298.347445,,,UDP,31,"1779594298.347445 IP (tos 0x0, ttl 64, id 7788, offset 0, flags [DF], proto UDP (17), length 31)"
1779594298.348197,,,UDP,31,"1779594298.348197 IP (tos 0x0, ttl 64, id 7789, offset 0, flags [DF], proto UDP (17), length 31)"
1779594298.348980,,,UDP,31,"1779594298.348980 IP (tos 0x0, ttl 64, id 7790, offset 0, flags [DF], proto UDP (17), length 31)"
1779594298.349549,,,UDP,31,"1779594298.349549 IP (tos 0x0, ttl 64, id 7791, offset 0, flags [DF], proto UDP (17), length 31)"
1779594298.350205,,,UDP,31,"1779594298.350205 IP (tos 0x0, ttl 64, id 7792, offset 0, flags [DF], proto UDP (17), length 31)"
1779594298.350832,,,UDP,31,"1779594298.350832 IP (tos 0x0, ttl 64, id 7793, offset 0, flags [DF], proto UDP (17), length 31)"
1779594298.351400,,,UDP,31,"1779594298.351400 IP (tos 0x0, ttl 64, id 7794, offset 0, flags [DF], proto UDP (17), length 31)"
1779594298.352174,,,UDP,31,"1779594298.352174 IP (tos 0x0, ttl 64, id 7795, offset 0, flags [DF], proto UDP (17), length 31)"
1779594298.352841,,,UDP,34,"1779594298.352841 IP (tos 0x0, ttl 64, id 39131, offset 0, flags [DF], proto UDP (17), length 34)"
1779594298.363060,,,UDP,35,"1779594298.363060 IP (tos 0x0, ttl 64, id 7798, offset 0, flags [DF], proto UDP (17), length 35)"
1779594298.460446,,,UDP,63,"1779594298.460446 IP (tos 0x0, ttl 64, id 39145, offset 0, flags [DF], proto UDP (17), length 63)"
1779594298.470701,,,UDP,36,"1779594298.470701 IP (tos 0x0, ttl 64, id 7814, offset 0, flags [DF], proto UDP (17), length 36)"
1779594298.471464,,,UDP,1500,"1779594298.471464 IP (tos 0x0, ttl 64, id 39146, offset 0, flags [+], proto UDP (17), length 1500)"
1779594298.472113,,,UDP,1500,"1779594298.472113 IP (tos 0x0, ttl 64, id 39147, offset 0, flags [+], proto UDP (17), length 1500)"
1779594298.473143,,,UDP,1500,"1779594298.473143 IP (tos 0x0, ttl 64, id 39148, offset 0, flags [+], proto UDP (17), length 1500)"
1779594298.473997,,,UDP,1500,"1779594298.473997 IP (tos 0x0, ttl 64, id 39149, offset 0, flags [+], proto UDP (17), length 1500)"
1779594298.474819,,,UDP,1500,"1779594298.474819 IP (tos 0x0, ttl 64, id 39150, offset 0, flags [+], proto UDP (17), length 1500)"
1779594298.475551,,,UDP,1500,"1779594298.475551 IP (tos 0x0, ttl 64, id 39151, offset 0, flags [+], proto UDP (17), length 1500)"
1779594298.476369,,,UDP,1500,"1779594298.476369 IP (tos 0x0, ttl 64, id 39152, offset 0, flags [+], proto UDP (17), length 1500)"
1779594298.477172,,,UDP,1500,"1779594298.477172 IP (tos 0x0, ttl 64, id 39153, offset 0, flags [+], proto UDP (17), length 1500)"
1779594298.481645,,,UDP,29,"1779594298.481645 IP (tos 0x0, ttl 64, id 7815, offset 0, flags [DF], proto UDP (17), length 29)"
1779594298.482324,,,UDP,1500,"1779594298.482324 IP (tos 0x0, ttl 64, id 39154, offset 0, flags [+], proto UDP (17), length 1500)"
1779594298.483375,,,UDP,29,"1779594298.483375 IP (tos 0x0, ttl 64, id 7816, offset 0, flags [DF], proto UDP (17), length 29)"
1779594298.483825,,,UDP,29,"1779594298.483825 IP (tos 0x0, ttl 64, id 7817, offset 0, flags [DF], proto UDP (17), length 29)"
1779594298.484099,,,UDP,1500,"1779594298.484099 IP (tos 0x0, ttl 64, id 39155, offset 0, flags [+], proto UDP (17), length 1500)"
1779594298.484443,,,UDP,29,"1779594298.484443 IP (tos 0x0, ttl 64, id 7818, offset 0, flags [DF], proto UDP (17), length 29)"
1779594298.484638,,,UDP,1500,"1779594298.484638 IP (tos 0x0, ttl 64, id 39156, offset 0, flags [+], proto UDP (17), length 1500)"
1779594298.485198,,,UDP,1500,"1779594298.485198 IP (tos 0x0, ttl 64, id 39157, offset 0, flags [+], proto UDP (17), length 1500)"
1779594298.485250,,,UDP,29,"1779594298.485250 IP (tos 0x0, ttl 64, id 7819, offset 0, flags [DF], proto UDP (17), length 29)"
1779594298.485662,,,UDP,1500,"1779594298.485662 IP (tos 0x0, ttl 64, id 39158, offset 0, flags [+], proto UDP (17), length 1500)"
1779594298.486056,,,UDP,29,"1779594298.486056 IP (tos 0x0, ttl 64, id 7820, offset 0, flags [DF], proto UDP (17), length 29)"
1779594298.486533,,,UDP,1500,"1779594298.486533 IP (tos 0x0, ttl 64, id 39159, offset 0, flags [+], proto UDP (17), length 1500)"
1779594298.486827,,,UDP,29,"1779594298.486827 IP (tos 0x0, ttl 64, id 7821, offset 0, flags [DF], proto UDP (17), length 29)"
1779594298.487237,,,UDP,1500,"1779594298.487237 IP (tos 0x0, ttl 64, id 39160, offset 0, flags [+], proto UDP (17), length 1500)"
1779594298.487883,,,UDP,29,"1779594298.487883 IP (tos 0x0, ttl 64, id 7822, offset 0, flags [DF], proto UDP (17), length 29)"
1779594298.488377,,,UDP,1500,"1779594298.488377 IP (tos 0x0, ttl 64, id 39161, offset 0, flags [+], proto UDP (17), length 1500)"
1779594298.492734,,,UDP,29,"1779594298.492734 IP (tos 0x0, ttl 64, id 7823, offset 0, flags [DF], proto UDP (17), length 29)"
1779594298.493592,,,UDP,1500,"1779594298.493592 IP (tos 0x0, ttl 64, id 39162, offset 0, flags [+], proto UDP (17), length 1500)"
1779594298.494610,,,UDP,29,"1779594298.494610 IP (tos 0x0, ttl 64, id 7824, offset 0, flags [DF], proto UDP (17), length 29)"
1779594298.495030,,,UDP,30,"1779594298.495030 IP (tos 0x0, ttl 64, id 7825, offset 0, flags [DF], proto UDP (17), length 30)"
1779594298.495373,,,UDP,1500,"1779594298.495373 IP (tos 0x0, ttl 64, id 39163, offset 0, flags [+], proto UDP (17), length 1500)"
1779594298.495514,,,UDP,30,"1779594298.495514 IP (tos 0x0, ttl 64, id 7826, offset 0, flags [DF], proto UDP (17), length 30)"
1779594298.495864,,,UDP,1500,"1779594298.495864 IP (tos 0x0, ttl 64, id 39164, offset 0, flags [+], proto UDP (17), length 1500)"
1779594298.495948,,,UDP,30,"1779594298.495948 IP (tos 0x0, ttl 64, id 7827, offset 0, flags [DF], proto UDP (17), length 30)"
1779594298.496311,,,UDP,1500,"1779594298.496311 IP (tos 0x0, ttl 64, id 39165, offset 0, flags [+], proto UDP (17), length 1500)"
1779594298.496723,,,UDP,1500,"1779594298.496723 IP (tos 0x0, ttl 64, id 39166, offset 0, flags [+], proto UDP (17), length 1500)"
1779594298.496830,,,UDP,30,"1779594298.496830 IP (tos 0x0, ttl 64, id 7828, offset 0, flags [DF], proto UDP (17), length 30)"
1779594298.497249,,,UDP,1500,"1779594298.497249 IP (tos 0x0, ttl 64, id 39167, offset 0, flags [+], proto UDP (17), length 1500)"
1779594298.497531,,,UDP,30,"1779594298.497531 IP (tos 0x0, ttl 64, id 7829, offset 0, flags [DF], proto UDP (17), length 30)"
1779594298.497955,,,UDP,1500,"1779594298.497955 IP (tos 0x0, ttl 64, id 39168, offset 0, flags [+], proto UDP (17), length 1500)"
1779594298.498718,,,UDP,30,"1779594298.498718 IP (tos 0x0, ttl 64, id 7830, offset 0, flags [DF], proto UDP (17), length 30)"
1779594298.499133,,,UDP,1500,"1779594298.499133 IP (tos 0x0, ttl 64, id 39169, offset 0, flags [+], proto UDP (17), length 1500)"
1779594298.504258,,,UDP,30,"1779594298.504258 IP (tos 0x0, ttl 64, id 7831, offset 0, flags [DF], proto UDP (17), length 30)"
1779594298.504667,,,UDP,1500,"1779594298.504667 IP (tos 0x0, ttl 64, id 39170, offset 0, flags [+], proto UDP (17), length 1500)"
1779594298.505931,,,UDP,30,"1779594298.505931 IP (tos 0x0, ttl 64, id 7832, offset 0, flags [DF], proto UDP (17), length 30)"
1779594298.506235,,,UDP,30,"1779594298.506235 IP (tos 0x0, ttl 64, id 7833, offset 0, flags [DF], proto UDP (17), length 30)"
1779594298.506373,,,UDP,1500,"1779594298.506373 IP (tos 0x0, ttl 64, id 39171, offset 0, flags [+], proto UDP (17), length 1500)"
1779594298.506639,,,UDP,30,"1779594298.506639 IP (tos 0x0, ttl 64, id 7834, offset 0, flags [DF], proto UDP (17), length 30)"
1779594298.506769,,,UDP,1500,"1779594298.506769 IP (tos 0x0, ttl 64, id 39172, offset 0, flags [+], proto UDP (17), length 1500)"
1779594298.507126,,,UDP,30,"1779594298.507126 IP (tos 0x0, ttl 64, id 7835, offset 0, flags [DF], proto UDP (17), length 30)"
1779594298.507179,,,UDP,1500,"1779594298.507179 IP (tos 0x0, ttl 64, id 39173, offset 0, flags [+], proto UDP (17), length 1500)"
1779594298.507604,,,UDP,1500,"1779594298.507604 IP (tos 0x0, ttl 64, id 39174, offset 0, flags [+], proto UDP (17), length 1500)"
1779594298.507607,,,UDP,30,"1779594298.507607 IP (tos 0x0, ttl 64, id 7836, offset 0, flags [DF], proto UDP (17), length 30)"
1779594298.507972,,,UDP,1500,"1779594298.507972 IP (tos 0x0, ttl 64, id 39175, offset 0, flags [+], proto UDP (17), length 1500)"
1779594298.508273,,,UDP,30,"1779594298.508273 IP (tos 0x0, ttl 64, id 7837, offset 0, flags [DF], proto UDP (17), length 30)"
1779594298.509256,,,UDP,1500,"1779594298.509256 IP (tos 0x0, ttl 64, id 39176, offset 0, flags [+], proto UDP (17), length 1500)"
1779594298.509419,,,UDP,30,"1779594298.509419 IP (tos 0x0, ttl 64, id 7838, offset 0, flags [DF], proto UDP (17), length 30)"
1779594298.510152,,,UDP,1500,"1779594298.510152 IP (tos 0x0, ttl 64, id 39177, offset 0, flags [+], proto UDP (17), length 1500)"
1779594298.515065,,,UDP,30,"1779594298.515065 IP (tos 0x0, ttl 64, id 7840, offset 0, flags [DF], proto UDP (17), length 30)"
1779594298.515590,,,UDP,1500,"1779594298.515590 IP (tos 0x0, ttl 64, id 39178, offset 0, flags [+], proto UDP (17), length 1500)"
1779594298.516792,,,UDP,30,"1779594298.516792 IP (tos 0x0, ttl 64, id 7841, offset 0, flags [DF], proto UDP (17), length 30)"
1779594298.517057,,,UDP,30,"1779594298.517057 IP (tos 0x0, ttl 64, id 7842, offset 0, flags [DF], proto UDP (17), length 30)"
1779594298.517287,,,UDP,1500,"1779594298.517287 IP (tos 0x0, ttl 64, id 39179, offset 0, flags [+], proto UDP (17), length 1500)"
1779594298.517493,,,UDP,30,"1779594298.517493 IP (tos 0x0, ttl 64, id 7843, offset 0, flags [DF], proto UDP (17), length 30)"
1779594298.517741,,,UDP,1500,"1779594298.517741 IP (tos 0x0, ttl 64, id 39180, offset 0, flags [+], proto UDP (17), length 1500)"
1779594298.517899,,,UDP,30,"1779594298.517899 IP (tos 0x0, ttl 64, id 7844, offset 0, flags [DF], proto UDP (17), length 30)"
1779594298.518127,,,UDP,1500,"1779594298.518127 IP (tos 0x0, ttl 64, id 39181, offset 0, flags [+], proto UDP (17), length 1500)"
1779594298.518462,,,UDP,30,"1779594298.518462 IP (tos 0x0, ttl 64, id 7845, offset 0, flags [DF], proto UDP (17), length 30)"
1779594298.518581,,,UDP,1500,"1779594298.518581 IP (tos 0x0, ttl 64, id 39182, offset 0, flags [+], proto UDP (17), length 1500)"
1779594298.519017,,,UDP,1500,"1779594298.519017 IP (tos 0x0, ttl 64, id 39183, offset 0, flags [+], proto UDP (17), length 1500)"
1779594298.519850,,,UDP,30,"1779594298.519850 IP (tos 0x0, ttl 64, id 7846, offset 0, flags [DF], proto UDP (17), length 30)"
1779594298.520337,,,UDP,1500,"1779594298.520337 IP (tos 0x0, ttl 64, id 39184, offset 0, flags [+], proto UDP (17), length 1500)"
1779594298.520525,,,UDP,30,"1779594298.520525 IP (tos 0x0, ttl 64, id 7847, offset 0, flags [DF], proto UDP (17), length 30)"
1779594298.520963,,,UDP,1500,"1779594298.520963 IP (tos 0x0, ttl 64, id 39185, offset 0, flags [+], proto UDP (17), length 1500)"
1779594298.525979,,,UDP,30,"1779594298.525979 IP (tos 0x0, ttl 64, id 7848, offset 0, flags [DF], proto UDP (17), length 30)"
1779594298.526729,,,UDP,1500,"1779594298.526729 IP (tos 0x0, ttl 64, id 39186, offset 0, flags [+], proto UDP (17), length 1500)"
1779594298.527662,,,UDP,30,"1779594298.527662 IP (tos 0x0, ttl 64, id 7849, offset 0, flags [DF], proto UDP (17), length 30)"
1779594298.528090,,,UDP,30,"1779594298.528090 IP (tos 0x0, ttl 64, id 7850, offset 0, flags [DF], proto UDP (17), length 30)"
1779594298.528293,,,UDP,1500,"1779594298.528293 IP (tos 0x0, ttl 64, id 39187, offset 0, flags [+], proto UDP (17), length 1500)"
1779594298.528401,,,UDP,30,"1779594298.528401 IP (tos 0x0, ttl 64, id 7851, offset 0, flags [DF], proto UDP (17), length 30)"
1779594298.528841,,,UDP,1500,"1779594298.528841 IP (tos 0x0, ttl 64, id 39188, offset 0, flags [+], proto UDP (17), length 1500)"
1779594298.528887,,,UDP,30,"1779594298.528887 IP (tos 0x0, ttl 64, id 7852, offset 0, flags [DF], proto UDP (17), length 30)"
1779594298.529286,,,UDP,1500,"1779594298.529286 IP (tos 0x0, ttl 64, id 39189, offset 0, flags [+], proto UDP (17), length 1500)"
1779594298.529330,,,UDP,30,"1779594298.529330 IP (tos 0x0, ttl 64, id 7853, offset 0, flags [DF], proto UDP (17), length 30)"
1779594298.529684,,,UDP,1500,"1779594298.529684 IP (tos 0x0, ttl 64, id 39190, offset 0, flags [+], proto UDP (17), length 1500)"
1779594298.530089,,,UDP,1500,"1779594298.530089 IP (tos 0x0, ttl 64, id 39191, offset 0, flags [+], proto UDP (17), length 1500)"
1779594298.530636,,,UDP,30,"1779594298.530636 IP (tos 0x0, ttl 64, id 7854, offset 0, flags [DF], proto UDP (17), length 30)"
1779594298.531142,,,UDP,1500,"1779594298.531142 IP (tos 0x0, ttl 64, id 39192, offset 0, flags [+], proto UDP (17), length 1500)"
1779594298.531254,,,UDP,30,"1779594298.531254 IP (tos 0x0, ttl 64, id 7855, offset 0, flags [DF], proto UDP (17), length 30)"
1779594298.531725,,,UDP,1500,"1779594298.531725 IP (tos 0x0, ttl 64, id 39193, offset 0, flags [+], proto UDP (17), length 1500)"
1779594298.537248,,,UDP,30,"1779594298.537248 IP (tos 0x0, ttl 64, id 7856, offset 0, flags [DF], proto UDP (17), length 30)"
1779594298.537766,,,UDP,1500,"1779594298.537766 IP (tos 0x0, ttl 64, id 39195, offset 0, flags [+], proto UDP (17), length 1500)"
1779594298.538812,,,UDP,30,"1779594298.538812 IP (tos 0x0, ttl 64, id 7857, offset 0, flags [DF], proto UDP (17), length 30)"
1779594298.539210,,,UDP,30,"1779594298.539210 IP (tos 0x0, ttl 64, id 7858, offset 0, flags [DF], proto UDP (17), length 30)"
1779594298.539329,,,UDP,1500,"1779594298.539329 IP (tos 0x0, ttl 64, id 39196, offset 0, flags [+], proto UDP (17), length 1500)"
1779594298.539621,,,UDP,30,"1779594298.539621 IP (tos 0x0, ttl 64, id 7859, offset 0, flags [DF], proto UDP (17), length 30)"
1779594298.539840,,,UDP,1500,"1779594298.539840 IP (tos 0x0, ttl 64, id 39197, offset 0, flags [+], proto UDP (17), length 1500)"
1779594298.540047,,,UDP,30,"1779594298.540047 IP (tos 0x0, ttl 64, id 7860, offset 0, flags [DF], proto UDP (17), length 30)"
1779594298.540271,,,UDP,1500,"1779594298.540271 IP (tos 0x0, ttl 64, id 39198, offset 0, flags [+], proto UDP (17), length 1500)"
1779594298.540366,,,UDP,30,"1779594298.540366 IP (tos 0x0, ttl 64, id 7861, offset 0, flags [DF], proto UDP (17), length 30)"
1779594298.540680,,,UDP,1500,"1779594298.540680 IP (tos 0x0, ttl 64, id 39199, offset 0, flags [+], proto UDP (17), length 1500)"
1779594298.541118,,,UDP,1500,"1779594298.541118 IP (tos 0x0, ttl 64, id 39200, offset 0, flags [+], proto UDP (17), length 1500)"
1779594298.541560,,,UDP,30,"1779594298.541560 IP (tos 0x0, ttl 64, id 7862, offset 0, flags [DF], proto UDP (17), length 30)"
1779594298.542072,,,UDP,30,"1779594298.542072 IP (tos 0x0, ttl 64, id 7863, offset 0, flags [DF], proto UDP (17), length 30)"
1779594298.542338,,,UDP,1500,"1779594298.542338 IP (tos 0x0, ttl 64, id 39201, offset 0, flags [+], proto UDP (17), length 1500)"
1779594298.542852,,,UDP,1500,"1779594298.542852 IP (tos 0x0, ttl 64, id 39202, offset 0, flags [+], proto UDP (17), length 1500)"
1779594298.548184,,,UDP,30,"1779594298.548184 IP (tos 0x0, ttl 64, id 7864, offset 0, flags [DF], proto UDP (17), length 30)"
1779594298.548733,,,UDP,1500,"1779594298.548733 IP (tos 0x0, ttl 64, id 39203, offset 0, flags [+], proto UDP (17), length 1500)"
1779594298.549728,,,UDP,30,"1779594298.549728 IP (tos 0x0, ttl 64, id 7865, offset 0, flags [DF], proto UDP (17), length 30)"
1779594298.550194,,,UDP,30,"1779594298.550194 IP (tos 0x0, ttl 64, id 7866, offset 0, flags [DF], proto UDP (17), length 30)"
1779594298.550212,,,UDP,1500,"1779594298.550212 IP (tos 0x0, ttl 64, id 39204, offset 0, flags [+], proto UDP (17), length 1500)"
1779594298.550596,,,UDP,30,"1779594298.550596 IP (tos 0x0, ttl 64, id 7867, offset 0, flags [DF], proto UDP (17), length 30)"
1779594298.550708,,,UDP,1500,"1779594298.550708 IP (tos 0x0, ttl 64, id 39205, offset 0, flags [+], proto UDP (17), length 1500)"
1779594298.551008,,,UDP,30,"1779594298.551008 IP (tos 0x0, ttl 64, id 7868, offset 0, flags [DF], proto UDP (17), length 30)"
1779594298.551173,,,UDP,1500,"1779594298.551173 IP (tos 0x0, ttl 64, id 39206, offset 0, flags [+], proto UDP (17), length 1500)"
1779594298.551423,,,UDP,30,"1779594298.551423 IP (tos 0x0, ttl 64, id 7869, offset 0, flags [DF], proto UDP (17), length 30)"
1779594298.552872,,,UDP,30,"1779594298.552872 IP (tos 0x0, ttl 64, id 7870, offset 0, flags [DF], proto UDP (17), length 30)"
1779594298.553179,,,UDP,30,"1779594298.553179 IP (tos 0x0, ttl 64, id 7871, offset 0, flags [DF], proto UDP (17), length 30)"
1779594298.559125,,,UDP,30,"1779594298.559125 IP (tos 0x0, ttl 64, id 7873, offset 0, flags [DF], proto UDP (17), length 30)"
1779594298.560593,,,UDP,30,"1779594298.560593 IP (tos 0x0, ttl 64, id 7874, offset 0, flags [DF], proto UDP (17), length 30)"
1779594298.561007,,,UDP,30,"1779594298.561007 IP (tos 0x0, ttl 64, id 7875, offset 0, flags [DF], proto UDP (17), length 30)"
1779594298.561539,,,UDP,30,"1779594298.561539 IP (tos 0x0, ttl 64, id 7876, offset 0, flags [DF], proto UDP (17), length 30)"
1779594298.651351,,,UDP,1500,"1779594298.651351 IP (tos 0x0, ttl 64, id 39207, offset 0, flags [+], proto UDP (17), length 1500)"
1779594298.652380,,,UDP,1500,"1779594298.652380 IP (tos 0x0, ttl 64, id 39212, offset 0, flags [+], proto UDP (17), length 1500)"
1779594298.653264,,,UDP,1500,"1779594298.653264 IP (tos 0x0, ttl 64, id 39213, offset 0, flags [+], proto UDP (17), length 1500)"
1779594298.654010,,,UDP,1500,"1779594298.654010 IP (tos 0x0, ttl 64, id 39214, offset 0, flags [+], proto UDP (17), length 1500)"
1779594298.654778,,,UDP,1500,"1779594298.654778 IP (tos 0x0, ttl 64, id 39215, offset 0, flags [+], proto UDP (17), length 1500)"
1779594298.655521,,,UDP,1500,"1779594298.655521 IP (tos 0x0, ttl 64, id 39216, offset 0, flags [+], proto UDP (17), length 1500)"
1779594298.656342,,,UDP,1500,"1779594298.656342 IP (tos 0x0, ttl 64, id 39217, offset 0, flags [+], proto UDP (17), length 1500)"
1779594298.657203,,,UDP,1500,"1779594298.657203 IP (tos 0x0, ttl 64, id 39218, offset 0, flags [+], proto UDP (17), length 1500)"
1779594298.662130,,,UDP,30,"1779594298.662130 IP (tos 0x0, ttl 64, id 7891, offset 0, flags [DF], proto UDP (17), length 30)"
1779594298.663147,,,UDP,30,"1779594298.663147 IP (tos 0x0, ttl 64, id 7892, offset 0, flags [DF], proto UDP (17), length 30)"
1779594298.663339,,,UDP,1500,"1779594298.663339 IP (tos 0x0, ttl 64, id 39219, offset 0, flags [+], proto UDP (17), length 1500)"
1779594298.663855,,,UDP,30,"1779594298.663855 IP (tos 0x0, ttl 64, id 7893, offset 0, flags [DF], proto UDP (17), length 30)"
1779594298.664296,,,UDP,1500,"1779594298.664296 IP (tos 0x0, ttl 64, id 39220, offset 0, flags [+], proto UDP (17), length 1500)"
1779594298.664581,,,UDP,30,"1779594298.664581 IP (tos 0x0, ttl 64, id 7894, offset 0, flags [DF], proto UDP (17), length 30)"
1779594298.665374,,,UDP,30,"1779594298.665374 IP (tos 0x0, ttl 64, id 7895, offset 0, flags [DF], proto UDP (17), length 30)"
1779594298.665394,,,UDP,1500,"1779594298.665394 IP (tos 0x0, ttl 64, id 39221, offset 0, flags [+], proto UDP (17), length 1500)"
1779594298.666067,,,UDP,30,"1779594298.666067 IP (tos 0x0, ttl 64, id 7896, offset 0, flags [DF], proto UDP (17), length 30)"
1779594298.666313,,,UDP,1500,"1779594298.666313 IP (tos 0x0, ttl 64, id 39222, offset 0, flags [+], proto UDP (17), length 1500)"
1779594298.666980,,,UDP,30,"1779594298.666980 IP (tos 0x0, ttl 64, id 7897, offset 0, flags [DF], proto UDP (17), length 30)"
1779594298.667074,,,UDP,1500,"1779594298.667074 IP (tos 0x0, ttl 64, id 39223, offset 0, flags [+], proto UDP (17), length 1500)"
1779594298.667714,,,UDP,30,"1779594298.667714 IP (tos 0x0, ttl 64, id 7898, offset 0, flags [DF], proto UDP (17), length 30)"
1779594298.668016,,,UDP,1500,"1779594298.668016 IP (tos 0x0, ttl 64, id 39224, offset 0, flags [+], proto UDP (17), length 1500)"
1779594298.668861,,,UDP,1500,"1779594298.668861 IP (tos 0x0, ttl 64, id 39225, offset 0, flags [+], proto UDP (17), length 1500)"
1779594298.669716,,,UDP,1500,"1779594298.669716 IP (tos 0x0, ttl 64, id 39226, offset 0, flags [+], proto UDP (17), length 1500)"
1779594298.674113,,,UDP,30,"1779594298.674113 IP (tos 0x0, ttl 64, id 7899, offset 0, flags [DF], proto UDP (17), length 30)"
1779594298.674794,,,UDP,1500,"1779594298.674794 IP (tos 0x0, ttl 64, id 39227, offset 0, flags [+], proto UDP (17), length 1500)"
1779594298.675093,,,UDP,30,"1779594298.675093 IP (tos 0x0, ttl 64, id 7900, offset 0, flags [DF], proto UDP (17), length 30)"
1779594298.675806,,,UDP,1500,"1779594298.675806 IP (tos 0x0, ttl 64, id 39228, offset 0, flags [+], proto UDP (17), length 1500)"
1779594298.676073,,,UDP,30,"1779594298.676073 IP (tos 0x0, ttl 64, id 7901, offset 0, flags [DF], proto UDP (17), length 30)"
1779594298.676949,,,UDP,30,"1779594298.676949 IP (tos 0x0, ttl 64, id 7902, offset 0, flags [DF], proto UDP (17), length 30)"
1779594298.676994,,,UDP,1500,"1779594298.676994 IP (tos 0x0, ttl 64, id 39229, offset 0, flags [+], proto UDP (17), length 1500)"
1779594298.677780,,,UDP,1500,"1779594298.677780 IP (tos 0x0, ttl 64, id 39230, offset 0, flags [+], proto UDP (17), length 1500)"
1779594298.677824,,,UDP,30,"1779594298.677824 IP (tos 0x0, ttl 64, id 7903, offset 0, flags [DF], proto UDP (17), length 30)"
1779594298.678623,,,UDP,1500,"1779594298.678623 IP (tos 0x0, ttl 64, id 39231, offset 0, flags [+], proto UDP (17), length 1500)"
1779594298.678630,,,UDP,30,"1779594298.678630 IP (tos 0x0, ttl 64, id 7904, offset 0, flags [DF], proto UDP (17), length 30)"
1779594298.679296,,,UDP,1500,"1779594298.679296 IP (tos 0x0, ttl 64, id 39232, offset 0, flags [+], proto UDP (17), length 1500)"
1779594298.679488,,,UDP,30,"1779594298.679488 IP (tos 0x0, ttl 64, id 7905, offset 0, flags [DF], proto UDP (17), length 30)"
1779594298.680257,,,UDP,1500,"1779594298.680257 IP (tos 0x0, ttl 64, id 39233, offset 0, flags [+], proto UDP (17), length 1500)"
1779594298.680304,,,UDP,30,"1779594298.680304 IP (tos 0x0, ttl 64, id 7906, offset 0, flags [DF], proto UDP (17), length 30)"
1779594298.681161,,,UDP,1500,"1779594298.681161 IP (tos 0x0, ttl 64, id 39234, offset 0, flags [+], proto UDP (17), length 1500)"
1779594298.685571,,,UDP,30,"1779594298.685571 IP (tos 0x0, ttl 64, id 7907, offset 0, flags [DF], proto UDP (17), length 30)"
1779594298.686300,,,UDP,30,"1779594298.686300 IP (tos 0x0, ttl 64, id 7908, offset 0, flags [DF], proto UDP (17), length 30)"
1779594298.686333,,,UDP,1500,"1779594298.686333 IP (tos 0x0, ttl 64, id 39235, offset 0, flags [+], proto UDP (17), length 1500)"
1779594298.686753,,,UDP,1500,"1779594298.686753 IP (tos 0x0, ttl 64, id 39236, offset 0, flags [+], proto UDP (17), length 1500)"
1779594298.687830,,,UDP,30,"1779594298.687830 IP (tos 0x0, ttl 64, id 7909, offset 0, flags [DF], proto UDP (17), length 30)"
1779594298.688430,,,UDP,30,"1779594298.688430 IP (tos 0x0, ttl 64, id 7910, offset 0, flags [DF], proto UDP (17), length 30)"
1779594298.688571,,,UDP,1500,"1779594298.688571 IP (tos 0x0, ttl 64, id 39237, offset 0, flags [+], proto UDP (17), length 1500)"
1779594298.689039,,,UDP,1500,"1779594298.689039 IP (tos 0x0, ttl 64, id 39238, offset 0, flags [+], proto UDP (17), length 1500)"
1779594298.689092,,,UDP,30,"1779594298.689092 IP (tos 0x0, ttl 64, id 7911, offset 0, flags [DF], proto UDP (17), length 30)"
1779594298.689509,,,UDP,1500,"1779594298.689509 IP (tos 0x0, ttl 64, id 39239, offset 0, flags [+], proto UDP (17), length 1500)"
1779594298.689944,,,UDP,30,"1779594298.689944 IP (tos 0x0, ttl 64, id 7912, offset 0, flags [DF], proto UDP (17), length 30)"
1779594298.690379,,,UDP,1500,"1779594298.690379 IP (tos 0x0, ttl 64, id 39240, offset 0, flags [+], proto UDP (17), length 1500)"
1779594298.690943,,,UDP,30,"1779594298.690943 IP (tos 0x0, ttl 64, id 7913, offset 0, flags [DF], proto UDP (17), length 30)"
1779594298.691457,,,UDP,1500,"1779594298.691457 IP (tos 0x0, ttl 64, id 39241, offset 0, flags [+], proto UDP (17), length 1500)"
1779594298.691495,,,UDP,30,"1779594298.691495 IP (tos 0x0, ttl 64, id 7914, offset 0, flags [DF], proto UDP (17), length 30)"
1779594298.692237,,,UDP,1500,"1779594298.692237 IP (tos 0x0, ttl 64, id 39242, offset 0, flags [+], proto UDP (17), length 1500)"
1779594298.696798,,,UDP,30,"1779594298.696798 IP (tos 0x0, ttl 64, id 7915, offset 0, flags [DF], proto UDP (17), length 30)"
1779594298.697262,,,UDP,30,"1779594298.697262 IP (tos 0x0, ttl 64, id 7916, offset 0, flags [DF], proto UDP (17), length 30)"
1779594298.697408,,,UDP,1500,"1779594298.697408 IP (tos 0x0, ttl 64, id 39243, offset 0, flags [+], proto UDP (17), length 1500)"
1779594298.697896,,,UDP,1500,"1779594298.697896 IP (tos 0x0, ttl 64, id 39244, offset 0, flags [+], proto UDP (17), length 1500)"
1779594298.699024,,,UDP,30,"1779594298.699024 IP (tos 0x0, ttl 64, id 7917, offset 0, flags [DF], proto UDP (17), length 30)"
1779594298.699422,,,UDP,30,"1779594298.699422 IP (tos 0x0, ttl 64, id 7918, offset 0, flags [DF], proto UDP (17), length 30)"
1779594298.699534,,,UDP,1500,"1779594298.699534 IP (tos 0x0, ttl 64, id 39245, offset 0, flags [+], proto UDP (17), length 1500)"
1779594298.699818,,,UDP,30,"1779594298.699818 IP (tos 0x0, ttl 64, id 7919, offset 0, flags [DF], proto UDP (17), length 30)"
1779594298.699925,,,UDP,1500,"1779594298.699925 IP (tos 0x0, ttl 64, id 39246, offset 0, flags [+], proto UDP (17), length 1500)"
1779594298.700314,,,UDP,1500,"1779594298.700314 IP (tos 0x0, ttl 64, id 39247, offset 0, flags [+], proto UDP (17), length 1500)"
1779594298.700695,,,UDP,30,"1779594298.700695 IP (tos 0x0, ttl 64, id 7920, offset 0, flags [DF], proto UDP (17), length 30)"
1779594298.701176,,,UDP,1500,"1779594298.701176 IP (tos 0x0, ttl 64, id 39248, offset 0, flags [+], proto UDP (17), length 1500)"
1779594298.701924,,,UDP,30,"1779594298.701924 IP (tos 0x0, ttl 64, id 7921, offset 0, flags [DF], proto UDP (17), length 30)"
1779594298.702314,,,UDP,1500,"1779594298.702314 IP (tos 0x0, ttl 64, id 39249, offset 0, flags [+], proto UDP (17), length 1500)"
1779594298.702648,,,UDP,30,"1779594298.702648 IP (tos 0x0, ttl 64, id 7922, offset 0, flags [DF], proto UDP (17), length 30)"
1779594298.703162,,,UDP,1500,"1779594298.703162 IP (tos 0x0, ttl 64, id 39250, offset 0, flags [+], proto UDP (17), length 1500)"
1779594298.707910,,,UDP,30,"1779594298.707910 IP (tos 0x0, ttl 64, id 7924, offset 0, flags [DF], proto UDP (17), length 30)"
1779594298.708220,,,UDP,30,"1779594298.708220 IP (tos 0x0, ttl 64, id 7925, offset 0, flags [DF], proto UDP (17), length 30)"
1779594298.708455,,,UDP,1500,"1779594298.708455 IP (tos 0x0, ttl 64, id 39251, offset 0, flags [+], proto UDP (17), length 1500)"
1779594298.709003,,,UDP,1500,"1779594298.709003 IP (tos 0x0, ttl 64, id 39252, offset 0, flags [+], proto UDP (17), length 1500)"
1779594298.709895,,,UDP,30,"1779594298.709895 IP (tos 0x0, ttl 64, id 7926, offset 0, flags [DF], proto UDP (17), length 30)"
1779594298.710261,,,UDP,30,"1779594298.710261 IP (tos 0x0, ttl 64, id 7927, offset 0, flags [DF], proto UDP (17), length 30)"
1779594298.710633,,,UDP,30,"1779594298.710633 IP (tos 0x0, ttl 64, id 7928, offset 0, flags [DF], proto UDP (17), length 30)"
1779594298.710646,,,UDP,1500,"1779594298.710646 IP (tos 0x0, ttl 64, id 39253, offset 0, flags [+], proto UDP (17), length 1500)"
1779594298.711384,,,UDP,1500,"1779594298.711384 IP (tos 0x0, ttl 64, id 39254, offset 0, flags [+], proto UDP (17), length 1500)"
1779594298.711469,,,UDP,30,"1779594298.711469 IP (tos 0x0, ttl 64, id 7929, offset 0, flags [DF], proto UDP (17), length 30)"
1779594298.712118,,,UDP,1500,"1779594298.712118 IP (tos 0x0, ttl 64, id 39255, offset 0, flags [+], proto UDP (17), length 1500)"
1779594298.712594,,,UDP,30,"1779594298.712594 IP (tos 0x0, ttl 64, id 7930, offset 0, flags [DF], proto UDP (17), length 30)"
1779594298.712684,,,UDP,1500,"1779594298.712684 IP (tos 0x0, ttl 64, id 39256, offset 0, flags [+], proto UDP (17), length 1500)"
1779594298.713161,,,UDP,1500,"1779594298.713161 IP (tos 0x0, ttl 64, id 39257, offset 0, flags [+], proto UDP (17), length 1500)"
1779594298.713489,,,UDP,30,"1779594298.713489 IP (tos 0x0, ttl 64, id 7931, offset 0, flags [DF], proto UDP (17), length 30)"
1779594298.713911,,,UDP,1500,"1779594298.713911 IP (tos 0x0, ttl 64, id 39258, offset 0, flags [+], proto UDP (17), length 1500)"
1779594298.719021,,,UDP,31,"1779594298.719021 IP (tos 0x0, ttl 64, id 7932, offset 0, flags [DF], proto UDP (17), length 31)"
1779594298.719462,,,UDP,31,"1779594298.719462 IP (tos 0x0, ttl 64, id 7933, offset 0, flags [DF], proto UDP (17), length 31)"
1779594298.719484,,,UDP,1500,"1779594298.719484 IP (tos 0x0, ttl 64, id 39259, offset 0, flags [+], proto UDP (17), length 1500)"
1779594298.719887,,,UDP,1500,"1779594298.719887 IP (tos 0x0, ttl 64, id 39260, offset 0, flags [+], proto UDP (17), length 1500)"
1779594298.721138,,,UDP,31,"1779594298.721138 IP (tos 0x0, ttl 64, id 7934, offset 0, flags [DF], proto UDP (17), length 31)"
1779594298.721529,,,UDP,1500,"1779594298.721529 IP (tos 0x0, ttl 64, id 39261, offset 0, flags [+], proto UDP (17), length 1500)"
1779594298.721968,,,UDP,31,"1779594298.721968 IP (tos 0x0, ttl 64, id 7935, offset 0, flags [DF], proto UDP (17), length 31)"
1779594298.722377,,,UDP,1500,"1779594298.722377 IP (tos 0x0, ttl 64, id 39262, offset 0, flags [+], proto UDP (17), length 1500)"
1779594298.722649,,,UDP,31,"1779594298.722649 IP (tos 0x0, ttl 64, id 7936, offset 0, flags [DF], proto UDP (17), length 31)"
1779594298.723053,,,UDP,31,"1779594298.723053 IP (tos 0x0, ttl 64, id 7937, offset 0, flags [DF], proto UDP (17), length 31)"
1779594298.723057,,,UDP,1500,"1779594298.723057 IP (tos 0x0, ttl 64, id 39263, offset 0, flags [+], proto UDP (17), length 1500)"
1779594298.723502,,,UDP,31,"1779594298.723502 IP (tos 0x0, ttl 64, id 7938, offset 0, flags [DF], proto UDP (17), length 31)"
1779594298.723561,,,UDP,1500,"1779594298.723561 IP (tos 0x0, ttl 64, id 39264, offset 0, flags [+], proto UDP (17), length 1500)"
1779594298.723988,,,UDP,1500,"1779594298.723988 IP (tos 0x0, ttl 64, id 39265, offset 0, flags [+], proto UDP (17), length 1500)"
1779594298.724216,,,UDP,31,"1779594298.724216 IP (tos 0x0, ttl 64, id 7939, offset 0, flags [DF], proto UDP (17), length 31)"
1779594298.724796,,,UDP,1500,"1779594298.724796 IP (tos 0x0, ttl 64, id 39266, offset 0, flags [+], proto UDP (17), length 1500)"
1779594298.729959,,,UDP,31,"1779594298.729959 IP (tos 0x0, ttl 64, id 7940, offset 0, flags [DF], proto UDP (17), length 31)"
1779594298.730191,,,UDP,31,"1779594298.730191 IP (tos 0x0, ttl 64, id 7941, offset 0, flags [DF], proto UDP (17), length 31)"
1779594298.730576,,,UDP,1500,"1779594298.730576 IP (tos 0x0, ttl 64, id 39267, offset 0, flags [+], proto UDP (17), length 1500)"
1779594298.731048,,,UDP,1500,"1779594298.731048 IP (tos 0x0, ttl 64, id 39268, offset 0, flags [+], proto UDP (17), length 1500)"
1779594298.731876,,,UDP,31,"1779594298.731876 IP (tos 0x0, ttl 64, id 7942, offset 0, flags [DF], proto UDP (17), length 31)"
1779594298.732373,,,UDP,1500,"1779594298.732373 IP (tos 0x0, ttl 64, id 39269, offset 0, flags [+], proto UDP (17), length 1500)"
1779594298.732731,,,UDP,31,"1779594298.732731 IP (tos 0x0, ttl 64, id 7943, offset 0, flags [DF], proto UDP (17), length 31)"
1779594298.733179,,,UDP,1500,"1779594298.733179 IP (tos 0x0, ttl 64, id 39270, offset 0, flags [+], proto UDP (17), length 1500)"
1779594298.733369,,,UDP,31,"1779594298.733369 IP (tos 0x0, ttl 64, id 7944, offset 0, flags [DF], proto UDP (17), length 31)"
1779594298.733821,,,UDP,1500,"1779594298.733821 IP (tos 0x0, ttl 64, id 39271, offset 0, flags [+], proto UDP (17), length 1500)"
1779594298.733872,,,UDP,31,"1779594298.733872 IP (tos 0x0, ttl 64, id 7945, offset 0, flags [DF], proto UDP (17), length 31)"
1779594298.734267,,,UDP,1500,"1779594298.734267 IP (tos 0x0, ttl 64, id 39272, offset 0, flags [+], proto UDP (17), length 1500)"
1779594298.734303,,,UDP,31,"1779594298.734303 IP (tos 0x0, ttl 64, id 7946, offset 0, flags [DF], proto UDP (17), length 31)"
1779594298.734693,,,UDP,1500,"1779594298.734693 IP (tos 0x0, ttl 64, id 39273, offset 0, flags [+], proto UDP (17), length 1500)"
1779594298.735119,,,UDP,31,"1779594298.735119 IP (tos 0x0, ttl 64, id 7947, offset 0, flags [DF], proto UDP (17), length 31)"
1779594298.735516,,,UDP,1500,"1779594298.735516 IP (tos 0x0, ttl 64, id 39274, offset 0, flags [+], proto UDP (17), length 1500)"
1779594298.741036,,,UDP,31,"1779594298.741036 IP (tos 0x0, ttl 64, id 7948, offset 0, flags [DF], proto UDP (17), length 31)"
1779594298.741407,,,UDP,31,"1779594298.741407 IP (tos 0x0, ttl 64, id 7949, offset 0, flags [DF], proto UDP (17), length 31)"
1779594298.741664,,,UDP,1500,"1779594298.741664 IP (tos 0x0, ttl 64, id 39275, offset 0, flags [+], proto UDP (17), length 1500)"
1779594298.742279,,,UDP,1500,"1779594298.742279 IP (tos 0x0, ttl 64, id 39276, offset 0, flags [+], proto UDP (17), length 1500)"
1779594298.742695,,,UDP,31,"1779594298.742695 IP (tos 0x0, ttl 64, id 7950, offset 0, flags [DF], proto UDP (17), length 31)"
1779594298.743337,,,UDP,1500,"1779594298.743337 IP (tos 0x0, ttl 64, id 39277, offset 0, flags [+], proto UDP (17), length 1500)"
1779594298.743492,,,UDP,31,"1779594298.743492 IP (tos 0x0, ttl 64, id 7951, offset 0, flags [DF], proto UDP (17), length 31)"
1779594298.744206,,,UDP,31,"1779594298.744206 IP (tos 0x0, ttl 64, id 7952, offset 0, flags [DF], proto UDP (17), length 31)"
1779594298.744263,,,UDP,1500,"1779594298.744263 IP (tos 0x0, ttl 64, id 39278, offset 0, flags [+], proto UDP (17), length 1500)"
1779594298.744632,,,UDP,31,"1779594298.744632 IP (tos 0x0, ttl 64, id 7953, offset 0, flags [DF], proto UDP (17), length 31)"
1779594298.744869,,,UDP,1500,"1779594298.744869 IP (tos 0x0, ttl 64, id 39279, offset 0, flags [+], proto UDP (17), length 1500)"
1779594298.744976,,,UDP,31,"1779594298.744976 IP (tos 0x0, ttl 64, id 7954, offset 0, flags [DF], proto UDP (17), length 31)"
1779594298.745447,,,UDP,1500,"1779594298.745447 IP (tos 0x0, ttl 64, id 39280, offset 0, flags [+], proto UDP (17), length 1500)"
1779594298.745884,,,UDP,31,"1779594298.745884 IP (tos 0x0, ttl 64, id 7955, offset 0, flags [DF], proto UDP (17), length 31)"
1779594298.746121,,,UDP,1500,"1779594298.746121 IP (tos 0x0, ttl 64, id 39281, offset 0, flags [+], proto UDP (17), length 1500)"
1779594298.746812,,,UDP,1500,"1779594298.746812 IP (tos 0x0, ttl 64, id 39282, offset 0, flags [+], proto UDP (17), length 1500)"
1779594298.752580,,,UDP,31,"1779594298.752580 IP (tos 0x0, ttl 64, id 7956, offset 0, flags [DF], proto UDP (17), length 31)"
1779594298.752820,,,UDP,31,"1779594298.752820 IP (tos 0x0, ttl 64, id 7957, offset 0, flags [DF], proto UDP (17), length 31)"
1779594298.753234,,,UDP,1500,"1779594298.753234 IP (tos 0x0, ttl 64, id 39283, offset 0, flags [+], proto UDP (17), length 1500)"
1779594298.753664,,,UDP,1500,"1779594298.753664 IP (tos 0x0, ttl 64, id 39284, offset 0, flags [+], proto UDP (17), length 1500)"
1779594298.753959,,,UDP,31,"1779594298.753959 IP (tos 0x0, ttl 64, id 7958, offset 0, flags [DF], proto UDP (17), length 31)"
1779594298.754347,,,UDP,1500,"1779594298.754347 IP (tos 0x0, ttl 64, id 39285, offset 0, flags [+], proto UDP (17), length 1500)"
1779594298.754842,,,UDP,31,"1779594298.754842 IP (tos 0x0, ttl 64, id 7959, offset 0, flags [DF], proto UDP (17), length 31)"
1779594298.755258,,,UDP,1500,"1779594298.755258 IP (tos 0x0, ttl 64, id 39286, offset 0, flags [+], proto UDP (17), length 1500)"
1779594298.755392,,,UDP,31,"1779594298.755392 IP (tos 0x0, ttl 64, id 7960, offset 0, flags [DF], proto UDP (17), length 31)"
1779594298.755830,,,UDP,1500,"1779594298.755830 IP (tos 0x0, ttl 64, id 39287, offset 0, flags [+], proto UDP (17), length 1500)"
1779594298.755982,,,UDP,31,"1779594298.755982 IP (tos 0x0, ttl 64, id 7961, offset 0, flags [DF], proto UDP (17), length 31)"
1779594298.756445,,,UDP,1500,"1779594298.756445 IP (tos 0x0, ttl 64, id 39288, offset 0, flags [+], proto UDP (17), length 1500)"
1779594298.756631,,,UDP,31,"1779594298.756631 IP (tos 0x0, ttl 64, id 7962, offset 0, flags [DF], proto UDP (17), length 31)"
1779594298.757060,,,UDP,1500,"1779594298.757060 IP (tos 0x0, ttl 64, id 39289, offset 0, flags [+], proto UDP (17), length 1500)"
1779594298.757436,,,UDP,31,"1779594298.757436 IP (tos 0x0, ttl 64, id 7963, offset 0, flags [DF], proto UDP (17), length 31)"
1779594298.757888,,,UDP,1500,"1779594298.757888 IP (tos 0x0, ttl 64, id 39290, offset 0, flags [+], proto UDP (17), length 1500)"
1779594298.763694,,,UDP,31,"1779594298.763694 IP (tos 0x0, ttl 64, id 7965, offset 0, flags [DF], proto UDP (17), length 31)"
1779594298.764019,,,UDP,31,"1779594298.764019 IP (tos 0x0, ttl 64, id 7966, offset 0, flags [DF], proto UDP (17), length 31)"
1779594298.764394,,,UDP,1500,"1779594298.764394 IP (tos 0x0, ttl 64, id 39291, offset 0, flags [+], proto UDP (17), length 1500)"
1779594298.764671,,,UDP,31,"1779594298.764671 IP (tos 0x0, ttl 64, id 7967, offset 0, flags [DF], proto UDP (17), length 31)"
1779594298.764913,,,UDP,1500,"1779594298.764913 IP (tos 0x0, ttl 64, id 39292, offset 0, flags [+], proto UDP (17), length 1500)"
1779594298.765329,,,UDP,1500,"1779594298.765329 IP (tos 0x0, ttl 64, id 39293, offset 0, flags [+], proto UDP (17), length 1500)"
1779594298.765572,,,UDP,31,"1779594298.765572 IP (tos 0x0, ttl 64, id 7968, offset 0, flags [DF], proto UDP (17), length 31)"
1779594298.766014,,,UDP,1500,"1779594298.766014 IP (tos 0x0, ttl 64, id 39294, offset 0, flags [+], proto UDP (17), length 1500)"
1779594298.766156,,,UDP,31,"1779594298.766156 IP (tos 0x0, ttl 64, id 7969, offset 0, flags [DF], proto UDP (17), length 31)"
1779594298.766588,,,UDP,1500,"1779594298.766588 IP (tos 0x0, ttl 64, id 39295, offset 0, flags [+], proto UDP (17), length 1500)"
1779594298.766755,,,UDP,31,"1779594298.766755 IP (tos 0x0, ttl 64, id 7970, offset 0, flags [DF], proto UDP (17), length 31)"
1779594298.767163,,,UDP,1500,"1779594298.767163 IP (tos 0x0, ttl 64, id 39296, offset 0, flags [+], proto UDP (17), length 1500)"
1779594298.767361,,,UDP,31,"1779594298.767361 IP (tos 0x0, ttl 64, id 7971, offset 0, flags [DF], proto UDP (17), length 31)"
1779594298.767770,,,UDP,1500,"1779594298.767770 IP (tos 0x0, ttl 64, id 39297, offset 0, flags [+], proto UDP (17), length 1500)"
1779594298.768226,,,UDP,31,"1779594298.768226 IP (tos 0x0, ttl 64, id 7972, offset 0, flags [DF], proto UDP (17), length 31)"
1779594298.768685,,,UDP,1500,"1779594298.768685 IP (tos 0x0, ttl 64, id 39298, offset 0, flags [+], proto UDP (17), length 1500)"
1779594298.774947,,,UDP,31,"1779594298.774947 IP (tos 0x0, ttl 64, id 7974, offset 0, flags [DF], proto UDP (17), length 31)"
1779594298.775266,,,UDP,31,"1779594298.775266 IP (tos 0x0, ttl 64, id 7975, offset 0, flags [DF], proto UDP (17), length 31)"
1779594298.775532,,,UDP,1500,"1779594298.775532 IP (tos 0x0, ttl 64, id 39300, offset 0, flags [+], proto UDP (17), length 1500)"
1779594298.775642,,,UDP,31,"1779594298.775642 IP (tos 0x0, ttl 64, id 7976, offset 0, flags [DF], proto UDP (17), length 31)"
1779594298.776121,,,UDP,1500,"1779594298.776121 IP (tos 0x0, ttl 64, id 39301, offset 0, flags [+], proto UDP (17), length 1500)"
1779594298.776331,,,UDP,31,"1779594298.776331 IP (tos 0x0, ttl 64, id 7977, offset 0, flags [DF], proto UDP (17), length 31)"
1779594298.776829,,,UDP,1500,"1779594298.776829 IP (tos 0x0, ttl 64, id 39302, offset 0, flags [+], proto UDP (17), length 1500)"
1779594298.776882,,,UDP,31,"1779594298.776882 IP (tos 0x0, ttl 64, id 7978, offset 0, flags [DF], proto UDP (17), length 31)"
1779594298.777441,,,UDP,31,"1779594298.777441 IP (tos 0x0, ttl 64, id 7979, offset 0, flags [DF], proto UDP (17), length 31)"
1779594298.777464,,,UDP,1500,"1779594298.777464 IP (tos 0x0, ttl 64, id 39303, offset 0, flags [+], proto UDP (17), length 1500)"
1779594298.778066,,,UDP,31,"1779594298.778066 IP (tos 0x0, ttl 64, id 7980, offset 0, flags [DF], proto UDP (17), length 31)"
1779594298.778066,,,UDP,1500,"1779594298.778066 IP (tos 0x0, ttl 64, id 39304, offset 0, flags [+], proto UDP (17), length 1500)"
1779594298.778638,,,UDP,1500,"1779594298.778638 IP (tos 0x0, ttl 64, id 39305, offset 0, flags [+], proto UDP (17), length 1500)"
1779594298.779009,,,UDP,31,"1779594298.779009 IP (tos 0x0, ttl 64, id 7981, offset 0, flags [DF], proto UDP (17), length 31)"
1779594298.779238,,,UDP,1500,"1779594298.779238 IP (tos 0x0, ttl 64, id 39306, offset 0, flags [+], proto UDP (17), length 1500)"
1779594298.779729,,,UDP,1500,"1779594298.779729 IP (tos 0x0, ttl 64, id 39307, offset 0, flags [+], proto UDP (17), length 1500)"
1779594298.786227,,,UDP,31,"1779594298.786227 IP (tos 0x0, ttl 64, id 7982, offset 0, flags [DF], proto UDP (17), length 31)"
1779594298.786583,,,UDP,31,"1779594298.786583 IP (tos 0x0, ttl 64, id 7983, offset 0, flags [DF], proto UDP (17), length 31)"
1779594298.787031,,,UDP,1500,"1779594298.787031 IP (tos 0x0, ttl 64, id 39309, offset 0, flags [+], proto UDP (17), length 1500)"
1779594298.787392,,,UDP,31,"1779594298.787392 IP (tos 0x0, ttl 64, id 7984, offset 0, flags [DF], proto UDP (17), length 31)"
1779594298.787601,,,UDP,1500,"1779594298.787601 IP (tos 0x0, ttl 64, id 39310, offset 0, flags [+], proto UDP (17), length 1500)"
1779594298.787847,,,UDP,31,"1779594298.787847 IP (tos 0x0, ttl 64, id 7985, offset 0, flags [DF], proto UDP (17), length 31)"
1779594298.788133,,,UDP,1500,"1779594298.788133 IP (tos 0x0, ttl 64, id 39311, offset 0, flags [+], proto UDP (17), length 1500)"
1779594298.788650,,,UDP,1500,"1779594298.788650 IP (tos 0x0, ttl 64, id 39312, offset 0, flags [+], proto UDP (17), length 1500)"
1779594298.788652,,,UDP,31,"1779594298.788652 IP (tos 0x0, ttl 64, id 7986, offset 0, flags [DF], proto UDP (17), length 31)"
1779594298.788995,,,UDP,31,"1779594298.788995 IP (tos 0x0, ttl 64, id 7987, offset 0, flags [DF], proto UDP (17), length 31)"
1779594298.789221,,,UDP,1500,"1779594298.789221 IP (tos 0x0, ttl 64, id 39313, offset 0, flags [+], proto UDP (17), length 1500)"
1779594298.789610,,,UDP,31,"1779594298.789610 IP (tos 0x0, ttl 64, id 7988, offset 0, flags [DF], proto UDP (17), length 31)"
1779594298.789762,,,UDP,1500,"1779594298.789762 IP (tos 0x0, ttl 64, id 39314, offset 0, flags [+], proto UDP (17), length 1500)"
1779594298.790032,,,UDP,31,"1779594298.790032 IP (tos 0x0, ttl 64, id 7989, offset 0, flags [DF], proto UDP (17), length 31)"
1779594298.790260,,,UDP,1500,"1779594298.790260 IP (tos 0x0, ttl 64, id 39315, offset 0, flags [+], proto UDP (17), length 1500)"
1779594298.790710,,,UDP,1500,"1779594298.790710 IP (tos 0x0, ttl 64, id 39316, offset 0, flags [+], proto UDP (17), length 1500)"
1779594298.797489,,,UDP,31,"1779594298.797489 IP (tos 0x0, ttl 64, id 7990, offset 0, flags [DF], proto UDP (17), length 31)"
1779594298.798006,,,UDP,31,"1779594298.798006 IP (tos 0x0, ttl 64, id 7991, offset 0, flags [DF], proto UDP (17), length 31)"
1779594298.798104,,,UDP,1500,"1779594298.798104 IP (tos 0x0, ttl 64, id 39317, offset 0, flags [+], proto UDP (17), length 1500)"
1779594298.798538,,,UDP,31,"1779594298.798538 IP (tos 0x0, ttl 64, id 7992, offset 0, flags [DF], proto UDP (17), length 31)"
1779594298.798596,,,UDP,1500,"1779594298.798596 IP (tos 0x0, ttl 64, id 39318, offset 0, flags [+], proto UDP (17), length 1500)"
1779594298.799035,,,UDP,1500,"1779594298.799035 IP (tos 0x0, ttl 64, id 39319, offset 0, flags [+], proto UDP (17), length 1500)"
1779594298.799073,,,UDP,31,"1779594298.799073 IP (tos 0x0, ttl 64, id 7993, offset 0, flags [DF], proto UDP (17), length 31)"
1779594298.799526,,,UDP,1500,"1779594298.799526 IP (tos 0x0, ttl 64, id 39320, offset 0, flags [+], proto UDP (17), length 1500)"
1779594298.799631,,,UDP,31,"1779594298.799631 IP (tos 0x0, ttl 64, id 7994, offset 0, flags [DF], proto UDP (17), length 31)"
1779594298.800063,,,UDP,1500,"1779594298.800063 IP (tos 0x0, ttl 64, id 39321, offset 0, flags [+], proto UDP (17), length 1500)"
1779594298.800134,,,UDP,31,"1779594298.800134 IP (tos 0x0, ttl 64, id 7995, offset 0, flags [DF], proto UDP (17), length 31)"
1779594298.800534,,,UDP,1500,"1779594298.800534 IP (tos 0x0, ttl 64, id 39322, offset 0, flags [+], proto UDP (17), length 1500)"
1779594298.800604,,,UDP,31,"1779594298.800604 IP (tos 0x0, ttl 64, id 7996, offset 0, flags [DF], proto UDP (17), length 31)"
1779594298.801034,,,UDP,31,"1779594298.801034 IP (tos 0x0, ttl 64, id 7997, offset 0, flags [DF], proto UDP (17), length 31)"
1779594298.801055,,,UDP,1500,"1779594298.801055 IP (tos 0x0, ttl 64, id 39323, offset 0, flags [+], proto UDP (17), length 1500)"
1779594298.801455,,,UDP,1500,"1779594298.801455 IP (tos 0x0, ttl 64, id 39324, offset 0, flags [+], proto UDP (17), length 1500)"
1779594298.808637,,,UDP,31,"1779594298.808637 IP (tos 0x0, ttl 64, id 7998, offset 0, flags [DF], proto UDP (17), length 31)"
1779594298.808951,,,UDP,31,"1779594298.808951 IP (tos 0x0, ttl 64, id 7999, offset 0, flags [DF], proto UDP (17), length 31)"
1779594298.809380,,,UDP,31,"1779594298.809380 IP (tos 0x0, ttl 64, id 8000, offset 0, flags [DF], proto UDP (17), length 31)"
1779594298.809495,,,UDP,1500,"1779594298.809495 IP (tos 0x0, ttl 64, id 39325, offset 0, flags [+], proto UDP (17), length 1500)"
1779594298.809861,,,UDP,31,"1779594298.809861 IP (tos 0x0, ttl 64, id 8001, offset 0, flags [DF], proto UDP (17), length 31)"
1779594298.810070,,,UDP,1500,"1779594298.810070 IP (tos 0x0, ttl 64, id 39326, offset 0, flags [+], proto UDP (17), length 1500)"
1779594298.810390,,,UDP,31,"1779594298.810390 IP (tos 0x0, ttl 64, id 8002, offset 0, flags [DF], proto UDP (17), length 31)"
1779594298.810862,,,UDP,31,"1779594298.810862 IP (tos 0x0, ttl 64, id 8003, offset 0, flags [DF], proto UDP (17), length 31)"
1779594298.811483,,,UDP,31,"1779594298.811483 IP (tos 0x0, ttl 64, id 8004, offset 0, flags [DF], proto UDP (17), length 31)"
1779594298.811786,,,UDP,31,"1779594298.811786 IP (tos 0x0, ttl 64, id 8005, offset 0, flags [DF], proto UDP (17), length 31)"
1779594298.820221,,,UDP,31,"1779594298.820221 IP (tos 0x0, ttl 64, id 8007, offset 0, flags [DF], proto UDP (17), length 31)"
1779594298.820407,,,UDP,31,"1779594298.820407 IP (tos 0x0, ttl 64, id 8008, offset 0, flags [DF], proto UDP (17), length 31)"
1779594298.853718,,,UDP,1500,"1779594298.853718 IP (tos 0x0, ttl 64, id 39331, offset 0, flags [+], proto UDP (17), length 1500)"
1779594298.854963,,,UDP,1500,"1779594298.854963 IP (tos 0x0, ttl 64, id 39332, offset 0, flags [+], proto UDP (17), length 1500)"
1779594298.856016,,,UDP,1500,"1779594298.856016 IP (tos 0x0, ttl 64, id 39333, offset 0, flags [+], proto UDP (17), length 1500)"
1779594298.857394,,,UDP,1500,"1779594298.857394 IP (tos 0x0, ttl 64, id 39334, offset 0, flags [+], proto UDP (17), length 1500)"
1779594298.858502,,,UDP,1500,"1779594298.858502 IP (tos 0x0, ttl 64, id 39335, offset 0, flags [+], proto UDP (17), length 1500)"
1779594298.859457,,,UDP,1500,"1779594298.859457 IP (tos 0x0, ttl 64, id 39336, offset 0, flags [+], proto UDP (17), length 1500)"
1779594298.860182,,,UDP,1500,"1779594298.860182 IP (tos 0x0, ttl 64, id 39337, offset 0, flags [+], proto UDP (17), length 1500)"
1779594298.861034,,,UDP,1500,"1779594298.861034 IP (tos 0x0, ttl 64, id 39338, offset 0, flags [+], proto UDP (17), length 1500)"
1779594298.865054,,,UDP,31,"1779594298.865054 IP (tos 0x0, ttl 64, id 8019, offset 0, flags [DF], proto UDP (17), length 31)"
1779594298.865961,,,UDP,31,"1779594298.865961 IP (tos 0x0, ttl 64, id 8020, offset 0, flags [DF], proto UDP (17), length 31)"
1779594298.866376,,,UDP,1500,"1779594298.866376 IP (tos 0x0, ttl 64, id 39339, offset 0, flags [+], proto UDP (17), length 1500)"
1779594298.867168,,,UDP,31,"1779594298.867168 IP (tos 0x0, ttl 64, id 8021, offset 0, flags [DF], proto UDP (17), length 31)"
1779594298.867266,,,UDP,1500,"1779594298.867266 IP (tos 0x0, ttl 64, id 39340, offset 0, flags [+], proto UDP (17), length 1500)"
1779594298.868015,,,UDP,1500,"1779594298.868015 IP (tos 0x0, ttl 64, id 39341, offset 0, flags [+], proto UDP (17), length 1500)"
1779594298.868515,,,UDP,31,"1779594298.868515 IP (tos 0x0, ttl 64, id 8022, offset 0, flags [DF], proto UDP (17), length 31)"
1779594298.869343,,,UDP,1500,"1779594298.869343 IP (tos 0x0, ttl 64, id 39342, offset 0, flags [+], proto UDP (17), length 1500)"
1779594298.869487,,,UDP,31,"1779594298.869487 IP (tos 0x0, ttl 64, id 8023, offset 0, flags [DF], proto UDP (17), length 31)"
1779594298.870271,,,UDP,31,"1779594298.870271 IP (tos 0x0, ttl 64, id 8024, offset 0, flags [DF], proto UDP (17), length 31)"
1779594298.870377,,,UDP,1500,"1779594298.870377 IP (tos 0x0, ttl 64, id 39343, offset 0, flags [+], proto UDP (17), length 1500)"
1779594298.871048,,,UDP,1500,"1779594298.871048 IP (tos 0x0, ttl 64, id 39344, offset 0, flags [+], proto UDP (17), length 1500)"
1779594298.871138,,,UDP,31,"1779594298.871138 IP (tos 0x0, ttl 64, id 8025, offset 0, flags [DF], proto UDP (17), length 31)"
1779594298.871839,,,UDP,31,"1779594298.871839 IP (tos 0x0, ttl 64, id 8026, offset 0, flags [DF], proto UDP (17), length 31)"
1779594298.871868,,,UDP,1500,"1779594298.871868 IP (tos 0x0, ttl 64, id 39345, offset 0, flags [+], proto UDP (17), length 1500)"
1779594298.872681,,,UDP,1500,"1779594298.872681 IP (tos 0x0, ttl 64, id 39346, offset 0, flags [+], proto UDP (17), length 1500)"
1779594298.877423,,,UDP,31,"1779594298.877423 IP (tos 0x0, ttl 64, id 8027, offset 0, flags [DF], proto UDP (17), length 31)"
1779594298.878225,,,UDP,31,"1779594298.878225 IP (tos 0x0, ttl 64, id 8028, offset 0, flags [DF], proto UDP (17), length 31)"
1779594298.878859,,,UDP,1500,"1779594298.878859 IP (tos 0x0, ttl 64, id 39347, offset 0, flags [+], proto UDP (17), length 1500)"
1779594298.878859,,,UDP,31,"1779594298.878859 IP (tos 0x0, ttl 64, id 8029, offset 0, flags [DF], proto UDP (17), length 31)"
1779594298.879769,,,UDP,1500,"1779594298.879769 IP (tos 0x0, ttl 64, id 39348, offset 0, flags [+], proto UDP (17), length 1500)"
1779594298.880060,,,UDP,31,"1779594298.880060 IP (tos 0x0, ttl 64, id 8030, offset 0, flags [DF], proto UDP (17), length 31)"
1779594298.880531,,,UDP,1500,"1779594298.880531 IP (tos 0x0, ttl 64, id 39349, offset 0, flags [+], proto UDP (17), length 1500)"
1779594298.881069,,,UDP,31,"1779594298.881069 IP (tos 0x0, ttl 64, id 8031, offset 0, flags [DF], proto UDP (17), length 31)"
1779594298.881125,,,UDP,1500,"1779594298.881125 IP (tos 0x0, ttl 64, id 39350, offset 0, flags [+], proto UDP (17), length 1500)"
1779594298.881682,,,UDP,31,"1779594298.881682 IP (tos 0x0, ttl 64, id 8032, offset 0, flags [DF], proto UDP (17), length 31)"
1779594298.881740,,,UDP,1500,"1779594298.881740 IP (tos 0x0, ttl 64, id 39351, offset 0, flags [+], proto UDP (17), length 1500)"
1779594298.882324,,,UDP,1500,"1779594298.882324 IP (tos 0x0, ttl 64, id 39352, offset 0, flags [+], proto UDP (17), length 1500)"
1779594298.882758,,,UDP,31,"1779594298.882758 IP (tos 0x0, ttl 64, id 8033, offset 0, flags [DF], proto UDP (17), length 31)"
1779594298.883325,,,UDP,1500,"1779594298.883325 IP (tos 0x0, ttl 64, id 39353, offset 0, flags [+], proto UDP (17), length 1500)"
1779594298.883365,,,UDP,31,"1779594298.883365 IP (tos 0x0, ttl 64, id 8034, offset 0, flags [DF], proto UDP (17), length 31)"
1779594298.884042,,,UDP,1500,"1779594298.884042 IP (tos 0x0, ttl 64, id 39354, offset 0, flags [+], proto UDP (17), length 1500)"
1779594298.889998,,,UDP,31,"1779594298.889998 IP (tos 0x0, ttl 64, id 8035, offset 0, flags [DF], proto UDP (17), length 31)"
1779594298.890477,,,UDP,31,"1779594298.890477 IP (tos 0x0, ttl 64, id 8036, offset 0, flags [DF], proto UDP (17), length 31)"
1779594298.891031,,,UDP,1500,"1779594298.891031 IP (tos 0x0, ttl 64, id 39356, offset 0, flags [+], proto UDP (17), length 1500)"
1779594298.891214,,,UDP,31,"1779594298.891214 IP (tos 0x0, ttl 64, id 8037, offset 0, flags [DF], proto UDP (17), length 31)"
1779594298.891654,,,UDP,31,"1779594298.891654 IP (tos 0x0, ttl 64, id 8038, offset 0, flags [DF], proto UDP (17), length 31)"
1779594298.891701,,,UDP,1500,"1779594298.891701 IP (tos 0x0, ttl 64, id 39357, offset 0, flags [+], proto UDP (17), length 1500)"
1779594298.892306,,,UDP,31,"1779594298.892306 IP (tos 0x0, ttl 64, id 8039, offset 0, flags [DF], proto UDP (17), length 31)"
1779594298.892388,,,UDP,1500,"1779594298.892388 IP (tos 0x0, ttl 64, id 39358, offset 0, flags [+], proto UDP (17), length 1500)"
1779594298.892845,,,UDP,31,"1779594298.892845 IP (tos 0x0, ttl 64, id 8040, offset 0, flags [DF], proto UDP (17), length 31)"
1779594298.893121,,,UDP,1500,"1779594298.893121 IP (tos 0x0, ttl 64, id 39359, offset 0, flags [+], proto UDP (17), length 1500)"
1779594298.893908,,,UDP,31,"1779594298.893908 IP (tos 0x0, ttl 64, id 8041, offset 0, flags [DF], proto UDP (17), length 31)"
1779594298.894044,,,UDP,1500,"1779594298.894044 IP (tos 0x0, ttl 64, id 39360, offset 0, flags [+], proto UDP (17), length 1500)"
1779594298.894571,,,UDP,31,"1779594298.894571 IP (tos 0x0, ttl 64, id 8042, offset 0, flags [DF], proto UDP (17), length 31)"
1779594298.894785,,,UDP,1500,"1779594298.894785 IP (tos 0x0, ttl 64, id 39361, offset 0, flags [+], proto UDP (17), length 1500)"
1779594298.895391,,,UDP,1500,"1779594298.895391 IP (tos 0x0, ttl 64, id 39362, offset 0, flags [+], proto UDP (17), length 1500)"
1779594298.896082,,,UDP,1500,"1779594298.896082 IP (tos 0x0, ttl 64, id 39363, offset 0, flags [+], proto UDP (17), length 1500)"
1779594298.901786,,,UDP,31,"1779594298.901786 IP (tos 0x0, ttl 64, id 8043, offset 0, flags [DF], proto UDP (17), length 31)"
1779594298.902366,,,UDP,31,"1779594298.902366 IP (tos 0x0, ttl 64, id 8044, offset 0, flags [DF], proto UDP (17), length 31)"
1779594298.902906,,,UDP,1500,"1779594298.902906 IP (tos 0x0, ttl 64, id 39365, offset 0, flags [+], proto UDP (17), length 1500)"
1779594298.902978,,,UDP,31,"1779594298.902978 IP (tos 0x0, ttl 64, id 8045, offset 0, flags [DF], proto UDP (17), length 31)"
1779594298.903646,,,UDP,1500,"1779594298.903646 IP (tos 0x0, ttl 64, id 39366, offset 0, flags [+], proto UDP (17), length 1500)"
1779594298.903685,,,UDP,31,"1779594298.903685 IP (tos 0x0, ttl 64, id 8046, offset 0, flags [DF], proto UDP (17), length 31)"
1779594298.904167,,,UDP,1500,"1779594298.904167 IP (tos 0x0, ttl 64, id 39367, offset 0, flags [+], proto UDP (17), length 1500)"
1779594298.904654,,,UDP,1500,"1779594298.904654 IP (tos 0x0, ttl 64, id 39368, offset 0, flags [+], proto UDP (17), length 1500)"
1779594298.904770,,,UDP,31,"1779594298.904770 IP (tos 0x0, ttl 64, id 8047, offset 0, flags [DF], proto UDP (17), length 31)"
1779594298.905263,,,UDP,1500,"1779594298.905263 IP (tos 0x0, ttl 64, id 39369, offset 0, flags [+], proto UDP (17), length 1500)"
1779594298.905356,,,UDP,31,"1779594298.905356 IP (tos 0x0, ttl 64, id 8048, offset 0, flags [DF], proto UDP (17), length 31)"
1779594298.905935,,,UDP,31,"1779594298.905935 IP (tos 0x0, ttl 64, id 8049, offset 0, flags [DF], proto UDP (17), length 31)"
1779594298.906320,,,UDP,1500,"1779594298.906320 IP (tos 0x0, ttl 64, id 39370, offset 0, flags [+], proto UDP (17), length 1500)"
1779594298.906624,,,UDP,31,"1779594298.906624 IP (tos 0x0, ttl 64, id 8050, offset 0, flags [DF], proto UDP (17), length 31)"
1779594298.906868,,,UDP,1500,"1779594298.906868 IP (tos 0x0, ttl 64, id 39371, offset 0, flags [+], proto UDP (17), length 1500)"
1779594298.907473,,,UDP,1500,"1779594298.907473 IP (tos 0x0, ttl 64, id 39372, offset 0, flags [+], proto UDP (17), length 1500)"
1779594298.913733,,,UDP,31,"1779594298.913733 IP (tos 0x0, ttl 64, id 8051, offset 0, flags [DF], proto UDP (17), length 31)"
1779594298.914210,,,UDP,31,"1779594298.914210 IP (tos 0x0, ttl 64, id 8052, offset 0, flags [DF], proto UDP (17), length 31)"
1779594298.914536,,,UDP,1500,"1779594298.914536 IP (tos 0x0, ttl 64, id 39374, offset 0, flags [+], proto UDP (17), length 1500)"
1779594298.914601,,,UDP,31,"1779594298.914601 IP (tos 0x0, ttl 64, id 8053, offset 0, flags [DF], proto UDP (17), length 31)"
1779594298.915185,,,UDP,31,"1779594298.915185 IP (tos 0x0, ttl 64, id 8054, offset 0, flags [DF], proto UDP (17), length 31)"
1779594298.915514,,,UDP,1500,"1779594298.915514 IP (tos 0x0, ttl 64, id 39375, offset 0, flags [+], proto UDP (17), length 1500)"
1779594298.916040,,,UDP,31,"1779594298.916040 IP (tos 0x0, ttl 64, id 8055, offset 0, flags [DF], proto UDP (17), length 31)"
1779594298.916152,,,UDP,1500,"1779594298.916152 IP (tos 0x0, ttl 64, id 39376, offset 0, flags [+], proto UDP (17), length 1500)"
1779594298.916827,,,UDP,1500,"1779594298.916827 IP (tos 0x0, ttl 64, id 39377, offset 0, flags [+], proto UDP (17), length 1500)"
1779594298.916882,,,UDP,31,"1779594298.916882 IP (tos 0x0, ttl 64, id 8056, offset 0, flags [DF], proto UDP (17), length 31)"
1779594298.917482,,,UDP,1500,"1779594298.917482 IP (tos 0x0, ttl 64, id 39378, offset 0, flags [+], proto UDP (17), length 1500)"
1779594298.917526,,,UDP,31,"1779594298.917526 IP (tos 0x0, ttl 64, id 8057, offset 0, flags [DF], proto UDP (17), length 31)"
1779594298.917900,,,UDP,31,"1779594298.917900 IP (tos 0x0, ttl 64, id 8058, offset 0, flags [DF], proto UDP (17), length 31)"
1779594298.917999,,,UDP,1500,"1779594298.917999 IP (tos 0x0, ttl 64, id 39379, offset 0, flags [+], proto UDP (17), length 1500)"
1779594298.918470,,,UDP,1500,"1779594298.918470 IP (tos 0x0, ttl 64, id 39380, offset 0, flags [+], proto UDP (17), length 1500)"
1779594298.918933,,,UDP,1500,"1779594298.918933 IP (tos 0x0, ttl 64, id 39381, offset 0, flags [+], proto UDP (17), length 1500)"
1779594298.925548,,,UDP,31,"1779594298.925548 IP (tos 0x0, ttl 64, id 8059, offset 0, flags [DF], proto UDP (17), length 31)"
1779594298.926196,,,UDP,31,"1779594298.926196 IP (tos 0x0, ttl 64, id 8060, offset 0, flags [DF], proto UDP (17), length 31)"
1779594298.926467,,,UDP,1500,"1779594298.926467 IP (tos 0x0, ttl 64, id 39383, offset 0, flags [+], proto UDP (17), length 1500)"
1779594298.926868,,,UDP,31,"1779594298.926868 IP (tos 0x0, ttl 64, id 8061, offset 0, flags [DF], proto UDP (17), length 31)"
1779594298.927072,,,UDP,1500,"1779594298.927072 IP (tos 0x0, ttl 64, id 39384, offset 0, flags [+], proto UDP (17), length 1500)"
1779594298.927443,,,UDP,31,"1779594298.927443 IP (tos 0x0, ttl 64, id 8062, offset 0, flags [DF], proto UDP (17), length 31)"
1779594298.927634,,,UDP,1500,"1779594298.927634 IP (tos 0x0, ttl 64, id 39385, offset 0, flags [+], proto UDP (17), length 1500)"
1779594298.927977,,,UDP,31,"1779594298.927977 IP (tos 0x0, ttl 64, id 8063, offset 0, flags [DF], proto UDP (17), length 31)"
1779594298.928231,,,UDP,1500,"1779594298.928231 IP (tos 0x0, ttl 64, id 39386, offset 0, flags [+], proto UDP (17), length 1500)"
1779594298.928495,,,UDP,31,"1779594298.928495 IP (tos 0x0, ttl 64, id 8064, offset 0, flags [DF], proto UDP (17), length 31)"
1779594298.928943,,,UDP,1500,"1779594298.928943 IP (tos 0x0, ttl 64, id 39387, offset 0, flags [+], proto UDP (17), length 1500)"
1779594298.928983,,,UDP,31,"1779594298.928983 IP (tos 0x0, ttl 64, id 8065, offset 0, flags [DF], proto UDP (17), length 31)"
1779594298.929440,,,UDP,31,"1779594298.929440 IP (tos 0x0, ttl 64, id 8066, offset 0, flags [DF], proto UDP (17), length 31)"
1779594298.929508,,,UDP,1500,"1779594298.929508 IP (tos 0x0, ttl 64, id 39388, offset 0, flags [+], proto UDP (17), length 1500)"
1779594298.929984,,,UDP,1500,"1779594298.929984 IP (tos 0x0, ttl 64, id 39389, offset 0, flags [+], proto UDP (17), length 1500)"
1779594298.930412,,,UDP,1500,"1779594298.930412 IP (tos 0x0, ttl 64, id 39390, offset 0, flags [+], proto UDP (17), length 1500)"
1779594298.937225,,,UDP,31,"1779594298.937225 IP (tos 0x0, ttl 64, id 8067, offset 0, flags [DF], proto UDP (17), length 31)"
1779594298.937610,,,UDP,31,"1779594298.937610 IP (tos 0x0, ttl 64, id 8068, offset 0, flags [DF], proto UDP (17), length 31)"
1779594298.938344,,,UDP,31,"1779594298.938344 IP (tos 0x0, ttl 64, id 8069, offset 0, flags [DF], proto UDP (17), length 31)"
1779594298.938482,,,UDP,1500,"1779594298.938482 IP (tos 0x0, ttl 64, id 39391, offset 0, flags [+], proto UDP (17), length 1500)"
1779594298.938758,,,UDP,31,"1779594298.938758 IP (tos 0x0, ttl 64, id 8070, offset 0, flags [DF], proto UDP (17), length 31)"
1779594298.939458,,,UDP,31,"1779594298.939458 IP (tos 0x0, ttl 64, id 8071, offset 0, flags [DF], proto UDP (17), length 31)"
1779594298.939504,,,UDP,1500,"1779594298.939504 IP (tos 0x0, ttl 64, id 39392, offset 0, flags [+], proto UDP (17), length 1500)"
1779594298.939976,,,UDP,31,"1779594298.939976 IP (tos 0x0, ttl 64, id 8072, offset 0, flags [DF], proto UDP (17), length 31)"
1779594298.940189,,,UDP,1500,"1779594298.940189 IP (tos 0x0, ttl 64, id 39393, offset 0, flags [+], proto UDP (17), length 1500)"
1779594298.940306,,,UDP,31,"1779594298.940306 IP (tos 0x0, ttl 64, id 8073, offset 0, flags [DF], proto UDP (17), length 31)"
1779594298.940785,,,UDP,31,"1779594298.940785 IP (tos 0x0, ttl 64, id 8074, offset 0, flags [DF], proto UDP (17), length 31)"
1779594298.940999,,,UDP,1500,"1779594298.940999 IP (tos 0x0, ttl 64, id 39394, offset 0, flags [+], proto UDP (17), length 1500)"
1779594298.941508,,,UDP,1500,"1779594298.941508 IP (tos 0x0, ttl 64, id 39395, offset 0, flags [+], proto UDP (17), length 1500)"
1779594298.942010,,,UDP,1500,"1779594298.942010 IP (tos 0x0, ttl 64, id 39396, offset 0, flags [+], proto UDP (17), length 1500)"
1779594298.942617,,,UDP,1500,"1779594298.942617 IP (tos 0x0, ttl 64, id 39397, offset 0, flags [+], proto UDP (17), length 1500)"
1779594298.943172,,,UDP,1500,"1779594298.943172 IP (tos 0x0, ttl 64, id 39398, offset 0, flags [+], proto UDP (17), length 1500)"
1779594298.949458,,,UDP,31,"1779594298.949458 IP (tos 0x0, ttl 64, id 8076, offset 0, flags [DF], proto UDP (17), length 31)"
1779594298.950272,,,UDP,31,"1779594298.950272 IP (tos 0x0, ttl 64, id 8077, offset 0, flags [DF], proto UDP (17), length 31)"
1779594298.950776,,,UDP,1500,"1779594298.950776 IP (tos 0x0, ttl 64, id 39399, offset 0, flags [+], proto UDP (17), length 1500)"
1779594298.950890,,,UDP,31,"1779594298.950890 IP (tos 0x0, ttl 64, id 8078, offset 0, flags [DF], proto UDP (17), length 31)"
1779594298.951493,,,UDP,31,"1779594298.951493 IP (tos 0x0, ttl 64, id 8079, offset 0, flags [DF], proto UDP (17), length 31)"
1779594298.951706,,,UDP,1500,"1779594298.951706 IP (tos 0x0, ttl 64, id 39400, offset 0, flags [+], proto UDP (17), length 1500)"
1779594298.952066,,,UDP,31,"1779594298.952066 IP (tos 0x0, ttl 64, id 8080, offset 0, flags [DF], proto UDP (17), length 31)"
1779594298.952280,,,UDP,1500,"1779594298.952280 IP (tos 0x0, ttl 64, id 39401, offset 0, flags [+], proto UDP (17), length 1500)"
1779594298.952428,,,UDP,31,"1779594298.952428 IP (tos 0x0, ttl 64, id 8081, offset 0, flags [DF], proto UDP (17), length 31)"
1779594298.952939,,,UDP,1500,"1779594298.952939 IP (tos 0x0, ttl 64, id 39402, offset 0, flags [+], proto UDP (17), length 1500)"
1779594298.953065,,,UDP,31,"1779594298.953065 IP (tos 0x0, ttl 64, id 8082, offset 0, flags [DF], proto UDP (17), length 31)"
1779594298.953564,,,UDP,1500,"1779594298.953564 IP (tos 0x0, ttl 64, id 39403, offset 0, flags [+], proto UDP (17), length 1500)"
1779594298.953605,,,UDP,31,"1779594298.953605 IP (tos 0x0, ttl 64, id 8083, offset 0, flags [DF], proto UDP (17), length 31)"
1779594298.954071,,,UDP,1500,"1779594298.954071 IP (tos 0x0, ttl 64, id 39404, offset 0, flags [+], proto UDP (17), length 1500)"
1779594298.954680,,,UDP,1500,"1779594298.954680 IP (tos 0x0, ttl 64, id 39405, offset 0, flags [+], proto UDP (17), length 1500)"
1779594298.955333,,,UDP,1500,"1779594298.955333 IP (tos 0x0, ttl 64, id 39406, offset 0, flags [+], proto UDP (17), length 1500)"
1779594298.961714,,,UDP,31,"1779594298.961714 IP (tos 0x0, ttl 64, id 8084, offset 0, flags [DF], proto UDP (17), length 31)"
1779594298.962309,,,UDP,31,"1779594298.962309 IP (tos 0x0, ttl 64, id 8085, offset 0, flags [DF], proto UDP (17), length 31)"
1779594298.962433,,,UDP,1500,"1779594298.962433 IP (tos 0x0, ttl 64, id 39407, offset 0, flags [+], proto UDP (17), length 1500)"
1779594298.962895,,,UDP,31,"1779594298.962895 IP (tos 0x0, ttl 64, id 8086, offset 0, flags [DF], proto UDP (17), length 31)"
1779594298.963214,,,UDP,1500,"1779594298.963214 IP (tos 0x0, ttl 64, id 39408, offset 0, flags [+], proto UDP (17), length 1500)"
1779594298.963419,,,UDP,31,"1779594298.963419 IP (tos 0x0, ttl 64, id 8087, offset 0, flags [DF], proto UDP (17), length 31)"
1779594298.964007,,,UDP,1500,"1779594298.964007 IP (tos 0x0, ttl 64, id 39409, offset 0, flags [+], proto UDP (17), length 1500)"
1779594298.964125,,,UDP,31,"1779594298.964125 IP (tos 0x0, ttl 64, id 8088, offset 0, flags [DF], proto UDP (17), length 31)"
1779594298.964486,,,UDP,31,"1779594298.964486 IP (tos 0x0, ttl 64, id 8089, offset 0, flags [DF], proto UDP (17), length 31)"
1779594298.964938,,,UDP,1500,"1779594298.964938 IP (tos 0x0, ttl 64, id 39410, offset 0, flags [+], proto UDP (17), length 1500)"
1779594298.965096,,,UDP,31,"1779594298.965096 IP (tos 0x0, ttl 64, id 8090, offset 0, flags [DF], proto UDP (17), length 31)"
1779594298.965530,,,UDP,1500,"1779594298.965530 IP (tos 0x0, ttl 64, id 39411, offset 0, flags [+], proto UDP (17), length 1500)"
1779594298.966008,,,UDP,31,"1779594298.966008 IP (tos 0x0, ttl 64, id 8091, offset 0, flags [DF], proto UDP (17), length 31)"
1779594298.966039,,,UDP,1500,"1779594298.966039 IP (tos 0x0, ttl 64, id 39412, offset 0, flags [+], proto UDP (17), length 1500)"
1779594298.966464,,,UDP,1500,"1779594298.966464 IP (tos 0x0, ttl 64, id 39413, offset 0, flags [+], proto UDP (17), length 1500)"
1779594298.966898,,,UDP,1500,"1779594298.966898 IP (tos 0x0, ttl 64, id 39414, offset 0, flags [+], proto UDP (17), length 1500)"
1779594298.973178,,,UDP,31,"1779594298.973178 IP (tos 0x0, ttl 64, id 8093, offset 0, flags [DF], proto UDP (17), length 31)"
1779594298.973876,,,UDP,31,"1779594298.973876 IP (tos 0x0, ttl 64, id 8094, offset 0, flags [DF], proto UDP (17), length 31)"
1779594298.974013,,,UDP,1500,"1779594298.974013 IP (tos 0x0, ttl 64, id 39415, offset 0, flags [+], proto UDP (17), length 1500)"
1779594298.974638,,,UDP,1500,"1779594298.974638 IP (tos 0x0, ttl 64, id 39416, offset 0, flags [+], proto UDP (17), length 1500)"
1779594298.974817,,,UDP,31,"1779594298.974817 IP (tos 0x0, ttl 64, id 8095, offset 0, flags [DF], proto UDP (17), length 31)"
1779594298.975582,,,UDP,31,"1779594298.975582 IP (tos 0x0, ttl 64, id 8096, offset 0, flags [DF], proto UDP (17), length 31)"
1779594298.976044,,,UDP,31,"1779594298.976044 IP (tos 0x0, ttl 64, id 8097, offset 0, flags [DF], proto UDP (17), length 31)"
1779594298.976493,,,UDP,31,"1779594298.976493 IP (tos 0x0, ttl 64, id 8098, offset 0, flags [DF], proto UDP (17), length 31)"
1779594298.976855,,,UDP,31,"1779594298.976855 IP (tos 0x0, ttl 64, id 8099, offset 0, flags [DF], proto UDP (17), length 31)"
1779594298.977407,,,UDP,31,"1779594298.977407 IP (tos 0x0, ttl 64, id 8100, offset 0, flags [DF], proto UDP (17), length 31)"
1779594298.984647,,,UDP,31,"1779594298.984647 IP (tos 0x0, ttl 64, id 8102, offset 0, flags [DF], proto UDP (17), length 31)"
1779594298.985068,,,UDP,31,"1779594298.985068 IP (tos 0x0, ttl 64, id 8103, offset 0, flags [DF], proto UDP (17), length 31)"
1779594298.985713,,,UDP,34,"1779594298.985713 IP (tos 0x0, ttl 64, id 39419, offset 0, flags [DF], proto UDP (17), length 34)"
1779594298.995902,,,UDP,35,"1779594298.995902 IP (tos 0x0, ttl 64, id 8104, offset 0, flags [DF], proto UDP (17), length 35)"
1779594299.118483,,,UDP,63,"1779594299.118483 IP (tos 0x0, ttl 64, id 39427, offset 0, flags [DF], proto UDP (17), length 63)"
1779594299.128750,,,UDP,36,"1779594299.128750 IP (tos 0x0, ttl 64, id 8105, offset 0, flags [DF], proto UDP (17), length 36)"
1779594299.129566,,,UDP,1500,"1779594299.129566 IP (tos 0x0, ttl 64, id 39429, offset 0, flags [+], proto UDP (17), length 1500)"
1779594299.130126,,,UDP,1500,"1779594299.130126 IP (tos 0x0, ttl 64, id 39430, offset 0, flags [+], proto UDP (17), length 1500)"
1779594299.130925,,,UDP,1500,"1779594299.130925 IP (tos 0x0, ttl 64, id 39431, offset 0, flags [+], proto UDP (17), length 1500)"
1779594299.131719,,,UDP,1500,"1779594299.131719 IP (tos 0x0, ttl 64, id 39432, offset 0, flags [+], proto UDP (17), length 1500)"
1779594299.132355,,,UDP,1500,"1779594299.132355 IP (tos 0x0, ttl 64, id 39433, offset 0, flags [+], proto UDP (17), length 1500)"
1779594299.132956,,,UDP,1500,"1779594299.132956 IP (tos 0x0, ttl 64, id 39434, offset 0, flags [+], proto UDP (17), length 1500)"
1779594299.133572,,,UDP,1500,"1779594299.133572 IP (tos 0x0, ttl 64, id 39435, offset 0, flags [+], proto UDP (17), length 1500)"
1779594299.134141,,,UDP,1500,"1779594299.134141 IP (tos 0x0, ttl 64, id 39436, offset 0, flags [+], proto UDP (17), length 1500)"
1779594299.139773,,,UDP,29,"1779594299.139773 IP (tos 0x0, ttl 64, id 8107, offset 0, flags [DF], proto UDP (17), length 29)"
1779594299.140620,,,UDP,1500,"1779594299.140620 IP (tos 0x0, ttl 64, id 39437, offset 0, flags [+], proto UDP (17), length 1500)"
1779594299.140714,,,UDP,29,"1779594299.140714 IP (tos 0x0, ttl 64, id 8108, offset 0, flags [DF], proto UDP (17), length 29)"
1779594299.141253,,,UDP,1500,"1779594299.141253 IP (tos 0x0, ttl 64, id 39438, offset 0, flags [+], proto UDP (17), length 1500)"
1779594299.141601,,,UDP,29,"1779594299.141601 IP (tos 0x0, ttl 64, id 8109, offset 0, flags [DF], proto UDP (17), length 29)"
1779594299.142240,,,UDP,1500,"1779594299.142240 IP (tos 0x0, ttl 64, id 39439, offset 0, flags [+], proto UDP (17), length 1500)"
1779594299.142250,,,UDP,29,"1779594299.142250 IP (tos 0x0, ttl 64, id 8110, offset 0, flags [DF], proto UDP (17), length 29)"
1779594299.142845,,,UDP,29,"1779594299.142845 IP (tos 0x0, ttl 64, id 8111, offset 0, flags [DF], proto UDP (17), length 29)"
1779594299.142967,,,UDP,1500,"1779594299.142967 IP (tos 0x0, ttl 64, id 39440, offset 0, flags [+], proto UDP (17), length 1500)"
1779594299.143412,,,UDP,29,"1779594299.143412 IP (tos 0x0, ttl 64, id 8112, offset 0, flags [DF], proto UDP (17), length 29)"
1779594299.143752,,,UDP,1500,"1779594299.143752 IP (tos 0x0, ttl 64, id 39441, offset 0, flags [+], proto UDP (17), length 1500)"
1779594299.144105,,,UDP,29,"1779594299.144105 IP (tos 0x0, ttl 64, id 8113, offset 0, flags [DF], proto UDP (17), length 29)"
1779594299.144443,,,UDP,1500,"1779594299.144443 IP (tos 0x0, ttl 64, id 39442, offset 0, flags [+], proto UDP (17), length 1500)"
1779594299.144692,,,UDP,29,"1779594299.144692 IP (tos 0x0, ttl 64, id 8114, offset 0, flags [DF], proto UDP (17), length 29)"
1779594299.145035,,,UDP,1500,"1779594299.145035 IP (tos 0x0, ttl 64, id 39443, offset 0, flags [+], proto UDP (17), length 1500)"
1779594299.145492,,,UDP,1500,"1779594299.145492 IP (tos 0x0, ttl 64, id 39444, offset 0, flags [+], proto UDP (17), length 1500)"
1779594299.151221,,,UDP,29,"1779594299.151221 IP (tos 0x0, ttl 64, id 8116, offset 0, flags [DF], proto UDP (17), length 29)"
1779594299.151682,,,UDP,1500,"1779594299.151682 IP (tos 0x0, ttl 64, id 39445, offset 0, flags [+], proto UDP (17), length 1500)"
1779594299.151725,,,UDP,29,"1779594299.151725 IP (tos 0x0, ttl 64, id 8117, offset 0, flags [DF], proto UDP (17), length 29)"
1779594299.152072,,,UDP,1500,"1779594299.152072 IP (tos 0x0, ttl 64, id 39446, offset 0, flags [+], proto UDP (17), length 1500)"
1779594299.152843,,,UDP,30,"1779594299.152843 IP (tos 0x0, ttl 64, id 8118, offset 0, flags [DF], proto UDP (17), length 30)"
1779594299.153300,,,UDP,1500,"1779594299.153300 IP (tos 0x0, ttl 64, id 39447, offset 0, flags [+], proto UDP (17), length 1500)"
1779594299.153533,,,UDP,30,"1779594299.153533 IP (tos 0x0, ttl 64, id 8119, offset 0, flags [DF], proto UDP (17), length 30)"
1779594299.153999,,,UDP,1500,"1779594299.153999 IP (tos 0x0, ttl 64, id 39448, offset 0, flags [+], proto UDP (17), length 1500)"
1779594299.154224,,,UDP,30,"1779594299.154224 IP (tos 0x0, ttl 64, id 8120, offset 0, flags [DF], proto UDP (17), length 30)"
1779594299.154656,,,UDP,1500,"1779594299.154656 IP (tos 0x0, ttl 64, id 39449, offset 0, flags [+], proto UDP (17), length 1500)"
1779594299.154850,,,UDP,30,"1779594299.154850 IP (tos 0x0, ttl 64, id 8121, offset 0, flags [DF], proto UDP (17), length 30)"
1779594299.155274,,,UDP,1500,"1779594299.155274 IP (tos 0x0, ttl 64, id 39450, offset 0, flags [+], proto UDP (17), length 1500)"
1779594299.155430,,,UDP,30,"1779594299.155430 IP (tos 0x0, ttl 64, id 8122, offset 0, flags [DF], proto UDP (17), length 30)"
1779594299.155857,,,UDP,30,"1779594299.155857 IP (tos 0x0, ttl 64, id 8123, offset 0, flags [DF], proto UDP (17), length 30)"
1779594299.155884,,,UDP,1500,"1779594299.155884 IP (tos 0x0, ttl 64, id 39451, offset 0, flags [+], proto UDP (17), length 1500)"
1779594299.156261,,,UDP,1500,"1779594299.156261 IP (tos 0x0, ttl 64, id 39452, offset 0, flags [+], proto UDP (17), length 1500)"
1779594299.162125,,,UDP,30,"1779594299.162125 IP (tos 0x0, ttl 64, id 8124, offset 0, flags [DF], proto UDP (17), length 30)"
1779594299.162396,,,UDP,30,"1779594299.162396 IP (tos 0x0, ttl 64, id 8125, offset 0, flags [DF], proto UDP (17), length 30)"
1779594299.162879,,,UDP,1500,"1779594299.162879 IP (tos 0x0, ttl 64, id 39454, offset 0, flags [+], proto UDP (17), length 1500)"
1779594299.163503,,,UDP,1500,"1779594299.163503 IP (tos 0x0, ttl 64, id 39455, offset 0, flags [+], proto UDP (17), length 1500)"
1779594299.163702,,,UDP,30,"1779594299.163702 IP (tos 0x0, ttl 64, id 8126, offset 0, flags [DF], proto UDP (17), length 30)"
1779594299.164334,,,UDP,1500,"1779594299.164334 IP (tos 0x0, ttl 64, id 39456, offset 0, flags [+], proto UDP (17), length 1500)"
1779594299.164334,,,UDP,30,"1779594299.164334 IP (tos 0x0, ttl 64, id 8127, offset 0, flags [DF], proto UDP (17), length 30)"
1779594299.164831,,,UDP,1500,"1779594299.164831 IP (tos 0x0, ttl 64, id 39457, offset 0, flags [+], proto UDP (17), length 1500)"
1779594299.164989,,,UDP,30,"1779594299.164989 IP (tos 0x0, ttl 64, id 8128, offset 0, flags [DF], proto UDP (17), length 30)"
1779594299.165447,,,UDP,1500,"1779594299.165447 IP (tos 0x0, ttl 64, id 39458, offset 0, flags [+], proto UDP (17), length 1500)"
1779594299.165592,,,UDP,30,"1779594299.165592 IP (tos 0x0, ttl 64, id 8129, offset 0, flags [DF], proto UDP (17), length 30)"
1779594299.166012,,,UDP,1500,"1779594299.166012 IP (tos 0x0, ttl 64, id 39459, offset 0, flags [+], proto UDP (17), length 1500)"
1779594299.166216,,,UDP,30,"1779594299.166216 IP (tos 0x0, ttl 64, id 8130, offset 0, flags [DF], proto UDP (17), length 30)"
1779594299.166553,,,UDP,30,"1779594299.166553 IP (tos 0x0, ttl 64, id 8131, offset 0, flags [DF], proto UDP (17), length 30)"
1779594299.166654,,,UDP,1500,"1779594299.166654 IP (tos 0x0, ttl 64, id 39460, offset 0, flags [+], proto UDP (17), length 1500)"
1779594299.167089,,,UDP,1500,"1779594299.167089 IP (tos 0x0, ttl 64, id 39461, offset 0, flags [+], proto UDP (17), length 1500)"
1779594299.173430,,,UDP,30,"1779594299.173430 IP (tos 0x0, ttl 64, id 8133, offset 0, flags [DF], proto UDP (17), length 30)"
1779594299.174023,,,UDP,30,"1779594299.174023 IP (tos 0x0, ttl 64, id 8134, offset 0, flags [DF], proto UDP (17), length 30)"
1779594299.174023,,,UDP,1500,"1779594299.174023 IP (tos 0x0, ttl 64, id 39462, offset 0, flags [+], proto UDP (17), length 1500)"
1779594299.174568,,,UDP,1500,"1779594299.174568 IP (tos 0x0, ttl 64, id 39463, offset 0, flags [+], proto UDP (17), length 1500)"
1779594299.174730,,,UDP,30,"1779594299.174730 IP (tos 0x0, ttl 64, id 8135, offset 0, flags [DF], proto UDP (17), length 30)"
1779594299.175160,,,UDP,30,"1779594299.175160 IP (tos 0x0, ttl 64, id 8136, offset 0, flags [DF], proto UDP (17), length 30)"
1779594299.175455,,,UDP,1500,"1779594299.175455 IP (tos 0x0, ttl 64, id 39464, offset 0, flags [+], proto UDP (17), length 1500)"
1779594299.175825,,,UDP,30,"1779594299.175825 IP (tos 0x0, ttl 64, id 8137, offset 0, flags [DF], proto UDP (17), length 30)"
1779594299.176312,,,UDP,30,"1779594299.176312 IP (tos 0x0, ttl 64, id 8138, offset 0, flags [DF], proto UDP (17), length 30)"
1779594299.176353,,,UDP,1500,"1779594299.176353 IP (tos 0x0, ttl 64, id 39465, offset 0, flags [+], proto UDP (17), length 1500)"
1779594299.176993,,,UDP,30,"1779594299.176993 IP (tos 0x0, ttl 64, id 8139, offset 0, flags [DF], proto UDP (17), length 30)"
1779594299.177045,,,UDP,1500,"1779594299.177045 IP (tos 0x0, ttl 64, id 39466, offset 0, flags [+], proto UDP (17), length 1500)"
1779594299.177401,,,UDP,30,"1779594299.177401 IP (tos 0x0, ttl 64, id 8140, offset 0, flags [DF], proto UDP (17), length 30)"
1779594299.177676,,,UDP,1500,"1779594299.177676 IP (tos 0x0, ttl 64, id 39467, offset 0, flags [+], proto UDP (17), length 1500)"
1779594299.178283,,,UDP,1500,"1779594299.178283 IP (tos 0x0, ttl 64, id 39468, offset 0, flags [+], proto UDP (17), length 1500)"
1779594299.178704,,,UDP,1500,"1779594299.178704 IP (tos 0x0, ttl 64, id 39469, offset 0, flags [+], proto UDP (17), length 1500)"
1779594299.184538,,,UDP,30,"1779594299.184538 IP (tos 0x0, ttl 64, id 8141, offset 0, flags [DF], proto UDP (17), length 30)"
1779594299.185020,,,UDP,30,"1779594299.185020 IP (tos 0x0, ttl 64, id 8142, offset 0, flags [DF], proto UDP (17), length 30)"
1779594299.185100,,,UDP,1500,"1779594299.185100 IP (tos 0x0, ttl 64, id 39470, offset 0, flags [+], proto UDP (17), length 1500)"
1779594299.185528,,,UDP,1500,"1779594299.185528 IP (tos 0x0, ttl 64, id 39471, offset 0, flags [+], proto UDP (17), length 1500)"
1779594299.186097,,,UDP,30,"1779594299.186097 IP (tos 0x0, ttl 64, id 8143, offset 0, flags [DF], proto UDP (17), length 30)"
1779594299.186626,,,UDP,1500,"1779594299.186626 IP (tos 0x0, ttl 64, id 39472, offset 0, flags [+], proto UDP (17), length 1500)"
1779594299.187004,,,UDP,30,"1779594299.187004 IP (tos 0x0, ttl 64, id 8144, offset 0, flags [DF], proto UDP (17), length 30)"
1779594299.187451,,,UDP,1500,"1779594299.187451 IP (tos 0x0, ttl 64, id 39473, offset 0, flags [+], proto UDP (17), length 1500)"
1779594299.187548,,,UDP,30,"1779594299.187548 IP (tos 0x0, ttl 64, id 8145, offset 0, flags [DF], proto UDP (17), length 30)"
1779594299.188012,,,UDP,1500,"1779594299.188012 IP (tos 0x0, ttl 64, id 39474, offset 0, flags [+], proto UDP (17), length 1500)"
1779594299.188065,,,UDP,30,"1779594299.188065 IP (tos 0x0, ttl 64, id 8146, offset 0, flags [DF], proto UDP (17), length 30)"
1779594299.188458,,,UDP,1500,"1779594299.188458 IP (tos 0x0, ttl 64, id 39475, offset 0, flags [+], proto UDP (17), length 1500)"
1779594299.188584,,,UDP,30,"1779594299.188584 IP (tos 0x0, ttl 64, id 8147, offset 0, flags [DF], proto UDP (17), length 30)"
1779594299.189003,,,UDP,1500,"1779594299.189003 IP (tos 0x0, ttl 64, id 39476, offset 0, flags [+], proto UDP (17), length 1500)"
1779594299.189026,,,UDP,30,"1779594299.189026 IP (tos 0x0, ttl 64, id 8148, offset 0, flags [DF], proto UDP (17), length 30)"
1779594299.189429,,,UDP,1500,"1779594299.189429 IP (tos 0x0, ttl 64, id 39477, offset 0, flags [+], proto UDP (17), length 1500)"
1779594299.195617,,,UDP,30,"1779594299.195617 IP (tos 0x0, ttl 64, id 8150, offset 0, flags [DF], proto UDP (17), length 30)"
1779594299.195869,,,UDP,30,"1779594299.195869 IP (tos 0x0, ttl 64, id 8151, offset 0, flags [DF], proto UDP (17), length 30)"
1779594299.196328,,,UDP,1500,"1779594299.196328 IP (tos 0x0, ttl 64, id 39478, offset 0, flags [+], proto UDP (17), length 1500)"
1779594299.196899,,,UDP,1500,"1779594299.196899 IP (tos 0x0, ttl 64, id 39479, offset 0, flags [+], proto UDP (17), length 1500)"
1779594299.197009,,,UDP,30,"1779594299.197009 IP (tos 0x0, ttl 64, id 8152, offset 0, flags [DF], proto UDP (17), length 30)"
1779594299.197557,,,UDP,1500,"1779594299.197557 IP (tos 0x0, ttl 64, id 39480, offset 0, flags [+], proto UDP (17), length 1500)"
1779594299.197844,,,UDP,30,"1779594299.197844 IP (tos 0x0, ttl 64, id 8153, offset 0, flags [DF], proto UDP (17), length 30)"
1779594299.198366,,,UDP,30,"1779594299.198366 IP (tos 0x0, ttl 64, id 8154, offset 0, flags [DF], proto UDP (17), length 30)"
1779594299.198480,,,UDP,1500,"1779594299.198480 IP (tos 0x0, ttl 64, id 39481, offset 0, flags [+], proto UDP (17), length 1500)"
1779594299.198764,,,UDP,30,"1779594299.198764 IP (tos 0x0, ttl 64, id 8155, offset 0, flags [DF], proto UDP (17), length 30)"
1779594299.198938,,,UDP,1500,"1779594299.198938 IP (tos 0x0, ttl 64, id 39482, offset 0, flags [+], proto UDP (17), length 1500)"
1779594299.199348,,,UDP,1500,"1779594299.199348 IP (tos 0x0, ttl 64, id 39483, offset 0, flags [+], proto UDP (17), length 1500)"
1779594299.199352,,,UDP,30,"1779594299.199352 IP (tos 0x0, ttl 64, id 8156, offset 0, flags [DF], proto UDP (17), length 30)"
1779594299.199772,,,UDP,30,"1779594299.199772 IP (tos 0x0, ttl 64, id 8157, offset 0, flags [DF], proto UDP (17), length 30)"
1779594299.199775,,,UDP,1500,"1779594299.199775 IP (tos 0x0, ttl 64, id 39484, offset 0, flags [+], proto UDP (17), length 1500)"
1779594299.200177,,,UDP,1500,"1779594299.200177 IP (tos 0x0, ttl 64, id 39485, offset 0, flags [+], proto UDP (17), length 1500)"
1779594299.206758,,,UDP,30,"1779594299.206758 IP (tos 0x0, ttl 64, id 8158, offset 0, flags [DF], proto UDP (17), length 30)"
1779594299.207285,,,UDP,30,"1779594299.207285 IP (tos 0x0, ttl 64, id 8159, offset 0, flags [DF], proto UDP (17), length 30)"
1779594299.207293,,,UDP,1500,"1779594299.207293 IP (tos 0x0, ttl 64, id 39487, offset 0, flags [+], proto UDP (17), length 1500)"
1779594299.207687,,,UDP,1500,"1779594299.207687 IP (tos 0x0, ttl 64, id 39488, offset 0, flags [+], proto UDP (17), length 1500)"
1779594299.207932,,,UDP,30,"1779594299.207932 IP (tos 0x0, ttl 64, id 8160, offset 0, flags [DF], proto UDP (17), length 30)"
1779594299.208706,,,UDP,1500,"1779594299.208706 IP (tos 0x0, ttl 64, id 39489, offset 0, flags [+], proto UDP (17), length 1500)"
1779594299.208810,,,UDP,30,"1779594299.208810 IP (tos 0x0, ttl 64, id 8161, offset 0, flags [DF], proto UDP (17), length 30)"
1779594299.209334,,,UDP,30,"1779594299.209334 IP (tos 0x0, ttl 64, id 8162, offset 0, flags [DF], proto UDP (17), length 30)"
1779594299.209853,,,UDP,30,"1779594299.209853 IP (tos 0x0, ttl 64, id 8163, offset 0, flags [DF], proto UDP (17), length 30)"
1779594299.210065,,,UDP,30,"1779594299.210065 IP (tos 0x0, ttl 64, id 8164, offset 0, flags [DF], proto UDP (17), length 30)"
1779594299.210088,,,UDP,1500,"1779594299.210088 IP (tos 0x0, ttl 64, id 39490, offset 0, flags [+], proto UDP (17), length 1500)"
1779594299.210518,,,UDP,30,"1779594299.210518 IP (tos 0x0, ttl 64, id 8165, offset 0, flags [DF], proto UDP (17), length 30)"
1779594299.210818,,,UDP,1500,"1779594299.210818 IP (tos 0x0, ttl 64, id 39491, offset 0, flags [+], proto UDP (17), length 1500)"
1779594299.211331,,,UDP,1500,"1779594299.211331 IP (tos 0x0, ttl 64, id 39492, offset 0, flags [+], proto UDP (17), length 1500)"
1779594299.211847,,,UDP,1500,"1779594299.211847 IP (tos 0x0, ttl 64, id 39493, offset 0, flags [+], proto UDP (17), length 1500)"
1779594299.217658,,,UDP,30,"1779594299.217658 IP (tos 0x0, ttl 64, id 8167, offset 0, flags [DF], proto UDP (17), length 30)"
1779594299.218079,,,UDP,30,"1779594299.218079 IP (tos 0x0, ttl 64, id 8168, offset 0, flags [DF], proto UDP (17), length 30)"
1779594299.220240,,,UDP,30,"1779594299.220240 IP (tos 0x0, ttl 64, id 8169, offset 0, flags [DF], proto UDP (17), length 30)"
1779594299.220866,,,UDP,30,"1779594299.220866 IP (tos 0x0, ttl 64, id 8170, offset 0, flags [DF], proto UDP (17), length 30)"
1779594299.221201,,,UDP,30,"1779594299.221201 IP (tos 0x0, ttl 64, id 8171, offset 0, flags [DF], proto UDP (17), length 30)"
1779594299.221820,,,UDP,30,"1779594299.221820 IP (tos 0x0, ttl 64, id 8172, offset 0, flags [DF], proto UDP (17), length 30)"
1779594299.222251,,,UDP,30,"1779594299.222251 IP (tos 0x0, ttl 64, id 8173, offset 0, flags [DF], proto UDP (17), length 30)"
1779594299.336306,,,UDP,1500,"1779594299.336306 IP (tos 0x0, ttl 64, id 39500, offset 0, flags [+], proto UDP (17), length 1500)"
1779594299.337168,,,UDP,1500,"1779594299.337168 IP (tos 0x0, ttl 64, id 39501, offset 0, flags [+], proto UDP (17), length 1500)"
1779594299.337791,,,UDP,1500,"1779594299.337791 IP (tos 0x0, ttl 64, id 39502, offset 0, flags [+], proto UDP (17), length 1500)"
1779594299.338330,,,UDP,1500,"1779594299.338330 IP (tos 0x0, ttl 64, id 39503, offset 0, flags [+], proto UDP (17), length 1500)"
1779594299.338930,,,UDP,1500,"1779594299.338930 IP (tos 0x0, ttl 64, id 39504, offset 0, flags [+], proto UDP (17), length 1500)"
1779594299.339429,,,UDP,1500,"1779594299.339429 IP (tos 0x0, ttl 64, id 39505, offset 0, flags [+], proto UDP (17), length 1500)"
1779594299.340014,,,UDP,1500,"1779594299.340014 IP (tos 0x0, ttl 64, id 39506, offset 0, flags [+], proto UDP (17), length 1500)"
1779594299.340567,,,UDP,1500,"1779594299.340567 IP (tos 0x0, ttl 64, id 39507, offset 0, flags [+], proto UDP (17), length 1500)"
1779594299.347096,,,UDP,30,"1779594299.347096 IP (tos 0x0, ttl 64, id 8204, offset 0, flags [DF], proto UDP (17), length 30)"
1779594299.347802,,,UDP,30,"1779594299.347802 IP (tos 0x0, ttl 64, id 8205, offset 0, flags [DF], proto UDP (17), length 30)"
1779594299.347968,,,UDP,1500,"1779594299.347968 IP (tos 0x0, ttl 64, id 39508, offset 0, flags [+], proto UDP (17), length 1500)"
1779594299.348242,,,UDP,30,"1779594299.348242 IP (tos 0x0, ttl 64, id 8206, offset 0, flags [DF], proto UDP (17), length 30)"
1779594299.348443,,,UDP,1500,"1779594299.348443 IP (tos 0x0, ttl 64, id 39509, offset 0, flags [+], proto UDP (17), length 1500)"
1779594299.348888,,,UDP,1500,"1779594299.348888 IP (tos 0x0, ttl 64, id 39510, offset 0, flags [+], proto UDP (17), length 1500)"
1779594299.348958,,,UDP,30,"1779594299.348958 IP (tos 0x0, ttl 64, id 8207, offset 0, flags [DF], proto UDP (17), length 30)"
1779594299.349292,,,UDP,30,"1779594299.349292 IP (tos 0x0, ttl 64, id 8208, offset 0, flags [DF], proto UDP (17), length 30)"
1779594299.349452,,,UDP,1500,"1779594299.349452 IP (tos 0x0, ttl 64, id 39511, offset 0, flags [+], proto UDP (17), length 1500)"
1779594299.349793,,,UDP,30,"1779594299.349793 IP (tos 0x0, ttl 64, id 8209, offset 0, flags [DF], proto UDP (17), length 30)"
1779594299.349894,,,UDP,1500,"1779594299.349894 IP (tos 0x0, ttl 64, id 39512, offset 0, flags [+], proto UDP (17), length 1500)"
1779594299.350353,,,UDP,1500,"1779594299.350353 IP (tos 0x0, ttl 64, id 39513, offset 0, flags [+], proto UDP (17), length 1500)"
1779594299.350402,,,UDP,30,"1779594299.350402 IP (tos 0x0, ttl 64, id 8210, offset 0, flags [DF], proto UDP (17), length 30)"
1779594299.350788,,,UDP,1500,"1779594299.350788 IP (tos 0x0, ttl 64, id 39514, offset 0, flags [+], proto UDP (17), length 1500)"
1779594299.351125,,,UDP,30,"1779594299.351125 IP (tos 0x0, ttl 64, id 8211, offset 0, flags [DF], proto UDP (17), length 30)"
1779594299.351580,,,UDP,1500,"1779594299.351580 IP (tos 0x0, ttl 64, id 39515, offset 0, flags [+], proto UDP (17), length 1500)"
1779594299.358620,,,UDP,30,"1779594299.358620 IP (tos 0x0, ttl 64, id 8212, offset 0, flags [DF], proto UDP (17), length 30)"
1779594299.358956,,,UDP,30,"1779594299.358956 IP (tos 0x0, ttl 64, id 8213, offset 0, flags [DF], proto UDP (17), length 30)"
1779594299.359389,,,UDP,30,"1779594299.359389 IP (tos 0x0, ttl 64, id 8214, offset 0, flags [DF], proto UDP (17), length 30)"
1779594299.359716,,,UDP,1500,"1779594299.359716 IP (tos 0x0, ttl 64, id 39516, offset 0, flags [+], proto UDP (17), length 1500)"
1779594299.359854,,,UDP,30,"1779594299.359854 IP (tos 0x0, ttl 64, id 8215, offset 0, flags [DF], proto UDP (17), length 30)"
1779594299.360307,,,UDP,30,"1779594299.360307 IP (tos 0x0, ttl 64, id 8216, offset 0, flags [DF], proto UDP (17), length 30)"
1779594299.360559,,,UDP,1500,"1779594299.360559 IP (tos 0x0, ttl 64, id 39517, offset 0, flags [+], proto UDP (17), length 1500)"
1779594299.360739,,,UDP,30,"1779594299.360739 IP (tos 0x0, ttl 64, id 8217, offset 0, flags [DF], proto UDP (17), length 30)"
1779594299.361089,,,UDP,30,"1779594299.361089 IP (tos 0x0, ttl 64, id 8218, offset 0, flags [DF], proto UDP (17), length 30)"
1779594299.361140,,,UDP,1500,"1779594299.361140 IP (tos 0x0, ttl 64, id 39518, offset 0, flags [+], proto UDP (17), length 1500)"
1779594299.361664,,,UDP,1500,"1779594299.361664 IP (tos 0x0, ttl 64, id 39519, offset 0, flags [+], proto UDP (17), length 1500)"
1779594299.361905,,,UDP,30,"1779594299.361905 IP (tos 0x0, ttl 64, id 8219, offset 0, flags [DF], proto UDP (17), length 30)"
1779594299.362218,,,UDP,1500,"1779594299.362218 IP (tos 0x0, ttl 64, id 39520, offset 0, flags [+], proto UDP (17), length 1500)"
1779594299.362621,,,UDP,1500,"1779594299.362621 IP (tos 0x0, ttl 64, id 39521, offset 0, flags [+], proto UDP (17), length 1500)"
1779594299.362999,,,UDP,1500,"1779594299.362999 IP (tos 0x0, ttl 64, id 39522, offset 0, flags [+], proto UDP (17), length 1500)"
1779594299.363384,,,UDP,1500,"1779594299.363384 IP (tos 0x0, ttl 64, id 39523, offset 0, flags [+], proto UDP (17), length 1500)"
1779594299.370443,,,UDP,30,"1779594299.370443 IP (tos 0x0, ttl 64, id 8220, offset 0, flags [DF], proto UDP (17), length 30)"
1779594299.370935,,,UDP,1500,"1779594299.370935 IP (tos 0x0, ttl 64, id 39525, offset 0, flags [+], proto UDP (17), length 1500)"
1779594299.371142,,,UDP,30,"1779594299.371142 IP (tos 0x0, ttl 64, id 8221, offset 0, flags [DF], proto UDP (17), length 30)"
1779594299.371590,,,UDP,30,"1779594299.371590 IP (tos 0x0, ttl 64, id 8222, offset 0, flags [DF], proto UDP (17), length 30)"
1779594299.371757,,,UDP,1500,"1779594299.371757 IP (tos 0x0, ttl 64, id 39526, offset 0, flags [+], proto UDP (17), length 1500)"
1779594299.372152,,,UDP,30,"1779594299.372152 IP (tos 0x0, ttl 64, id 8223, offset 0, flags [DF], proto UDP (17), length 30)"
1779594299.372701,,,UDP,30,"1779594299.372701 IP (tos 0x0, ttl 64, id 8224, offset 0, flags [DF], proto UDP (17), length 30)"
1779594299.372911,,,UDP,30,"1779594299.372911 IP (tos 0x0, ttl 64, id 8225, offset 0, flags [DF], proto UDP (17), length 30)"
1779594299.373468,,,UDP,30,"1779594299.373468 IP (tos 0x0, ttl 64, id 8226, offset 0, flags [DF], proto UDP (17), length 30)"
1779594299.373650,,,UDP,30,"1779594299.373650 IP (tos 0x0, ttl 64, id 8227, offset 0, flags [DF], proto UDP (17), length 30)"
1779594299.381391,,,UDP,30,"1779594299.381391 IP (tos 0x0, ttl 64, id 8228, offset 0, flags [DF], proto UDP (17), length 30)"
1779594299.382283,,,UDP,30,"1779594299.382283 IP (tos 0x0, ttl 64, id 8229, offset 0, flags [DF], proto UDP (17), length 30)"
1779594299.390320,,,UDP,1500,"1779594299.390320 IP (tos 0x0, ttl 64, id 39527, offset 0, flags [+], proto UDP (17), length 1500)"
1779594299.391622,,,UDP,1500,"1779594299.391622 IP (tos 0x0, ttl 64, id 39528, offset 0, flags [+], proto UDP (17), length 1500)"
1779594299.393234,,,UDP,1500,"1779594299.393234 IP (tos 0x0, ttl 64, id 39529, offset 0, flags [+], proto UDP (17), length 1500)"
1779594299.394602,,,UDP,1500,"1779594299.394602 IP (tos 0x0, ttl 64, id 39530, offset 0, flags [+], proto UDP (17), length 1500)"
1779594299.395663,,,UDP,1500,"1779594299.395663 IP (tos 0x0, ttl 64, id 39531, offset 0, flags [+], proto UDP (17), length 1500)"
1779594299.396587,,,UDP,1500,"1779594299.396587 IP (tos 0x0, ttl 64, id 39532, offset 0, flags [+], proto UDP (17), length 1500)"
1779594299.397622,,,UDP,1500,"1779594299.397622 IP (tos 0x0, ttl 64, id 39533, offset 0, flags [+], proto UDP (17), length 1500)"
1779594299.398787,,,UDP,1500,"1779594299.398787 IP (tos 0x0, ttl 64, id 39534, offset 0, flags [+], proto UDP (17), length 1500)"
1779594299.401669,,,UDP,30,"1779594299.401669 IP (tos 0x0, ttl 64, id 8231, offset 0, flags [DF], proto UDP (17), length 30)"
1779594299.402527,,,UDP,1500,"1779594299.402527 IP (tos 0x0, ttl 64, id 39535, offset 0, flags [+], proto UDP (17), length 1500)"
1779594299.402677,,,UDP,30,"1779594299.402677 IP (tos 0x0, ttl 64, id 8232, offset 0, flags [DF], proto UDP (17), length 30)"
1779594299.403594,,,UDP,1500,"1779594299.403594 IP (tos 0x0, ttl 64, id 39536, offset 0, flags [+], proto UDP (17), length 1500)"
1779594299.404423,,,UDP,30,"1779594299.404423 IP (tos 0x0, ttl 64, id 8233, offset 0, flags [DF], proto UDP (17), length 30)"
1779594299.405166,,,UDP,1500,"1779594299.405166 IP (tos 0x0, ttl 64, id 39537, offset 0, flags [+], proto UDP (17), length 1500)"
1779594299.405363,,,UDP,30,"1779594299.405363 IP (tos 0x0, ttl 64, id 8234, offset 0, flags [DF], proto UDP (17), length 30)"
1779594299.405981,,,UDP,1500,"1779594299.405981 IP (tos 0x0, ttl 64, id 39538, offset 0, flags [+], proto UDP (17), length 1500)"
1779594299.406386,,,UDP,30,"1779594299.406386 IP (tos 0x0, ttl 64, id 8235, offset 0, flags [DF], proto UDP (17), length 30)"
1779594299.407106,,,UDP,1500,"1779594299.407106 IP (tos 0x0, ttl 64, id 39539, offset 0, flags [+], proto UDP (17), length 1500)"
1779594299.407246,,,UDP,30,"1779594299.407246 IP (tos 0x0, ttl 64, id 8236, offset 0, flags [DF], proto UDP (17), length 30)"
1779594299.407834,,,UDP,1500,"1779594299.407834 IP (tos 0x0, ttl 64, id 39540, offset 0, flags [+], proto UDP (17), length 1500)"
1779594299.408498,,,UDP,30,"1779594299.408498 IP (tos 0x0, ttl 64, id 8237, offset 0, flags [DF], proto UDP (17), length 30)"
1779594299.409563,,,UDP,1500,"1779594299.409563 IP (tos 0x0, ttl 64, id 39541, offset 0, flags [+], proto UDP (17), length 1500)"
1779594299.409662,,,UDP,30,"1779594299.409662 IP (tos 0x0, ttl 64, id 8238, offset 0, flags [DF], proto UDP (17), length 30)"
1779594299.410519,,,UDP,1500,"1779594299.410519 IP (tos 0x0, ttl 64, id 39542, offset 0, flags [+], proto UDP (17), length 1500)"
1779594299.413185,,,UDP,30,"1779594299.413185 IP (tos 0x0, ttl 64, id 8239, offset 0, flags [DF], proto UDP (17), length 30)"
1779594299.413986,,,UDP,1500,"1779594299.413986 IP (tos 0x0, ttl 64, id 39543, offset 0, flags [+], proto UDP (17), length 1500)"
1779594299.414130,,,UDP,30,"1779594299.414130 IP (tos 0x0, ttl 64, id 8240, offset 0, flags [DF], proto UDP (17), length 30)"
1779594299.414810,,,UDP,1500,"1779594299.414810 IP (tos 0x0, ttl 64, id 39544, offset 0, flags [+], proto UDP (17), length 1500)"
1779594299.415818,,,UDP,30,"1779594299.415818 IP (tos 0x0, ttl 64, id 8241, offset 0, flags [DF], proto UDP (17), length 30)"
1779594299.416428,,,UDP,1500,"1779594299.416428 IP (tos 0x0, ttl 64, id 39545, offset 0, flags [+], proto UDP (17), length 1500)"
1779594299.416480,,,UDP,31,"1779594299.416480 IP (tos 0x0, ttl 64, id 8242, offset 0, flags [DF], proto UDP (17), length 31)"
1779594299.416931,,,UDP,1500,"1779594299.416931 IP (tos 0x0, ttl 64, id 39546, offset 0, flags [+], proto UDP (17), length 1500)"
1779594299.417769,,,UDP,31,"1779594299.417769 IP (tos 0x0, ttl 64, id 8243, offset 0, flags [DF], proto UDP (17), length 31)"
1779594299.418295,,,UDP,1500,"1779594299.418295 IP (tos 0x0, ttl 64, id 39547, offset 0, flags [+], proto UDP (17), length 1500)"
1779594299.418385,,,UDP,31,"1779594299.418385 IP (tos 0x0, ttl 64, id 8244, offset 0, flags [DF], proto UDP (17), length 31)"
1779594299.418932,,,UDP,1500,"1779594299.418932 IP (tos 0x0, ttl 64, id 39548, offset 0, flags [+], proto UDP (17), length 1500)"
1779594299.420313,,,UDP,31,"1779594299.420313 IP (tos 0x0, ttl 64, id 8245, offset 0, flags [DF], proto UDP (17), length 31)"
1779594299.420843,,,UDP,1500,"1779594299.420843 IP (tos 0x0, ttl 64, id 39549, offset 0, flags [+], proto UDP (17), length 1500)"
1779594299.420987,,,UDP,31,"1779594299.420987 IP (tos 0x0, ttl 64, id 8246, offset 0, flags [DF], proto UDP (17), length 31)"
1779594299.421422,,,UDP,1500,"1779594299.421422 IP (tos 0x0, ttl 64, id 39550, offset 0, flags [+], proto UDP (17), length 1500)"
1779594299.424670,,,UDP,31,"1779594299.424670 IP (tos 0x0, ttl 64, id 8247, offset 0, flags [DF], proto UDP (17), length 31)"
1779594299.425338,,,UDP,31,"1779594299.425338 IP (tos 0x0, ttl 64, id 8248, offset 0, flags [DF], proto UDP (17), length 31)"
1779594299.425544,,,UDP,1500,"1779594299.425544 IP (tos 0x0, ttl 64, id 39551, offset 0, flags [+], proto UDP (17), length 1500)"
1779594299.426716,,,UDP,1500,"1779594299.426716 IP (tos 0x0, ttl 64, id 39552, offset 0, flags [+], proto UDP (17), length 1500)"
1779594299.426869,,,UDP,31,"1779594299.426869 IP (tos 0x0, ttl 64, id 8249, offset 0, flags [DF], proto UDP (17), length 31)"
1779594299.427294,,,UDP,31,"1779594299.427294 IP (tos 0x0, ttl 64, id 8250, offset 0, flags [DF], proto UDP (17), length 31)"
1779594299.427431,,,UDP,1500,"1779594299.427431 IP (tos 0x0, ttl 64, id 39553, offset 0, flags [+], proto UDP (17), length 1500)"
1779594299.427902,,,UDP,1500,"1779594299.427902 IP (tos 0x0, ttl 64, id 39554, offset 0, flags [+], proto UDP (17), length 1500)"
1779594299.428744,,,UDP,31,"1779594299.428744 IP (tos 0x0, ttl 64, id 8251, offset 0, flags [DF], proto UDP (17), length 31)"
1779594299.429269,,,UDP,31,"1779594299.429269 IP (tos 0x0, ttl 64, id 8252, offset 0, flags [DF], proto UDP (17), length 31)"
1779594299.429316,,,UDP,1500,"1779594299.429316 IP (tos 0x0, ttl 64, id 39555, offset 0, flags [+], proto UDP (17), length 1500)"
1779594299.429735,,,UDP,1500,"1779594299.429735 IP (tos 0x0, ttl 64, id 39556, offset 0, flags [+], proto UDP (17), length 1500)"
1779594299.431293,,,UDP,31,"1779594299.431293 IP (tos 0x0, ttl 64, id 8253, offset 0, flags [DF], proto UDP (17), length 31)"
1779594299.431753,,,UDP,1500,"1779594299.431753 IP (tos 0x0, ttl 64, id 39557, offset 0, flags [+], proto UDP (17), length 1500)"
1779594299.431757,,,UDP,31,"1779594299.431757 IP (tos 0x0, ttl 64, id 8254, offset 0, flags [DF], proto UDP (17), length 31)"
1779594299.432140,,,UDP,1500,"1779594299.432140 IP (tos 0x0, ttl 64, id 39558, offset 0, flags [+], proto UDP (17), length 1500)"
1779594299.436464,,,UDP,31,"1779594299.436464 IP (tos 0x0, ttl 64, id 8255, offset 0, flags [DF], proto UDP (17), length 31)"
1779594299.437115,,,UDP,1500,"1779594299.437115 IP (tos 0x0, ttl 64, id 39560, offset 0, flags [+], proto UDP (17), length 1500)"
1779594299.437405,,,UDP,31,"1779594299.437405 IP (tos 0x0, ttl 64, id 8256, offset 0, flags [DF], proto UDP (17), length 31)"
1779594299.437840,,,UDP,31,"1779594299.437840 IP (tos 0x0, ttl 64, id 8257, offset 0, flags [DF], proto UDP (17), length 31)"
1779594299.437947,,,UDP,1500,"1779594299.437947 IP (tos 0x0, ttl 64, id 39561, offset 0, flags [+], proto UDP (17), length 1500)"
1779594299.438226,,,UDP,31,"1779594299.438226 IP (tos 0x0, ttl 64, id 8258, offset 0, flags [DF], proto UDP (17), length 31)"
1779594299.438378,,,UDP,1500,"1779594299.438378 IP (tos 0x0, ttl 64, id 39562, offset 0, flags [+], proto UDP (17), length 1500)"
1779594299.438751,,,UDP,1500,"1779594299.438751 IP (tos 0x0, ttl 64, id 39563, offset 0, flags [+], proto UDP (17), length 1500)"
1779594299.439760,,,UDP,31,"1779594299.439760 IP (tos 0x0, ttl 64, id 8259, offset 0, flags [DF], proto UDP (17), length 31)"
1779594299.440044,,,UDP,31,"1779594299.440044 IP (tos 0x0, ttl 64, id 8260, offset 0, flags [DF], proto UDP (17), length 31)"
1779594299.440240,,,UDP,1500,"1779594299.440240 IP (tos 0x0, ttl 64, id 39564, offset 0, flags [+], proto UDP (17), length 1500)"
1779594299.440660,,,UDP,1500,"1779594299.440660 IP (tos 0x0, ttl 64, id 39565, offset 0, flags [+], proto UDP (17), length 1500)"
1779594299.442090,,,UDP,31,"1779594299.442090 IP (tos 0x0, ttl 64, id 8261, offset 0, flags [DF], proto UDP (17), length 31)"
1779594299.442513,,,UDP,31,"1779594299.442513 IP (tos 0x0, ttl 64, id 8262, offset 0, flags [DF], proto UDP (17), length 31)"
1779594299.443012,,,UDP,1500,"1779594299.443012 IP (tos 0x0, ttl 64, id 39566, offset 0, flags [+], proto UDP (17), length 1500)"
1779594299.443753,,,UDP,1500,"1779594299.443753 IP (tos 0x0, ttl 64, id 39567, offset 0, flags [+], proto UDP (17), length 1500)"
1779594299.447585,,,UDP,31,"1779594299.447585 IP (tos 0x0, ttl 64, id 8263, offset 0, flags [DF], proto UDP (17), length 31)"
1779594299.448305,,,UDP,31,"1779594299.448305 IP (tos 0x0, ttl 64, id 8264, offset 0, flags [DF], proto UDP (17), length 31)"
1779594299.448315,,,UDP,1500,"1779594299.448315 IP (tos 0x0, ttl 64, id 39568, offset 0, flags [+], proto UDP (17), length 1500)"
1779594299.448761,,,UDP,31,"1779594299.448761 IP (tos 0x0, ttl 64, id 8265, offset 0, flags [DF], proto UDP (17), length 31)"
1779594299.448788,,,UDP,1500,"1779594299.448788 IP (tos 0x0, ttl 64, id 39569, offset 0, flags [+], proto UDP (17), length 1500)"
1779594299.449050,,,UDP,31,"1779594299.449050 IP (tos 0x0, ttl 64, id 8266, offset 0, flags [DF], proto UDP (17), length 31)"
1779594299.449203,,,UDP,1500,"1779594299.449203 IP (tos 0x0, ttl 64, id 39570, offset 0, flags [+], proto UDP (17), length 1500)"
1779594299.449701,,,UDP,1500,"1779594299.449701 IP (tos 0x0, ttl 64, id 39571, offset 0, flags [+], proto UDP (17), length 1500)"
1779594299.450688,,,UDP,31,"1779594299.450688 IP (tos 0x0, ttl 64, id 8267, offset 0, flags [DF], proto UDP (17), length 31)"
1779594299.450936,,,UDP,31,"1779594299.450936 IP (tos 0x0, ttl 64, id 8268, offset 0, flags [DF], proto UDP (17), length 31)"
1779594299.451090,,,UDP,1500,"1779594299.451090 IP (tos 0x0, ttl 64, id 39572, offset 0, flags [+], proto UDP (17), length 1500)"
1779594299.451447,,,UDP,1500,"1779594299.451447 IP (tos 0x0, ttl 64, id 39573, offset 0, flags [+], proto UDP (17), length 1500)"
1779594299.453686,,,UDP,31,"1779594299.453686 IP (tos 0x0, ttl 64, id 8269, offset 0, flags [DF], proto UDP (17), length 31)"
1779594299.454129,,,UDP,31,"1779594299.454129 IP (tos 0x0, ttl 64, id 8270, offset 0, flags [DF], proto UDP (17), length 31)"
1779594299.454195,,,UDP,1500,"1779594299.454195 IP (tos 0x0, ttl 64, id 39574, offset 0, flags [+], proto UDP (17), length 1500)"
1779594299.454604,,,UDP,1500,"1779594299.454604 IP (tos 0x0, ttl 64, id 39575, offset 0, flags [+], proto UDP (17), length 1500)"
1779594299.458959,,,UDP,31,"1779594299.458959 IP (tos 0x0, ttl 64, id 8272, offset 0, flags [DF], proto UDP (17), length 31)"
1779594299.459240,,,UDP,31,"1779594299.459240 IP (tos 0x0, ttl 64, id 8273, offset 0, flags [DF], proto UDP (17), length 31)"
1779594299.459552,,,UDP,31,"1779594299.459552 IP (tos 0x0, ttl 64, id 8274, offset 0, flags [DF], proto UDP (17), length 31)"
1779594299.460036,,,UDP,31,"1779594299.460036 IP (tos 0x0, ttl 64, id 8275, offset 0, flags [DF], proto UDP (17), length 31)"
1779594299.460058,,,UDP,1500,"1779594299.460058 IP (tos 0x0, ttl 64, id 39576, offset 0, flags [+], proto UDP (17), length 1500)"
1779594299.460565,,,UDP,1500,"1779594299.460565 IP (tos 0x0, ttl 64, id 39577, offset 0, flags [+], proto UDP (17), length 1500)"
1779594299.461022,,,UDP,1500,"1779594299.461022 IP (tos 0x0, ttl 64, id 39578, offset 0, flags [+], proto UDP (17), length 1500)"
1779594299.461427,,,UDP,31,"1779594299.461427 IP (tos 0x0, ttl 64, id 8276, offset 0, flags [DF], proto UDP (17), length 31)"
1779594299.461468,,,UDP,1500,"1779594299.461468 IP (tos 0x0, ttl 64, id 39579, offset 0, flags [+], proto UDP (17), length 1500)"
1779594299.461747,,,UDP,31,"1779594299.461747 IP (tos 0x0, ttl 64, id 8277, offset 0, flags [DF], proto UDP (17), length 31)"
1779594299.461953,,,UDP,1500,"1779594299.461953 IP (tos 0x0, ttl 64, id 39580, offset 0, flags [+], proto UDP (17), length 1500)"
1779594299.464587,,,UDP,31,"1779594299.464587 IP (tos 0x0, ttl 64, id 8278, offset 0, flags [DF], proto UDP (17), length 31)"
1779594299.464901,,,UDP,31,"1779594299.464901 IP (tos 0x0, ttl 64, id 8279, offset 0, flags [DF], proto UDP (17), length 31)"
1779594299.469135,,,UDP,1500,"1779594299.469135 IP (tos 0x0, ttl 64, id 39581, offset 0, flags [+], proto UDP (17), length 1500)"
1779594299.469726,,,UDP,1500,"1779594299.469726 IP (tos 0x0, ttl 64, id 39582, offset 0, flags [+], proto UDP (17), length 1500)"
1779594299.470293,,,UDP,1500,"1779594299.470293 IP (tos 0x0, ttl 64, id 39583, offset 0, flags [+], proto UDP (17), length 1500)"
1779594299.470505,,,UDP,31,"1779594299.470505 IP (tos 0x0, ttl 64, id 8280, offset 0, flags [DF], proto UDP (17), length 31)"
1779594299.470917,,,UDP,31,"1779594299.470917 IP (tos 0x0, ttl 64, id 8281, offset 0, flags [DF], proto UDP (17), length 31)"
1779594299.471133,,,UDP,1500,"1779594299.471133 IP (tos 0x0, ttl 64, id 39584, offset 0, flags [+], proto UDP (17), length 1500)"
1779594299.471324,,,UDP,31,"1779594299.471324 IP (tos 0x0, ttl 64, id 8282, offset 0, flags [DF], proto UDP (17), length 31)"
1779594299.471567,,,UDP,1500,"1779594299.471567 IP (tos 0x0, ttl 64, id 39585, offset 0, flags [+], proto UDP (17), length 1500)"
1779594299.471825,,,UDP,31,"1779594299.471825 IP (tos 0x0, ttl 64, id 8283, offset 0, flags [DF], proto UDP (17), length 31)"
1779594299.472017,,,UDP,1500,"1779594299.472017 IP (tos 0x0, ttl 64, id 39586, offset 0, flags [+], proto UDP (17), length 1500)"
1779594299.472275,,,UDP,31,"1779594299.472275 IP (tos 0x0, ttl 64, id 8284, offset 0, flags [DF], proto UDP (17), length 31)"
1779594299.472409,,,UDP,1500,"1779594299.472409 IP (tos 0x0, ttl 64, id 39587, offset 0, flags [+], proto UDP (17), length 1500)"
1779594299.479669,,,UDP,31,"1779594299.479669 IP (tos 0x0, ttl 64, id 8286, offset 0, flags [DF], proto UDP (17), length 31)"
1779594299.480263,,,UDP,31,"1779594299.480263 IP (tos 0x0, ttl 64, id 8287, offset 0, flags [DF], proto UDP (17), length 31)"
1779594299.480674,,,UDP,31,"1779594299.480674 IP (tos 0x0, ttl 64, id 8288, offset 0, flags [DF], proto UDP (17), length 31)"
1779594299.481604,,,UDP,31,"1779594299.481604 IP (tos 0x0, ttl 64, id 8289, offset 0, flags [DF], proto UDP (17), length 31)"
1779594299.481886,,,UDP,31,"1779594299.481886 IP (tos 0x0, ttl 64, id 8290, offset 0, flags [DF], proto UDP (17), length 31)"
1779594299.482344,,,UDP,31,"1779594299.482344 IP (tos 0x0, ttl 64, id 8291, offset 0, flags [DF], proto UDP (17), length 31)"
1779594299.482749,,,UDP,31,"1779594299.482749 IP (tos 0x0, ttl 64, id 8292, offset 0, flags [DF], proto UDP (17), length 31)"
1779594299.496835,,,UDP,1500,"1779594299.496835 IP (tos 0x0, ttl 64, id 39592, offset 0, flags [+], proto UDP (17), length 1500)"
1779594299.497743,,,UDP,1500,"1779594299.497743 IP (tos 0x0, ttl 64, id 39593, offset 0, flags [+], proto UDP (17), length 1500)"
1779594299.498690,,,UDP,1500,"1779594299.498690 IP (tos 0x0, ttl 64, id 39594, offset 0, flags [+], proto UDP (17), length 1500)"
1779594299.499543,,,UDP,1500,"1779594299.499543 IP (tos 0x0, ttl 64, id 39595, offset 0, flags [+], proto UDP (17), length 1500)"
1779594299.500315,,,UDP,1500,"1779594299.500315 IP (tos 0x0, ttl 64, id 39596, offset 0, flags [+], proto UDP (17), length 1500)"
1779594299.501167,,,UDP,1500,"1779594299.501167 IP (tos 0x0, ttl 64, id 39597, offset 0, flags [+], proto UDP (17), length 1500)"
1779594299.501926,,,UDP,1500,"1779594299.501926 IP (tos 0x0, ttl 64, id 39598, offset 0, flags [+], proto UDP (17), length 1500)"
1779594299.502632,,,UDP,1500,"1779594299.502632 IP (tos 0x0, ttl 64, id 39599, offset 0, flags [+], proto UDP (17), length 1500)"
1779594299.507803,,,UDP,31,"1779594299.507803 IP (tos 0x0, ttl 64, id 8296, offset 0, flags [DF], proto UDP (17), length 31)"
1779594299.508722,,,UDP,31,"1779594299.508722 IP (tos 0x0, ttl 64, id 8297, offset 0, flags [DF], proto UDP (17), length 31)"
1779594299.509477,,,UDP,31,"1779594299.509477 IP (tos 0x0, ttl 64, id 8298, offset 0, flags [DF], proto UDP (17), length 31)"
1779594299.509536,,,UDP,1500,"1779594299.509536 IP (tos 0x0, ttl 64, id 39600, offset 0, flags [+], proto UDP (17), length 1500)"
1779594299.510309,,,UDP,31,"1779594299.510309 IP (tos 0x0, ttl 64, id 8299, offset 0, flags [DF], proto UDP (17), length 31)"
1779594299.510464,,,UDP,1500,"1779594299.510464 IP (tos 0x0, ttl 64, id 39601, offset 0, flags [+], proto UDP (17), length 1500)"
1779594299.511074,,,UDP,31,"1779594299.511074 IP (tos 0x0, ttl 64, id 8300, offset 0, flags [DF], proto UDP (17), length 31)"
1779594299.511396,,,UDP,1500,"1779594299.511396 IP (tos 0x0, ttl 64, id 39602, offset 0, flags [+], proto UDP (17), length 1500)"
1779594299.511976,,,UDP,31,"1779594299.511976 IP (tos 0x0, ttl 64, id 8301, offset 0, flags [DF], proto UDP (17), length 31)"
1779594299.512247,,,UDP,1500,"1779594299.512247 IP (tos 0x0, ttl 64, id 39603, offset 0, flags [+], proto UDP (17), length 1500)"
1779594299.512546,,,UDP,31,"1779594299.512546 IP (tos 0x0, ttl 64, id 8302, offset 0, flags [DF], proto UDP (17), length 31)"
1779594299.513059,,,UDP,1500,"1779594299.513059 IP (tos 0x0, ttl 64, id 39604, offset 0, flags [+], proto UDP (17), length 1500)"
1779594299.513332,,,UDP,31,"1779594299.513332 IP (tos 0x0, ttl 64, id 8303, offset 0, flags [DF], proto UDP (17), length 31)"
1779594299.513867,,,UDP,1500,"1779594299.513867 IP (tos 0x0, ttl 64, id 39605, offset 0, flags [+], proto UDP (17), length 1500)"
1779594299.514616,,,UDP,1500,"1779594299.514616 IP (tos 0x0, ttl 64, id 39606, offset 0, flags [+], proto UDP (17), length 1500)"
1779594299.515557,,,UDP,1500,"1779594299.515557 IP (tos 0x0, ttl 64, id 39607, offset 0, flags [+], proto UDP (17), length 1500)"
1779594299.520688,,,UDP,31,"1779594299.520688 IP (tos 0x0, ttl 64, id 8304, offset 0, flags [DF], proto UDP (17), length 31)"
1779594299.521230,,,UDP,31,"1779594299.521230 IP (tos 0x0, ttl 64, id 8305, offset 0, flags [DF], proto UDP (17), length 31)"
1779594299.521763,,,UDP,1500,"1779594299.521763 IP (tos 0x0, ttl 64, id 39608, offset 0, flags [+], proto UDP (17), length 1500)"
1779594299.522226,,,UDP,31,"1779594299.522226 IP (tos 0x0, ttl 64, id 8306, offset 0, flags [DF], proto UDP (17), length 31)"
1779594299.522627,,,UDP,1500,"1779594299.522627 IP (tos 0x0, ttl 64, id 39609, offset 0, flags [+], proto UDP (17), length 1500)"
1779594299.522912,,,UDP,31,"1779594299.522912 IP (tos 0x0, ttl 64, id 8307, offset 0, flags [DF], proto UDP (17), length 31)"
1779594299.523246,,,UDP,1500,"1779594299.523246 IP (tos 0x0, ttl 64, id 39610, offset 0, flags [+], proto UDP (17), length 1500)"
1779594299.523709,,,UDP,31,"1779594299.523709 IP (tos 0x0, ttl 64, id 8308, offset 0, flags [DF], proto UDP (17), length 31)"
1779594299.524010,,,UDP,1500,"1779594299.524010 IP (tos 0x0, ttl 64, id 39611, offset 0, flags [+], proto UDP (17), length 1500)"
1779594299.524516,,,UDP,31,"1779594299.524516 IP (tos 0x0, ttl 64, id 8309, offset 0, flags [DF], proto UDP (17), length 31)"
1779594299.524835,,,UDP,1500,"1779594299.524835 IP (tos 0x0, ttl 64, id 39612, offset 0, flags [+], proto UDP (17), length 1500)"
1779594299.525265,,,UDP,31,"1779594299.525265 IP (tos 0x0, ttl 64, id 8310, offset 0, flags [DF], proto UDP (17), length 31)"
1779594299.525777,,,UDP,1500,"1779594299.525777 IP (tos 0x0, ttl 64, id 39613, offset 0, flags [+], proto UDP (17), length 1500)"
1779594299.526234,,,UDP,31,"1779594299.526234 IP (tos 0x0, ttl 64, id 8311, offset 0, flags [DF], proto UDP (17), length 31)"
1779594299.526691,,,UDP,1500,"1779594299.526691 IP (tos 0x0, ttl 64, id 39614, offset 0, flags [+], proto UDP (17), length 1500)"
1779594299.527493,,,UDP,1500,"1779594299.527493 IP (tos 0x0, ttl 64, id 39615, offset 0, flags [+], proto UDP (17), length 1500)"
1779594299.532899,,,UDP,31,"1779594299.532899 IP (tos 0x0, ttl 64, id 8312, offset 0, flags [DF], proto UDP (17), length 31)"
1779594299.533429,,,UDP,31,"1779594299.533429 IP (tos 0x0, ttl 64, id 8313, offset 0, flags [DF], proto UDP (17), length 31)"
1779594299.533717,,,UDP,1500,"1779594299.533717 IP (tos 0x0, ttl 64, id 39616, offset 0, flags [+], proto UDP (17), length 1500)"
1779594299.533953,,,UDP,31,"1779594299.533953 IP (tos 0x0, ttl 64, id 8314, offset 0, flags [DF], proto UDP (17), length 31)"
1779594299.534311,,,UDP,1500,"1779594299.534311 IP (tos 0x0, ttl 64, id 39617, offset 0, flags [+], proto UDP (17), length 1500)"
1779594299.534782,,,UDP,31,"1779594299.534782 IP (tos 0x0, ttl 64, id 8315, offset 0, flags [DF], proto UDP (17), length 31)"
1779594299.535078,,,UDP,1500,"1779594299.535078 IP (tos 0x0, ttl 64, id 39618, offset 0, flags [+], proto UDP (17), length 1500)"
1779594299.535618,,,UDP,1500,"1779594299.535618 IP (tos 0x0, ttl 64, id 39619, offset 0, flags [+], proto UDP (17), length 1500)"
1779594299.535629,,,UDP,31,"1779594299.535629 IP (tos 0x0, ttl 64, id 8316, offset 0, flags [DF], proto UDP (17), length 31)"
1779594299.536217,,,UDP,1500,"1779594299.536217 IP (tos 0x0, ttl 64, id 39620, offset 0, flags [+], proto UDP (17), length 1500)"
1779594299.536760,,,UDP,31,"1779594299.536760 IP (tos 0x0, ttl 64, id 8317, offset 0, flags [DF], proto UDP (17), length 31)"
1779594299.537332,,,UDP,1500,"1779594299.537332 IP (tos 0x0, ttl 64, id 39621, offset 0, flags [+], proto UDP (17), length 1500)"
1779594299.537398,,,UDP,31,"1779594299.537398 IP (tos 0x0, ttl 64, id 8318, offset 0, flags [DF], proto UDP (17), length 31)"
1779594299.537986,,,UDP,1500,"1779594299.537986 IP (tos 0x0, ttl 64, id 39622, offset 0, flags [+], proto UDP (17), length 1500)"
1779594299.538067,,,UDP,31,"1779594299.538067 IP (tos 0x0, ttl 64, id 8319, offset 0, flags [DF], proto UDP (17), length 31)"
1779594299.538631,,,UDP,1500,"1779594299.538631 IP (tos 0x0, ttl 64, id 39623, offset 0, flags [+], proto UDP (17), length 1500)"
1779594299.544420,,,UDP,31,"1779594299.544420 IP (tos 0x0, ttl 64, id 8321, offset 0, flags [DF], proto UDP (17), length 31)"
1779594299.544896,,,UDP,31,"1779594299.544896 IP (tos 0x0, ttl 64, id 8322, offset 0, flags [DF], proto UDP (17), length 31)"
1779594299.545197,,,UDP,1500,"1779594299.545197 IP (tos 0x0, ttl 64, id 39624, offset 0, flags [+], proto UDP (17), length 1500)"
1779594299.545558,,,UDP,31,"1779594299.545558 IP (tos 0x0, ttl 64, id 8323, offset 0, flags [DF], proto UDP (17), length 31)"
1779594299.545591,,,UDP,1500,"1779594299.545591 IP (tos 0x0, ttl 64, id 39625, offset 0, flags [+], proto UDP (17), length 1500)"
1779594299.546013,,,UDP,31,"1779594299.546013 IP (tos 0x0, ttl 64, id 8324, offset 0, flags [DF], proto UDP (17), length 31)"
1779594299.546090,,,UDP,1500,"1779594299.546090 IP (tos 0x0, ttl 64, id 39626, offset 0, flags [+], proto UDP (17), length 1500)"
1779594299.546678,,,UDP,1500,"1779594299.546678 IP (tos 0x0, ttl 64, id 39627, offset 0, flags [+], proto UDP (17), length 1500)"
1779594299.546751,,,UDP,31,"1779594299.546751 IP (tos 0x0, ttl 64, id 8325, offset 0, flags [DF], proto UDP (17), length 31)"
1779594299.547284,,,UDP,1500,"1779594299.547284 IP (tos 0x0, ttl 64, id 39628, offset 0, flags [+], proto UDP (17), length 1500)"
1779594299.547828,,,UDP,31,"1779594299.547828 IP (tos 0x0, ttl 64, id 8326, offset 0, flags [DF], proto UDP (17), length 31)"
1779594299.548255,,,UDP,1500,"1779594299.548255 IP (tos 0x0, ttl 64, id 39629, offset 0, flags [+], proto UDP (17), length 1500)"
1779594299.548384,,,UDP,31,"1779594299.548384 IP (tos 0x0, ttl 64, id 8327, offset 0, flags [DF], proto UDP (17), length 31)"
1779594299.548846,,,UDP,1500,"1779594299.548846 IP (tos 0x0, ttl 64, id 39630, offset 0, flags [+], proto UDP (17), length 1500)"
1779594299.549217,,,UDP,31,"1779594299.549217 IP (tos 0x0, ttl 64, id 8328, offset 0, flags [DF], proto UDP (17), length 31)"
1779594299.549663,,,UDP,1500,"1779594299.549663 IP (tos 0x0, ttl 64, id 39631, offset 0, flags [+], proto UDP (17), length 1500)"
1779594299.555887,,,UDP,31,"1779594299.555887 IP (tos 0x0, ttl 64, id 8329, offset 0, flags [DF], proto UDP (17), length 31)"
1779594299.556379,,,UDP,31,"1779594299.556379 IP (tos 0x0, ttl 64, id 8330, offset 0, flags [DF], proto UDP (17), length 31)"
1779594299.556702,,,UDP,31,"1779594299.556702 IP (tos 0x0, ttl 64, id 8331, offset 0, flags [DF], proto UDP (17), length 31)"
1779594299.557173,,,UDP,31,"1779594299.557173 IP (tos 0x0, ttl 64, id 8332, offset 0, flags [DF], proto UDP (17), length 31)"
1779594299.557197,,,UDP,1500,"1779594299.557197 IP (tos 0x0, ttl 64, id 39632, offset 0, flags [+], proto UDP (17), length 1500)"
1779594299.557617,,,UDP,31,"1779594299.557617 IP (tos 0x0, ttl 64, id 8333, offset 0, flags [DF], proto UDP (17), length 31)"
1779594299.558183,,,UDP,1500,"1779594299.558183 IP (tos 0x0, ttl 64, id 39633, offset 0, flags [+], proto UDP (17), length 1500)"
1779594299.558592,,,UDP,31,"1779594299.558592 IP (tos 0x0, ttl 64, id 8334, offset 0, flags [DF], proto UDP (17), length 31)"
1779594299.559214,,,UDP,31,"1779594299.559214 IP (tos 0x0, ttl 64, id 8335, offset 0, flags [DF], proto UDP (17), length 31)"
1779594299.559405,,,UDP,1500,"1779594299.559405 IP (tos 0x0, ttl 64, id 39634, offset 0, flags [+], proto UDP (17), length 1500)"
1779594299.559987,,,UDP,31,"1779594299.559987 IP (tos 0x0, ttl 64, id 8336, offset 0, flags [DF], proto UDP (17), length 31)"
1779594299.560226,,,UDP,1500,"1779594299.560226 IP (tos 0x0, ttl 64, id 39635, offset 0, flags [+], proto UDP (17), length 1500)"
1779594299.561408,,,UDP,1500,"1779594299.561408 IP (tos 0x0, ttl 64, id 39636, offset 0, flags [+], proto UDP (17), length 1500)"
1779594299.562117,,,UDP,1500,"1779594299.562117 IP (tos 0x0, ttl 64, id 39637, offset 0, flags [+], proto UDP (17), length 1500)"
1779594299.562707,,,UDP,1500,"1779594299.562707 IP (tos 0x0, ttl 64, id 39638, offset 0, flags [+], proto UDP (17), length 1500)"
1779594299.563279,,,UDP,1500,"1779594299.563279 IP (tos 0x0, ttl 64, id 39639, offset 0, flags [+], proto UDP (17), length 1500)"
1779594299.567969,,,UDP,31,"1779594299.567969 IP (tos 0x0, ttl 64, id 8337, offset 0, flags [DF], proto UDP (17), length 31)"
1779594299.568585,,,UDP,1500,"1779594299.568585 IP (tos 0x0, ttl 64, id 39640, offset 0, flags [+], proto UDP (17), length 1500)"
1779594299.569167,,,UDP,31,"1779594299.569167 IP (tos 0x0, ttl 64, id 8338, offset 0, flags [DF], proto UDP (17), length 31)"
1779594299.569692,,,UDP,1500,"1779594299.569692 IP (tos 0x0, ttl 64, id 39641, offset 0, flags [+], proto UDP (17), length 1500)"
1779594299.570044,,,UDP,31,"1779594299.570044 IP (tos 0x0, ttl 64, id 8339, offset 0, flags [DF], proto UDP (17), length 31)"
1779594299.570581,,,UDP,1500,"1779594299.570581 IP (tos 0x0, ttl 64, id 39642, offset 0, flags [+], proto UDP (17), length 1500)"
1779594299.571229,,,UDP,31,"1779594299.571229 IP (tos 0x0, ttl 64, id 8340, offset 0, flags [DF], proto UDP (17), length 31)"
1779594299.571803,,,UDP,1500,"1779594299.571803 IP (tos 0x0, ttl 64, id 39643, offset 0, flags [+], proto UDP (17), length 1500)"
1779594299.572011,,,UDP,31,"1779594299.572011 IP (tos 0x0, ttl 64, id 8341, offset 0, flags [DF], proto UDP (17), length 31)"
1779594299.572497,,,UDP,1500,"1779594299.572497 IP (tos 0x0, ttl 64, id 39644, offset 0, flags [+], proto UDP (17), length 1500)"
1779594299.572646,,,UDP,31,"1779594299.572646 IP (tos 0x0, ttl 64, id 8342, offset 0, flags [DF], proto UDP (17), length 31)"
1779594299.573033,,,UDP,31,"1779594299.573033 IP (tos 0x0, ttl 64, id 8343, offset 0, flags [DF], proto UDP (17), length 31)"
1779594299.573184,,,UDP,1500,"1779594299.573184 IP (tos 0x0, ttl 64, id 39645, offset 0, flags [+], proto UDP (17), length 1500)"
1779594299.573653,,,UDP,1500,"1779594299.573653 IP (tos 0x0, ttl 64, id 39646, offset 0, flags [+], proto UDP (17), length 1500)"
1779594299.573786,,,UDP,31,"1779594299.573786 IP (tos 0x0, ttl 64, id 8344, offset 0, flags [DF], proto UDP (17), length 31)"
1779594299.574239,,,UDP,1500,"1779594299.574239 IP (tos 0x0, ttl 64, id 39647, offset 0, flags [+], proto UDP (17), length 1500)"
1779594299.579095,,,UDP,31,"1779594299.579095 IP (tos 0x0, ttl 64, id 8345, offset 0, flags [DF], proto UDP (17), length 31)"
1779594299.579988,,,UDP,1500,"1779594299.579988 IP (tos 0x0, ttl 64, id 39648, offset 0, flags [+], proto UDP (17), length 1500)"
1779594299.580158,,,UDP,31,"1779594299.580158 IP (tos 0x0, ttl 64, id 8346, offset 0, flags [DF], proto UDP (17), length 31)"
1779594299.580867,,,UDP,1500,"1779594299.580867 IP (tos 0x0, ttl 64, id 39649, offset 0, flags [+], proto UDP (17), length 1500)"
1779594299.581100,,,UDP,31,"1779594299.581100 IP (tos 0x0, ttl 64, id 8347, offset 0, flags [DF], proto UDP (17), length 31)"
1779594299.581737,,,UDP,1500,"1779594299.581737 IP (tos 0x0, ttl 64, id 39650, offset 0, flags [+], proto UDP (17), length 1500)"
1779594299.582166,,,UDP,31,"1779594299.582166 IP (tos 0x0, ttl 64, id 8348, offset 0, flags [DF], proto UDP (17), length 31)"
1779594299.582748,,,UDP,1500,"1779594299.582748 IP (tos 0x0, ttl 64, id 39651, offset 0, flags [+], proto UDP (17), length 1500)"
1779594299.582871,,,UDP,31,"1779594299.582871 IP (tos 0x0, ttl 64, id 8349, offset 0, flags [DF], proto UDP (17), length 31)"
1779594299.583395,,,UDP,1500,"1779594299.583395 IP (tos 0x0, ttl 64, id 39652, offset 0, flags [+], proto UDP (17), length 1500)"
1779594299.583518,,,UDP,31,"1779594299.583518 IP (tos 0x0, ttl 64, id 8350, offset 0, flags [DF], proto UDP (17), length 31)"
1779594299.583983,,,UDP,31,"1779594299.583983 IP (tos 0x0, ttl 64, id 8351, offset 0, flags [DF], proto UDP (17), length 31)"
1779594299.584034,,,UDP,1500,"1779594299.584034 IP (tos 0x0, ttl 64, id 39653, offset 0, flags [+], proto UDP (17), length 1500)"
1779594299.584586,,,UDP,1500,"1779594299.584586 IP (tos 0x0, ttl 64, id 39654, offset 0, flags [+], proto UDP (17), length 1500)"
1779594299.584777,,,UDP,31,"1779594299.584777 IP (tos 0x0, ttl 64, id 8352, offset 0, flags [DF], proto UDP (17), length 31)"
1779594299.585337,,,UDP,1500,"1779594299.585337 IP (tos 0x0, ttl 64, id 39655, offset 0, flags [+], proto UDP (17), length 1500)"
1779594299.590546,,,UDP,31,"1779594299.590546 IP (tos 0x0, ttl 64, id 8353, offset 0, flags [DF], proto UDP (17), length 31)"
1779594299.591131,,,UDP,1500,"1779594299.591131 IP (tos 0x0, ttl 64, id 39656, offset 0, flags [+], proto UDP (17), length 1500)"
1779594299.591271,,,UDP,31,"1779594299.591271 IP (tos 0x0, ttl 64, id 8354, offset 0, flags [DF], proto UDP (17), length 31)"
1779594299.592118,,,UDP,1500,"1779594299.592118 IP (tos 0x0, ttl 64, id 39657, offset 0, flags [+], proto UDP (17), length 1500)"
1779594299.592236,,,UDP,31,"1779594299.592236 IP (tos 0x0, ttl 64, id 8355, offset 0, flags [DF], proto UDP (17), length 31)"
1779594299.592934,,,UDP,1500,"1779594299.592934 IP (tos 0x0, ttl 64, id 39658, offset 0, flags [+], proto UDP (17), length 1500)"
1779594299.593171,,,UDP,31,"1779594299.593171 IP (tos 0x0, ttl 64, id 8356, offset 0, flags [DF], proto UDP (17), length 31)"
1779594299.593727,,,UDP,1500,"1779594299.593727 IP (tos 0x0, ttl 64, id 39659, offset 0, flags [+], proto UDP (17), length 1500)"
1779594299.593799,,,UDP,31,"1779594299.593799 IP (tos 0x0, ttl 64, id 8357, offset 0, flags [DF], proto UDP (17), length 31)"
1779594299.594250,,,UDP,1500,"1779594299.594250 IP (tos 0x0, ttl 64, id 39660, offset 0, flags [+], proto UDP (17), length 1500)"
1779594299.594470,,,UDP,31,"1779594299.594470 IP (tos 0x0, ttl 64, id 8358, offset 0, flags [DF], proto UDP (17), length 31)"
1779594299.594906,,,UDP,1500,"1779594299.594906 IP (tos 0x0, ttl 64, id 39661, offset 0, flags [+], proto UDP (17), length 1500)"
1779594299.594990,,,UDP,31,"1779594299.594990 IP (tos 0x0, ttl 64, id 8359, offset 0, flags [DF], proto UDP (17), length 31)"
1779594299.595403,,,UDP,1500,"1779594299.595403 IP (tos 0x0, ttl 64, id 39662, offset 0, flags [+], proto UDP (17), length 1500)"
1779594299.595762,,,UDP,31,"1779594299.595762 IP (tos 0x0, ttl 64, id 8360, offset 0, flags [DF], proto UDP (17), length 31)"
1779594299.596216,,,UDP,1500,"1779594299.596216 IP (tos 0x0, ttl 64, id 39663, offset 0, flags [+], proto UDP (17), length 1500)"
1779594299.601758,,,UDP,31,"1779594299.601758 IP (tos 0x0, ttl 64, id 8361, offset 0, flags [DF], proto UDP (17), length 31)"
1779594299.602403,,,UDP,1500,"1779594299.602403 IP (tos 0x0, ttl 64, id 39664, offset 0, flags [+], proto UDP (17), length 1500)"
1779594299.602602,,,UDP,31,"1779594299.602602 IP (tos 0x0, ttl 64, id 8362, offset 0, flags [DF], proto UDP (17), length 31)"
1779594299.603088,,,UDP,1500,"1779594299.603088 IP (tos 0x0, ttl 64, id 39665, offset 0, flags [+], proto UDP (17), length 1500)"
1779594299.603388,,,UDP,31,"1779594299.603388 IP (tos 0x0, ttl 64, id 8363, offset 0, flags [DF], proto UDP (17), length 31)"
1779594299.603828,,,UDP,1500,"1779594299.603828 IP (tos 0x0, ttl 64, id 39666, offset 0, flags [+], proto UDP (17), length 1500)"
1779594299.604072,,,UDP,31,"1779594299.604072 IP (tos 0x0, ttl 64, id 8364, offset 0, flags [DF], proto UDP (17), length 31)"
1779594299.604558,,,UDP,1500,"1779594299.604558 IP (tos 0x0, ttl 64, id 39667, offset 0, flags [+], proto UDP (17), length 1500)"
1779594299.604599,,,UDP,31,"1779594299.604599 IP (tos 0x0, ttl 64, id 8365, offset 0, flags [DF], proto UDP (17), length 31)"
1779594299.605049,,,UDP,1500,"1779594299.605049 IP (tos 0x0, ttl 64, id 39668, offset 0, flags [+], proto UDP (17), length 1500)"
1779594299.605268,,,UDP,31,"1779594299.605268 IP (tos 0x0, ttl 64, id 8366, offset 0, flags [DF], proto UDP (17), length 31)"
1779594299.605696,,,UDP,31,"1779594299.605696 IP (tos 0x0, ttl 64, id 8367, offset 0, flags [DF], proto UDP (17), length 31)"
1779594299.605743,,,UDP,1500,"1779594299.605743 IP (tos 0x0, ttl 64, id 39669, offset 0, flags [+], proto UDP (17), length 1500)"
1779594299.606134,,,UDP,1500,"1779594299.606134 IP (tos 0x0, ttl 64, id 39670, offset 0, flags [+], proto UDP (17), length 1500)"
1779594299.606538,,,UDP,31,"1779594299.606538 IP (tos 0x0, ttl 64, id 8368, offset 0, flags [DF], proto UDP (17), length 31)"
1779594299.606910,,,UDP,1500,"1779594299.606910 IP (tos 0x0, ttl 64, id 39671, offset 0, flags [+], proto UDP (17), length 1500)"
1779594299.612826,,,UDP,31,"1779594299.612826 IP (tos 0x0, ttl 64, id 8369, offset 0, flags [DF], proto UDP (17), length 31)"
1779594299.613414,,,UDP,31,"1779594299.613414 IP (tos 0x0, ttl 64, id 8370, offset 0, flags [DF], proto UDP (17), length 31)"
1779594299.613455,,,UDP,1500,"1779594299.613455 IP (tos 0x0, ttl 64, id 39672, offset 0, flags [+], proto UDP (17), length 1500)"
1779594299.613912,,,UDP,1500,"1779594299.613912 IP (tos 0x0, ttl 64, id 39673, offset 0, flags [+], proto UDP (17), length 1500)"
1779594299.614142,,,UDP,31,"1779594299.614142 IP (tos 0x0, ttl 64, id 8371, offset 0, flags [DF], proto UDP (17), length 31)"
1779594299.614683,,,UDP,1500,"1779594299.614683 IP (tos 0x0, ttl 64, id 39674, offset 0, flags [+], proto UDP (17), length 1500)"
1779594299.614904,,,UDP,31,"1779594299.614904 IP (tos 0x0, ttl 64, id 8372, offset 0, flags [DF], proto UDP (17), length 31)"
1779594299.615337,,,UDP,1500,"1779594299.615337 IP (tos 0x0, ttl 64, id 39675, offset 0, flags [+], proto UDP (17), length 1500)"
1779594299.615382,,,UDP,31,"1779594299.615382 IP (tos 0x0, ttl 64, id 8373, offset 0, flags [DF], proto UDP (17), length 31)"
1779594299.615807,,,UDP,1500,"1779594299.615807 IP (tos 0x0, ttl 64, id 39676, offset 0, flags [+], proto UDP (17), length 1500)"
1779594299.616055,,,UDP,31,"1779594299.616055 IP (tos 0x0, ttl 64, id 8374, offset 0, flags [DF], proto UDP (17), length 31)"
1779594299.616432,,,UDP,31,"1779594299.616432 IP (tos 0x0, ttl 64, id 8375, offset 0, flags [DF], proto UDP (17), length 31)"
1779594299.616528,,,UDP,1500,"1779594299.616528 IP (tos 0x0, ttl 64, id 39677, offset 0, flags [+], proto UDP (17), length 1500)"
1779594299.616992,,,UDP,1500,"1779594299.616992 IP (tos 0x0, ttl 64, id 39678, offset 0, flags [+], proto UDP (17), length 1500)"
1779594299.617229,,,UDP,31,"1779594299.617229 IP (tos 0x0, ttl 64, id 8376, offset 0, flags [DF], proto UDP (17), length 31)"
1779594299.617673,,,UDP,1500,"1779594299.617673 IP (tos 0x0, ttl 64, id 39679, offset 0, flags [+], proto UDP (17), length 1500)"
1779594299.623995,,,UDP,31,"1779594299.623995 IP (tos 0x0, ttl 64, id 8378, offset 0, flags [DF], proto UDP (17), length 31)"
1779594299.624243,,,UDP,31,"1779594299.624243 IP (tos 0x0, ttl 64, id 8379, offset 0, flags [DF], proto UDP (17), length 31)"
1779594299.624631,,,UDP,1500,"1779594299.624631 IP (tos 0x0, ttl 64, id 39680, offset 0, flags [+], proto UDP (17), length 1500)"
1779594299.625011,,,UDP,31,"1779594299.625011 IP (tos 0x0, ttl 64, id 8380, offset 0, flags [DF], proto UDP (17), length 31)"
1779594299.625540,,,UDP,1500,"1779594299.625540 IP (tos 0x0, ttl 64, id 39681, offset 0, flags [+], proto UDP (17), length 1500)"
1779594299.625694,,,UDP,31,"1779594299.625694 IP (tos 0x0, ttl 64, id 8381, offset 0, flags [DF], proto UDP (17), length 31)"
1779594299.626141,,,UDP,31,"1779594299.626141 IP (tos 0x0, ttl 64, id 8382, offset 0, flags [DF], proto UDP (17), length 31)"
1779594299.626207,,,UDP,1500,"1779594299.626207 IP (tos 0x0, ttl 64, id 39682, offset 0, flags [+], proto UDP (17), length 1500)"
1779594299.626904,,,UDP,31,"1779594299.626904 IP (tos 0x0, ttl 64, id 8383, offset 0, flags [DF], proto UDP (17), length 31)"
1779594299.627038,,,UDP,1500,"1779594299.627038 IP (tos 0x0, ttl 64, id 39683, offset 0, flags [+], proto UDP (17), length 1500)"
1779594299.627285,,,UDP,31,"1779594299.627285 IP (tos 0x0, ttl 64, id 8384, offset 0, flags [DF], proto UDP (17), length 31)"
1779594299.627543,,,UDP,1500,"1779594299.627543 IP (tos 0x0, ttl 64, id 39684, offset 0, flags [+], proto UDP (17), length 1500)"
1779594299.627983,,,UDP,31,"1779594299.627983 IP (tos 0x0, ttl 64, id 8385, offset 0, flags [DF], proto UDP (17), length 31)"
1779594299.628001,,,UDP,1500,"1779594299.628001 IP (tos 0x0, ttl 64, id 39685, offset 0, flags [+], proto UDP (17), length 1500)"
1779594299.628446,,,UDP,1500,"1779594299.628446 IP (tos 0x0, ttl 64, id 39686, offset 0, flags [+], proto UDP (17), length 1500)"
1779594299.628964,,,UDP,1500,"1779594299.628964 IP (tos 0x0, ttl 64, id 39687, offset 0, flags [+], proto UDP (17), length 1500)"
1779594299.635616,,,UDP,31,"1779594299.635616 IP (tos 0x0, ttl 64, id 8386, offset 0, flags [DF], proto UDP (17), length 31)"
1779594299.636255,,,UDP,31,"1779594299.636255 IP (tos 0x0, ttl 64, id 8387, offset 0, flags [DF], proto UDP (17), length 31)"
1779594299.636656,,,UDP,1500,"1779594299.636656 IP (tos 0x0, ttl 64, id 39688, offset 0, flags [+], proto UDP (17), length 1500)"
1779594299.636733,,,UDP,31,"1779594299.636733 IP (tos 0x0, ttl 64, id 8388, offset 0, flags [DF], proto UDP (17), length 31)"
1779594299.637449,,,UDP,31,"1779594299.637449 IP (tos 0x0, ttl 64, id 8389, offset 0, flags [DF], proto UDP (17), length 31)"
1779594299.637450,,,UDP,1500,"1779594299.637450 IP (tos 0x0, ttl 64, id 39689, offset 0, flags [+], proto UDP (17), length 1500)"
1779594299.637893,,,UDP,31,"1779594299.637893 IP (tos 0x0, ttl 64, id 8390, offset 0, flags [DF], proto UDP (17), length 31)"
1779594299.638171,,,UDP,1500,"1779594299.638171 IP (tos 0x0, ttl 64, id 39690, offset 0, flags [+], proto UDP (17), length 1500)"
1779594299.638362,,,UDP,31,"1779594299.638362 IP (tos 0x0, ttl 64, id 8391, offset 0, flags [DF], proto UDP (17), length 31)"
1779594299.638754,,,UDP,1500,"1779594299.638754 IP (tos 0x0, ttl 64, id 39691, offset 0, flags [+], proto UDP (17), length 1500)"
1779594299.638916,,,UDP,31,"1779594299.638916 IP (tos 0x0, ttl 64, id 8392, offset 0, flags [DF], proto UDP (17), length 31)"
1779594299.639256,,,UDP,1500,"1779594299.639256 IP (tos 0x0, ttl 64, id 39692, offset 0, flags [+], proto UDP (17), length 1500)"
1779594299.639288,,,UDP,31,"1779594299.639288 IP (tos 0x0, ttl 64, id 8393, offset 0, flags [DF], proto UDP (17), length 31)"
1779594299.639655,,,UDP,1500,"1779594299.639655 IP (tos 0x0, ttl 64, id 39693, offset 0, flags [+], proto UDP (17), length 1500)"
1779594299.640018,,,UDP,1500,"1779594299.640018 IP (tos 0x0, ttl 64, id 39694, offset 0, flags [+], proto UDP (17), length 1500)"
1779594299.640594,,,UDP,1500,"1779594299.640594 IP (tos 0x0, ttl 64, id 39695, offset 0, flags [+], proto UDP (17), length 1500)"
1779594299.647500,,,UDP,31,"1779594299.647500 IP (tos 0x0, ttl 64, id 8395, offset 0, flags [DF], proto UDP (17), length 31)"
1779594299.648026,,,UDP,31,"1779594299.648026 IP (tos 0x0, ttl 64, id 8396, offset 0, flags [DF], proto UDP (17), length 31)"
1779594299.648241,,,UDP,1500,"1779594299.648241 IP (tos 0x0, ttl 64, id 39697, offset 0, flags [+], proto UDP (17), length 1500)"
1779594299.648672,,,UDP,31,"1779594299.648672 IP (tos 0x0, ttl 64, id 8397, offset 0, flags [DF], proto UDP (17), length 31)"
1779594299.648812,,,UDP,1500,"1779594299.648812 IP (tos 0x0, ttl 64, id 39698, offset 0, flags [+], proto UDP (17), length 1500)"
1779594299.649155,,,UDP,31,"1779594299.649155 IP (tos 0x0, ttl 64, id 8398, offset 0, flags [DF], proto UDP (17), length 31)"
1779594299.649248,,,UDP,1500,"1779594299.649248 IP (tos 0x0, ttl 64, id 39699, offset 0, flags [+], proto UDP (17), length 1500)"
1779594299.649699,,,UDP,31,"1779594299.649699 IP (tos 0x0, ttl 64, id 8399, offset 0, flags [DF], proto UDP (17), length 31)"
1779594299.650030,,,UDP,31,"1779594299.650030 IP (tos 0x0, ttl 64, id 8400, offset 0, flags [DF], proto UDP (17), length 31)"
1779594299.650625,,,UDP,31,"1779594299.650625 IP (tos 0x0, ttl 64, id 8401, offset 0, flags [DF], proto UDP (17), length 31)"
1779594299.651232,,,UDP,31,"1779594299.651232 IP (tos 0x0, ttl 64, id 8402, offset 0, flags [DF], proto UDP (17), length 31)"
1779594299.658859,,,UDP,31,"1779594299.658859 IP (tos 0x0, ttl 64, id 8403, offset 0, flags [DF], proto UDP (17), length 31)"
1779594299.659426,,,UDP,31,"1779594299.659426 IP (tos 0x0, ttl 64, id 8404, offset 0, flags [DF], proto UDP (17), length 31)"
1779594299.659919,,,UDP,31,"1779594299.659919 IP (tos 0x0, ttl 64, id 8405, offset 0, flags [DF], proto UDP (17), length 31)"
1779594299.661350,,,UDP,34,"1779594299.661350 IP (tos 0x0, ttl 64, id 39702, offset 0, flags [DF], proto UDP (17), length 34)"
1779594299.671669,,,UDP,35,"1779594299.671669 IP (tos 0x0, ttl 64, id 8408, offset 0, flags [DF], proto UDP (17), length 35)"
1779594299.852314,,,UDP,63,"1779594299.852314 IP (tos 0x0, ttl 64, id 39736, offset 0, flags [DF], proto UDP (17), length 63)"
1779594299.869809,,,UDP,36,"1779594299.869809 IP (tos 0x0, ttl 64, id 8422, offset 0, flags [DF], proto UDP (17), length 36)"
1779594299.870791,,,UDP,1500,"1779594299.870791 IP (tos 0x0, ttl 64, id 39739, offset 0, flags [+], proto UDP (17), length 1500)"
1779594299.871657,,,UDP,1500,"1779594299.871657 IP (tos 0x0, ttl 64, id 39740, offset 0, flags [+], proto UDP (17), length 1500)"
1779594299.872614,,,UDP,1500,"1779594299.872614 IP (tos 0x0, ttl 64, id 39741, offset 0, flags [+], proto UDP (17), length 1500)"
1779594299.873745,,,UDP,1500,"1779594299.873745 IP (tos 0x0, ttl 64, id 39742, offset 0, flags [+], proto UDP (17), length 1500)"
1779594299.874674,,,UDP,1500,"1779594299.874674 IP (tos 0x0, ttl 64, id 39743, offset 0, flags [+], proto UDP (17), length 1500)"
1779594299.875786,,,UDP,1500,"1779594299.875786 IP (tos 0x0, ttl 64, id 39744, offset 0, flags [+], proto UDP (17), length 1500)"
1779594299.876615,,,UDP,1500,"1779594299.876615 IP (tos 0x0, ttl 64, id 39745, offset 0, flags [+], proto UDP (17), length 1500)"
1779594299.877549,,,UDP,1500,"1779594299.877549 IP (tos 0x0, ttl 64, id 39746, offset 0, flags [+], proto UDP (17), length 1500)"
1779594299.883795,,,UDP,29,"1779594299.883795 IP (tos 0x0, ttl 64, id 8426, offset 0, flags [DF], proto UDP (17), length 29)"
1779594299.884390,,,UDP,29,"1779594299.884390 IP (tos 0x0, ttl 64, id 8427, offset 0, flags [DF], proto UDP (17), length 29)"
1779594299.884546,,,UDP,1500,"1779594299.884546 IP (tos 0x0, ttl 64, id 39747, offset 0, flags [+], proto UDP (17), length 1500)"
1779594299.885039,,,UDP,29,"1779594299.885039 IP (tos 0x0, ttl 64, id 8428, offset 0, flags [DF], proto UDP (17), length 29)"
1779594299.885089,,,UDP,1500,"1779594299.885089 IP (tos 0x0, ttl 64, id 39748, offset 0, flags [+], proto UDP (17), length 1500)"
1779594299.885556,,,UDP,1500,"1779594299.885556 IP (tos 0x0, ttl 64, id 39749, offset 0, flags [+], proto UDP (17), length 1500)"
1779594299.885754,,,UDP,29,"1779594299.885754 IP (tos 0x0, ttl 64, id 8429, offset 0, flags [DF], proto UDP (17), length 29)"
1779594299.886229,,,UDP,29,"1779594299.886229 IP (tos 0x0, ttl 64, id 8430, offset 0, flags [DF], proto UDP (17), length 29)"
1779594299.886246,,,UDP,1500,"1779594299.886246 IP (tos 0x0, ttl 64, id 39750, offset 0, flags [+], proto UDP (17), length 1500)"
1779594299.886666,,,UDP,29,"1779594299.886666 IP (tos 0x0, ttl 64, id 8431, offset 0, flags [DF], proto UDP (17), length 29)"
1779594299.886746,,,UDP,1500,"1779594299.886746 IP (tos 0x0, ttl 64, id 39751, offset 0, flags [+], proto UDP (17), length 1500)"
1779594299.887102,,,UDP,29,"1779594299.887102 IP (tos 0x0, ttl 64, id 8432, offset 0, flags [DF], proto UDP (17), length 29)"
1779594299.887274,,,UDP,1500,"1779594299.887274 IP (tos 0x0, ttl 64, id 39752, offset 0, flags [+], proto UDP (17), length 1500)"
1779594299.887925,,,UDP,1500,"1779594299.887925 IP (tos 0x0, ttl 64, id 39753, offset 0, flags [+], proto UDP (17), length 1500)"
1779594299.888299,,,UDP,29,"1779594299.888299 IP (tos 0x0, ttl 64, id 8433, offset 0, flags [DF], proto UDP (17), length 29)"
1779594299.889076,,,UDP,1500,"1779594299.889076 IP (tos 0x0, ttl 64, id 39754, offset 0, flags [+], proto UDP (17), length 1500)"
1779594299.895099,,,UDP,29,"1779594299.895099 IP (tos 0x0, ttl 64, id 8435, offset 0, flags [DF], proto UDP (17), length 29)"
1779594299.895486,,,UDP,29,"1779594299.895486 IP (tos 0x0, ttl 64, id 8436, offset 0, flags [DF], proto UDP (17), length 29)"
1779594299.895897,,,UDP,30,"1779594299.895897 IP (tos 0x0, ttl 64, id 8437, offset 0, flags [DF], proto UDP (17), length 30)"
1779594299.896260,,,UDP,1500,"1779594299.896260 IP (tos 0x0, ttl 64, id 39755, offset 0, flags [+], proto UDP (17), length 1500)"
1779594299.896702,,,UDP,30,"1779594299.896702 IP (tos 0x0, ttl 64, id 8438, offset 0, flags [DF], proto UDP (17), length 30)"
1779594299.897168,,,UDP,1500,"1779594299.897168 IP (tos 0x0, ttl 64, id 39756, offset 0, flags [+], proto UDP (17), length 1500)"
1779594299.897171,,,UDP,30,"1779594299.897171 IP (tos 0x0, ttl 64, id 8439, offset 0, flags [DF], proto UDP (17), length 30)"
1779594299.897760,,,UDP,30,"1779594299.897760 IP (tos 0x0, ttl 64, id 8440, offset 0, flags [DF], proto UDP (17), length 30)"
1779594299.898148,,,UDP,1500,"1779594299.898148 IP (tos 0x0, ttl 64, id 39757, offset 0, flags [+], proto UDP (17), length 1500)"
1779594299.898480,,,UDP,30,"1779594299.898480 IP (tos 0x0, ttl 64, id 8441, offset 0, flags [DF], proto UDP (17), length 30)"
1779594299.899301,,,UDP,1500,"1779594299.899301 IP (tos 0x0, ttl 64, id 39758, offset 0, flags [+], proto UDP (17), length 1500)"
1779594299.899619,,,UDP,30,"1779594299.899619 IP (tos 0x0, ttl 64, id 8442, offset 0, flags [DF], proto UDP (17), length 30)"
1779594299.900090,,,UDP,1500,"1779594299.900090 IP (tos 0x0, ttl 64, id 39759, offset 0, flags [+], proto UDP (17), length 1500)"
1779594299.900688,,,UDP,1500,"1779594299.900688 IP (tos 0x0, ttl 64, id 39760, offset 0, flags [+], proto UDP (17), length 1500)"
1779594299.901281,,,UDP,1500,"1779594299.901281 IP (tos 0x0, ttl 64, id 39761, offset 0, flags [+], proto UDP (17), length 1500)"
1779594299.901980,,,UDP,1500,"1779594299.901980 IP (tos 0x0, ttl 64, id 39762, offset 0, flags [+], proto UDP (17), length 1500)"
1779594299.907220,,,UDP,30,"1779594299.907220 IP (tos 0x0, ttl 64, id 8443, offset 0, flags [DF], proto UDP (17), length 30)"
1779594299.907983,,,UDP,30,"1779594299.907983 IP (tos 0x0, ttl 64, id 8444, offset 0, flags [DF], proto UDP (17), length 30)"
1779594299.908628,,,UDP,1500,"1779594299.908628 IP (tos 0x0, ttl 64, id 39763, offset 0, flags [+], proto UDP (17), length 1500)"
1779594299.909270,,,UDP,30,"1779594299.909270 IP (tos 0x0, ttl 64, id 8445, offset 0, flags [DF], proto UDP (17), length 30)"
1779594299.909878,,,UDP,30,"1779594299.909878 IP (tos 0x0, ttl 64, id 8446, offset 0, flags [DF], proto UDP (17), length 30)"
1779594299.909905,,,UDP,1500,"1779594299.909905 IP (tos 0x0, ttl 64, id 39764, offset 0, flags [+], proto UDP (17), length 1500)"
1779594299.910536,,,UDP,30,"1779594299.910536 IP (tos 0x0, ttl 64, id 8447, offset 0, flags [DF], proto UDP (17), length 30)"
1779594299.910796,,,UDP,1500,"1779594299.910796 IP (tos 0x0, ttl 64, id 39765, offset 0, flags [+], proto UDP (17), length 1500)"
1779594299.911158,,,UDP,30,"1779594299.911158 IP (tos 0x0, ttl 64, id 8448, offset 0, flags [DF], proto UDP (17), length 30)"
1779594299.911717,,,UDP,1500,"1779594299.911717 IP (tos 0x0, ttl 64, id 39766, offset 0, flags [+], proto UDP (17), length 1500)"
1779594299.911733,,,UDP,30,"1779594299.911733 IP (tos 0x0, ttl 64, id 8449, offset 0, flags [DF], proto UDP (17), length 30)"
1779594299.912441,,,UDP,30,"1779594299.912441 IP (tos 0x0, ttl 64, id 8450, offset 0, flags [DF], proto UDP (17), length 30)"
1779594299.912722,,,UDP,1500,"1779594299.912722 IP (tos 0x0, ttl 64, id 39767, offset 0, flags [+], proto UDP (17), length 1500)"
1779594299.913882,,,UDP,1500,"1779594299.913882 IP (tos 0x0, ttl 64, id 39768, offset 0, flags [+], proto UDP (17), length 1500)"
1779594299.915158,,,UDP,1500,"1779594299.915158 IP (tos 0x0, ttl 64, id 39769, offset 0, flags [+], proto UDP (17), length 1500)"
1779594299.915927,,,UDP,1500,"1779594299.915927 IP (tos 0x0, ttl 64, id 39770, offset 0, flags [+], proto UDP (17), length 1500)"
1779594299.919930,,,UDP,30,"1779594299.919930 IP (tos 0x0, ttl 64, id 8452, offset 0, flags [DF], proto UDP (17), length 30)"
1779594299.920583,,,UDP,30,"1779594299.920583 IP (tos 0x0, ttl 64, id 8453, offset 0, flags [DF], proto UDP (17), length 30)"
1779594299.920806,,,UDP,1500,"1779594299.920806 IP (tos 0x0, ttl 64, id 39771, offset 0, flags [+], proto UDP (17), length 1500)"
1779594299.921463,,,UDP,30,"1779594299.921463 IP (tos 0x0, ttl 64, id 8454, offset 0, flags [DF], proto UDP (17), length 30)"
1779594299.921485,,,UDP,1500,"1779594299.921485 IP (tos 0x0, ttl 64, id 39772, offset 0, flags [+], proto UDP (17), length 1500)"
1779594299.922225,,,UDP,1500,"1779594299.922225 IP (tos 0x0, ttl 64, id 39773, offset 0, flags [+], proto UDP (17), length 1500)"
1779594299.922517,,,UDP,30,"1779594299.922517 IP (tos 0x0, ttl 64, id 8455, offset 0, flags [DF], proto UDP (17), length 30)"
1779594299.923365,,,UDP,1500,"1779594299.923365 IP (tos 0x0, ttl 64, id 39774, offset 0, flags [+], proto UDP (17), length 1500)"
1779594299.923412,,,UDP,30,"1779594299.923412 IP (tos 0x0, ttl 64, id 8456, offset 0, flags [DF], proto UDP (17), length 30)"
1779594299.923934,,,UDP,1500,"1779594299.923934 IP (tos 0x0, ttl 64, id 39775, offset 0, flags [+], proto UDP (17), length 1500)"
1779594299.924720,,,UDP,30,"1779594299.924720 IP (tos 0x0, ttl 64, id 8457, offset 0, flags [DF], proto UDP (17), length 30)"
1779594299.925811,,,UDP,30,"1779594299.925811 IP (tos 0x0, ttl 64, id 8458, offset 0, flags [DF], proto UDP (17), length 30)"
1779594299.926511,,,UDP,30,"1779594299.926511 IP (tos 0x0, ttl 64, id 8459, offset 0, flags [DF], proto UDP (17), length 30)"
1779594299.926517,,,UDP,1500,"1779594299.926517 IP (tos 0x0, ttl 64, id 39776, offset 0, flags [+], proto UDP (17), length 1500)"
1779594299.927725,,,UDP,1500,"1779594299.927725 IP (tos 0x0, ttl 64, id 39777, offset 0, flags [+], proto UDP (17), length 1500)"
1779594299.929151,,,UDP,1500,"1779594299.929151 IP (tos 0x0, ttl 64, id 39778, offset 0, flags [+], proto UDP (17), length 1500)"
1779594299.931385,,,UDP,30,"1779594299.931385 IP (tos 0x0, ttl 64, id 8461, offset 0, flags [DF], proto UDP (17), length 30)"
1779594299.932038,,,UDP,30,"1779594299.932038 IP (tos 0x0, ttl 64, id 8462, offset 0, flags [DF], proto UDP (17), length 30)"
1779594299.932267,,,UDP,1500,"1779594299.932267 IP (tos 0x0, ttl 64, id 39779, offset 0, flags [+], proto UDP (17), length 1500)"
1779594299.932639,,,UDP,30,"1779594299.932639 IP (tos 0x0, ttl 64, id 8463, offset 0, flags [DF], proto UDP (17), length 30)"
1779594299.933147,,,UDP,1500,"1779594299.933147 IP (tos 0x0, ttl 64, id 39780, offset 0, flags [+], proto UDP (17), length 1500)"
1779594299.933849,,,UDP,30,"1779594299.933849 IP (tos 0x0, ttl 64, id 8464, offset 0, flags [DF], proto UDP (17), length 30)"
1779594299.933869,,,UDP,1500,"1779594299.933869 IP (tos 0x0, ttl 64, id 39781, offset 0, flags [+], proto UDP (17), length 1500)"
1779594299.934647,,,UDP,30,"1779594299.934647 IP (tos 0x0, ttl 64, id 8465, offset 0, flags [DF], proto UDP (17), length 30)"
1779594299.934667,,,UDP,1500,"1779594299.934667 IP (tos 0x0, ttl 64, id 39782, offset 0, flags [+], proto UDP (17), length 1500)"
1779594299.935347,,,UDP,1500,"1779594299.935347 IP (tos 0x0, ttl 64, id 39783, offset 0, flags [+], proto UDP (17), length 1500)"
1779594299.937364,,,UDP,30,"1779594299.937364 IP (tos 0x0, ttl 64, id 8466, offset 0, flags [DF], proto UDP (17), length 30)"
1779594299.938321,,,UDP,1500,"1779594299.938321 IP (tos 0x0, ttl 64, id 39784, offset 0, flags [+], proto UDP (17), length 1500)"
1779594299.938709,,,UDP,30,"1779594299.938709 IP (tos 0x0, ttl 64, id 8467, offset 0, flags [DF], proto UDP (17), length 30)"
1779594299.939622,,,UDP,1500,"1779594299.939622 IP (tos 0x0, ttl 64, id 39785, offset 0, flags [+], proto UDP (17), length 1500)"
1779594299.939891,,,UDP,30,"1779594299.939891 IP (tos 0x0, ttl 64, id 8468, offset 0, flags [DF], proto UDP (17), length 30)"
1779594299.940732,,,UDP,1500,"1779594299.940732 IP (tos 0x0, ttl 64, id 39786, offset 0, flags [+], proto UDP (17), length 1500)"
1779594299.942966,,,UDP,30,"1779594299.942966 IP (tos 0x0, ttl 64, id 8469, offset 0, flags [DF], proto UDP (17), length 30)"
1779594299.943769,,,UDP,30,"1779594299.943769 IP (tos 0x0, ttl 64, id 8470, offset 0, flags [DF], proto UDP (17), length 30)"
1779594299.944244,,,UDP,1500,"1779594299.944244 IP (tos 0x0, ttl 64, id 39787, offset 0, flags [+], proto UDP (17), length 1500)"
1779594299.944445,,,UDP,30,"1779594299.944445 IP (tos 0x0, ttl 64, id 8471, offset 0, flags [DF], proto UDP (17), length 30)"
1779594299.945164,,,UDP,1500,"1779594299.945164 IP (tos 0x0, ttl 64, id 39788, offset 0, flags [+], proto UDP (17), length 1500)"
1779594299.945203,,,UDP,30,"1779594299.945203 IP (tos 0x0, ttl 64, id 8472, offset 0, flags [DF], proto UDP (17), length 30)"
1779594299.945893,,,UDP,30,"1779594299.945893 IP (tos 0x0, ttl 64, id 8473, offset 0, flags [DF], proto UDP (17), length 30)"
1779594299.946102,,,UDP,1500,"1779594299.946102 IP (tos 0x0, ttl 64, id 39789, offset 0, flags [+], proto UDP (17), length 1500)"
1779594299.947101,,,UDP,1500,"1779594299.947101 IP (tos 0x0, ttl 64, id 39790, offset 0, flags [+], proto UDP (17), length 1500)"
1779594299.948230,,,UDP,1500,"1779594299.948230 IP (tos 0x0, ttl 64, id 39791, offset 0, flags [+], proto UDP (17), length 1500)"
1779594299.948908,,,UDP,30,"1779594299.948908 IP (tos 0x0, ttl 64, id 8474, offset 0, flags [DF], proto UDP (17), length 30)"
1779594299.949906,,,UDP,1500,"1779594299.949906 IP (tos 0x0, ttl 64, id 39792, offset 0, flags [+], proto UDP (17), length 1500)"
1779594299.950178,,,UDP,30,"1779594299.950178 IP (tos 0x0, ttl 64, id 8475, offset 0, flags [DF], proto UDP (17), length 30)"
1779594299.951012,,,UDP,1500,"1779594299.951012 IP (tos 0x0, ttl 64, id 39793, offset 0, flags [+], proto UDP (17), length 1500)"
1779594299.951632,,,UDP,30,"1779594299.951632 IP (tos 0x0, ttl 64, id 8476, offset 0, flags [DF], proto UDP (17), length 30)"
1779594299.952729,,,UDP,1500,"1779594299.952729 IP (tos 0x0, ttl 64, id 39794, offset 0, flags [+], proto UDP (17), length 1500)"
1779594299.955027,,,UDP,30,"1779594299.955027 IP (tos 0x0, ttl 64, id 8477, offset 0, flags [DF], proto UDP (17), length 30)"
1779594299.955792,,,UDP,30,"1779594299.955792 IP (tos 0x0, ttl 64, id 8478, offset 0, flags [DF], proto UDP (17), length 30)"
1779594299.955999,,,UDP,1500,"1779594299.955999 IP (tos 0x0, ttl 64, id 39795, offset 0, flags [+], proto UDP (17), length 1500)"
1779594299.956802,,,UDP,30,"1779594299.956802 IP (tos 0x0, ttl 64, id 8479, offset 0, flags [DF], proto UDP (17), length 30)"
1779594299.957099,,,UDP,1500,"1779594299.957099 IP (tos 0x0, ttl 64, id 39796, offset 0, flags [+], proto UDP (17), length 1500)"
1779594299.957948,,,UDP,30,"1779594299.957948 IP (tos 0x0, ttl 64, id 8480, offset 0, flags [DF], proto UDP (17), length 30)"
1779594299.958067,,,UDP,1500,"1779594299.958067 IP (tos 0x0, ttl 64, id 39797, offset 0, flags [+], proto UDP (17), length 1500)"
1779594299.959035,,,UDP,30,"1779594299.959035 IP (tos 0x0, ttl 64, id 8481, offset 0, flags [DF], proto UDP (17), length 30)"
1779594299.959376,,,UDP,1500,"1779594299.959376 IP (tos 0x0, ttl 64, id 39798, offset 0, flags [+], proto UDP (17), length 1500)"
1779594299.960359,,,UDP,1500,"1779594299.960359 IP (tos 0x0, ttl 64, id 39799, offset 0, flags [+], proto UDP (17), length 1500)"
1779594299.960529,,,UDP,30,"1779594299.960529 IP (tos 0x0, ttl 64, id 8482, offset 0, flags [DF], proto UDP (17), length 30)"
1779594299.961568,,,UDP,1500,"1779594299.961568 IP (tos 0x0, ttl 64, id 39800, offset 0, flags [+], proto UDP (17), length 1500)"
1779594299.961638,,,UDP,30,"1779594299.961638 IP (tos 0x0, ttl 64, id 8483, offset 0, flags [DF], proto UDP (17), length 30)"
1779594299.962341,,,UDP,1500,"1779594299.962341 IP (tos 0x0, ttl 64, id 39801, offset 0, flags [+], proto UDP (17), length 1500)"
1779594299.963384,,,UDP,30,"1779594299.963384 IP (tos 0x0, ttl 64, id 8484, offset 0, flags [DF], proto UDP (17), length 30)"
1779594299.964224,,,UDP,1500,"1779594299.964224 IP (tos 0x0, ttl 64, id 39802, offset 0, flags [+], proto UDP (17), length 1500)"
1779594299.966997,,,UDP,30,"1779594299.966997 IP (tos 0x0, ttl 64, id 8485, offset 0, flags [DF], proto UDP (17), length 30)"
1779594299.967788,,,UDP,1500,"1779594299.967788 IP (tos 0x0, ttl 64, id 39803, offset 0, flags [+], proto UDP (17), length 1500)"
1779594299.968095,,,UDP,30,"1779594299.968095 IP (tos 0x0, ttl 64, id 8486, offset 0, flags [DF], proto UDP (17), length 30)"
1779594299.968800,,,UDP,1500,"1779594299.968800 IP (tos 0x0, ttl 64, id 39804, offset 0, flags [+], proto UDP (17), length 1500)"
1779594299.969065,,,UDP,30,"1779594299.969065 IP (tos 0x0, ttl 64, id 8487, offset 0, flags [DF], proto UDP (17), length 30)"
1779594299.969617,,,UDP,1500,"1779594299.969617 IP (tos 0x0, ttl 64, id 39805, offset 0, flags [+], proto UDP (17), length 1500)"
1779594299.970109,,,UDP,30,"1779594299.970109 IP (tos 0x0, ttl 64, id 8488, offset 0, flags [DF], proto UDP (17), length 30)"
1779594299.970569,,,UDP,1500,"1779594299.970569 IP (tos 0x0, ttl 64, id 39806, offset 0, flags [+], proto UDP (17), length 1500)"
1779594299.971191,,,UDP,30,"1779594299.971191 IP (tos 0x0, ttl 64, id 8489, offset 0, flags [DF], proto UDP (17), length 30)"
1779594299.972059,,,UDP,1500,"1779594299.972059 IP (tos 0x0, ttl 64, id 39807, offset 0, flags [+], proto UDP (17), length 1500)"
1779594299.972187,,,UDP,30,"1779594299.972187 IP (tos 0x0, ttl 64, id 8490, offset 0, flags [DF], proto UDP (17), length 30)"
1779594299.972826,,,UDP,30,"1779594299.972826 IP (tos 0x0, ttl 64, id 8491, offset 0, flags [DF], proto UDP (17), length 30)"
1779594299.972902,,,UDP,1500,"1779594299.972902 IP (tos 0x0, ttl 64, id 39808, offset 0, flags [+], proto UDP (17), length 1500)"
1779594299.973629,,,UDP,1500,"1779594299.973629 IP (tos 0x0, ttl 64, id 39809, offset 0, flags [+], proto UDP (17), length 1500)"
1779594299.974881,,,UDP,30,"1779594299.974881 IP (tos 0x0, ttl 64, id 8492, offset 0, flags [DF], proto UDP (17), length 30)"
1779594299.975842,,,UDP,1500,"1779594299.975842 IP (tos 0x0, ttl 64, id 39810, offset 0, flags [+], proto UDP (17), length 1500)"
1779594299.978356,,,UDP,30,"1779594299.978356 IP (tos 0x0, ttl 64, id 8493, offset 0, flags [DF], proto UDP (17), length 30)"
1779594299.979326,,,UDP,30,"1779594299.979326 IP (tos 0x0, ttl 64, id 8494, offset 0, flags [DF], proto UDP (17), length 30)"
1779594299.979368,,,UDP,1500,"1779594299.979368 IP (tos 0x0, ttl 64, id 39811, offset 0, flags [+], proto UDP (17), length 1500)"
1779594299.979969,,,UDP,30,"1779594299.979969 IP (tos 0x0, ttl 64, id 8495, offset 0, flags [DF], proto UDP (17), length 30)"
1779594299.980333,,,UDP,1500,"1779594299.980333 IP (tos 0x0, ttl 64, id 39812, offset 0, flags [+], proto UDP (17), length 1500)"
1779594299.980991,,,UDP,30,"1779594299.980991 IP (tos 0x0, ttl 64, id 8496, offset 0, flags [DF], proto UDP (17), length 30)"
1779594299.981123,,,UDP,1500,"1779594299.981123 IP (tos 0x0, ttl 64, id 39813, offset 0, flags [+], proto UDP (17), length 1500)"
1779594299.981658,,,UDP,1500,"1779594299.981658 IP (tos 0x0, ttl 64, id 39814, offset 0, flags [+], proto UDP (17), length 1500)"
1779594299.982676,,,UDP,30,"1779594299.982676 IP (tos 0x0, ttl 64, id 8497, offset 0, flags [DF], proto UDP (17), length 30)"
1779594299.983260,,,UDP,1500,"1779594299.983260 IP (tos 0x0, ttl 64, id 39815, offset 0, flags [+], proto UDP (17), length 1500)"
1779594299.983468,,,UDP,30,"1779594299.983468 IP (tos 0x0, ttl 64, id 8498, offset 0, flags [DF], proto UDP (17), length 30)"
1779594299.983937,,,UDP,1500,"1779594299.983937 IP (tos 0x0, ttl 64, id 39816, offset 0, flags [+], proto UDP (17), length 1500)"
1779594299.984092,,,UDP,30,"1779594299.984092 IP (tos 0x0, ttl 64, id 8499, offset 0, flags [DF], proto UDP (17), length 30)"
1779594299.984529,,,UDP,1500,"1779594299.984529 IP (tos 0x0, ttl 64, id 39817, offset 0, flags [+], proto UDP (17), length 1500)"
1779594299.986445,,,UDP,30,"1779594299.986445 IP (tos 0x0, ttl 64, id 8500, offset 0, flags [DF], proto UDP (17), length 30)"
1779594299.986943,,,UDP,1500,"1779594299.986943 IP (tos 0x0, ttl 64, id 39818, offset 0, flags [+], proto UDP (17), length 1500)"
1779594299.990174,,,UDP,30,"1779594299.990174 IP (tos 0x0, ttl 64, id 8501, offset 0, flags [DF], proto UDP (17), length 30)"
1779594299.990837,,,UDP,1500,"1779594299.990837 IP (tos 0x0, ttl 64, id 39819, offset 0, flags [+], proto UDP (17), length 1500)"
1779594299.990879,,,UDP,30,"1779594299.990879 IP (tos 0x0, ttl 64, id 8502, offset 0, flags [DF], proto UDP (17), length 30)"
1779594299.991626,,,UDP,30,"1779594299.991626 IP (tos 0x0, ttl 64, id 8503, offset 0, flags [DF], proto UDP (17), length 30)"
1779594299.991646,,,UDP,1500,"1779594299.991646 IP (tos 0x0, ttl 64, id 39820, offset 0, flags [+], proto UDP (17), length 1500)"
1779594299.992042,,,UDP,30,"1779594299.992042 IP (tos 0x0, ttl 64, id 8504, offset 0, flags [DF], proto UDP (17), length 30)"
1779594299.992321,,,UDP,1500,"1779594299.992321 IP (tos 0x0, ttl 64, id 39821, offset 0, flags [+], proto UDP (17), length 1500)"
1779594299.992806,,,UDP,1500,"1779594299.992806 IP (tos 0x0, ttl 64, id 39822, offset 0, flags [+], proto UDP (17), length 1500)"
1779594299.993685,,,UDP,30,"1779594299.993685 IP (tos 0x0, ttl 64, id 8505, offset 0, flags [DF], proto UDP (17), length 30)"
1779594299.994224,,,UDP,1500,"1779594299.994224 IP (tos 0x0, ttl 64, id 39823, offset 0, flags [+], proto UDP (17), length 1500)"
1779594299.994270,,,UDP,30,"1779594299.994270 IP (tos 0x0, ttl 64, id 8506, offset 0, flags [DF], proto UDP (17), length 30)"
1779594299.994761,,,UDP,1500,"1779594299.994761 IP (tos 0x0, ttl 64, id 39824, offset 0, flags [+], proto UDP (17), length 1500)"
1779594299.994915,,,UDP,30,"1779594299.994915 IP (tos 0x0, ttl 64, id 8507, offset 0, flags [DF], proto UDP (17), length 30)"
1779594299.995373,,,UDP,1500,"1779594299.995373 IP (tos 0x0, ttl 64, id 39825, offset 0, flags [+], proto UDP (17), length 1500)"
1779594299.997304,,,UDP,30,"1779594299.997304 IP (tos 0x0, ttl 64, id 8508, offset 0, flags [DF], proto UDP (17), length 30)"
1779594299.997800,,,UDP,1500,"1779594299.997800 IP (tos 0x0, ttl 64, id 39826, offset 0, flags [+], proto UDP (17), length 1500)"
1779594300.001573,,,UDP,30,"1779594300.001573 IP (tos 0x0, ttl 64, id 8509, offset 0, flags [DF], proto UDP (17), length 30)"
1779594300.002199,,,UDP,1500,"1779594300.002199 IP (tos 0x0, ttl 64, id 39827, offset 0, flags [+], proto UDP (17), length 1500)"
1779594300.002231,,,UDP,30,"1779594300.002231 IP (tos 0x0, ttl 64, id 8510, offset 0, flags [DF], proto UDP (17), length 30)"
1779594300.002709,,,UDP,30,"1779594300.002709 IP (tos 0x0, ttl 64, id 8511, offset 0, flags [DF], proto UDP (17), length 30)"
1779594300.002752,,,UDP,1500,"1779594300.002752 IP (tos 0x0, ttl 64, id 39828, offset 0, flags [+], proto UDP (17), length 1500)"
1779594300.003152,,,UDP,30,"1779594300.003152 IP (tos 0x0, ttl 64, id 8512, offset 0, flags [DF], proto UDP (17), length 30)"
1779594300.003302,,,UDP,1500,"1779594300.003302 IP (tos 0x0, ttl 64, id 39829, offset 0, flags [+], proto UDP (17), length 1500)"
1779594300.003758,,,UDP,1500,"1779594300.003758 IP (tos 0x0, ttl 64, id 39830, offset 0, flags [+], proto UDP (17), length 1500)"
1779594300.004611,,,UDP,30,"1779594300.004611 IP (tos 0x0, ttl 64, id 8513, offset 0, flags [DF], proto UDP (17), length 30)"
1779594300.005130,,,UDP,30,"1779594300.005130 IP (tos 0x0, ttl 64, id 8514, offset 0, flags [DF], proto UDP (17), length 30)"
1779594300.005166,,,UDP,1500,"1779594300.005166 IP (tos 0x0, ttl 64, id 39831, offset 0, flags [+], proto UDP (17), length 1500)"
1779594300.005651,,,UDP,1500,"1779594300.005651 IP (tos 0x0, ttl 64, id 39832, offset 0, flags [+], proto UDP (17), length 1500)"
1779594300.005732,,,UDP,30,"1779594300.005732 IP (tos 0x0, ttl 64, id 8515, offset 0, flags [DF], proto UDP (17), length 30)"
1779594300.006417,,,UDP,1500,"1779594300.006417 IP (tos 0x0, ttl 64, id 39833, offset 0, flags [+], proto UDP (17), length 1500)"
1779594300.008150,,,UDP,30,"1779594300.008150 IP (tos 0x0, ttl 64, id 8516, offset 0, flags [DF], proto UDP (17), length 30)"
1779594300.009263,,,UDP,1500,"1779594300.009263 IP (tos 0x0, ttl 64, id 39834, offset 0, flags [+], proto UDP (17), length 1500)"
1779594300.012788,,,UDP,30,"1779594300.012788 IP (tos 0x0, ttl 64, id 8517, offset 0, flags [DF], proto UDP (17), length 30)"
1779594300.013213,,,UDP,30,"1779594300.013213 IP (tos 0x0, ttl 64, id 8518, offset 0, flags [DF], proto UDP (17), length 30)"
1779594300.013721,,,UDP,30,"1779594300.013721 IP (tos 0x0, ttl 64, id 8519, offset 0, flags [DF], proto UDP (17), length 30)"
1779594300.013972,,,UDP,1500,"1779594300.013972 IP (tos 0x0, ttl 64, id 39835, offset 0, flags [+], proto UDP (17), length 1500)"
1779594300.014060,,,UDP,30,"1779594300.014060 IP (tos 0x0, ttl 64, id 8520, offset 0, flags [DF], proto UDP (17), length 30)"
1779594300.015000,,,UDP,1500,"1779594300.015000 IP (tos 0x0, ttl 64, id 39836, offset 0, flags [+], proto UDP (17), length 1500)"
1779594300.015553,,,UDP,30,"1779594300.015553 IP (tos 0x0, ttl 64, id 8521, offset 0, flags [DF], proto UDP (17), length 30)"
1779594300.016007,,,UDP,30,"1779594300.016007 IP (tos 0x0, ttl 64, id 8522, offset 0, flags [DF], proto UDP (17), length 30)"
1779594300.016188,,,UDP,1500,"1779594300.016188 IP (tos 0x0, ttl 64, id 39837, offset 0, flags [+], proto UDP (17), length 1500)"
1779594300.017127,,,UDP,30,"1779594300.017127 IP (tos 0x0, ttl 64, id 8523, offset 0, flags [DF], proto UDP (17), length 30)"
1779594300.017243,,,UDP,1500,"1779594300.017243 IP (tos 0x0, ttl 64, id 39838, offset 0, flags [+], proto UDP (17), length 1500)"
1779594300.018166,,,UDP,1500,"1779594300.018166 IP (tos 0x0, ttl 64, id 39839, offset 0, flags [+], proto UDP (17), length 1500)"
1779594300.019202,,,UDP,1500,"1779594300.019202 IP (tos 0x0, ttl 64, id 39840, offset 0, flags [+], proto UDP (17), length 1500)"
1779594300.019942,,,UDP,30,"1779594300.019942 IP (tos 0x0, ttl 64, id 8524, offset 0, flags [DF], proto UDP (17), length 30)"
1779594300.020128,,,UDP,1500,"1779594300.020128 IP (tos 0x0, ttl 64, id 39841, offset 0, flags [+], proto UDP (17), length 1500)"
1779594300.021130,,,UDP,1500,"1779594300.021130 IP (tos 0x0, ttl 64, id 39842, offset 0, flags [+], proto UDP (17), length 1500)"
1779594300.024564,,,UDP,30,"1779594300.024564 IP (tos 0x0, ttl 64, id 8525, offset 0, flags [DF], proto UDP (17), length 30)"
1779594300.025622,,,UDP,30,"1779594300.025622 IP (tos 0x0, ttl 64, id 8526, offset 0, flags [DF], proto UDP (17), length 30)"
1779594300.025632,,,UDP,1500,"1779594300.025632 IP (tos 0x0, ttl 64, id 39843, offset 0, flags [+], proto UDP (17), length 1500)"
1779594300.026419,,,UDP,1500,"1779594300.026419 IP (tos 0x0, ttl 64, id 39844, offset 0, flags [+], proto UDP (17), length 1500)"
1779594300.026864,,,UDP,30,"1779594300.026864 IP (tos 0x0, ttl 64, id 8527, offset 0, flags [DF], proto UDP (17), length 30)"
1779594300.027507,,,UDP,1500,"1779594300.027507 IP (tos 0x0, ttl 64, id 39845, offset 0, flags [+], proto UDP (17), length 1500)"
1779594300.027728,,,UDP,30,"1779594300.027728 IP (tos 0x0, ttl 64, id 8528, offset 0, flags [DF], proto UDP (17), length 30)"
1779594300.028294,,,UDP,1500,"1779594300.028294 IP (tos 0x0, ttl 64, id 39846, offset 0, flags [+], proto UDP (17), length 1500)"
1779594300.028736,,,UDP,31,"1779594300.028736 IP (tos 0x0, ttl 64, id 8529, offset 0, flags [DF], proto UDP (17), length 31)"
1779594300.029337,,,UDP,1500,"1779594300.029337 IP (tos 0x0, ttl 64, id 39847, offset 0, flags [+], proto UDP (17), length 1500)"
1779594300.029764,,,UDP,31,"1779594300.029764 IP (tos 0x0, ttl 64, id 8530, offset 0, flags [DF], proto UDP (17), length 31)"
1779594300.030356,,,UDP,1500,"1779594300.030356 IP (tos 0x0, ttl 64, id 39848, offset 0, flags [+], proto UDP (17), length 1500)"
1779594300.030737,,,UDP,31,"1779594300.030737 IP (tos 0x0, ttl 64, id 8531, offset 0, flags [DF], proto UDP (17), length 31)"
1779594300.031263,,,UDP,1500,"1779594300.031263 IP (tos 0x0, ttl 64, id 39849, offset 0, flags [+], proto UDP (17), length 1500)"
1779594300.031688,,,UDP,31,"1779594300.031688 IP (tos 0x0, ttl 64, id 8532, offset 0, flags [DF], proto UDP (17), length 31)"
1779594300.032320,,,UDP,1500,"1779594300.032320 IP (tos 0x0, ttl 64, id 39850, offset 0, flags [+], proto UDP (17), length 1500)"
1779594300.036523,,,UDP,31,"1779594300.036523 IP (tos 0x0, ttl 64, id 8533, offset 0, flags [DF], proto UDP (17), length 31)"
1779594300.036906,,,UDP,31,"1779594300.036906 IP (tos 0x0, ttl 64, id 8534, offset 0, flags [DF], proto UDP (17), length 31)"
1779594300.037417,,,UDP,1500,"1779594300.037417 IP (tos 0x0, ttl 64, id 39852, offset 0, flags [+], proto UDP (17), length 1500)"
1779594300.037976,,,UDP,1500,"1779594300.037976 IP (tos 0x0, ttl 64, id 39853, offset 0, flags [+], proto UDP (17), length 1500)"
1779594300.038238,,,UDP,31,"1779594300.038238 IP (tos 0x0, ttl 64, id 8535, offset 0, flags [DF], proto UDP (17), length 31)"
1779594300.038702,,,UDP,31,"1779594300.038702 IP (tos 0x0, ttl 64, id 8536, offset 0, flags [DF], proto UDP (17), length 31)"
1779594300.038892,,,UDP,1500,"1779594300.038892 IP (tos 0x0, ttl 64, id 39854, offset 0, flags [+], proto UDP (17), length 1500)"
1779594300.039550,,,UDP,1500,"1779594300.039550 IP (tos 0x0, ttl 64, id 39855, offset 0, flags [+], proto UDP (17), length 1500)"
1779594300.039737,,,UDP,31,"1779594300.039737 IP (tos 0x0, ttl 64, id 8537, offset 0, flags [DF], proto UDP (17), length 31)"
1779594300.040243,,,UDP,1500,"1779594300.040243 IP (tos 0x0, ttl 64, id 39856, offset 0, flags [+], proto UDP (17), length 1500)"
1779594300.040805,,,UDP,31,"1779594300.040805 IP (tos 0x0, ttl 64, id 8538, offset 0, flags [DF], proto UDP (17), length 31)"
1779594300.041453,,,UDP,1500,"1779594300.041453 IP (tos 0x0, ttl 64, id 39857, offset 0, flags [+], proto UDP (17), length 1500)"
1779594300.041719,,,UDP,31,"1779594300.041719 IP (tos 0x0, ttl 64, id 8539, offset 0, flags [DF], proto UDP (17), length 31)"
1779594300.042168,,,UDP,1500,"1779594300.042168 IP (tos 0x0, ttl 64, id 39858, offset 0, flags [+], proto UDP (17), length 1500)"
1779594300.042755,,,UDP,31,"1779594300.042755 IP (tos 0x0, ttl 64, id 8540, offset 0, flags [DF], proto UDP (17), length 31)"
1779594300.047855,,,UDP,31,"1779594300.047855 IP (tos 0x0, ttl 64, id 8541, offset 0, flags [DF], proto UDP (17), length 31)"
1779594300.048442,,,UDP,31,"1779594300.048442 IP (tos 0x0, ttl 64, id 8542, offset 0, flags [DF], proto UDP (17), length 31)"
1779594300.049468,,,UDP,31,"1779594300.049468 IP (tos 0x0, ttl 64, id 8543, offset 0, flags [DF], proto UDP (17), length 31)"
1779594300.049981,,,UDP,31,"1779594300.049981 IP (tos 0x0, ttl 64, id 8544, offset 0, flags [DF], proto UDP (17), length 31)"
1779594300.050597,,,UDP,31,"1779594300.050597 IP (tos 0x0, ttl 64, id 8545, offset 0, flags [DF], proto UDP (17), length 31)"
1779594300.051799,,,UDP,31,"1779594300.051799 IP (tos 0x0, ttl 64, id 8546, offset 0, flags [DF], proto UDP (17), length 31)"
1779594300.052593,,,UDP,31,"1779594300.052593 IP (tos 0x0, ttl 64, id 8547, offset 0, flags [DF], proto UDP (17), length 31)"
1779594300.083560,,,UDP,1500,"1779594300.083560 IP (tos 0x0, ttl 64, id 39863, offset 0, flags [+], proto UDP (17), length 1500)"
1779594300.084582,,,UDP,1500,"1779594300.084582 IP (tos 0x0, ttl 64, id 39864, offset 0, flags [+], proto UDP (17), length 1500)"
1779594300.085446,,,UDP,1500,"1779594300.085446 IP (tos 0x0, ttl 64, id 39865, offset 0, flags [+], proto UDP (17), length 1500)"
1779594300.086454,,,UDP,1500,"1779594300.086454 IP (tos 0x0, ttl 64, id 39866, offset 0, flags [+], proto UDP (17), length 1500)"
1779594300.087401,,,UDP,1500,"1779594300.087401 IP (tos 0x0, ttl 64, id 39867, offset 0, flags [+], proto UDP (17), length 1500)"
1779594300.088351,,,UDP,1500,"1779594300.088351 IP (tos 0x0, ttl 64, id 39868, offset 0, flags [+], proto UDP (17), length 1500)"
1779594300.089231,,,UDP,1500,"1779594300.089231 IP (tos 0x0, ttl 64, id 39869, offset 0, flags [+], proto UDP (17), length 1500)"
1779594300.090091,,,UDP,1500,"1779594300.090091 IP (tos 0x0, ttl 64, id 39870, offset 0, flags [+], proto UDP (17), length 1500)"
1779594300.094548,,,UDP,31,"1779594300.094548 IP (tos 0x0, ttl 64, id 8554, offset 0, flags [DF], proto UDP (17), length 31)"
1779594300.095415,,,UDP,31,"1779594300.095415 IP (tos 0x0, ttl 64, id 8555, offset 0, flags [DF], proto UDP (17), length 31)"
1779594300.095684,,,UDP,1500,"1779594300.095684 IP (tos 0x0, ttl 64, id 39871, offset 0, flags [+], proto UDP (17), length 1500)"
1779594300.096236,,,UDP,31,"1779594300.096236 IP (tos 0x0, ttl 64, id 8556, offset 0, flags [DF], proto UDP (17), length 31)"
1779594300.096725,,,UDP,1500,"1779594300.096725 IP (tos 0x0, ttl 64, id 39872, offset 0, flags [+], proto UDP (17), length 1500)"
1779594300.097208,,,UDP,31,"1779594300.097208 IP (tos 0x0, ttl 64, id 8557, offset 0, flags [DF], proto UDP (17), length 31)"
1779594300.097765,,,UDP,1500,"1779594300.097765 IP (tos 0x0, ttl 64, id 39873, offset 0, flags [+], proto UDP (17), length 1500)"
1779594300.098506,,,UDP,31,"1779594300.098506 IP (tos 0x0, ttl 64, id 8558, offset 0, flags [DF], proto UDP (17), length 31)"
1779594300.098571,,,UDP,1500,"1779594300.098571 IP (tos 0x0, ttl 64, id 39874, offset 0, flags [+], proto UDP (17), length 1500)"
1779594300.099260,,,UDP,31,"1779594300.099260 IP (tos 0x0, ttl 64, id 8559, offset 0, flags [DF], proto UDP (17), length 31)"
1779594300.099649,,,UDP,1500,"1779594300.099649 IP (tos 0x0, ttl 64, id 39875, offset 0, flags [+], proto UDP (17), length 1500)"
1779594300.100026,,,UDP,31,"1779594300.100026 IP (tos 0x0, ttl 64, id 8560, offset 0, flags [DF], proto UDP (17), length 31)"
1779594300.100647,,,UDP,1500,"1779594300.100647 IP (tos 0x0, ttl 64, id 39876, offset 0, flags [+], proto UDP (17), length 1500)"
1779594300.100874,,,UDP,31,"1779594300.100874 IP (tos 0x0, ttl 64, id 8561, offset 0, flags [DF], proto UDP (17), length 31)"
1779594300.101623,,,UDP,1500,"1779594300.101623 IP (tos 0x0, ttl 64, id 39877, offset 0, flags [+], proto UDP (17), length 1500)"
1779594300.103153,,,UDP,1500,"1779594300.103153 IP (tos 0x0, ttl 64, id 39878, offset 0, flags [+], proto UDP (17), length 1500)"
1779594300.106562,,,UDP,31,"1779594300.106562 IP (tos 0x0, ttl 64, id 8562, offset 0, flags [DF], proto UDP (17), length 31)"
1779594300.107746,,,UDP,1500,"1779594300.107746 IP (tos 0x0, ttl 64, id 39879, offset 0, flags [+], proto UDP (17), length 1500)"
1779594300.107858,,,UDP,31,"1779594300.107858 IP (tos 0x0, ttl 64, id 8563, offset 0, flags [DF], proto UDP (17), length 31)"
1779594300.108425,,,UDP,31,"1779594300.108425 IP (tos 0x0, ttl 64, id 8564, offset 0, flags [DF], proto UDP (17), length 31)"
1779594300.109159,,,UDP,1500,"1779594300.109159 IP (tos 0x0, ttl 64, id 39880, offset 0, flags [+], proto UDP (17), length 1500)"
1779594300.109407,,,UDP,31,"1779594300.109407 IP (tos 0x0, ttl 64, id 8565, offset 0, flags [DF], proto UDP (17), length 31)"
1779594300.110356,,,UDP,1500,"1779594300.110356 IP (tos 0x0, ttl 64, id 39881, offset 0, flags [+], proto UDP (17), length 1500)"
1779594300.110770,,,UDP,31,"1779594300.110770 IP (tos 0x0, ttl 64, id 8566, offset 0, flags [DF], proto UDP (17), length 31)"
1779594300.111370,,,UDP,1500,"1779594300.111370 IP (tos 0x0, ttl 64, id 39882, offset 0, flags [+], proto UDP (17), length 1500)"
1779594300.111662,,,UDP,31,"1779594300.111662 IP (tos 0x0, ttl 64, id 8567, offset 0, flags [DF], proto UDP (17), length 31)"
1779594300.112293,,,UDP,31,"1779594300.112293 IP (tos 0x0, ttl 64, id 8568, offset 0, flags [DF], proto UDP (17), length 31)"
1779594300.112551,,,UDP,1500,"1779594300.112551 IP (tos 0x0, ttl 64, id 39883, offset 0, flags [+], proto UDP (17), length 1500)"
1779594300.113758,,,UDP,1500,"1779594300.113758 IP (tos 0x0, ttl 64, id 39884, offset 0, flags [+], proto UDP (17), length 1500)"
1779594300.113958,,,UDP,31,"1779594300.113958 IP (tos 0x0, ttl 64, id 8569, offset 0, flags [DF], proto UDP (17), length 31)"
1779594300.114784,,,UDP,1500,"1779594300.114784 IP (tos 0x0, ttl 64, id 39885, offset 0, flags [+], proto UDP (17), length 1500)"
1779594300.116224,,,UDP,1500,"1779594300.116224 IP (tos 0x0, ttl 64, id 39886, offset 0, flags [+], proto UDP (17), length 1500)"
1779594300.118896,,,UDP,31,"1779594300.118896 IP (tos 0x0, ttl 64, id 8570, offset 0, flags [DF], proto UDP (17), length 31)"
1779594300.120160,,,UDP,1500,"1779594300.120160 IP (tos 0x0, ttl 64, id 39887, offset 0, flags [+], proto UDP (17), length 1500)"
1779594300.120307,,,UDP,31,"1779594300.120307 IP (tos 0x0, ttl 64, id 8571, offset 0, flags [DF], proto UDP (17), length 31)"
1779594300.121394,,,UDP,31,"1779594300.121394 IP (tos 0x0, ttl 64, id 8572, offset 0, flags [DF], proto UDP (17), length 31)"
1779594300.121712,,,UDP,1500,"1779594300.121712 IP (tos 0x0, ttl 64, id 39888, offset 0, flags [+], proto UDP (17), length 1500)"
1779594300.122454,,,UDP,31,"1779594300.122454 IP (tos 0x0, ttl 64, id 8573, offset 0, flags [DF], proto UDP (17), length 31)"
1779594300.122829,,,UDP,1500,"1779594300.122829 IP (tos 0x0, ttl 64, id 39889, offset 0, flags [+], proto UDP (17), length 1500)"
1779594300.123515,,,UDP,31,"1779594300.123515 IP (tos 0x0, ttl 64, id 8574, offset 0, flags [DF], proto UDP (17), length 31)"
1779594300.123954,,,UDP,1500,"1779594300.123954 IP (tos 0x0, ttl 64, id 39890, offset 0, flags [+], proto UDP (17), length 1500)"
1779594300.124865,,,UDP,31,"1779594300.124865 IP (tos 0x0, ttl 64, id 8575, offset 0, flags [DF], proto UDP (17), length 31)"
1779594300.124918,,,UDP,1500,"1779594300.124918 IP (tos 0x0, ttl 64, id 39891, offset 0, flags [+], proto UDP (17), length 1500)"
1779594300.125672,,,UDP,31,"1779594300.125672 IP (tos 0x0, ttl 64, id 8576, offset 0, flags [DF], proto UDP (17), length 31)"
1779594300.125966,,,UDP,1500,"1779594300.125966 IP (tos 0x0, ttl 64, id 39892, offset 0, flags [+], proto UDP (17), length 1500)"
1779594300.127023,,,UDP,1500,"1779594300.127023 IP (tos 0x0, ttl 64, id 39893, offset 0, flags [+], proto UDP (17), length 1500)"
1779594300.127140,,,UDP,31,"1779594300.127140 IP (tos 0x0, ttl 64, id 8577, offset 0, flags [DF], proto UDP (17), length 31)"
1779594300.127827,,,UDP,1500,"1779594300.127827 IP (tos 0x0, ttl 64, id 39894, offset 0, flags [+], proto UDP (17), length 1500)"
1779594300.131348,,,UDP,31,"1779594300.131348 IP (tos 0x0, ttl 64, id 8578, offset 0, flags [DF], proto UDP (17), length 31)"
1779594300.131782,,,UDP,1500,"1779594300.131782 IP (tos 0x0, ttl 64, id 39895, offset 0, flags [+], proto UDP (17), length 1500)"
1779594300.132583,,,UDP,31,"1779594300.132583 IP (tos 0x0, ttl 64, id 8579, offset 0, flags [DF], proto UDP (17), length 31)"
1779594300.133540,,,UDP,1500,"1779594300.133540 IP (tos 0x0, ttl 64, id 39896, offset 0, flags [+], proto UDP (17), length 1500)"
1779594300.133751,,,UDP,31,"1779594300.133751 IP (tos 0x0, ttl 64, id 8580, offset 0, flags [DF], proto UDP (17), length 31)"
1779594300.135050,,,UDP,31,"1779594300.135050 IP (tos 0x0, ttl 64, id 8581, offset 0, flags [DF], proto UDP (17), length 31)"
1779594300.135292,,,UDP,1500,"1779594300.135292 IP (tos 0x0, ttl 64, id 39897, offset 0, flags [+], proto UDP (17), length 1500)"
1779594300.135813,,,UDP,31,"1779594300.135813 IP (tos 0x0, ttl 64, id 8582, offset 0, flags [DF], proto UDP (17), length 31)"
1779594300.135950,,,UDP,1500,"1779594300.135950 IP (tos 0x0, ttl 64, id 39898, offset 0, flags [+], proto UDP (17), length 1500)"
1779594300.136370,,,UDP,1500,"1779594300.136370 IP (tos 0x0, ttl 64, id 39899, offset 0, flags [+], proto UDP (17), length 1500)"
1779594300.136847,,,UDP,31,"1779594300.136847 IP (tos 0x0, ttl 64, id 8583, offset 0, flags [DF], proto UDP (17), length 31)"
1779594300.137303,,,UDP,1500,"1779594300.137303 IP (tos 0x0, ttl 64, id 39900, offset 0, flags [+], proto UDP (17), length 1500)"
1779594300.137652,,,UDP,31,"1779594300.137652 IP (tos 0x0, ttl 64, id 8584, offset 0, flags [DF], proto UDP (17), length 31)"
1779594300.138092,,,UDP,1500,"1779594300.138092 IP (tos 0x0, ttl 64, id 39901, offset 0, flags [+], proto UDP (17), length 1500)"
1779594300.138138,,,UDP,31,"1779594300.138138 IP (tos 0x0, ttl 64, id 8585, offset 0, flags [DF], proto UDP (17), length 31)"
1779594300.138523,,,UDP,1500,"1779594300.138523 IP (tos 0x0, ttl 64, id 39902, offset 0, flags [+], proto UDP (17), length 1500)"
1779594300.142223,,,UDP,31,"1779594300.142223 IP (tos 0x0, ttl 64, id 8586, offset 0, flags [DF], proto UDP (17), length 31)"
1779594300.142671,,,UDP,1500,"1779594300.142671 IP (tos 0x0, ttl 64, id 39903, offset 0, flags [+], proto UDP (17), length 1500)"
1779594300.144642,,,UDP,31,"1779594300.144642 IP (tos 0x0, ttl 64, id 8587, offset 0, flags [DF], proto UDP (17), length 31)"
1779594300.145231,,,UDP,1500,"1779594300.145231 IP (tos 0x0, ttl 64, id 39904, offset 0, flags [+], proto UDP (17), length 1500)"
1779594300.145848,,,UDP,31,"1779594300.145848 IP (tos 0x0, ttl 64, id 8588, offset 0, flags [DF], proto UDP (17), length 31)"
1779594300.146295,,,UDP,31,"1779594300.146295 IP (tos 0x0, ttl 64, id 8589, offset 0, flags [DF], proto UDP (17), length 31)"
1779594300.146458,,,UDP,1500,"1779594300.146458 IP (tos 0x0, ttl 64, id 39905, offset 0, flags [+], proto UDP (17), length 1500)"
1779594300.146686,,,UDP,31,"1779594300.146686 IP (tos 0x0, ttl 64, id 8590, offset 0, flags [DF], proto UDP (17), length 31)"
1779594300.147007,,,UDP,1500,"1779594300.147007 IP (tos 0x0, ttl 64, id 39906, offset 0, flags [+], proto UDP (17), length 1500)"
1779594300.147549,,,UDP,1500,"1779594300.147549 IP (tos 0x0, ttl 64, id 39907, offset 0, flags [+], proto UDP (17), length 1500)"
1779594300.147608,,,UDP,31,"1779594300.147608 IP (tos 0x0, ttl 64, id 8591, offset 0, flags [DF], proto UDP (17), length 31)"
1779594300.148225,,,UDP,1500,"1779594300.148225 IP (tos 0x0, ttl 64, id 39908, offset 0, flags [+], proto UDP (17), length 1500)"
1779594300.148428,,,UDP,31,"1779594300.148428 IP (tos 0x0, ttl 64, id 8592, offset 0, flags [DF], proto UDP (17), length 31)"
1779594300.148790,,,UDP,31,"1779594300.148790 IP (tos 0x0, ttl 64, id 8593, offset 0, flags [DF], proto UDP (17), length 31)"
1779594300.148997,,,UDP,1500,"1779594300.148997 IP (tos 0x0, ttl 64, id 39909, offset 0, flags [+], proto UDP (17), length 1500)"
1779594300.149444,,,UDP,1500,"1779594300.149444 IP (tos 0x0, ttl 64, id 39910, offset 0, flags [+], proto UDP (17), length 1500)"
1779594300.153034,,,UDP,31,"1779594300.153034 IP (tos 0x0, ttl 64, id 8594, offset 0, flags [DF], proto UDP (17), length 31)"
1779594300.153958,,,UDP,1500,"1779594300.153958 IP (tos 0x0, ttl 64, id 39911, offset 0, flags [+], proto UDP (17), length 1500)"
1779594300.155581,,,UDP,31,"1779594300.155581 IP (tos 0x0, ttl 64, id 8595, offset 0, flags [DF], proto UDP (17), length 31)"
1779594300.156395,,,UDP,1500,"1779594300.156395 IP (tos 0x0, ttl 64, id 39912, offset 0, flags [+], proto UDP (17), length 1500)"
1779594300.156934,,,UDP,31,"1779594300.156934 IP (tos 0x0, ttl 64, id 8596, offset 0, flags [DF], proto UDP (17), length 31)"
1779594300.157405,,,UDP,31,"1779594300.157405 IP (tos 0x0, ttl 64, id 8597, offset 0, flags [DF], proto UDP (17), length 31)"
1779594300.157498,,,UDP,1500,"1779594300.157498 IP (tos 0x0, ttl 64, id 39913, offset 0, flags [+], proto UDP (17), length 1500)"
1779594300.158061,,,UDP,31,"1779594300.158061 IP (tos 0x0, ttl 64, id 8598, offset 0, flags [DF], proto UDP (17), length 31)"
1779594300.158173,,,UDP,1500,"1779594300.158173 IP (tos 0x0, ttl 64, id 39914, offset 0, flags [+], proto UDP (17), length 1500)"
1779594300.158596,,,UDP,31,"1779594300.158596 IP (tos 0x0, ttl 64, id 8599, offset 0, flags [DF], proto UDP (17), length 31)"
1779594300.158844,,,UDP,1500,"1779594300.158844 IP (tos 0x0, ttl 64, id 39915, offset 0, flags [+], proto UDP (17), length 1500)"
1779594300.159440,,,UDP,1500,"1779594300.159440 IP (tos 0x0, ttl 64, id 39916, offset 0, flags [+], proto UDP (17), length 1500)"
1779594300.159451,,,UDP,31,"1779594300.159451 IP (tos 0x0, ttl 64, id 8600, offset 0, flags [DF], proto UDP (17), length 31)"
1779594300.159757,,,UDP,31,"1779594300.159757 IP (tos 0x0, ttl 64, id 8601, offset 0, flags [DF], proto UDP (17), length 31)"
1779594300.159903,,,UDP,1500,"1779594300.159903 IP (tos 0x0, ttl 64, id 39917, offset 0, flags [+], proto UDP (17), length 1500)"
1779594300.160374,,,UDP,1500,"1779594300.160374 IP (tos 0x0, ttl 64, id 39918, offset 0, flags [+], proto UDP (17), length 1500)"
1779594300.164630,,,UDP,31,"1779594300.164630 IP (tos 0x0, ttl 64, id 8602, offset 0, flags [DF], proto UDP (17), length 31)"
1779594300.165159,,,UDP,1500,"1779594300.165159 IP (tos 0x0, ttl 64, id 39919, offset 0, flags [+], proto UDP (17), length 1500)"
1779594300.166929,,,UDP,31,"1779594300.166929 IP (tos 0x0, ttl 64, id 8603, offset 0, flags [DF], proto UDP (17), length 31)"
1779594300.167508,,,UDP,1500,"1779594300.167508 IP (tos 0x0, ttl 64, id 39920, offset 0, flags [+], proto UDP (17), length 1500)"
1779594300.167964,,,UDP,31,"1779594300.167964 IP (tos 0x0, ttl 64, id 8604, offset 0, flags [DF], proto UDP (17), length 31)"
1779594300.168416,,,UDP,1500,"1779594300.168416 IP (tos 0x0, ttl 64, id 39921, offset 0, flags [+], proto UDP (17), length 1500)"
1779594300.168682,,,UDP,31,"1779594300.168682 IP (tos 0x0, ttl 64, id 8605, offset 0, flags [DF], proto UDP (17), length 31)"
1779594300.169188,,,UDP,1500,"1779594300.169188 IP (tos 0x0, ttl 64, id 39922, offset 0, flags [+], proto UDP (17), length 1500)"
1779594300.169254,,,UDP,31,"1779594300.169254 IP (tos 0x0, ttl 64, id 8606, offset 0, flags [DF], proto UDP (17), length 31)"
1779594300.169662,,,UDP,1500,"1779594300.169662 IP (tos 0x0, ttl 64, id 39923, offset 0, flags [+], proto UDP (17), length 1500)"
1779594300.169812,,,UDP,31,"1779594300.169812 IP (tos 0x0, ttl 64, id 8607, offset 0, flags [DF], proto UDP (17), length 31)"
1779594300.170209,,,UDP,31,"1779594300.170209 IP (tos 0x0, ttl 64, id 8608, offset 0, flags [DF], proto UDP (17), length 31)"
1779594300.170240,,,UDP,1500,"1779594300.170240 IP (tos 0x0, ttl 64, id 39924, offset 0, flags [+], proto UDP (17), length 1500)"
1779594300.170615,,,UDP,1500,"1779594300.170615 IP (tos 0x0, ttl 64, id 39925, offset 0, flags [+], proto UDP (17), length 1500)"
1779594300.170661,,,UDP,31,"1779594300.170661 IP (tos 0x0, ttl 64, id 8609, offset 0, flags [DF], proto UDP (17), length 31)"
1779594300.171083,,,UDP,1500,"1779594300.171083 IP (tos 0x0, ttl 64, id 39926, offset 0, flags [+], proto UDP (17), length 1500)"
1779594300.175664,,,UDP,31,"1779594300.175664 IP (tos 0x0, ttl 64, id 8611, offset 0, flags [DF], proto UDP (17), length 31)"
1779594300.176167,,,UDP,1500,"1779594300.176167 IP (tos 0x0, ttl 64, id 39927, offset 0, flags [+], proto UDP (17), length 1500)"
1779594300.177944,,,UDP,31,"1779594300.177944 IP (tos 0x0, ttl 64, id 8612, offset 0, flags [DF], proto UDP (17), length 31)"
1779594300.178467,,,UDP,1500,"1779594300.178467 IP (tos 0x0, ttl 64, id 39928, offset 0, flags [+], proto UDP (17), length 1500)"
1779594300.178840,,,UDP,31,"1779594300.178840 IP (tos 0x0, ttl 64, id 8613, offset 0, flags [DF], proto UDP (17), length 31)"
1779594300.179444,,,UDP,1500,"1779594300.179444 IP (tos 0x0, ttl 64, id 39929, offset 0, flags [+], proto UDP (17), length 1500)"
1779594300.179561,,,UDP,31,"1779594300.179561 IP (tos 0x0, ttl 64, id 8614, offset 0, flags [DF], proto UDP (17), length 31)"
1779594300.180058,,,UDP,31,"1779594300.180058 IP (tos 0x0, ttl 64, id 8615, offset 0, flags [DF], proto UDP (17), length 31)"
1779594300.180089,,,UDP,1500,"1779594300.180089 IP (tos 0x0, ttl 64, id 39930, offset 0, flags [+], proto UDP (17), length 1500)"
1779594300.180552,,,UDP,1500,"1779594300.180552 IP (tos 0x0, ttl 64, id 39931, offset 0, flags [+], proto UDP (17), length 1500)"
1779594300.180567,,,UDP,31,"1779594300.180567 IP (tos 0x0, ttl 64, id 8616, offset 0, flags [DF], proto UDP (17), length 31)"
1779594300.180990,,,UDP,31,"1779594300.180990 IP (tos 0x0, ttl 64, id 8617, offset 0, flags [DF], proto UDP (17), length 31)"
1779594300.181092,,,UDP,1500,"1779594300.181092 IP (tos 0x0, ttl 64, id 39932, offset 0, flags [+], proto UDP (17), length 1500)"
1779594300.181406,,,UDP,31,"1779594300.181406 IP (tos 0x0, ttl 64, id 8618, offset 0, flags [DF], proto UDP (17), length 31)"
1779594300.181591,,,UDP,1500,"1779594300.181591 IP (tos 0x0, ttl 64, id 39933, offset 0, flags [+], proto UDP (17), length 1500)"
1779594300.182145,,,UDP,1500,"1779594300.182145 IP (tos 0x0, ttl 64, id 39934, offset 0, flags [+], proto UDP (17), length 1500)"
1779594300.186500,,,UDP,31,"1779594300.186500 IP (tos 0x0, ttl 64, id 8619, offset 0, flags [DF], proto UDP (17), length 31)"
1779594300.187132,,,UDP,1500,"1779594300.187132 IP (tos 0x0, ttl 64, id 39935, offset 0, flags [+], proto UDP (17), length 1500)"
1779594300.188925,,,UDP,31,"1779594300.188925 IP (tos 0x0, ttl 64, id 8620, offset 0, flags [DF], proto UDP (17), length 31)"
1779594300.189521,,,UDP,1500,"1779594300.189521 IP (tos 0x0, ttl 64, id 39936, offset 0, flags [+], proto UDP (17), length 1500)"
1779594300.189901,,,UDP,31,"1779594300.189901 IP (tos 0x0, ttl 64, id 8621, offset 0, flags [DF], proto UDP (17), length 31)"
1779594300.190423,,,UDP,1500,"1779594300.190423 IP (tos 0x0, ttl 64, id 39937, offset 0, flags [+], proto UDP (17), length 1500)"
1779594300.190471,,,UDP,31,"1779594300.190471 IP (tos 0x0, ttl 64, id 8622, offset 0, flags [DF], proto UDP (17), length 31)"
1779594300.190935,,,UDP,1500,"1779594300.190935 IP (tos 0x0, ttl 64, id 39938, offset 0, flags [+], proto UDP (17), length 1500)"
1779594300.190958,,,UDP,31,"1779594300.190958 IP (tos 0x0, ttl 64, id 8623, offset 0, flags [DF], proto UDP (17), length 31)"
1779594300.191499,,,UDP,31,"1779594300.191499 IP (tos 0x0, ttl 64, id 8624, offset 0, flags [DF], proto UDP (17), length 31)"
1779594300.191510,,,UDP,1500,"1779594300.191510 IP (tos 0x0, ttl 64, id 39939, offset 0, flags [+], proto UDP (17), length 1500)"
1779594300.191919,,,UDP,1500,"1779594300.191919 IP (tos 0x0, ttl 64, id 39940, offset 0, flags [+], proto UDP (17), length 1500)"
1779594300.191987,,,UDP,31,"1779594300.191987 IP (tos 0x0, ttl 64, id 8625, offset 0, flags [DF], proto UDP (17), length 31)"
1779594300.192479,,,UDP,1500,"1779594300.192479 IP (tos 0x0, ttl 64, id 39941, offset 0, flags [+], proto UDP (17), length 1500)"
1779594300.192562,,,UDP,31,"1779594300.192562 IP (tos 0x0, ttl 64, id 8626, offset 0, flags [DF], proto UDP (17), length 31)"
1779594300.193013,,,UDP,1500,"1779594300.193013 IP (tos 0x0, ttl 64, id 39942, offset 0, flags [+], proto UDP (17), length 1500)"
1779594300.197633,,,UDP,31,"1779594300.197633 IP (tos 0x0, ttl 64, id 8627, offset 0, flags [DF], proto UDP (17), length 31)"
1779594300.198157,,,UDP,1500,"1779594300.198157 IP (tos 0x0, ttl 64, id 39943, offset 0, flags [+], proto UDP (17), length 1500)"
1779594300.200120,,,UDP,31,"1779594300.200120 IP (tos 0x0, ttl 64, id 8628, offset 0, flags [DF], proto UDP (17), length 31)"
1779594300.200699,,,UDP,1500,"1779594300.200699 IP (tos 0x0, ttl 64, id 39944, offset 0, flags [+], proto UDP (17), length 1500)"
1779594300.200829,,,UDP,31,"1779594300.200829 IP (tos 0x0, ttl 64, id 8629, offset 0, flags [DF], proto UDP (17), length 31)"
1779594300.201168,,,UDP,1500,"1779594300.201168 IP (tos 0x0, ttl 64, id 39945, offset 0, flags [+], proto UDP (17), length 1500)"
1779594300.201347,,,UDP,31,"1779594300.201347 IP (tos 0x0, ttl 64, id 8630, offset 0, flags [DF], proto UDP (17), length 31)"
1779594300.201774,,,UDP,1500,"1779594300.201774 IP (tos 0x0, ttl 64, id 39946, offset 0, flags [+], proto UDP (17), length 1500)"
1779594300.201842,,,UDP,31,"1779594300.201842 IP (tos 0x0, ttl 64, id 8631, offset 0, flags [DF], proto UDP (17), length 31)"
1779594300.202248,,,UDP,1500,"1779594300.202248 IP (tos 0x0, ttl 64, id 39947, offset 0, flags [+], proto UDP (17), length 1500)"
1779594300.202264,,,UDP,31,"1779594300.202264 IP (tos 0x0, ttl 64, id 8632, offset 0, flags [DF], proto UDP (17), length 31)"
1779594300.202681,,,UDP,1500,"1779594300.202681 IP (tos 0x0, ttl 64, id 39948, offset 0, flags [+], proto UDP (17), length 1500)"
1779594300.202840,,,UDP,31,"1779594300.202840 IP (tos 0x0, ttl 64, id 8633, offset 0, flags [DF], proto UDP (17), length 31)"
1779594300.203206,,,UDP,1500,"1779594300.203206 IP (tos 0x0, ttl 64, id 39949, offset 0, flags [+], proto UDP (17), length 1500)"
1779594300.203312,,,UDP,31,"1779594300.203312 IP (tos 0x0, ttl 64, id 8634, offset 0, flags [DF], proto UDP (17), length 31)"
1779594300.203809,,,UDP,1500,"1779594300.203809 IP (tos 0x0, ttl 64, id 39950, offset 0, flags [+], proto UDP (17), length 1500)"
1779594300.208594,,,UDP,31,"1779594300.208594 IP (tos 0x0, ttl 64, id 8635, offset 0, flags [DF], proto UDP (17), length 31)"
1779594300.209029,,,UDP,1500,"1779594300.209029 IP (tos 0x0, ttl 64, id 39951, offset 0, flags [+], proto UDP (17), length 1500)"
1779594300.211147,,,UDP,31,"1779594300.211147 IP (tos 0x0, ttl 64, id 8636, offset 0, flags [DF], proto UDP (17), length 31)"
1779594300.211524,,,UDP,31,"1779594300.211524 IP (tos 0x0, ttl 64, id 8637, offset 0, flags [DF], proto UDP (17), length 31)"
1779594300.211588,,,UDP,1500,"1779594300.211588 IP (tos 0x0, ttl 64, id 39952, offset 0, flags [+], proto UDP (17), length 1500)"
1779594300.211949,,,UDP,1500,"1779594300.211949 IP (tos 0x0, ttl 64, id 39953, offset 0, flags [+], proto UDP (17), length 1500)"
1779594300.212171,,,UDP,31,"1779594300.212171 IP (tos 0x0, ttl 64, id 8638, offset 0, flags [DF], proto UDP (17), length 31)"
1779594300.212608,,,UDP,31,"1779594300.212608 IP (tos 0x0, ttl 64, id 8639, offset 0, flags [DF], proto UDP (17), length 31)"
1779594300.212658,,,UDP,1500,"1779594300.212658 IP (tos 0x0, ttl 64, id 39954, offset 0, flags [+], proto UDP (17), length 1500)"
1779594300.212987,,,UDP,31,"1779594300.212987 IP (tos 0x0, ttl 64, id 8640, offset 0, flags [DF], proto UDP (17), length 31)"
1779594300.213167,,,UDP,1500,"1779594300.213167 IP (tos 0x0, ttl 64, id 39955, offset 0, flags [+], proto UDP (17), length 1500)"
1779594300.213528,,,UDP,31,"1779594300.213528 IP (tos 0x0, ttl 64, id 8641, offset 0, flags [DF], proto UDP (17), length 31)"
1779594300.213637,,,UDP,1500,"1779594300.213637 IP (tos 0x0, ttl 64, id 39956, offset 0, flags [+], proto UDP (17), length 1500)"
1779594300.214049,,,UDP,1500,"1779594300.214049 IP (tos 0x0, ttl 64, id 39957, offset 0, flags [+], proto UDP (17), length 1500)"
1779594300.214131,,,UDP,31,"1779594300.214131 IP (tos 0x0, ttl 64, id 8642, offset 0, flags [DF], proto UDP (17), length 31)"
1779594300.214610,,,UDP,1500,"1779594300.214610 IP (tos 0x0, ttl 64, id 39958, offset 0, flags [+], proto UDP (17), length 1500)"
1779594300.219349,,,UDP,31,"1779594300.219349 IP (tos 0x0, ttl 64, id 8643, offset 0, flags [DF], proto UDP (17), length 31)"
1779594300.219882,,,UDP,1500,"1779594300.219882 IP (tos 0x0, ttl 64, id 39959, offset 0, flags [+], proto UDP (17), length 1500)"
1779594300.222050,,,UDP,31,"1779594300.222050 IP (tos 0x0, ttl 64, id 8644, offset 0, flags [DF], proto UDP (17), length 31)"
1779594300.222287,,,UDP,31,"1779594300.222287 IP (tos 0x0, ttl 64, id 8645, offset 0, flags [DF], proto UDP (17), length 31)"
1779594300.222468,,,UDP,1500,"1779594300.222468 IP (tos 0x0, ttl 64, id 39960, offset 0, flags [+], proto UDP (17), length 1500)"
1779594300.222881,,,UDP,1500,"1779594300.222881 IP (tos 0x0, ttl 64, id 39961, offset 0, flags [+], proto UDP (17), length 1500)"
1779594300.223027,,,UDP,31,"1779594300.223027 IP (tos 0x0, ttl 64, id 8646, offset 0, flags [DF], proto UDP (17), length 31)"
1779594300.223446,,,UDP,1500,"1779594300.223446 IP (tos 0x0, ttl 64, id 39962, offset 0, flags [+], proto UDP (17), length 1500)"
1779594300.223511,,,UDP,31,"1779594300.223511 IP (tos 0x0, ttl 64, id 8647, offset 0, flags [DF], proto UDP (17), length 31)"
1779594300.223893,,,UDP,1500,"1779594300.223893 IP (tos 0x0, ttl 64, id 39963, offset 0, flags [+], proto UDP (17), length 1500)"
1779594300.224012,,,UDP,31,"1779594300.224012 IP (tos 0x0, ttl 64, id 8648, offset 0, flags [DF], proto UDP (17), length 31)"
1779594300.224391,,,UDP,31,"1779594300.224391 IP (tos 0x0, ttl 64, id 8649, offset 0, flags [DF], proto UDP (17), length 31)"
1779594300.224413,,,UDP,1500,"1779594300.224413 IP (tos 0x0, ttl 64, id 39964, offset 0, flags [+], proto UDP (17), length 1500)"
1779594300.224848,,,UDP,1500,"1779594300.224848 IP (tos 0x0, ttl 64, id 39965, offset 0, flags [+], proto UDP (17), length 1500)"
1779594300.224917,,,UDP,31,"1779594300.224917 IP (tos 0x0, ttl 64, id 8650, offset 0, flags [DF], proto UDP (17), length 31)"
1779594300.225352,,,UDP,1500,"1779594300.225352 IP (tos 0x0, ttl 64, id 39966, offset 0, flags [+], proto UDP (17), length 1500)"
1779594300.230263,,,UDP,31,"1779594300.230263 IP (tos 0x0, ttl 64, id 8651, offset 0, flags [DF], proto UDP (17), length 31)"
1779594300.231581,,,UDP,1500,"1779594300.231581 IP (tos 0x0, ttl 64, id 39967, offset 0, flags [+], proto UDP (17), length 1500)"
1779594300.232817,,,UDP,31,"1779594300.232817 IP (tos 0x0, ttl 64, id 8652, offset 0, flags [DF], proto UDP (17), length 31)"
1779594300.233166,,,UDP,31,"1779594300.233166 IP (tos 0x0, ttl 64, id 8653, offset 0, flags [DF], proto UDP (17), length 31)"
1779594300.233583,,,UDP,1500,"1779594300.233583 IP (tos 0x0, ttl 64, id 39968, offset 0, flags [+], proto UDP (17), length 1500)"
1779594300.233771,,,UDP,31,"1779594300.233771 IP (tos 0x0, ttl 64, id 8654, offset 0, flags [DF], proto UDP (17), length 31)"
1779594300.234158,,,UDP,1500,"1779594300.234158 IP (tos 0x0, ttl 64, id 39969, offset 0, flags [+], proto UDP (17), length 1500)"
1779594300.234197,,,UDP,31,"1779594300.234197 IP (tos 0x0, ttl 64, id 8655, offset 0, flags [DF], proto UDP (17), length 31)"
1779594300.234691,,,UDP,1500,"1779594300.234691 IP (tos 0x0, ttl 64, id 39970, offset 0, flags [+], proto UDP (17), length 1500)"
1779594300.234760,,,UDP,31,"1779594300.234760 IP (tos 0x0, ttl 64, id 8656, offset 0, flags [DF], proto UDP (17), length 31)"
1779594300.235190,,,UDP,31,"1779594300.235190 IP (tos 0x0, ttl 64, id 8657, offset 0, flags [DF], proto UDP (17), length 31)"
1779594300.235250,,,UDP,1500,"1779594300.235250 IP (tos 0x0, ttl 64, id 39971, offset 0, flags [+], proto UDP (17), length 1500)"
1779594300.235664,,,UDP,31,"1779594300.235664 IP (tos 0x0, ttl 64, id 8658, offset 0, flags [DF], proto UDP (17), length 31)"
1779594300.235863,,,UDP,1500,"1779594300.235863 IP (tos 0x0, ttl 64, id 39972, offset 0, flags [+], proto UDP (17), length 1500)"
1779594300.236561,,,UDP,1500,"1779594300.236561 IP (tos 0x0, ttl 64, id 39973, offset 0, flags [+], proto UDP (17), length 1500)"
1779594300.237154,,,UDP,1500,"1779594300.237154 IP (tos 0x0, ttl 64, id 39974, offset 0, flags [+], proto UDP (17), length 1500)"
1779594300.242487,,,UDP,31,"1779594300.242487 IP (tos 0x0, ttl 64, id 8659, offset 0, flags [DF], proto UDP (17), length 31)"
1779594300.243219,,,UDP,1500,"1779594300.243219 IP (tos 0x0, ttl 64, id 39975, offset 0, flags [+], proto UDP (17), length 1500)"
1779594300.244173,,,UDP,31,"1779594300.244173 IP (tos 0x0, ttl 64, id 8660, offset 0, flags [DF], proto UDP (17), length 31)"
1779594300.244622,,,UDP,31,"1779594300.244622 IP (tos 0x0, ttl 64, id 8661, offset 0, flags [DF], proto UDP (17), length 31)"
1779594300.244689,,,UDP,1500,"1779594300.244689 IP (tos 0x0, ttl 64, id 39976, offset 0, flags [+], proto UDP (17), length 1500)"
1779594300.245212,,,UDP,1500,"1779594300.245212 IP (tos 0x0, ttl 64, id 39977, offset 0, flags [+], proto UDP (17), length 1500)"
1779594300.245256,,,UDP,31,"1779594300.245256 IP (tos 0x0, ttl 64, id 8662, offset 0, flags [DF], proto UDP (17), length 31)"
1779594300.245771,,,UDP,1500,"1779594300.245771 IP (tos 0x0, ttl 64, id 39978, offset 0, flags [+], proto UDP (17), length 1500)"
1779594300.245773,,,UDP,31,"1779594300.245773 IP (tos 0x0, ttl 64, id 8663, offset 0, flags [DF], proto UDP (17), length 31)"
1779594300.246196,,,UDP,1500,"1779594300.246196 IP (tos 0x0, ttl 64, id 39979, offset 0, flags [+], proto UDP (17), length 1500)"
1779594300.246309,,,UDP,31,"1779594300.246309 IP (tos 0x0, ttl 64, id 8664, offset 0, flags [DF], proto UDP (17), length 31)"
1779594300.246720,,,UDP,1500,"1779594300.246720 IP (tos 0x0, ttl 64, id 39980, offset 0, flags [+], proto UDP (17), length 1500)"
1779594300.246925,,,UDP,31,"1779594300.246925 IP (tos 0x0, ttl 64, id 8665, offset 0, flags [DF], proto UDP (17), length 31)"
1779594300.247304,,,UDP,1500,"1779594300.247304 IP (tos 0x0, ttl 64, id 39981, offset 0, flags [+], proto UDP (17), length 1500)"
1779594300.247512,,,UDP,31,"1779594300.247512 IP (tos 0x0, ttl 64, id 8666, offset 0, flags [DF], proto UDP (17), length 31)"
1779594300.247916,,,UDP,1500,"1779594300.247916 IP (tos 0x0, ttl 64, id 39982, offset 0, flags [+], proto UDP (17), length 1500)"
1779594300.253681,,,UDP,31,"1779594300.253681 IP (tos 0x0, ttl 64, id 8667, offset 0, flags [DF], proto UDP (17), length 31)"
1779594300.254161,,,UDP,1500,"1779594300.254161 IP (tos 0x0, ttl 64, id 39984, offset 0, flags [+], proto UDP (17), length 1500)"
1779594300.255119,,,UDP,31,"1779594300.255119 IP (tos 0x0, ttl 64, id 8668, offset 0, flags [DF], proto UDP (17), length 31)"
1779594300.255575,,,UDP,31,"1779594300.255575 IP (tos 0x0, ttl 64, id 8669, offset 0, flags [DF], proto UDP (17), length 31)"
1779594300.255612,,,UDP,1500,"1779594300.255612 IP (tos 0x0, ttl 64, id 39985, offset 0, flags [+], proto UDP (17), length 1500)"
1779594300.255980,,,UDP,1500,"1779594300.255980 IP (tos 0x0, ttl 64, id 39986, offset 0, flags [+], proto UDP (17), length 1500)"
1779594300.256121,,,UDP,31,"1779594300.256121 IP (tos 0x0, ttl 64, id 8670, offset 0, flags [DF], proto UDP (17), length 31)"
1779594300.256507,,,UDP,31,"1779594300.256507 IP (tos 0x0, ttl 64, id 8671, offset 0, flags [DF], proto UDP (17), length 31)"
1779594300.256528,,,UDP,1500,"1779594300.256528 IP (tos 0x0, ttl 64, id 39987, offset 0, flags [+], proto UDP (17), length 1500)"
1779594300.256981,,,UDP,1500,"1779594300.256981 IP (tos 0x0, ttl 64, id 39988, offset 0, flags [+], proto UDP (17), length 1500)"
1779594300.257025,,,UDP,31,"1779594300.257025 IP (tos 0x0, ttl 64, id 8672, offset 0, flags [DF], proto UDP (17), length 31)"
1779594300.257604,,,UDP,31,"1779594300.257604 IP (tos 0x0, ttl 64, id 8673, offset 0, flags [DF], proto UDP (17), length 31)"
1779594300.257625,,,UDP,1500,"1779594300.257625 IP (tos 0x0, ttl 64, id 39989, offset 0, flags [+], proto UDP (17), length 1500)"
1779594300.258146,,,UDP,1500,"1779594300.258146 IP (tos 0x0, ttl 64, id 39990, offset 0, flags [+], proto UDP (17), length 1500)"
1779594300.258197,,,UDP,31,"1779594300.258197 IP (tos 0x0, ttl 64, id 8674, offset 0, flags [DF], proto UDP (17), length 31)"
1779594300.258643,,,UDP,1500,"1779594300.258643 IP (tos 0x0, ttl 64, id 39991, offset 0, flags [+], proto UDP (17), length 1500)"
1779594300.264477,,,UDP,31,"1779594300.264477 IP (tos 0x0, ttl 64, id 8675, offset 0, flags [DF], proto UDP (17), length 31)"
1779594300.265170,,,UDP,1500,"1779594300.265170 IP (tos 0x0, ttl 64, id 39993, offset 0, flags [+], proto UDP (17), length 1500)"
1779594300.265977,,,UDP,31,"1779594300.265977 IP (tos 0x0, ttl 64, id 8676, offset 0, flags [DF], proto UDP (17), length 31)"
1779594300.266267,,,UDP,31,"1779594300.266267 IP (tos 0x0, ttl 64, id 8677, offset 0, flags [DF], proto UDP (17), length 31)"
1779594300.266552,,,UDP,1500,"1779594300.266552 IP (tos 0x0, ttl 64, id 39994, offset 0, flags [+], proto UDP (17), length 1500)"
1779594300.266864,,,UDP,31,"1779594300.266864 IP (tos 0x0, ttl 64, id 8678, offset 0, flags [DF], proto UDP (17), length 31)"
1779594300.267036,,,UDP,1500,"1779594300.267036 IP (tos 0x0, ttl 64, id 39995, offset 0, flags [+], proto UDP (17), length 1500)"
1779594300.267392,,,UDP,31,"1779594300.267392 IP (tos 0x0, ttl 64, id 8679, offset 0, flags [DF], proto UDP (17), length 31)"
1779594300.267538,,,UDP,1500,"1779594300.267538 IP (tos 0x0, ttl 64, id 39996, offset 0, flags [+], proto UDP (17), length 1500)"
1779594300.268004,,,UDP,31,"1779594300.268004 IP (tos 0x0, ttl 64, id 8680, offset 0, flags [DF], proto UDP (17), length 31)"
1779594300.268039,,,UDP,1500,"1779594300.268039 IP (tos 0x0, ttl 64, id 39997, offset 0, flags [+], proto UDP (17), length 1500)"
1779594300.268515,,,UDP,31,"1779594300.268515 IP (tos 0x0, ttl 64, id 8681, offset 0, flags [DF], proto UDP (17), length 31)"
1779594300.268947,,,UDP,31,"1779594300.268947 IP (tos 0x0, ttl 64, id 8682, offset 0, flags [DF], proto UDP (17), length 31)"
1779594300.275665,,,UDP,31,"1779594300.275665 IP (tos 0x0, ttl 64, id 8684, offset 0, flags [DF], proto UDP (17), length 31)"
1779594300.276179,,,UDP,1500,"1779594300.276179 IP (tos 0x0, ttl 64, id 39999, offset 0, flags [+], proto UDP (17), length 1500)"
1779594300.276695,,,UDP,1500,"1779594300.276695 IP (tos 0x0, ttl 64, id 40000, offset 0, flags [+], proto UDP (17), length 1500)"
1779594300.276923,,,UDP,31,"1779594300.276923 IP (tos 0x0, ttl 64, id 8685, offset 0, flags [DF], proto UDP (17), length 31)"
1779594300.277182,,,UDP,1500,"1779594300.277182 IP (tos 0x0, ttl 64, id 40001, offset 0, flags [+], proto UDP (17), length 1500)"
1779594300.277543,,,UDP,31,"1779594300.277543 IP (tos 0x0, ttl 64, id 8686, offset 0, flags [DF], proto UDP (17), length 31)"
1779594300.277657,,,UDP,1500,"1779594300.277657 IP (tos 0x0, ttl 64, id 40002, offset 0, flags [+], proto UDP (17), length 1500)"
1779594300.277924,,,UDP,31,"1779594300.277924 IP (tos 0x0, ttl 64, id 8687, offset 0, flags [DF], proto UDP (17), length 31)"
1779594300.278507,,,UDP,31,"1779594300.278507 IP (tos 0x0, ttl 64, id 8688, offset 0, flags [DF], proto UDP (17), length 31)"
1779594300.286817,,,UDP,31,"1779594300.286817 IP (tos 0x0, ttl 64, id 8689, offset 0, flags [DF], proto UDP (17), length 31)"
1779594300.287213,,,UDP,31,"1779594300.287213 IP (tos 0x0, ttl 64, id 8690, offset 0, flags [DF], proto UDP (17), length 31)"
1779594300.287634,,,UDP,31,"1779594300.287634 IP (tos 0x0, ttl 64, id 8691, offset 0, flags [DF], proto UDP (17), length 31)"
1779594300.288037,,,UDP,31,"1779594300.288037 IP (tos 0x0, ttl 64, id 8692, offset 0, flags [DF], proto UDP (17), length 31)"
1779594300.289262,,,UDP,34,"1779594300.289262 IP (tos 0x0, ttl 64, id 40003, offset 0, flags [DF], proto UDP (17), length 34)"
1779594300.299667,,,UDP,35,"1779594300.299667 IP (tos 0x0, ttl 64, id 8694, offset 0, flags [DF], proto UDP (17), length 35)"
