timestamp_s,src,dst,protocolo,ip_len,info
1779594329.675984,,,UDP,63,"1779594329.675984 IP (tos 0x0, ttl 64, id 40536, offset 0, flags [DF], proto UDP (17), length 63)"
1779594330.178968,,,UDP,63,"1779594330.178968 IP (tos 0x0, ttl 64, id 40562, offset 0, flags [DF], proto UDP (17), length 63)"
1779594330.229724,,,UDP,36,"1779594330.229724 IP (tos 0x0, ttl 64, id 14500, offset 0, flags [DF], proto UDP (17), length 36)"
1779594330.231855,,,UDP,1500,"1779594330.231855 IP (tos 0x0, ttl 64, id 40575, offset 0, flags [+], proto UDP (17), length 1500)"
1779594330.233228,,,UDP,1500,"1779594330.233228 IP (tos 0x0, ttl 64, id 40576, offset 0, flags [+], proto UDP (17), length 1500)"
1779594330.234858,,,UDP,1500,"1779594330.234858 IP (tos 0x0, ttl 64, id 40577, offset 0, flags [+], proto UDP (17), length 1500)"
1779594330.236170,,,UDP,1500,"1779594330.236170 IP (tos 0x0, ttl 64, id 40578, offset 0, flags [+], proto UDP (17), length 1500)"
1779594330.237352,,,UDP,1500,"1779594330.237352 IP (tos 0x0, ttl 64, id 40579, offset 0, flags [+], proto UDP (17), length 1500)"
1779594330.238283,,,UDP,1500,"1779594330.238283 IP (tos 0x0, ttl 64, id 40580, offset 0, flags [+], proto UDP (17), length 1500)"
1779594330.239029,,,UDP,1500,"1779594330.239029 IP (tos 0x0, ttl 64, id 40581, offset 0, flags [+], proto UDP (17), length 1500)"
1779594330.239816,,,UDP,1500,"1779594330.239816 IP (tos 0x0, ttl 64, id 40582, offset 0, flags [+], proto UDP (17), length 1500)"
1779594330.282641,,,UDP,29,"1779594330.282641 IP (tos 0x0, ttl 64, id 14512, offset 0, flags [DF], proto UDP (17), length 29)"
1779594330.284333,,,UDP,1500,"1779594330.284333 IP (tos 0x0, ttl 64, id 40586, offset 0, flags [+], proto UDP (17), length 1500)"
1779594330.286313,,,UDP,29,"1779594330.286313 IP (tos 0x0, ttl 64, id 14514, offset 0, flags [DF], proto UDP (17), length 29)"
1779594330.287274,,,UDP,29,"1779594330.287274 IP (tos 0x0, ttl 64, id 14515, offset 0, flags [DF], proto UDP (17), length 29)"
1779594330.288131,,,UDP,1500,"1779594330.288131 IP (tos 0x0, ttl 64, id 40587, offset 0, flags [+], proto UDP (17), length 1500)"
1779594330.288114,,,UDP,29,"1779594330.288114 IP (tos 0x0, ttl 64, id 14516, offset 0, flags [DF], proto UDP (17), length 29)"
1779594330.289014,,,UDP,29,"1779594330.289014 IP (tos 0x0, ttl 64, id 14517, offset 0, flags [DF], proto UDP (17), length 29)"
1779594330.289242,,,UDP,1500,"1779594330.289242 IP (tos 0x0, ttl 64, id 40588, offset 0, flags [+], proto UDP (17), length 1500)"
1779594330.289664,,,UDP,29,"1779594330.289664 IP (tos 0x0, ttl 64, id 14518, offset 0, flags [DF], proto UDP (17), length 29)"
1779594330.290195,,,UDP,1500,"1779594330.290195 IP (tos 0x0, ttl 64, id 40589, offset 0, flags [+], proto UDP (17), length 1500)"
1779594330.290653,,,UDP,29,"1779594330.290653 IP (tos 0x0, ttl 64, id 14519, offset 0, flags [DF], proto UDP (17), length 29)"
1779594330.291130,,,UDP,1500,"1779594330.291130 IP (tos 0x0, ttl 64, id 40590, offset 0, flags [+], proto UDP (17), length 1500)"
1779594330.291959,,,UDP,1500,"1779594330.291959 IP (tos 0x0, ttl 64, id 40591, offset 0, flags [+], proto UDP (17), length 1500)"
1779594330.292689,,,UDP,1500,"1779594330.292689 IP (tos 0x0, ttl 64, id 40592, offset 0, flags [+], proto UDP (17), length 1500)"
1779594330.293398,,,UDP,1500,"1779594330.293398 IP (tos 0x0, ttl 64, id 40593, offset 0, flags [+], proto UDP (17), length 1500)"
1779594330.335782,,,UDP,29,"1779594330.335782 IP (tos 0x0, ttl 64, id 14529, offset 0, flags [DF], proto UDP (17), length 29)"
1779594330.337012,,,UDP,1500,"1779594330.337012 IP (tos 0x0, ttl 64, id 40601, offset 0, flags [+], proto UDP (17), length 1500)"
1779594330.339366,,,UDP,29,"1779594330.339366 IP (tos 0x0, ttl 64, id 14530, offset 0, flags [DF], proto UDP (17), length 29)"
1779594330.340096,,,UDP,30,"1779594330.340096 IP (tos 0x0, ttl 64, id 14531, offset 0, flags [DF], proto UDP (17), length 30)"
1779594330.340527,,,UDP,1500,"1779594330.340527 IP (tos 0x0, ttl 64, id 40602, offset 0, flags [+], proto UDP (17), length 1500)"
1779594330.341091,,,UDP,30,"1779594330.341091 IP (tos 0x0, ttl 64, id 14532, offset 0, flags [DF], proto UDP (17), length 30)"
1779594330.341256,,,UDP,1500,"1779594330.341256 IP (tos 0x0, ttl 64, id 40603, offset 0, flags [+], proto UDP (17), length 1500)"
1779594330.341794,,,UDP,1500,"1779594330.341794 IP (tos 0x0, ttl 64, id 40604, offset 0, flags [+], proto UDP (17), length 1500)"
1779594330.341822,,,UDP,30,"1779594330.341822 IP (tos 0x0, ttl 64, id 14533, offset 0, flags [DF], proto UDP (17), length 30)"
1779594330.342478,,,UDP,1500,"1779594330.342478 IP (tos 0x0, ttl 64, id 40605, offset 0, flags [+], proto UDP (17), length 1500)"
1779594330.342480,,,UDP,30,"1779594330.342480 IP (tos 0x0, ttl 64, id 14534, offset 0, flags [DF], proto UDP (17), length 30)"
1779594330.343097,,,UDP,1500,"1779594330.343097 IP (tos 0x0, ttl 64, id 40606, offset 0, flags [+], proto UDP (17), length 1500)"
1779594330.344145,,,UDP,30,"1779594330.344145 IP (tos 0x0, ttl 64, id 14536, offset 0, flags [DF], proto UDP (17), length 30)"
1779594330.345191,,,UDP,1500,"1779594330.345191 IP (tos 0x0, ttl 64, id 40607, offset 0, flags [+], proto UDP (17), length 1500)"
1779594330.345955,,,UDP,1500,"1779594330.345955 IP (tos 0x0, ttl 64, id 40608, offset 0, flags [+], proto UDP (17), length 1500)"
1779594330.392106,,,UDP,30,"1779594330.392106 IP (tos 0x0, ttl 64, id 14544, offset 0, flags [DF], proto UDP (17), length 30)"
1779594330.392546,,,UDP,30,"1779594330.392546 IP (tos 0x0, ttl 64, id 14545, offset 0, flags [DF], proto UDP (17), length 30)"
1779594330.393242,,,UDP,30,"1779594330.393242 IP (tos 0x0, ttl 64, id 14546, offset 0, flags [DF], proto UDP (17), length 30)"
1779594330.393878,,,UDP,30,"1779594330.393878 IP (tos 0x0, ttl 64, id 14547, offset 0, flags [DF], proto UDP (17), length 30)"
1779594330.394104,,,UDP,1500,"1779594330.394104 IP (tos 0x0, ttl 64, id 40617, offset 0, flags [+], proto UDP (17), length 1500)"
1779594330.395740,,,UDP,1500,"1779594330.395740 IP (tos 0x0, ttl 64, id 40618, offset 0, flags [+], proto UDP (17), length 1500)"
1779594330.395946,,,UDP,30,"1779594330.395946 IP (tos 0x0, ttl 64, id 14548, offset 0, flags [DF], proto UDP (17), length 30)"
1779594330.396661,,,UDP,30,"1779594330.396661 IP (tos 0x0, ttl 64, id 14549, offset 0, flags [DF], proto UDP (17), length 30)"
1779594330.397148,,,UDP,1500,"1779594330.397148 IP (tos 0x0, ttl 64, id 40619, offset 0, flags [+], proto UDP (17), length 1500)"
1779594330.398629,,,UDP,1500,"1779594330.398629 IP (tos 0x0, ttl 64, id 40620, offset 0, flags [+], proto UDP (17), length 1500)"
1779594330.400094,,,UDP,1500,"1779594330.400094 IP (tos 0x0, ttl 64, id 40621, offset 0, flags [+], proto UDP (17), length 1500)"
1779594330.401167,,,UDP,1500,"1779594330.401167 IP (tos 0x0, ttl 64, id 40622, offset 0, flags [+], proto UDP (17), length 1500)"
1779594330.402003,,,UDP,1500,"1779594330.402003 IP (tos 0x0, ttl 64, id 40623, offset 0, flags [+], proto UDP (17), length 1500)"
1779594330.402833,,,UDP,1500,"1779594330.402833 IP (tos 0x0, ttl 64, id 40624, offset 0, flags [+], proto UDP (17), length 1500)"
1779594330.445807,,,UDP,30,"1779594330.445807 IP (tos 0x0, ttl 64, id 14553, offset 0, flags [DF], proto UDP (17), length 30)"
1779594330.446996,,,UDP,30,"1779594330.446996 IP (tos 0x0, ttl 64, id 14554, offset 0, flags [DF], proto UDP (17), length 30)"
1779594330.447698,,,UDP,1500,"1779594330.447698 IP (tos 0x0, ttl 64, id 40632, offset 0, flags [+], proto UDP (17), length 1500)"
1779594330.448381,,,UDP,30,"1779594330.448381 IP (tos 0x0, ttl 64, id 14555, offset 0, flags [DF], proto UDP (17), length 30)"
1779594330.449176,,,UDP,1500,"1779594330.449176 IP (tos 0x0, ttl 64, id 40633, offset 0, flags [+], proto UDP (17), length 1500)"
1779594330.449925,,,UDP,30,"1779594330.449925 IP (tos 0x0, ttl 64, id 14556, offset 0, flags [DF], proto UDP (17), length 30)"
1779594330.450333,,,UDP,1500,"1779594330.450333 IP (tos 0x0, ttl 64, id 40634, offset 0, flags [+], proto UDP (17), length 1500)"
1779594330.451040,,,UDP,30,"1779594330.451040 IP (tos 0x0, ttl 64, id 14557, offset 0, flags [DF], proto UDP (17), length 30)"
1779594330.451724,,,UDP,1500,"1779594330.451724 IP (tos 0x0, ttl 64, id 40635, offset 0, flags [+], proto UDP (17), length 1500)"
1779594330.452886,,,UDP,1500,"1779594330.452886 IP (tos 0x0, ttl 64, id 40636, offset 0, flags [+], proto UDP (17), length 1500)"
1779594330.452890,,,UDP,30,"1779594330.452890 IP (tos 0x0, ttl 64, id 14559, offset 0, flags [DF], proto UDP (17), length 30)"
1779594330.453320,,,UDP,30,"1779594330.453320 IP (tos 0x0, ttl 64, id 14560, offset 0, flags [DF], proto UDP (17), length 30)"
1779594330.453953,,,UDP,1500,"1779594330.453953 IP (tos 0x0, ttl 64, id 40637, offset 0, flags [+], proto UDP (17), length 1500)"
1779594330.454935,,,UDP,1500,"1779594330.454935 IP (tos 0x0, ttl 64, id 40638, offset 0, flags [+], proto UDP (17), length 1500)"
1779594330.455658,,,UDP,1500,"1779594330.455658 IP (tos 0x0, ttl 64, id 40639, offset 0, flags [+], proto UDP (17), length 1500)"
1779594330.498983,,,UDP,30,"1779594330.498983 IP (tos 0x0, ttl 64, id 14564, offset 0, flags [DF], proto UDP (17), length 30)"
1779594330.499979,,,UDP,1500,"1779594330.499979 IP (tos 0x0, ttl 64, id 40649, offset 0, flags [+], proto UDP (17), length 1500)"
1779594330.500169,,,UDP,30,"1779594330.500169 IP (tos 0x0, ttl 64, id 14565, offset 0, flags [DF], proto UDP (17), length 30)"
1779594330.500928,,,UDP,1500,"1779594330.500928 IP (tos 0x0, ttl 64, id 40650, offset 0, flags [+], proto UDP (17), length 1500)"
1779594330.501374,,,UDP,30,"1779594330.501374 IP (tos 0x0, ttl 64, id 14566, offset 0, flags [DF], proto UDP (17), length 30)"
1779594330.502152,,,UDP,1500,"1779594330.502152 IP (tos 0x0, ttl 64, id 40651, offset 0, flags [+], proto UDP (17), length 1500)"
1779594330.502703,,,UDP,30,"1779594330.502703 IP (tos 0x0, ttl 64, id 14567, offset 0, flags [DF], proto UDP (17), length 30)"
1779594330.503539,,,UDP,1500,"1779594330.503539 IP (tos 0x0, ttl 64, id 40652, offset 0, flags [+], proto UDP (17), length 1500)"
1779594330.503680,,,UDP,30,"1779594330.503680 IP (tos 0x0, ttl 64, id 14568, offset 0, flags [DF], proto UDP (17), length 30)"
1779594330.504356,,,UDP,1500,"1779594330.504356 IP (tos 0x0, ttl 64, id 40653, offset 0, flags [+], proto UDP (17), length 1500)"
1779594330.504817,,,UDP,30,"1779594330.504817 IP (tos 0x0, ttl 64, id 14569, offset 0, flags [DF], proto UDP (17), length 30)"
1779594330.505582,,,UDP,1500,"1779594330.505582 IP (tos 0x0, ttl 64, id 40654, offset 0, flags [+], proto UDP (17), length 1500)"
1779594330.505639,,,UDP,30,"1779594330.505639 IP (tos 0x0, ttl 64, id 14570, offset 0, flags [DF], proto UDP (17), length 30)"
1779594330.506207,,,UDP,30,"1779594330.506207 IP (tos 0x0, ttl 64, id 14571, offset 0, flags [DF], proto UDP (17), length 30)"
1779594330.506338,,,UDP,1500,"1779594330.506338 IP (tos 0x0, ttl 64, id 40655, offset 0, flags [+], proto UDP (17), length 1500)"
1779594330.507022,,,UDP,1500,"1779594330.507022 IP (tos 0x0, ttl 64, id 40656, offset 0, flags [+], proto UDP (17), length 1500)"
1779594330.550811,,,UDP,30,"1779594330.550811 IP (tos 0x0, ttl 64, id 14580, offset 0, flags [DF], proto UDP (17), length 30)"
1779594330.551462,,,UDP,30,"1779594330.551462 IP (tos 0x0, ttl 64, id 14581, offset 0, flags [DF], proto UDP (17), length 30)"
1779594330.551659,,,UDP,1500,"1779594330.551659 IP (tos 0x0, ttl 64, id 40667, offset 0, flags [+], proto UDP (17), length 1500)"
1779594330.552264,,,UDP,1500,"1779594330.552264 IP (tos 0x0, ttl 64, id 40668, offset 0, flags [+], proto UDP (17), length 1500)"
1779594330.552819,,,UDP,30,"1779594330.552819 IP (tos 0x0, ttl 64, id 14582, offset 0, flags [DF], proto UDP (17), length 30)"
1779594330.553492,,,UDP,1500,"1779594330.553492 IP (tos 0x0, ttl 64, id 40669, offset 0, flags [+], proto UDP (17), length 1500)"
1779594330.554244,,,UDP,30,"1779594330.554244 IP (tos 0x0, ttl 64, id 14583, offset 0, flags [DF], proto UDP (17), length 30)"
1779594330.554864,,,UDP,1500,"1779594330.554864 IP (tos 0x0, ttl 64, id 40670, offset 0, flags [+], proto UDP (17), length 1500)"
1779594330.555039,,,UDP,30,"1779594330.555039 IP (tos 0x0, ttl 64, id 14584, offset 0, flags [DF], proto UDP (17), length 30)"
1779594330.555767,,,UDP,1500,"1779594330.555767 IP (tos 0x0, ttl 64, id 40671, offset 0, flags [+], proto UDP (17), length 1500)"
1779594330.556168,,,UDP,30,"1779594330.556168 IP (tos 0x0, ttl 64, id 14585, offset 0, flags [DF], proto UDP (17), length 30)"
1779594330.556791,,,UDP,1500,"1779594330.556791 IP (tos 0x0, ttl 64, id 40672, offset 0, flags [+], proto UDP (17), length 1500)"
1779594330.556860,,,UDP,30,"1779594330.556860 IP (tos 0x0, ttl 64, id 14586, offset 0, flags [DF], proto UDP (17), length 30)"
1779594330.557385,,,UDP,30,"1779594330.557385 IP (tos 0x0, ttl 64, id 14587, offset 0, flags [DF], proto UDP (17), length 30)"
1779594330.557555,,,UDP,1500,"1779594330.557555 IP (tos 0x0, ttl 64, id 40673, offset 0, flags [+], proto UDP (17), length 1500)"
1779594330.558047,,,UDP,1500,"1779594330.558047 IP (tos 0x0, ttl 64, id 40674, offset 0, flags [+], proto UDP (17), length 1500)"
1779594330.603210,,,UDP,30,"1779594330.603210 IP (tos 0x0, ttl 64, id 14593, offset 0, flags [DF], proto UDP (17), length 30)"
1779594330.604116,,,UDP,30,"1779594330.604116 IP (tos 0x0, ttl 64, id 14594, offset 0, flags [DF], proto UDP (17), length 30)"
1779594330.604332,,,UDP,1500,"1779594330.604332 IP (tos 0x0, ttl 64, id 40678, offset 0, flags [+], proto UDP (17), length 1500)"
1779594330.604971,,,UDP,1500,"1779594330.604971 IP (tos 0x0, ttl 64, id 40679, offset 0, flags [+], proto UDP (17), length 1500)"
1779594330.605492,,,UDP,30,"1779594330.605492 IP (tos 0x0, ttl 64, id 14595, offset 0, flags [DF], proto UDP (17), length 30)"
1779594330.605602,,,UDP,1500,"1779594330.605602 IP (tos 0x0, ttl 64, id 40680, offset 0, flags [+], proto UDP (17), length 1500)"
1779594330.606223,,,UDP,30,"1779594330.606223 IP (tos 0x0, ttl 64, id 14596, offset 0, flags [DF], proto UDP (17), length 30)"
1779594330.606473,,,UDP,1500,"1779594330.606473 IP (tos 0x0, ttl 64, id 40681, offset 0, flags [+], proto UDP (17), length 1500)"
1779594330.607100,,,UDP,1500,"1779594330.607100 IP (tos 0x0, ttl 64, id 40682, offset 0, flags [+], proto UDP (17), length 1500)"
1779594330.607577,,,UDP,30,"1779594330.607577 IP (tos 0x0, ttl 64, id 14597, offset 0, flags [DF], proto UDP (17), length 30)"
1779594330.607899,,,UDP,30,"1779594330.607899 IP (tos 0x0, ttl 64, id 14598, offset 0, flags [DF], proto UDP (17), length 30)"
1779594330.608418,,,UDP,1500,"1779594330.608418 IP (tos 0x0, ttl 64, id 40683, offset 0, flags [+], proto UDP (17), length 1500)"
1779594330.609071,,,UDP,1500,"1779594330.609071 IP (tos 0x0, ttl 64, id 40684, offset 0, flags [+], proto UDP (17), length 1500)"
1779594330.655397,,,UDP,30,"1779594330.655397 IP (tos 0x0, ttl 64, id 14608, offset 0, flags [DF], proto UDP (17), length 30)"
1779594330.655749,,,UDP,30,"1779594330.655749 IP (tos 0x0, ttl 64, id 14609, offset 0, flags [DF], proto UDP (17), length 30)"
1779594330.657000,,,UDP,1500,"1779594330.657000 IP (tos 0x0, ttl 64, id 40689, offset 0, flags [+], proto UDP (17), length 1500)"
1779594330.657164,,,UDP,30,"1779594330.657164 IP (tos 0x0, ttl 64, id 14611, offset 0, flags [DF], proto UDP (17), length 30)"
1779594330.657993,,,UDP,30,"1779594330.657993 IP (tos 0x0, ttl 64, id 14612, offset 0, flags [DF], proto UDP (17), length 30)"
1779594330.658374,,,UDP,1500,"1779594330.658374 IP (tos 0x0, ttl 64, id 40690, offset 0, flags [+], proto UDP (17), length 1500)"
1779594330.659117,,,UDP,30,"1779594330.659117 IP (tos 0x0, ttl 64, id 14613, offset 0, flags [DF], proto UDP (17), length 30)"
1779594330.659658,,,UDP,1500,"1779594330.659658 IP (tos 0x0, ttl 64, id 40691, offset 0, flags [+], proto UDP (17), length 1500)"
1779594330.659827,,,UDP,30,"1779594330.659827 IP (tos 0x0, ttl 64, id 14614, offset 0, flags [DF], proto UDP (17), length 30)"
1779594330.660801,,,UDP,1500,"1779594330.660801 IP (tos 0x0, ttl 64, id 40692, offset 0, flags [+], proto UDP (17), length 1500)"
1779594330.661908,,,UDP,1500,"1779594330.661908 IP (tos 0x0, ttl 64, id 40693, offset 0, flags [+], proto UDP (17), length 1500)"
1779594330.663018,,,UDP,1500,"1779594330.663018 IP (tos 0x0, ttl 64, id 40694, offset 0, flags [+], proto UDP (17), length 1500)"
1779594330.664138,,,UDP,1500,"1779594330.664138 IP (tos 0x0, ttl 64, id 40695, offset 0, flags [+], proto UDP (17), length 1500)"
1779594330.664997,,,UDP,1500,"1779594330.664997 IP (tos 0x0, ttl 64, id 40696, offset 0, flags [+], proto UDP (17), length 1500)"
1779594330.708529,,,UDP,30,"1779594330.708529 IP (tos 0x0, ttl 64, id 14622, offset 0, flags [DF], proto UDP (17), length 30)"
1779594330.709801,,,UDP,30,"1779594330.709801 IP (tos 0x0, ttl 64, id 14623, offset 0, flags [DF], proto UDP (17), length 30)"
1779594330.710749,,,UDP,1500,"1779594330.710749 IP (tos 0x0, ttl 64, id 40703, offset 0, flags [+], proto UDP (17), length 1500)"
1779594330.710852,,,UDP,30,"1779594330.710852 IP (tos 0x0, ttl 64, id 14624, offset 0, flags [DF], proto UDP (17), length 30)"
1779594330.711847,,,UDP,30,"1779594330.711847 IP (tos 0x0, ttl 64, id 14625, offset 0, flags [DF], proto UDP (17), length 30)"
1779594330.712223,,,UDP,1500,"1779594330.712223 IP (tos 0x0, ttl 64, id 40704, offset 0, flags [+], proto UDP (17), length 1500)"
1779594330.713647,,,UDP,1500,"1779594330.713647 IP (tos 0x0, ttl 64, id 40705, offset 0, flags [+], proto UDP (17), length 1500)"
1779594330.714030,,,UDP,30,"1779594330.714030 IP (tos 0x0, ttl 64, id 14627, offset 0, flags [DF], proto UDP (17), length 30)"
1779594330.715021,,,UDP,30,"1779594330.715021 IP (tos 0x0, ttl 64, id 14628, offset 0, flags [DF], proto UDP (17), length 30)"
1779594330.715059,,,UDP,1500,"1779594330.715059 IP (tos 0x0, ttl 64, id 40706, offset 0, flags [+], proto UDP (17), length 1500)"
1779594330.716064,,,UDP,1500,"1779594330.716064 IP (tos 0x0, ttl 64, id 40707, offset 0, flags [+], proto UDP (17), length 1500)"
1779594330.717063,,,UDP,1500,"1779594330.717063 IP (tos 0x0, ttl 64, id 40708, offset 0, flags [+], proto UDP (17), length 1500)"
1779594330.717964,,,UDP,1500,"1779594330.717964 IP (tos 0x0, ttl 64, id 40709, offset 0, flags [+], proto UDP (17), length 1500)"
1779594330.762225,,,UDP,30,"1779594330.762225 IP (tos 0x0, ttl 64, id 14639, offset 0, flags [DF], proto UDP (17), length 30)"
1779594330.763409,,,UDP,30,"1779594330.763409 IP (tos 0x0, ttl 64, id 14640, offset 0, flags [DF], proto UDP (17), length 30)"
1779594330.763569,,,UDP,1500,"1779594330.763569 IP (tos 0x0, ttl 64, id 40710, offset 0, flags [+], proto UDP (17), length 1500)"
1779594330.764303,,,UDP,1500,"1779594330.764303 IP (tos 0x0, ttl 64, id 40711, offset 0, flags [+], proto UDP (17), length 1500)"
1779594330.764866,,,UDP,30,"1779594330.764866 IP (tos 0x0, ttl 64, id 14641, offset 0, flags [DF], proto UDP (17), length 30)"
1779594330.765038,,,UDP,1500,"1779594330.765038 IP (tos 0x0, ttl 64, id 40712, offset 0, flags [+], proto UDP (17), length 1500)"
1779594330.765600,,,UDP,1500,"1779594330.765600 IP (tos 0x0, ttl 64, id 40713, offset 0, flags [+], proto UDP (17), length 1500)"
1779594330.766105,,,UDP,30,"1779594330.766105 IP (tos 0x0, ttl 64, id 14642, offset 0, flags [DF], proto UDP (17), length 30)"
1779594330.766675,,,UDP,1500,"1779594330.766675 IP (tos 0x0, ttl 64, id 40714, offset 0, flags [+], proto UDP (17), length 1500)"
1779594330.766873,,,UDP,30,"1779594330.766873 IP (tos 0x0, ttl 64, id 14643, offset 0, flags [DF], proto UDP (17), length 30)"
1779594330.767414,,,UDP,1500,"1779594330.767414 IP (tos 0x0, ttl 64, id 40715, offset 0, flags [+], proto UDP (17), length 1500)"
1779594330.767949,,,UDP,30,"1779594330.767949 IP (tos 0x0, ttl 64, id 14644, offset 0, flags [DF], proto UDP (17), length 30)"
1779594330.768398,,,UDP,1500,"1779594330.768398 IP (tos 0x0, ttl 64, id 40716, offset 0, flags [+], proto UDP (17), length 1500)"
1779594330.768626,,,UDP,30,"1779594330.768626 IP (tos 0x0, ttl 64, id 14645, offset 0, flags [DF], proto UDP (17), length 30)"
1779594330.769730,,,UDP,1500,"1779594330.769730 IP (tos 0x0, ttl 64, id 40717, offset 0, flags [+], proto UDP (17), length 1500)"
1779594330.814410,,,UDP,30,"1779594330.814410 IP (tos 0x0, ttl 64, id 14654, offset 0, flags [DF], proto UDP (17), length 30)"
1779594330.814933,,,UDP,30,"1779594330.814933 IP (tos 0x0, ttl 64, id 14655, offset 0, flags [DF], proto UDP (17), length 30)"
1779594330.815202,,,UDP,1500,"1779594330.815202 IP (tos 0x0, ttl 64, id 40722, offset 0, flags [+], proto UDP (17), length 1500)"
1779594330.815980,,,UDP,1500,"1779594330.815980 IP (tos 0x0, ttl 64, id 40723, offset 0, flags [+], proto UDP (17), length 1500)"
1779594330.816183,,,UDP,30,"1779594330.816183 IP (tos 0x0, ttl 64, id 14657, offset 0, flags [DF], proto UDP (17), length 30)"
1779594330.816843,,,UDP,1500,"1779594330.816843 IP (tos 0x0, ttl 64, id 40724, offset 0, flags [+], proto UDP (17), length 1500)"
1779594330.817172,,,UDP,30,"1779594330.817172 IP (tos 0x0, ttl 64, id 14658, offset 0, flags [DF], proto UDP (17), length 30)"
1779594330.817436,,,UDP,1500,"1779594330.817436 IP (tos 0x0, ttl 64, id 40725, offset 0, flags [+], proto UDP (17), length 1500)"
1779594330.817816,,,UDP,30,"1779594330.817816 IP (tos 0x0, ttl 64, id 14659, offset 0, flags [DF], proto UDP (17), length 30)"
1779594330.817951,,,UDP,1500,"1779594330.817951 IP (tos 0x0, ttl 64, id 40726, offset 0, flags [+], proto UDP (17), length 1500)"
1779594330.818595,,,UDP,1500,"1779594330.818595 IP (tos 0x0, ttl 64, id 40727, offset 0, flags [+], proto UDP (17), length 1500)"
1779594330.820328,,,UDP,30,"1779594330.820328 IP (tos 0x0, ttl 64, id 14661, offset 0, flags [DF], proto UDP (17), length 30)"
1779594330.821005,,,UDP,1500,"1779594330.821005 IP (tos 0x0, ttl 64, id 40728, offset 0, flags [+], proto UDP (17), length 1500)"
1779594330.821573,,,UDP,1500,"1779594330.821573 IP (tos 0x0, ttl 64, id 40729, offset 0, flags [+], proto UDP (17), length 1500)"
1779594330.866054,,,UDP,30,"1779594330.866054 IP (tos 0x0, ttl 64, id 14671, offset 0, flags [DF], proto UDP (17), length 30)"
1779594330.866406,,,UDP,30,"1779594330.866406 IP (tos 0x0, ttl 64, id 14672, offset 0, flags [DF], proto UDP (17), length 30)"
1779594330.866889,,,UDP,1500,"1779594330.866889 IP (tos 0x0, ttl 64, id 40736, offset 0, flags [+], proto UDP (17), length 1500)"
1779594330.867566,,,UDP,1500,"1779594330.867566 IP (tos 0x0, ttl 64, id 40737, offset 0, flags [+], proto UDP (17), length 1500)"
1779594330.867843,,,UDP,30,"1779594330.867843 IP (tos 0x0, ttl 64, id 14674, offset 0, flags [DF], proto UDP (17), length 30)"
1779594330.868477,,,UDP,30,"1779594330.868477 IP (tos 0x0, ttl 64, id 14675, offset 0, flags [DF], proto UDP (17), length 30)"
1779594330.868611,,,UDP,1500,"1779594330.868611 IP (tos 0x0, ttl 64, id 40738, offset 0, flags [+], proto UDP (17), length 1500)"
1779594330.868988,,,UDP,30,"1779594330.868988 IP (tos 0x0, ttl 64, id 14676, offset 0, flags [DF], proto UDP (17), length 30)"
1779594330.869125,,,UDP,1500,"1779594330.869125 IP (tos 0x0, ttl 64, id 40739, offset 0, flags [+], proto UDP (17), length 1500)"
1779594330.869822,,,UDP,1500,"1779594330.869822 IP (tos 0x0, ttl 64, id 40740, offset 0, flags [+], proto UDP (17), length 1500)"
1779594330.870472,,,UDP,1500,"1779594330.870472 IP (tos 0x0, ttl 64, id 40741, offset 0, flags [+], proto UDP (17), length 1500)"
1779594330.871473,,,UDP,30,"1779594330.871473 IP (tos 0x0, ttl 64, id 14677, offset 0, flags [DF], proto UDP (17), length 30)"
1779594330.871962,,,UDP,30,"1779594330.871962 IP (tos 0x0, ttl 64, id 14678, offset 0, flags [DF], proto UDP (17), length 30)"
1779594330.872061,,,UDP,1500,"1779594330.872061 IP (tos 0x0, ttl 64, id 40742, offset 0, flags [+], proto UDP (17), length 1500)"
1779594330.872594,,,UDP,1500,"1779594330.872594 IP (tos 0x0, ttl 64, id 40743, offset 0, flags [+], proto UDP (17), length 1500)"
1779594330.917547,,,UDP,30,"1779594330.917547 IP (tos 0x0, ttl 64, id 14686, offset 0, flags [DF], proto UDP (17), length 30)"
1779594330.918139,,,UDP,30,"1779594330.918139 IP (tos 0x0, ttl 64, id 14687, offset 0, flags [DF], proto UDP (17), length 30)"
1779594330.918562,,,UDP,1500,"1779594330.918562 IP (tos 0x0, ttl 64, id 40745, offset 0, flags [+], proto UDP (17), length 1500)"
1779594330.919094,,,UDP,30,"1779594330.919094 IP (tos 0x0, ttl 64, id 14688, offset 0, flags [DF], proto UDP (17), length 30)"
1779594330.919413,,,UDP,1500,"1779594330.919413 IP (tos 0x0, ttl 64, id 40746, offset 0, flags [+], proto UDP (17), length 1500)"
1779594330.919664,,,UDP,30,"1779594330.919664 IP (tos 0x0, ttl 64, id 14689, offset 0, flags [DF], proto UDP (17), length 30)"
1779594330.920045,,,UDP,1500,"1779594330.920045 IP (tos 0x0, ttl 64, id 40747, offset 0, flags [+], proto UDP (17), length 1500)"
1779594330.920417,,,UDP,30,"1779594330.920417 IP (tos 0x0, ttl 64, id 14690, offset 0, flags [DF], proto UDP (17), length 30)"
1779594330.920723,,,UDP,1500,"1779594330.920723 IP (tos 0x0, ttl 64, id 40748, offset 0, flags [+], proto UDP (17), length 1500)"
1779594330.920820,,,UDP,30,"1779594330.920820 IP (tos 0x0, ttl 64, id 14691, offset 0, flags [DF], proto UDP (17), length 30)"
1779594330.921441,,,UDP,1500,"1779594330.921441 IP (tos 0x0, ttl 64, id 40749, offset 0, flags [+], proto UDP (17), length 1500)"
1779594330.922128,,,UDP,1500,"1779594330.922128 IP (tos 0x0, ttl 64, id 40750, offset 0, flags [+], proto UDP (17), length 1500)"
1779594330.922449,,,UDP,31,"1779594330.922449 IP (tos 0x0, ttl 64, id 14692, offset 0, flags [DF], proto UDP (17), length 31)"
1779594330.923358,,,UDP,1500,"1779594330.923358 IP (tos 0x0, ttl 64, id 40751, offset 0, flags [+], proto UDP (17), length 1500)"
1779594330.969445,,,UDP,31,"1779594330.969445 IP (tos 0x0, ttl 64, id 14697, offset 0, flags [DF], proto UDP (17), length 31)"
1779594330.970817,,,UDP,31,"1779594330.970817 IP (tos 0x0, ttl 64, id 14699, offset 0, flags [DF], proto UDP (17), length 31)"
1779594330.971383,,,UDP,31,"1779594330.971383 IP (tos 0x0, ttl 64, id 14700, offset 0, flags [DF], proto UDP (17), length 31)"
1779594330.971479,,,UDP,1500,"1779594330.971479 IP (tos 0x0, ttl 64, id 40755, offset 0, flags [+], proto UDP (17), length 1500)"
1779594330.972097,,,UDP,31,"1779594330.972097 IP (tos 0x0, ttl 64, id 14701, offset 0, flags [DF], proto UDP (17), length 31)"
1779594330.972782,,,UDP,1500,"1779594330.972782 IP (tos 0x0, ttl 64, id 40756, offset 0, flags [+], proto UDP (17), length 1500)"
1779594330.972906,,,UDP,31,"1779594330.972906 IP (tos 0x0, ttl 64, id 14702, offset 0, flags [DF], proto UDP (17), length 31)"
1779594330.973892,,,UDP,1500,"1779594330.973892 IP (tos 0x0, ttl 64, id 40757, offset 0, flags [+], proto UDP (17), length 1500)"
1779594330.974022,,,UDP,31,"1779594330.974022 IP (tos 0x0, ttl 64, id 14703, offset 0, flags [DF], proto UDP (17), length 31)"
1779594330.974926,,,UDP,1500,"1779594330.974926 IP (tos 0x0, ttl 64, id 40758, offset 0, flags [+], proto UDP (17), length 1500)"
1779594330.975978,,,UDP,1500,"1779594330.975978 IP (tos 0x0, ttl 64, id 40759, offset 0, flags [+], proto UDP (17), length 1500)"
1779594330.976775,,,UDP,1500,"1779594330.976775 IP (tos 0x0, ttl 64, id 40760, offset 0, flags [+], proto UDP (17), length 1500)"
1779594330.977660,,,UDP,1500,"1779594330.977660 IP (tos 0x0, ttl 64, id 40761, offset 0, flags [+], proto UDP (17), length 1500)"
1779594330.978545,,,UDP,1500,"1779594330.978545 IP (tos 0x0, ttl 64, id 40762, offset 0, flags [+], proto UDP (17), length 1500)"
1779594331.022844,,,UDP,31,"1779594331.022844 IP (tos 0x0, ttl 64, id 14711, offset 0, flags [DF], proto UDP (17), length 31)"
1779594331.024375,,,UDP,1500,"1779594331.024375 IP (tos 0x0, ttl 64, id 40771, offset 0, flags [+], proto UDP (17), length 1500)"
1779594331.024822,,,UDP,31,"1779594331.024822 IP (tos 0x0, ttl 64, id 14713, offset 0, flags [DF], proto UDP (17), length 31)"
1779594331.025762,,,UDP,1500,"1779594331.025762 IP (tos 0x0, ttl 64, id 40772, offset 0, flags [+], proto UDP (17), length 1500)"
1779594331.025901,,,UDP,31,"1779594331.025901 IP (tos 0x0, ttl 64, id 14714, offset 0, flags [DF], proto UDP (17), length 31)"
1779594331.026588,,,UDP,1500,"1779594331.026588 IP (tos 0x0, ttl 64, id 40773, offset 0, flags [+], proto UDP (17), length 1500)"
1779594331.026727,,,UDP,31,"1779594331.026727 IP (tos 0x0, ttl 64, id 14715, offset 0, flags [DF], proto UDP (17), length 31)"
1779594331.027359,,,UDP,1500,"1779594331.027359 IP (tos 0x0, ttl 64, id 40774, offset 0, flags [+], proto UDP (17), length 1500)"
1779594331.027645,,,UDP,31,"1779594331.027645 IP (tos 0x0, ttl 64, id 14716, offset 0, flags [DF], proto UDP (17), length 31)"
1779594331.028567,,,UDP,31,"1779594331.028567 IP (tos 0x0, ttl 64, id 14717, offset 0, flags [DF], proto UDP (17), length 31)"
1779594331.028677,,,UDP,1500,"1779594331.028677 IP (tos 0x0, ttl 64, id 40775, offset 0, flags [+], proto UDP (17), length 1500)"
1779594331.029282,,,UDP,31,"1779594331.029282 IP (tos 0x0, ttl 64, id 14718, offset 0, flags [DF], proto UDP (17), length 31)"
1779594331.029288,,,UDP,1500,"1779594331.029288 IP (tos 0x0, ttl 64, id 40776, offset 0, flags [+], proto UDP (17), length 1500)"
1779594331.029847,,,UDP,1500,"1779594331.029847 IP (tos 0x0, ttl 64, id 40777, offset 0, flags [+], proto UDP (17), length 1500)"
1779594331.030456,,,UDP,1500,"1779594331.030456 IP (tos 0x0, ttl 64, id 40778, offset 0, flags [+], proto UDP (17), length 1500)"
1779594331.075582,,,UDP,31,"1779594331.075582 IP (tos 0x0, ttl 64, id 14725, offset 0, flags [DF], proto UDP (17), length 31)"
1779594331.076677,,,UDP,31,"1779594331.076677 IP (tos 0x0, ttl 64, id 14726, offset 0, flags [DF], proto UDP (17), length 31)"
1779594331.076996,,,UDP,1500,"1779594331.076996 IP (tos 0x0, ttl 64, id 40787, offset 0, flags [+], proto UDP (17), length 1500)"
1779594331.077397,,,UDP,31,"1779594331.077397 IP (tos 0x0, ttl 64, id 14727, offset 0, flags [DF], proto UDP (17), length 31)"
1779594331.077782,,,UDP,1500,"1779594331.077782 IP (tos 0x0, ttl 64, id 40788, offset 0, flags [+], proto UDP (17), length 1500)"
1779594331.078293,,,UDP,31,"1779594331.078293 IP (tos 0x0, ttl 64, id 14728, offset 0, flags [DF], proto UDP (17), length 31)"
1779594331.078545,,,UDP,1500,"1779594331.078545 IP (tos 0x0, ttl 64, id 40789, offset 0, flags [+], proto UDP (17), length 1500)"
1779594331.079172,,,UDP,1500,"1779594331.079172 IP (tos 0x0, ttl 64, id 40790, offset 0, flags [+], proto UDP (17), length 1500)"
1779594331.079944,,,UDP,31,"1779594331.079944 IP (tos 0x0, ttl 64, id 14730, offset 0, flags [DF], proto UDP (17), length 31)"
1779594331.080311,,,UDP,31,"1779594331.080311 IP (tos 0x0, ttl 64, id 14731, offset 0, flags [DF], proto UDP (17), length 31)"
1779594331.080516,,,UDP,1500,"1779594331.080516 IP (tos 0x0, ttl 64, id 40791, offset 0, flags [+], proto UDP (17), length 1500)"
1779594331.080903,,,UDP,31,"1779594331.080903 IP (tos 0x0, ttl 64, id 14732, offset 0, flags [DF], proto UDP (17), length 31)"
1779594331.081242,,,UDP,1500,"1779594331.081242 IP (tos 0x0, ttl 64, id 40792, offset 0, flags [+], proto UDP (17), length 1500)"
1779594331.081822,,,UDP,1500,"1779594331.081822 IP (tos 0x0, ttl 64, id 40793, offset 0, flags [+], proto UDP (17), length 1500)"
1779594331.082340,,,UDP,1500,"1779594331.082340 IP (tos 0x0, ttl 64, id 40794, offset 0, flags [+], proto UDP (17), length 1500)"
1779594331.128169,,,UDP,31,"1779594331.128169 IP (tos 0x0, ttl 64, id 14733, offset 0, flags [DF], proto UDP (17), length 31)"
1779594331.128379,,,UDP,31,"1779594331.128379 IP (tos 0x0, ttl 64, id 14734, offset 0, flags [DF], proto UDP (17), length 31)"
1779594331.129294,,,UDP,31,"1779594331.129294 IP (tos 0x0, ttl 64, id 14735, offset 0, flags [DF], proto UDP (17), length 31)"
1779594331.129691,,,UDP,1500,"1779594331.129691 IP (tos 0x0, ttl 64, id 40801, offset 0, flags [+], proto UDP (17), length 1500)"
1779594331.130937,,,UDP,1500,"1779594331.130937 IP (tos 0x0, ttl 64, id 40802, offset 0, flags [+], proto UDP (17), length 1500)"
1779594331.131920,,,UDP,1500,"1779594331.131920 IP (tos 0x0, ttl 64, id 40803, offset 0, flags [+], proto UDP (17), length 1500)"
1779594331.132081,,,UDP,31,"1779594331.132081 IP (tos 0x0, ttl 64, id 14738, offset 0, flags [DF], proto UDP (17), length 31)"
1779594331.132361,,,UDP,31,"1779594331.132361 IP (tos 0x0, ttl 64, id 14739, offset 0, flags [DF], proto UDP (17), length 31)"
1779594331.133234,,,UDP,31,"1779594331.133234 IP (tos 0x0, ttl 64, id 14740, offset 0, flags [DF], proto UDP (17), length 31)"
1779594331.133253,,,UDP,1500,"1779594331.133253 IP (tos 0x0, ttl 64, id 40804, offset 0, flags [+], proto UDP (17), length 1500)"
1779594331.134166,,,UDP,1500,"1779594331.134166 IP (tos 0x0, ttl 64, id 40805, offset 0, flags [+], proto UDP (17), length 1500)"
1779594331.135042,,,UDP,1500,"1779594331.135042 IP (tos 0x0, ttl 64, id 40806, offset 0, flags [+], proto UDP (17), length 1500)"
1779594331.135749,,,UDP,1500,"1779594331.135749 IP (tos 0x0, ttl 64, id 40807, offset 0, flags [+], proto UDP (17), length 1500)"
1779594331.136511,,,UDP,1500,"1779594331.136511 IP (tos 0x0, ttl 64, id 40808, offset 0, flags [+], proto UDP (17), length 1500)"
1779594331.181034,,,UDP,31,"1779594331.181034 IP (tos 0x0, ttl 64, id 14741, offset 0, flags [DF], proto UDP (17), length 31)"
1779594331.181919,,,UDP,1500,"1779594331.181919 IP (tos 0x0, ttl 64, id 40809, offset 0, flags [+], proto UDP (17), length 1500)"
1779594331.184258,,,UDP,31,"1779594331.184258 IP (tos 0x0, ttl 64, id 14744, offset 0, flags [DF], proto UDP (17), length 31)"
1779594331.184976,,,UDP,31,"1779594331.184976 IP (tos 0x0, ttl 64, id 14745, offset 0, flags [DF], proto UDP (17), length 31)"
1779594331.185046,,,UDP,1500,"1779594331.185046 IP (tos 0x0, ttl 64, id 40810, offset 0, flags [+], proto UDP (17), length 1500)"
1779594331.185595,,,UDP,1500,"1779594331.185595 IP (tos 0x0, ttl 64, id 40811, offset 0, flags [+], proto UDP (17), length 1500)"
1779594331.186116,,,UDP,1500,"1779594331.186116 IP (tos 0x0, ttl 64, id 40812, offset 0, flags [+], proto UDP (17), length 1500)"
1779594331.186456,,,UDP,31,"1779594331.186456 IP (tos 0x0, ttl 64, id 14747, offset 0, flags [DF], proto UDP (17), length 31)"
1779594331.186894,,,UDP,1500,"1779594331.186894 IP (tos 0x0, ttl 64, id 40813, offset 0, flags [+], proto UDP (17), length 1500)"
1779594331.187116,,,UDP,31,"1779594331.187116 IP (tos 0x0, ttl 64, id 14748, offset 0, flags [DF], proto UDP (17), length 31)"
1779594331.187542,,,UDP,1500,"1779594331.187542 IP (tos 0x0, ttl 64, id 40814, offset 0, flags [+], proto UDP (17), length 1500)"
1779594331.188279,,,UDP,1500,"1779594331.188279 IP (tos 0x0, ttl 64, id 40815, offset 0, flags [+], proto UDP (17), length 1500)"
1779594331.189056,,,UDP,1500,"1779594331.189056 IP (tos 0x0, ttl 64, id 40816, offset 0, flags [+], proto UDP (17), length 1500)"
1779594331.232704,,,UDP,31,"1779594331.232704 IP (tos 0x0, ttl 64, id 14755, offset 0, flags [DF], proto UDP (17), length 31)"
1779594331.233416,,,UDP,1500,"1779594331.233416 IP (tos 0x0, ttl 64, id 40824, offset 0, flags [+], proto UDP (17), length 1500)"
1779594331.235627,,,UDP,31,"1779594331.235627 IP (tos 0x0, ttl 64, id 14756, offset 0, flags [DF], proto UDP (17), length 31)"
1779594331.236075,,,UDP,31,"1779594331.236075 IP (tos 0x0, ttl 64, id 14757, offset 0, flags [DF], proto UDP (17), length 31)"
1779594331.236141,,,UDP,1500,"1779594331.236141 IP (tos 0x0, ttl 64, id 40825, offset 0, flags [+], proto UDP (17), length 1500)"
1779594331.236613,,,UDP,31,"1779594331.236613 IP (tos 0x0, ttl 64, id 14758, offset 0, flags [DF], proto UDP (17), length 31)"
1779594331.236718,,,UDP,1500,"1779594331.236718 IP (tos 0x0, ttl 64, id 40826, offset 0, flags [+], proto UDP (17), length 1500)"
1779594331.237218,,,UDP,1500,"1779594331.237218 IP (tos 0x0, ttl 64, id 40827, offset 0, flags [+], proto UDP (17), length 1500)"
1779594331.237434,,,UDP,31,"1779594331.237434 IP (tos 0x0, ttl 64, id 14759, offset 0, flags [DF], proto UDP (17), length 31)"
1779594331.238019,,,UDP,1500,"1779594331.238019 IP (tos 0x0, ttl 64, id 40828, offset 0, flags [+], proto UDP (17), length 1500)"
1779594331.238109,,,UDP,31,"1779594331.238109 IP (tos 0x0, ttl 64, id 14760, offset 0, flags [DF], proto UDP (17), length 31)"
1779594331.238697,,,UDP,1500,"1779594331.238697 IP (tos 0x0, ttl 64, id 40829, offset 0, flags [+], proto UDP (17), length 1500)"
1779594331.238839,,,UDP,31,"1779594331.238839 IP (tos 0x0, ttl 64, id 14761, offset 0, flags [DF], proto UDP (17), length 31)"
1779594331.239267,,,UDP,1500,"1779594331.239267 IP (tos 0x0, ttl 64, id 40830, offset 0, flags [+], proto UDP (17), length 1500)"
1779594331.239560,,,UDP,31,"1779594331.239560 IP (tos 0x0, ttl 64, id 14762, offset 0, flags [DF], proto UDP (17), length 31)"
1779594331.240043,,,UDP,1500,"1779594331.240043 IP (tos 0x0, ttl 64, id 40831, offset 0, flags [+], proto UDP (17), length 1500)"
1779594331.284236,,,UDP,31,"1779594331.284236 IP (tos 0x0, ttl 64, id 14765, offset 0, flags [DF], proto UDP (17), length 31)"
1779594331.285137,,,UDP,1500,"1779594331.285137 IP (tos 0x0, ttl 64, id 40835, offset 0, flags [+], proto UDP (17), length 1500)"
1779594331.286717,,,UDP,31,"1779594331.286717 IP (tos 0x0, ttl 64, id 14766, offset 0, flags [DF], proto UDP (17), length 31)"
1779594331.287293,,,UDP,1500,"1779594331.287293 IP (tos 0x0, ttl 64, id 40836, offset 0, flags [+], proto UDP (17), length 1500)"
1779594331.287755,,,UDP,31,"1779594331.287755 IP (tos 0x0, ttl 64, id 14768, offset 0, flags [DF], proto UDP (17), length 31)"
1779594331.288184,,,UDP,1500,"1779594331.288184 IP (tos 0x0, ttl 64, id 40837, offset 0, flags [+], proto UDP (17), length 1500)"
1779594331.288533,,,UDP,31,"1779594331.288533 IP (tos 0x0, ttl 64, id 14769, offset 0, flags [DF], proto UDP (17), length 31)"
1779594331.288606,,,UDP,1500,"1779594331.288606 IP (tos 0x0, ttl 64, id 40838, offset 0, flags [+], proto UDP (17), length 1500)"
1779594331.289032,,,UDP,1500,"1779594331.289032 IP (tos 0x0, ttl 64, id 40839, offset 0, flags [+], proto UDP (17), length 1500)"
1779594331.289043,,,UDP,31,"1779594331.289043 IP (tos 0x0, ttl 64, id 14770, offset 0, flags [DF], proto UDP (17), length 31)"
1779594331.289487,,,UDP,1500,"1779594331.289487 IP (tos 0x0, ttl 64, id 40840, offset 0, flags [+], proto UDP (17), length 1500)"
1779594331.289710,,,UDP,31,"1779594331.289710 IP (tos 0x0, ttl 64, id 14771, offset 0, flags [DF], proto UDP (17), length 31)"
1779594331.290274,,,UDP,1500,"1779594331.290274 IP (tos 0x0, ttl 64, id 40841, offset 0, flags [+], proto UDP (17), length 1500)"
1779594331.290384,,,UDP,31,"1779594331.290384 IP (tos 0x0, ttl 64, id 14772, offset 0, flags [DF], proto UDP (17), length 31)"
1779594331.290865,,,UDP,1500,"1779594331.290865 IP (tos 0x0, ttl 64, id 40842, offset 0, flags [+], proto UDP (17), length 1500)"
1779594331.335986,,,UDP,31,"1779594331.335986 IP (tos 0x0, ttl 64, id 14775, offset 0, flags [DF], proto UDP (17), length 31)"
1779594331.337670,,,UDP,1500,"1779594331.337670 IP (tos 0x0, ttl 64, id 40844, offset 0, flags [+], proto UDP (17), length 1500)"
1779594331.337727,,,UDP,31,"1779594331.337727 IP (tos 0x0, ttl 64, id 14776, offset 0, flags [DF], proto UDP (17), length 31)"
1779594331.338739,,,UDP,31,"1779594331.338739 IP (tos 0x0, ttl 64, id 14777, offset 0, flags [DF], proto UDP (17), length 31)"
1779594331.339101,,,UDP,31,"1779594331.339101 IP (tos 0x0, ttl 64, id 14778, offset 0, flags [DF], proto UDP (17), length 31)"
1779594331.339157,,,UDP,1500,"1779594331.339157 IP (tos 0x0, ttl 64, id 40845, offset 0, flags [+], proto UDP (17), length 1500)"
1779594331.339525,,,UDP,31,"1779594331.339525 IP (tos 0x0, ttl 64, id 14779, offset 0, flags [DF], proto UDP (17), length 31)"
1779594331.340064,,,UDP,31,"1779594331.340064 IP (tos 0x0, ttl 64, id 14780, offset 0, flags [DF], proto UDP (17), length 31)"
1779594331.340440,,,UDP,1500,"1779594331.340440 IP (tos 0x0, ttl 64, id 40846, offset 0, flags [+], proto UDP (17), length 1500)"
1779594331.340728,,,UDP,31,"1779594331.340728 IP (tos 0x0, ttl 64, id 14781, offset 0, flags [DF], proto UDP (17), length 31)"
1779594331.341711,,,UDP,1500,"1779594331.341711 IP (tos 0x0, ttl 64, id 40847, offset 0, flags [+], proto UDP (17), length 1500)"
1779594331.342955,,,UDP,1500,"1779594331.342955 IP (tos 0x0, ttl 64, id 40848, offset 0, flags [+], proto UDP (17), length 1500)"
1779594331.344170,,,UDP,1500,"1779594331.344170 IP (tos 0x0, ttl 64, id 40849, offset 0, flags [+], proto UDP (17), length 1500)"
1779594331.345177,,,UDP,1500,"1779594331.345177 IP (tos 0x0, ttl 64, id 40850, offset 0, flags [+], proto UDP (17), length 1500)"
1779594331.389138,,,UDP,31,"1779594331.389138 IP (tos 0x0, ttl 64, id 14783, offset 0, flags [DF], proto UDP (17), length 31)"
1779594331.390399,,,UDP,31,"1779594331.390399 IP (tos 0x0, ttl 64, id 14784, offset 0, flags [DF], proto UDP (17), length 31)"
1779594331.391108,,,UDP,1500,"1779594331.391108 IP (tos 0x0, ttl 64, id 40851, offset 0, flags [+], proto UDP (17), length 1500)"
1779594331.391508,,,UDP,31,"1779594331.391508 IP (tos 0x0, ttl 64, id 14785, offset 0, flags [DF], proto UDP (17), length 31)"
1779594331.392358,,,UDP,1500,"1779594331.392358 IP (tos 0x0, ttl 64, id 40852, offset 0, flags [+], proto UDP (17), length 1500)"
1779594331.392944,,,UDP,31,"1779594331.392944 IP (tos 0x0, ttl 64, id 14786, offset 0, flags [DF], proto UDP (17), length 31)"
1779594331.393863,,,UDP,1500,"1779594331.393863 IP (tos 0x0, ttl 64, id 40853, offset 0, flags [+], proto UDP (17), length 1500)"
1779594331.394123,,,UDP,31,"1779594331.394123 IP (tos 0x0, ttl 64, id 14787, offset 0, flags [DF], proto UDP (17), length 31)"
1779594331.395016,,,UDP,31,"1779594331.395016 IP (tos 0x0, ttl 64, id 14788, offset 0, flags [DF], proto UDP (17), length 31)"
1779594331.395320,,,UDP,1500,"1779594331.395320 IP (tos 0x0, ttl 64, id 40854, offset 0, flags [+], proto UDP (17), length 1500)"
1779594331.396054,,,UDP,31,"1779594331.396054 IP (tos 0x0, ttl 64, id 14789, offset 0, flags [DF], proto UDP (17), length 31)"
1779594331.396808,,,UDP,1500,"1779594331.396808 IP (tos 0x0, ttl 64, id 40855, offset 0, flags [+], proto UDP (17), length 1500)"
1779594331.398151,,,UDP,1500,"1779594331.398151 IP (tos 0x0, ttl 64, id 40856, offset 0, flags [+], proto UDP (17), length 1500)"
1779594331.399533,,,UDP,1500,"1779594331.399533 IP (tos 0x0, ttl 64, id 40857, offset 0, flags [+], proto UDP (17), length 1500)"
1779594331.400499,,,UDP,1500,"1779594331.400499 IP (tos 0x0, ttl 64, id 40858, offset 0, flags [+], proto UDP (17), length 1500)"
1779594331.442702,,,UDP,31,"1779594331.442702 IP (tos 0x0, ttl 64, id 14797, offset 0, flags [DF], proto UDP (17), length 31)"
1779594331.443635,,,UDP,31,"1779594331.443635 IP (tos 0x0, ttl 64, id 14798, offset 0, flags [DF], proto UDP (17), length 31)"
1779594331.444510,,,UDP,1500,"1779594331.444510 IP (tos 0x0, ttl 64, id 40869, offset 0, flags [+], proto UDP (17), length 1500)"
1779594331.445173,,,UDP,31,"1779594331.445173 IP (tos 0x0, ttl 64, id 14799, offset 0, flags [DF], proto UDP (17), length 31)"
1779594331.445939,,,UDP,1500,"1779594331.445939 IP (tos 0x0, ttl 64, id 40870, offset 0, flags [+], proto UDP (17), length 1500)"
1779594331.446502,,,UDP,31,"1779594331.446502 IP (tos 0x0, ttl 64, id 14800, offset 0, flags [DF], proto UDP (17), length 31)"
1779594331.447272,,,UDP,1500,"1779594331.447272 IP (tos 0x0, ttl 64, id 40871, offset 0, flags [+], proto UDP (17), length 1500)"
1779594331.448585,,,UDP,1500,"1779594331.448585 IP (tos 0x0, ttl 64, id 40872, offset 0, flags [+], proto UDP (17), length 1500)"
1779594331.449220,,,UDP,31,"1779594331.449220 IP (tos 0x0, ttl 64, id 14802, offset 0, flags [DF], proto UDP (17), length 31)"
1779594331.450461,,,UDP,1500,"1779594331.450461 IP (tos 0x0, ttl 64, id 40873, offset 0, flags [+], proto UDP (17), length 1500)"
1779594331.451326,,,UDP,31,"1779594331.451326 IP (tos 0x0, ttl 64, id 14804, offset 0, flags [DF], proto UDP (17), length 31)"
1779594331.451606,,,UDP,1500,"1779594331.451606 IP (tos 0x0, ttl 64, id 40874, offset 0, flags [+], proto UDP (17), length 1500)"
1779594331.452495,,,UDP,1500,"1779594331.452495 IP (tos 0x0, ttl 64, id 40875, offset 0, flags [+], proto UDP (17), length 1500)"
1779594331.453374,,,UDP,1500,"1779594331.453374 IP (tos 0x0, ttl 64, id 40876, offset 0, flags [+], proto UDP (17), length 1500)"
1779594331.495953,,,UDP,31,"1779594331.495953 IP (tos 0x0, ttl 64, id 14812, offset 0, flags [DF], proto UDP (17), length 31)"
1779594331.497248,,,UDP,31,"1779594331.497248 IP (tos 0x0, ttl 64, id 14813, offset 0, flags [DF], proto UDP (17), length 31)"
1779594331.497723,,,UDP,1500,"1779594331.497723 IP (tos 0x0, ttl 64, id 40881, offset 0, flags [+], proto UDP (17), length 1500)"
1779594331.498478,,,UDP,31,"1779594331.498478 IP (tos 0x0, ttl 64, id 14814, offset 0, flags [DF], proto UDP (17), length 31)"
1779594331.499363,,,UDP,1500,"1779594331.499363 IP (tos 0x0, ttl 64, id 40882, offset 0, flags [+], proto UDP (17), length 1500)"
1779594331.499893,,,UDP,31,"1779594331.499893 IP (tos 0x0, ttl 64, id 14815, offset 0, flags [DF], proto UDP (17), length 31)"
1779594331.500527,,,UDP,1500,"1779594331.500527 IP (tos 0x0, ttl 64, id 40883, offset 0, flags [+], proto UDP (17), length 1500)"
1779594331.501777,,,UDP,1500,"1779594331.501777 IP (tos 0x0, ttl 64, id 40884, offset 0, flags [+], proto UDP (17), length 1500)"
1779594331.502704,,,UDP,31,"1779594331.502704 IP (tos 0x0, ttl 64, id 14817, offset 0, flags [DF], proto UDP (17), length 31)"
1779594331.503292,,,UDP,31,"1779594331.503292 IP (tos 0x0, ttl 64, id 14818, offset 0, flags [DF], proto UDP (17), length 31)"
1779594331.503557,,,UDP,1500,"1779594331.503557 IP (tos 0x0, ttl 64, id 40885, offset 0, flags [+], proto UDP (17), length 1500)"
1779594331.504166,,,UDP,1500,"1779594331.504166 IP (tos 0x0, ttl 64, id 40886, offset 0, flags [+], proto UDP (17), length 1500)"
1779594331.504230,,,UDP,31,"1779594331.504230 IP (tos 0x0, ttl 64, id 14819, offset 0, flags [DF], proto UDP (17), length 31)"
1779594331.504830,,,UDP,1500,"1779594331.504830 IP (tos 0x0, ttl 64, id 40887, offset 0, flags [+], proto UDP (17), length 1500)"
1779594331.505435,,,UDP,1500,"1779594331.505435 IP (tos 0x0, ttl 64, id 40888, offset 0, flags [+], proto UDP (17), length 1500)"
1779594331.549349,,,UDP,31,"1779594331.549349 IP (tos 0x0, ttl 64, id 14827, offset 0, flags [DF], proto UDP (17), length 31)"
1779594331.550608,,,UDP,31,"1779594331.550608 IP (tos 0x0, ttl 64, id 14828, offset 0, flags [DF], proto UDP (17), length 31)"
1779594331.551093,,,UDP,1500,"1779594331.551093 IP (tos 0x0, ttl 64, id 40890, offset 0, flags [+], proto UDP (17), length 1500)"
1779594331.551692,,,UDP,31,"1779594331.551692 IP (tos 0x0, ttl 64, id 14829, offset 0, flags [DF], proto UDP (17), length 31)"
1779594331.552365,,,UDP,1500,"1779594331.552365 IP (tos 0x0, ttl 64, id 40891, offset 0, flags [+], proto UDP (17), length 1500)"
1779594331.552999,,,UDP,31,"1779594331.552999 IP (tos 0x0, ttl 64, id 14830, offset 0, flags [DF], proto UDP (17), length 31)"
1779594331.553602,,,UDP,1500,"1779594331.553602 IP (tos 0x0, ttl 64, id 40892, offset 0, flags [+], proto UDP (17), length 1500)"
1779594331.554501,,,UDP,31,"1779594331.554501 IP (tos 0x0, ttl 64, id 14831, offset 0, flags [DF], proto UDP (17), length 31)"
1779594331.555191,,,UDP,1500,"1779594331.555191 IP (tos 0x0, ttl 64, id 40893, offset 0, flags [+], proto UDP (17), length 1500)"
1779594331.555305,,,UDP,31,"1779594331.555305 IP (tos 0x0, ttl 64, id 14832, offset 0, flags [DF], proto UDP (17), length 31)"
1779594331.555715,,,UDP,31,"1779594331.555715 IP (tos 0x0, ttl 64, id 14833, offset 0, flags [DF], proto UDP (17), length 31)"
1779594331.556104,,,UDP,31,"1779594331.556104 IP (tos 0x0, ttl 64, id 14834, offset 0, flags [DF], proto UDP (17), length 31)"
1779594331.556393,,,UDP,1500,"1779594331.556393 IP (tos 0x0, ttl 64, id 40894, offset 0, flags [+], proto UDP (17), length 1500)"
1779594331.557351,,,UDP,1500,"1779594331.557351 IP (tos 0x0, ttl 64, id 40895, offset 0, flags [+], proto UDP (17), length 1500)"
1779594331.558200,,,UDP,1500,"1779594331.558200 IP (tos 0x0, ttl 64, id 40896, offset 0, flags [+], proto UDP (17), length 1500)"
1779594331.559263,,,UDP,1500,"1779594331.559263 IP (tos 0x0, ttl 64, id 40897, offset 0, flags [+], proto UDP (17), length 1500)"
1779594331.602526,,,UDP,31,"1779594331.602526 IP (tos 0x0, ttl 64, id 14839, offset 0, flags [DF], proto UDP (17), length 31)"
1779594331.603816,,,UDP,31,"1779594331.603816 IP (tos 0x0, ttl 64, id 14840, offset 0, flags [DF], proto UDP (17), length 31)"
1779594331.604165,,,UDP,1500,"1779594331.604165 IP (tos 0x0, ttl 64, id 40902, offset 0, flags [+], proto UDP (17), length 1500)"
1779594331.604808,,,UDP,31,"1779594331.604808 IP (tos 0x0, ttl 64, id 14841, offset 0, flags [DF], proto UDP (17), length 31)"
1779594331.605598,,,UDP,1500,"1779594331.605598 IP (tos 0x0, ttl 64, id 40903, offset 0, flags [+], proto UDP (17), length 1500)"
1779594331.606351,,,UDP,31,"1779594331.606351 IP (tos 0x0, ttl 64, id 14842, offset 0, flags [DF], proto UDP (17), length 31)"
1779594331.606776,,,UDP,1500,"1779594331.606776 IP (tos 0x0, ttl 64, id 40904, offset 0, flags [+], proto UDP (17), length 1500)"
1779594331.607339,,,UDP,31,"1779594331.607339 IP (tos 0x0, ttl 64, id 14843, offset 0, flags [DF], proto UDP (17), length 31)"
1779594331.608114,,,UDP,1500,"1779594331.608114 IP (tos 0x0, ttl 64, id 40905, offset 0, flags [+], proto UDP (17), length 1500)"
1779594331.608277,,,UDP,31,"1779594331.608277 IP (tos 0x0, ttl 64, id 14844, offset 0, flags [DF], proto UDP (17), length 31)"
1779594331.608999,,,UDP,31,"1779594331.608999 IP (tos 0x0, ttl 64, id 14845, offset 0, flags [DF], proto UDP (17), length 31)"
1779594331.609828,,,UDP,1500,"1779594331.609828 IP (tos 0x0, ttl 64, id 40906, offset 0, flags [+], proto UDP (17), length 1500)"
1779594331.610295,,,UDP,31,"1779594331.610295 IP (tos 0x0, ttl 64, id 14846, offset 0, flags [DF], proto UDP (17), length 31)"
1779594331.611243,,,UDP,1500,"1779594331.611243 IP (tos 0x0, ttl 64, id 40907, offset 0, flags [+], proto UDP (17), length 1500)"
1779594331.612084,,,UDP,1500,"1779594331.612084 IP (tos 0x0, ttl 64, id 40908, offset 0, flags [+], proto UDP (17), length 1500)"
1779594331.613043,,,UDP,1500,"1779594331.613043 IP (tos 0x0, ttl 64, id 40909, offset 0, flags [+], proto UDP (17), length 1500)"
1779594331.655947,,,UDP,31,"1779594331.655947 IP (tos 0x0, ttl 64, id 14848, offset 0, flags [DF], proto UDP (17), length 31)"
1779594331.656818,,,UDP,31,"1779594331.656818 IP (tos 0x0, ttl 64, id 14849, offset 0, flags [DF], proto UDP (17), length 31)"
1779594331.657750,,,UDP,1500,"1779594331.657750 IP (tos 0x0, ttl 64, id 40919, offset 0, flags [+], proto UDP (17), length 1500)"
1779594331.657894,,,UDP,31,"1779594331.657894 IP (tos 0x0, ttl 64, id 14850, offset 0, flags [DF], proto UDP (17), length 31)"
1779594331.659185,,,UDP,1500,"1779594331.659185 IP (tos 0x0, ttl 64, id 40920, offset 0, flags [+], proto UDP (17), length 1500)"
1779594331.659502,,,UDP,31,"1779594331.659502 IP (tos 0x0, ttl 64, id 14851, offset 0, flags [DF], proto UDP (17), length 31)"
1779594331.660351,,,UDP,1500,"1779594331.660351 IP (tos 0x0, ttl 64, id 40921, offset 0, flags [+], proto UDP (17), length 1500)"
1779594331.661037,,,UDP,31,"1779594331.661037 IP (tos 0x0, ttl 64, id 14852, offset 0, flags [DF], proto UDP (17), length 31)"
1779594331.661608,,,UDP,1500,"1779594331.661608 IP (tos 0x0, ttl 64, id 40922, offset 0, flags [+], proto UDP (17), length 1500)"
1779594331.662949,,,UDP,1500,"1779594331.662949 IP (tos 0x0, ttl 64, id 40923, offset 0, flags [+], proto UDP (17), length 1500)"
1779594331.662988,,,UDP,31,"1779594331.662988 IP (tos 0x0, ttl 64, id 14854, offset 0, flags [DF], proto UDP (17), length 31)"
1779594331.663912,,,UDP,31,"1779594331.663912 IP (tos 0x0, ttl 64, id 14855, offset 0, flags [DF], proto UDP (17), length 31)"
1779594331.664019,,,UDP,1500,"1779594331.664019 IP (tos 0x0, ttl 64, id 40924, offset 0, flags [+], proto UDP (17), length 1500)"
1779594331.665023,,,UDP,1500,"1779594331.665023 IP (tos 0x0, ttl 64, id 40925, offset 0, flags [+], proto UDP (17), length 1500)"
1779594331.665952,,,UDP,1500,"1779594331.665952 IP (tos 0x0, ttl 64, id 40926, offset 0, flags [+], proto UDP (17), length 1500)"
1779594331.709260,,,UDP,31,"1779594331.709260 IP (tos 0x0, ttl 64, id 14867, offset 0, flags [DF], proto UDP (17), length 31)"
1779594331.710485,,,UDP,31,"1779594331.710485 IP (tos 0x0, ttl 64, id 14868, offset 0, flags [DF], proto UDP (17), length 31)"
1779594331.711139,,,UDP,1500,"1779594331.711139 IP (tos 0x0, ttl 64, id 40937, offset 0, flags [+], proto UDP (17), length 1500)"
1779594331.712015,,,UDP,31,"1779594331.712015 IP (tos 0x0, ttl 64, id 14869, offset 0, flags [DF], proto UDP (17), length 31)"
1779594331.712398,,,UDP,1500,"1779594331.712398 IP (tos 0x0, ttl 64, id 40938, offset 0, flags [+], proto UDP (17), length 1500)"
1779594331.713530,,,UDP,1500,"1779594331.713530 IP (tos 0x0, ttl 64, id 40939, offset 0, flags [+], proto UDP (17), length 1500)"
1779594331.714011,,,UDP,31,"1779594331.714011 IP (tos 0x0, ttl 64, id 14871, offset 0, flags [DF], proto UDP (17), length 31)"
1779594331.715135,,,UDP,31,"1779594331.715135 IP (tos 0x0, ttl 64, id 14872, offset 0, flags [DF], proto UDP (17), length 31)"
1779594331.715577,,,UDP,1500,"1779594331.715577 IP (tos 0x0, ttl 64, id 40940, offset 0, flags [+], proto UDP (17), length 1500)"
1779594331.715919,,,UDP,31,"1779594331.715919 IP (tos 0x0, ttl 64, id 14873, offset 0, flags [DF], proto UDP (17), length 31)"
1779594331.716745,,,UDP,1500,"1779594331.716745 IP (tos 0x0, ttl 64, id 40941, offset 0, flags [+], proto UDP (17), length 1500)"
1779594331.716946,,,UDP,31,"1779594331.716946 IP (tos 0x0, ttl 64, id 14874, offset 0, flags [DF], proto UDP (17), length 31)"
1779594331.718023,,,UDP,1500,"1779594331.718023 IP (tos 0x0, ttl 64, id 40942, offset 0, flags [+], proto UDP (17), length 1500)"
1779594331.719103,,,UDP,1500,"1779594331.719103 IP (tos 0x0, ttl 64, id 40943, offset 0, flags [+], proto UDP (17), length 1500)"
1779594331.720019,,,UDP,1500,"1779594331.720019 IP (tos 0x0, ttl 64, id 40944, offset 0, flags [+], proto UDP (17), length 1500)"
1779594331.762728,,,UDP,31,"1779594331.762728 IP (tos 0x0, ttl 64, id 14884, offset 0, flags [DF], proto UDP (17), length 31)"
1779594331.763589,,,UDP,31,"1779594331.763589 IP (tos 0x0, ttl 64, id 14885, offset 0, flags [DF], proto UDP (17), length 31)"
1779594331.764491,,,UDP,1500,"1779594331.764491 IP (tos 0x0, ttl 64, id 40947, offset 0, flags [+], proto UDP (17), length 1500)"
1779594331.764664,,,UDP,31,"1779594331.764664 IP (tos 0x0, ttl 64, id 14886, offset 0, flags [DF], proto UDP (17), length 31)"
1779594331.765884,,,UDP,1500,"1779594331.765884 IP (tos 0x0, ttl 64, id 40948, offset 0, flags [+], proto UDP (17), length 1500)"
1779594331.766888,,,UDP,31,"1779594331.766888 IP (tos 0x0, ttl 64, id 14887, offset 0, flags [DF], proto UDP (17), length 31)"
1779594331.767201,,,UDP,1500,"1779594331.767201 IP (tos 0x0, ttl 64, id 40949, offset 0, flags [+], proto UDP (17), length 1500)"
1779594331.767935,,,UDP,31,"1779594331.767935 IP (tos 0x0, ttl 64, id 14888, offset 0, flags [DF], proto UDP (17), length 31)"
1779594331.768331,,,UDP,1500,"1779594331.768331 IP (tos 0x0, ttl 64, id 40950, offset 0, flags [+], proto UDP (17), length 1500)"
1779594331.769366,,,UDP,1500,"1779594331.769366 IP (tos 0x0, ttl 64, id 40951, offset 0, flags [+], proto UDP (17), length 1500)"
1779594331.770169,,,UDP,31,"1779594331.770169 IP (tos 0x0, ttl 64, id 14890, offset 0, flags [DF], proto UDP (17), length 31)"
1779594331.770682,,,UDP,31,"1779594331.770682 IP (tos 0x0, ttl 64, id 14891, offset 0, flags [DF], proto UDP (17), length 31)"
1779594331.771874,,,UDP,1500,"1779594331.771874 IP (tos 0x0, ttl 64, id 40952, offset 0, flags [+], proto UDP (17), length 1500)"
1779594331.773170,,,UDP,1500,"1779594331.773170 IP (tos 0x0, ttl 64, id 40953, offset 0, flags [+], proto UDP (17), length 1500)"
1779594331.774206,,,UDP,1500,"1779594331.774206 IP (tos 0x0, ttl 64, id 40954, offset 0, flags [+], proto UDP (17), length 1500)"
1779594331.816039,,,UDP,31,"1779594331.816039 IP (tos 0x0, ttl 64, id 14895, offset 0, flags [DF], proto UDP (17), length 31)"
1779594331.817213,,,UDP,31,"1779594331.817213 IP (tos 0x0, ttl 64, id 14896, offset 0, flags [DF], proto UDP (17), length 31)"
1779594331.817668,,,UDP,1500,"1779594331.817668 IP (tos 0x0, ttl 64, id 40956, offset 0, flags [+], proto UDP (17), length 1500)"
1779594331.818342,,,UDP,31,"1779594331.818342 IP (tos 0x0, ttl 64, id 14897, offset 0, flags [DF], proto UDP (17), length 31)"
1779594331.819016,,,UDP,1500,"1779594331.819016 IP (tos 0x0, ttl 64, id 40957, offset 0, flags [+], proto UDP (17), length 1500)"
1779594331.819561,,,UDP,31,"1779594331.819561 IP (tos 0x0, ttl 64, id 14898, offset 0, flags [DF], proto UDP (17), length 31)"
1779594331.820387,,,UDP,1500,"1779594331.820387 IP (tos 0x0, ttl 64, id 40958, offset 0, flags [+], proto UDP (17), length 1500)"
1779594331.820576,,,UDP,31,"1779594331.820576 IP (tos 0x0, ttl 64, id 14899, offset 0, flags [DF], proto UDP (17), length 31)"
1779594331.821636,,,UDP,1500,"1779594331.821636 IP (tos 0x0, ttl 64, id 40959, offset 0, flags [+], proto UDP (17), length 1500)"
1779594331.823165,,,UDP,1500,"1779594331.823165 IP (tos 0x0, ttl 64, id 40960, offset 0, flags [+], proto UDP (17), length 1500)"
1779594331.823381,,,UDP,31,"1779594331.823381 IP (tos 0x0, ttl 64, id 14900, offset 0, flags [DF], proto UDP (17), length 31)"
1779594331.824264,,,UDP,31,"1779594331.824264 IP (tos 0x0, ttl 64, id 14901, offset 0, flags [DF], proto UDP (17), length 31)"
1779594331.824816,,,UDP,1500,"1779594331.824816 IP (tos 0x0, ttl 64, id 40961, offset 0, flags [+], proto UDP (17), length 1500)"
1779594331.825431,,,UDP,31,"1779594331.825431 IP (tos 0x0, ttl 64, id 14902, offset 0, flags [DF], proto UDP (17), length 31)"
1779594331.825866,,,UDP,1500,"1779594331.825866 IP (tos 0x0, ttl 64, id 40962, offset 0, flags [+], proto UDP (17), length 1500)"
1779594331.827046,,,UDP,1500,"1779594331.827046 IP (tos 0x0, ttl 64, id 40963, offset 0, flags [+], proto UDP (17), length 1500)"
1779594331.869160,,,UDP,31,"1779594331.869160 IP (tos 0x0, ttl 64, id 14911, offset 0, flags [DF], proto UDP (17), length 31)"
1779594331.870197,,,UDP,31,"1779594331.870197 IP (tos 0x0, ttl 64, id 14912, offset 0, flags [DF], proto UDP (17), length 31)"
1779594331.871130,,,UDP,1500,"1779594331.871130 IP (tos 0x0, ttl 64, id 40972, offset 0, flags [+], proto UDP (17), length 1500)"
1779594331.871424,,,UDP,31,"1779594331.871424 IP (tos 0x0, ttl 64, id 14913, offset 0, flags [DF], proto UDP (17), length 31)"
1779594331.872416,,,UDP,1500,"1779594331.872416 IP (tos 0x0, ttl 64, id 40973, offset 0, flags [+], proto UDP (17), length 1500)"
1779594331.872905,,,UDP,31,"1779594331.872905 IP (tos 0x0, ttl 64, id 14914, offset 0, flags [DF], proto UDP (17), length 31)"
1779594331.873541,,,UDP,1500,"1779594331.873541 IP (tos 0x0, ttl 64, id 40974, offset 0, flags [+], proto UDP (17), length 1500)"
1779594331.874504,,,UDP,31,"1779594331.874504 IP (tos 0x0, ttl 64, id 14915, offset 0, flags [DF], proto UDP (17), length 31)"
1779594331.874754,,,UDP,1500,"1779594331.874754 IP (tos 0x0, ttl 64, id 40975, offset 0, flags [+], proto UDP (17), length 1500)"
1779594331.875887,,,UDP,1500,"1779594331.875887 IP (tos 0x0, ttl 64, id 40976, offset 0, flags [+], proto UDP (17), length 1500)"
1779594331.875948,,,UDP,31,"1779594331.875948 IP (tos 0x0, ttl 64, id 14916, offset 0, flags [DF], proto UDP (17), length 31)"
1779594331.876890,,,UDP,31,"1779594331.876890 IP (tos 0x0, ttl 64, id 14917, offset 0, flags [DF], proto UDP (17), length 31)"
1779594331.877209,,,UDP,1500,"1779594331.877209 IP (tos 0x0, ttl 64, id 40977, offset 0, flags [+], proto UDP (17), length 1500)"
1779594331.878218,,,UDP,31,"1779594331.878218 IP (tos 0x0, ttl 64, id 14918, offset 0, flags [DF], proto UDP (17), length 31)"
1779594331.878638,,,UDP,1500,"1779594331.878638 IP (tos 0x0, ttl 64, id 40978, offset 0, flags [+], proto UDP (17), length 1500)"
1779594331.879825,,,UDP,1500,"1779594331.879825 IP (tos 0x0, ttl 64, id 40979, offset 0, flags [+], proto UDP (17), length 1500)"
1779594331.922747,,,UDP,31,"1779594331.922747 IP (tos 0x0, ttl 64, id 14923, offset 0, flags [DF], proto UDP (17), length 31)"
1779594331.923514,,,UDP,31,"1779594331.923514 IP (tos 0x0, ttl 64, id 14924, offset 0, flags [DF], proto UDP (17), length 31)"
1779594331.924321,,,UDP,1500,"1779594331.924321 IP (tos 0x0, ttl 64, id 40982, offset 0, flags [+], proto UDP (17), length 1500)"
1779594331.924858,,,UDP,31,"1779594331.924858 IP (tos 0x0, ttl 64, id 14925, offset 0, flags [DF], proto UDP (17), length 31)"
1779594331.925521,,,UDP,1500,"1779594331.925521 IP (tos 0x0, ttl 64, id 40983, offset 0, flags [+], proto UDP (17), length 1500)"
1779594331.926213,,,UDP,31,"1779594331.926213 IP (tos 0x0, ttl 64, id 14926, offset 0, flags [DF], proto UDP (17), length 31)"
1779594331.926819,,,UDP,1500,"1779594331.926819 IP (tos 0x0, ttl 64, id 40984, offset 0, flags [+], proto UDP (17), length 1500)"
1779594331.927049,,,UDP,31,"1779594331.927049 IP (tos 0x0, ttl 64, id 14927, offset 0, flags [DF], proto UDP (17), length 31)"
1779594331.928086,,,UDP,1500,"1779594331.928086 IP (tos 0x0, ttl 64, id 40985, offset 0, flags [+], proto UDP (17), length 1500)"
1779594331.928305,,,UDP,31,"1779594331.928305 IP (tos 0x0, ttl 64, id 14928, offset 0, flags [DF], proto UDP (17), length 31)"
1779594331.929782,,,UDP,31,"1779594331.929782 IP (tos 0x0, ttl 64, id 14929, offset 0, flags [DF], proto UDP (17), length 31)"
1779594331.930911,,,UDP,31,"1779594331.930911 IP (tos 0x0, ttl 64, id 14930, offset 0, flags [DF], proto UDP (17), length 31)"
1779594331.975898,,,UDP,31,"1779594331.975898 IP (tos 0x0, ttl 64, id 14936, offset 0, flags [DF], proto UDP (17), length 31)"
1779594331.976835,,,UDP,31,"1779594331.976835 IP (tos 0x0, ttl 64, id 14937, offset 0, flags [DF], proto UDP (17), length 31)"
1779594331.978111,,,UDP,31,"1779594331.978111 IP (tos 0x0, ttl 64, id 14938, offset 0, flags [DF], proto UDP (17), length 31)"
1779594331.979170,,,UDP,31,"1779594331.979170 IP (tos 0x0, ttl 64, id 14939, offset 0, flags [DF], proto UDP (17), length 31)"
1779594331.980637,,,UDP,34,"1779594331.980637 IP (tos 0x0, ttl 64, id 40997, offset 0, flags [DF], proto UDP (17), length 34)"
1779594332.031002,,,UDP,35,"1779594332.031002 IP (tos 0x0, ttl 64, id 14951, offset 0, flags [DF], proto UDP (17), length 35)"
1779594332.130521,,,UDP,63,"1779594332.130521 IP (tos 0x0, ttl 64, id 41007, offset 0, flags [DF], proto UDP (17), length 63)"
1779594332.181073,,,UDP,36,"1779594332.181073 IP (tos 0x0, ttl 64, id 14982, offset 0, flags [DF], proto UDP (17), length 36)"
1779594332.182591,,,UDP,1500,"1779594332.182591 IP (tos 0x0, ttl 64, id 41018, offset 0, flags [+], proto UDP (17), length 1500)"
1779594332.183743,,,UDP,1500,"1779594332.183743 IP (tos 0x0, ttl 64, id 41019, offset 0, flags [+], proto UDP (17), length 1500)"
1779594332.184805,,,UDP,1500,"1779594332.184805 IP (tos 0x0, ttl 64, id 41020, offset 0, flags [+], proto UDP (17), length 1500)"
1779594332.185694,,,UDP,1500,"1779594332.185694 IP (tos 0x0, ttl 64, id 41021, offset 0, flags [+], proto UDP (17), length 1500)"
1779594332.186509,,,UDP,1500,"1779594332.186509 IP (tos 0x0, ttl 64, id 41022, offset 0, flags [+], proto UDP (17), length 1500)"
1779594332.187077,,,UDP,1500,"1779594332.187077 IP (tos 0x0, ttl 64, id 41023, offset 0, flags [+], proto UDP (17), length 1500)"
1779594332.187583,,,UDP,1500,"1779594332.187583 IP (tos 0x0, ttl 64, id 41024, offset 0, flags [+], proto UDP (17), length 1500)"
1779594332.188067,,,UDP,1500,"1779594332.188067 IP (tos 0x0, ttl 64, id 41025, offset 0, flags [+], proto UDP (17), length 1500)"
1779594332.234996,,,UDP,29,"1779594332.234996 IP (tos 0x0, ttl 64, id 14986, offset 0, flags [DF], proto UDP (17), length 29)"
1779594332.235554,,,UDP,29,"1779594332.235554 IP (tos 0x0, ttl 64, id 14987, offset 0, flags [DF], proto UDP (17), length 29)"
1779594332.236650,,,UDP,29,"1779594332.236650 IP (tos 0x0, ttl 64, id 14988, offset 0, flags [DF], proto UDP (17), length 29)"
1779594332.236699,,,UDP,1500,"1779594332.236699 IP (tos 0x0, ttl 64, id 41036, offset 0, flags [+], proto UDP (17), length 1500)"
1779594332.237000,,,UDP,29,"1779594332.237000 IP (tos 0x0, ttl 64, id 14989, offset 0, flags [DF], proto UDP (17), length 29)"
1779594332.237614,,,UDP,29,"1779594332.237614 IP (tos 0x0, ttl 64, id 14990, offset 0, flags [DF], proto UDP (17), length 29)"
1779594332.238005,,,UDP,1500,"1779594332.238005 IP (tos 0x0, ttl 64, id 41037, offset 0, flags [+], proto UDP (17), length 1500)"
1779594332.238076,,,UDP,29,"1779594332.238076 IP (tos 0x0, ttl 64, id 14991, offset 0, flags [DF], proto UDP (17), length 29)"
1779594332.238615,,,UDP,29,"1779594332.238615 IP (tos 0x0, ttl 64, id 14992, offset 0, flags [DF], proto UDP (17), length 29)"
1779594332.239290,,,UDP,1500,"1779594332.239290 IP (tos 0x0, ttl 64, id 41038, offset 0, flags [+], proto UDP (17), length 1500)"
1779594332.240671,,,UDP,1500,"1779594332.240671 IP (tos 0x0, ttl 64, id 41039, offset 0, flags [+], proto UDP (17), length 1500)"
1779594332.241677,,,UDP,1500,"1779594332.241677 IP (tos 0x0, ttl 64, id 41040, offset 0, flags [+], proto UDP (17), length 1500)"
1779594332.243252,,,UDP,1500,"1779594332.243252 IP (tos 0x0, ttl 64, id 41041, offset 0, flags [+], proto UDP (17), length 1500)"
1779594332.244097,,,UDP,1500,"1779594332.244097 IP (tos 0x0, ttl 64, id 41042, offset 0, flags [+], proto UDP (17), length 1500)"
1779594332.245229,,,UDP,1500,"1779594332.245229 IP (tos 0x0, ttl 64, id 41043, offset 0, flags [+], proto UDP (17), length 1500)"
1779594332.288247,,,UDP,29,"1779594332.288247 IP (tos 0x0, ttl 64, id 15000, offset 0, flags [DF], proto UDP (17), length 29)"
1779594332.289096,,,UDP,29,"1779594332.289096 IP (tos 0x0, ttl 64, id 15001, offset 0, flags [DF], proto UDP (17), length 29)"
1779594332.290042,,,UDP,1500,"1779594332.290042 IP (tos 0x0, ttl 64, id 41046, offset 0, flags [+], proto UDP (17), length 1500)"
1779594332.290388,,,UDP,30,"1779594332.290388 IP (tos 0x0, ttl 64, id 15002, offset 0, flags [DF], proto UDP (17), length 30)"
1779594332.291296,,,UDP,1500,"1779594332.291296 IP (tos 0x0, ttl 64, id 41047, offset 0, flags [+], proto UDP (17), length 1500)"
1779594332.291856,,,UDP,30,"1779594332.291856 IP (tos 0x0, ttl 64, id 15003, offset 0, flags [DF], proto UDP (17), length 30)"
1779594332.292473,,,UDP,1500,"1779594332.292473 IP (tos 0x0, ttl 64, id 41048, offset 0, flags [+], proto UDP (17), length 1500)"
1779594332.293736,,,UDP,1500,"1779594332.293736 IP (tos 0x0, ttl 64, id 41049, offset 0, flags [+], proto UDP (17), length 1500)"
1779594332.293995,,,UDP,30,"1779594332.293995 IP (tos 0x0, ttl 64, id 15005, offset 0, flags [DF], proto UDP (17), length 30)"
1779594332.294928,,,UDP,30,"1779594332.294928 IP (tos 0x0, ttl 64, id 15006, offset 0, flags [DF], proto UDP (17), length 30)"
1779594332.295485,,,UDP,1500,"1779594332.295485 IP (tos 0x0, ttl 64, id 41050, offset 0, flags [+], proto UDP (17), length 1500)"
1779594332.296052,,,UDP,30,"1779594332.296052 IP (tos 0x0, ttl 64, id 15007, offset 0, flags [DF], proto UDP (17), length 30)"
1779594332.296834,,,UDP,1500,"1779594332.296834 IP (tos 0x0, ttl 64, id 41051, offset 0, flags [+], proto UDP (17), length 1500)"
1779594332.297845,,,UDP,1500,"1779594332.297845 IP (tos 0x0, ttl 64, id 41052, offset 0, flags [+], proto UDP (17), length 1500)"
1779594332.298727,,,UDP,1500,"1779594332.298727 IP (tos 0x0, ttl 64, id 41053, offset 0, flags [+], proto UDP (17), length 1500)"
1779594332.341588,,,UDP,30,"1779594332.341588 IP (tos 0x0, ttl 64, id 15009, offset 0, flags [DF], proto UDP (17), length 30)"
1779594332.342532,,,UDP,30,"1779594332.342532 IP (tos 0x0, ttl 64, id 15010, offset 0, flags [DF], proto UDP (17), length 30)"
1779594332.343418,,,UDP,1500,"1779594332.343418 IP (tos 0x0, ttl 64, id 41056, offset 0, flags [+], proto UDP (17), length 1500)"
1779594332.343573,,,UDP,30,"1779594332.343573 IP (tos 0x0, ttl 64, id 15011, offset 0, flags [DF], proto UDP (17), length 30)"
1779594332.344835,,,UDP,1500,"1779594332.344835 IP (tos 0x0, ttl 64, id 41057, offset 0, flags [+], proto UDP (17), length 1500)"
1779594332.345935,,,UDP,1500,"1779594332.345935 IP (tos 0x0, ttl 64, id 41058, offset 0, flags [+], proto UDP (17), length 1500)"
1779594332.348920,,,UDP,30,"1779594332.348920 IP (tos 0x0, ttl 64, id 15015, offset 0, flags [DF], proto UDP (17), length 30)"
1779594332.349452,,,UDP,30,"1779594332.349452 IP (tos 0x0, ttl 64, id 15016, offset 0, flags [DF], proto UDP (17), length 30)"
1779594332.350597,,,UDP,1500,"1779594332.350597 IP (tos 0x0, ttl 64, id 41060, offset 0, flags [+], proto UDP (17), length 1500)"
1779594332.351854,,,UDP,1500,"1779594332.351854 IP (tos 0x0, ttl 64, id 41061, offset 0, flags [+], proto UDP (17), length 1500)"
1779594332.352748,,,UDP,1500,"1779594332.352748 IP (tos 0x0, ttl 64, id 41062, offset 0, flags [+], proto UDP (17), length 1500)"
1779594332.353700,,,UDP,1500,"1779594332.353700 IP (tos 0x0, ttl 64, id 41063, offset 0, flags [+], proto UDP (17), length 1500)"
1779594332.354616,,,UDP,1500,"1779594332.354616 IP (tos 0x0, ttl 64, id 41064, offset 0, flags [+], proto UDP (17), length 1500)"
1779594332.395822,,,UDP,30,"1779594332.395822 IP (tos 0x0, ttl 64, id 15025, offset 0, flags [DF], proto UDP (17), length 30)"
1779594332.396350,,,UDP,30,"1779594332.396350 IP (tos 0x0, ttl 64, id 15026, offset 0, flags [DF], proto UDP (17), length 30)"
1779594332.397155,,,UDP,30,"1779594332.397155 IP (tos 0x0, ttl 64, id 15027, offset 0, flags [DF], proto UDP (17), length 30)"
1779594332.397256,,,UDP,1500,"1779594332.397256 IP (tos 0x0, ttl 64, id 41073, offset 0, flags [+], proto UDP (17), length 1500)"
1779594332.398106,,,UDP,1500,"1779594332.398106 IP (tos 0x0, ttl 64, id 41074, offset 0, flags [+], proto UDP (17), length 1500)"
1779594332.398843,,,UDP,1500,"1779594332.398843 IP (tos 0x0, ttl 64, id 41075, offset 0, flags [+], proto UDP (17), length 1500)"
1779594332.402140,,,UDP,30,"1779594332.402140 IP (tos 0x0, ttl 64, id 15028, offset 0, flags [DF], proto UDP (17), length 30)"
1779594332.403524,,,UDP,1500,"1779594332.403524 IP (tos 0x0, ttl 64, id 41076, offset 0, flags [+], proto UDP (17), length 1500)"
1779594332.403661,,,UDP,30,"1779594332.403661 IP (tos 0x0, ttl 64, id 15030, offset 0, flags [DF], proto UDP (17), length 30)"
1779594332.404358,,,UDP,30,"1779594332.404358 IP (tos 0x0, ttl 64, id 15031, offset 0, flags [DF], proto UDP (17), length 30)"
1779594332.404624,,,UDP,1500,"1779594332.404624 IP (tos 0x0, ttl 64, id 41077, offset 0, flags [+], proto UDP (17), length 1500)"
1779594332.405329,,,UDP,30,"1779594332.405329 IP (tos 0x0, ttl 64, id 15032, offset 0, flags [DF], proto UDP (17), length 30)"
1779594332.405470,,,UDP,1500,"1779594332.405470 IP (tos 0x0, ttl 64, id 41078, offset 0, flags [+], proto UDP (17), length 1500)"
1779594332.406176,,,UDP,1500,"1779594332.406176 IP (tos 0x0, ttl 64, id 41079, offset 0, flags [+], proto UDP (17), length 1500)"
1779594332.406782,,,UDP,1500,"1779594332.406782 IP (tos 0x0, ttl 64, id 41080, offset 0, flags [+], proto UDP (17), length 1500)"
1779594332.448365,,,UDP,30,"1779594332.448365 IP (tos 0x0, ttl 64, id 15037, offset 0, flags [DF], proto UDP (17), length 30)"
1779594332.448881,,,UDP,30,"1779594332.448881 IP (tos 0x0, ttl 64, id 15038, offset 0, flags [DF], proto UDP (17), length 30)"
1779594332.449741,,,UDP,30,"1779594332.449741 IP (tos 0x0, ttl 64, id 15039, offset 0, flags [DF], proto UDP (17), length 30)"
1779594332.449992,,,UDP,1500,"1779594332.449992 IP (tos 0x0, ttl 64, id 41081, offset 0, flags [+], proto UDP (17), length 1500)"
1779594332.451250,,,UDP,1500,"1779594332.451250 IP (tos 0x0, ttl 64, id 41082, offset 0, flags [+], proto UDP (17), length 1500)"
1779594332.452478,,,UDP,1500,"1779594332.452478 IP (tos 0x0, ttl 64, id 41083, offset 0, flags [+], proto UDP (17), length 1500)"
1779594332.455637,,,UDP,30,"1779594332.455637 IP (tos 0x0, ttl 64, id 15041, offset 0, flags [DF], proto UDP (17), length 30)"
1779594332.456257,,,UDP,30,"1779594332.456257 IP (tos 0x0, ttl 64, id 15042, offset 0, flags [DF], proto UDP (17), length 30)"
1779594332.456783,,,UDP,30,"1779594332.456783 IP (tos 0x0, ttl 64, id 15043, offset 0, flags [DF], proto UDP (17), length 30)"
1779594332.457166,,,UDP,1500,"1779594332.457166 IP (tos 0x0, ttl 64, id 41084, offset 0, flags [+], proto UDP (17), length 1500)"
1779594332.457328,,,UDP,30,"1779594332.457328 IP (tos 0x0, ttl 64, id 15044, offset 0, flags [DF], proto UDP (17), length 30)"
1779594332.458147,,,UDP,1500,"1779594332.458147 IP (tos 0x0, ttl 64, id 41085, offset 0, flags [+], proto UDP (17), length 1500)"
1779594332.458930,,,UDP,1500,"1779594332.458930 IP (tos 0x0, ttl 64, id 41086, offset 0, flags [+], proto UDP (17), length 1500)"
1779594332.460127,,,UDP,1500,"1779594332.460127 IP (tos 0x0, ttl 64, id 41087, offset 0, flags [+], proto UDP (17), length 1500)"
1779594332.460956,,,UDP,1500,"1779594332.460956 IP (tos 0x0, ttl 64, id 41088, offset 0, flags [+], proto UDP (17), length 1500)"
1779594332.501533,,,UDP,30,"1779594332.501533 IP (tos 0x0, ttl 64, id 15046, offset 0, flags [DF], proto UDP (17), length 30)"
1779594332.502308,,,UDP,30,"1779594332.502308 IP (tos 0x0, ttl 64, id 15047, offset 0, flags [DF], proto UDP (17), length 30)"
1779594332.503394,,,UDP,1500,"1779594332.503394 IP (tos 0x0, ttl 64, id 41096, offset 0, flags [+], proto UDP (17), length 1500)"
1779594332.503579,,,UDP,30,"1779594332.503579 IP (tos 0x0, ttl 64, id 15048, offset 0, flags [DF], proto UDP (17), length 30)"
1779594332.504748,,,UDP,1500,"1779594332.504748 IP (tos 0x0, ttl 64, id 41097, offset 0, flags [+], proto UDP (17), length 1500)"
1779594332.506015,,,UDP,1500,"1779594332.506015 IP (tos 0x0, ttl 64, id 41098, offset 0, flags [+], proto UDP (17), length 1500)"
1779594332.508461,,,UDP,30,"1779594332.508461 IP (tos 0x0, ttl 64, id 15049, offset 0, flags [DF], proto UDP (17), length 30)"
1779594332.509775,,,UDP,30,"1779594332.509775 IP (tos 0x0, ttl 64, id 15051, offset 0, flags [DF], proto UDP (17), length 30)"
1779594332.509945,,,UDP,1500,"1779594332.509945 IP (tos 0x0, ttl 64, id 41099, offset 0, flags [+], proto UDP (17), length 1500)"
1779594332.510982,,,UDP,1500,"1779594332.510982 IP (tos 0x0, ttl 64, id 41100, offset 0, flags [+], proto UDP (17), length 1500)"
1779594332.511455,,,UDP,30,"1779594332.511455 IP (tos 0x0, ttl 64, id 15053, offset 0, flags [DF], proto UDP (17), length 30)"
1779594332.511874,,,UDP,1500,"1779594332.511874 IP (tos 0x0, ttl 64, id 41101, offset 0, flags [+], proto UDP (17), length 1500)"
1779594332.512383,,,UDP,1500,"1779594332.512383 IP (tos 0x0, ttl 64, id 41102, offset 0, flags [+], proto UDP (17), length 1500)"
1779594332.512794,,,UDP,1500,"1779594332.512794 IP (tos 0x0, ttl 64, id 41103, offset 0, flags [+], proto UDP (17), length 1500)"
1779594332.554888,,,UDP,30,"1779594332.554888 IP (tos 0x0, ttl 64, id 15061, offset 0, flags [DF], proto UDP (17), length 30)"
1779594332.555922,,,UDP,30,"1779594332.555922 IP (tos 0x0, ttl 64, id 15062, offset 0, flags [DF], proto UDP (17), length 30)"
1779594332.556372,,,UDP,1500,"1779594332.556372 IP (tos 0x0, ttl 64, id 41105, offset 0, flags [+], proto UDP (17), length 1500)"
1779594332.556969,,,UDP,30,"1779594332.556969 IP (tos 0x0, ttl 64, id 15063, offset 0, flags [DF], proto UDP (17), length 30)"
1779594332.557506,,,UDP,1500,"1779594332.557506 IP (tos 0x0, ttl 64, id 41106, offset 0, flags [+], proto UDP (17), length 1500)"
1779594332.558702,,,UDP,1500,"1779594332.558702 IP (tos 0x0, ttl 64, id 41107, offset 0, flags [+], proto UDP (17), length 1500)"
1779594332.561060,,,UDP,30,"1779594332.561060 IP (tos 0x0, ttl 64, id 15064, offset 0, flags [DF], proto UDP (17), length 30)"
1779594332.561650,,,UDP,30,"1779594332.561650 IP (tos 0x0, ttl 64, id 15065, offset 0, flags [DF], proto UDP (17), length 30)"
1779594332.561982,,,UDP,1500,"1779594332.561982 IP (tos 0x0, ttl 64, id 41108, offset 0, flags [+], proto UDP (17), length 1500)"
1779594332.562448,,,UDP,30,"1779594332.562448 IP (tos 0x0, ttl 64, id 15066, offset 0, flags [DF], proto UDP (17), length 30)"
1779594332.562636,,,UDP,1500,"1779594332.562636 IP (tos 0x0, ttl 64, id 41109, offset 0, flags [+], proto UDP (17), length 1500)"
1779594332.562812,,,UDP,30,"1779594332.562812 IP (tos 0x0, ttl 64, id 15067, offset 0, flags [DF], proto UDP (17), length 30)"
1779594332.563244,,,UDP,30,"1779594332.563244 IP (tos 0x0, ttl 64, id 15068, offset 0, flags [DF], proto UDP (17), length 30)"
1779594332.563298,,,UDP,1500,"1779594332.563298 IP (tos 0x0, ttl 64, id 41110, offset 0, flags [+], proto UDP (17), length 1500)"
1779594332.563906,,,UDP,1500,"1779594332.563906 IP (tos 0x0, ttl 64, id 41111, offset 0, flags [+], proto UDP (17), length 1500)"
1779594332.564506,,,UDP,1500,"1779594332.564506 IP (tos 0x0, ttl 64, id 41112, offset 0, flags [+], proto UDP (17), length 1500)"
1779594332.607669,,,UDP,30,"1779594332.607669 IP (tos 0x0, ttl 64, id 15073, offset 0, flags [DF], proto UDP (17), length 30)"
1779594332.608398,,,UDP,30,"1779594332.608398 IP (tos 0x0, ttl 64, id 15074, offset 0, flags [DF], proto UDP (17), length 30)"
1779594332.608603,,,UDP,1500,"1779594332.608603 IP (tos 0x0, ttl 64, id 41121, offset 0, flags [+], proto UDP (17), length 1500)"
1779594332.609395,,,UDP,30,"1779594332.609395 IP (tos 0x0, ttl 64, id 15075, offset 0, flags [DF], proto UDP (17), length 30)"
1779594332.609462,,,UDP,1500,"1779594332.609462 IP (tos 0x0, ttl 64, id 41122, offset 0, flags [+], proto UDP (17), length 1500)"
1779594332.610335,,,UDP,1500,"1779594332.610335 IP (tos 0x0, ttl 64, id 41123, offset 0, flags [+], proto UDP (17), length 1500)"
1779594332.612777,,,UDP,30,"1779594332.612777 IP (tos 0x0, ttl 64, id 15076, offset 0, flags [DF], proto UDP (17), length 30)"
1779594332.613219,,,UDP,30,"1779594332.613219 IP (tos 0x0, ttl 64, id 15077, offset 0, flags [DF], proto UDP (17), length 30)"
1779594332.613572,,,UDP,1500,"1779594332.613572 IP (tos 0x0, ttl 64, id 41124, offset 0, flags [+], proto UDP (17), length 1500)"
1779594332.613816,,,UDP,30,"1779594332.613816 IP (tos 0x0, ttl 64, id 15078, offset 0, flags [DF], proto UDP (17), length 30)"
1779594332.614175,,,UDP,1500,"1779594332.614175 IP (tos 0x0, ttl 64, id 41125, offset 0, flags [+], proto UDP (17), length 1500)"
1779594332.614362,,,UDP,30,"1779594332.614362 IP (tos 0x0, ttl 64, id 15079, offset 0, flags [DF], proto UDP (17), length 30)"
1779594332.614861,,,UDP,1500,"1779594332.614861 IP (tos 0x0, ttl 64, id 41126, offset 0, flags [+], proto UDP (17), length 1500)"
1779594332.614976,,,UDP,30,"1779594332.614976 IP (tos 0x0, ttl 64, id 15080, offset 0, flags [DF], proto UDP (17), length 30)"
1779594332.615506,,,UDP,1500,"1779594332.615506 IP (tos 0x0, ttl 64, id 41127, offset 0, flags [+], proto UDP (17), length 1500)"
1779594332.616243,,,UDP,1500,"1779594332.616243 IP (tos 0x0, ttl 64, id 41128, offset 0, flags [+], proto UDP (17), length 1500)"
1779594332.659633,,,UDP,30,"1779594332.659633 IP (tos 0x0, ttl 64, id 15087, offset 0, flags [DF], proto UDP (17), length 30)"
1779594332.660528,,,UDP,30,"1779594332.660528 IP (tos 0x0, ttl 64, id 15088, offset 0, flags [DF], proto UDP (17), length 30)"
1779594332.661032,,,UDP,30,"1779594332.661032 IP (tos 0x0, ttl 64, id 15089, offset 0, flags [DF], proto UDP (17), length 30)"
1779594332.661514,,,UDP,1500,"1779594332.661514 IP (tos 0x0, ttl 64, id 41139, offset 0, flags [+], proto UDP (17), length 1500)"
1779594332.662207,,,UDP,1500,"1779594332.662207 IP (tos 0x0, ttl 64, id 41140, offset 0, flags [+], proto UDP (17), length 1500)"
1779594332.663062,,,UDP,1500,"1779594332.663062 IP (tos 0x0, ttl 64, id 41141, offset 0, flags [+], proto UDP (17), length 1500)"
1779594332.664264,,,UDP,30,"1779594332.664264 IP (tos 0x0, ttl 64, id 15090, offset 0, flags [DF], proto UDP (17), length 30)"
1779594332.664611,,,UDP,30,"1779594332.664611 IP (tos 0x0, ttl 64, id 15091, offset 0, flags [DF], proto UDP (17), length 30)"
1779594332.665180,,,UDP,1500,"1779594332.665180 IP (tos 0x0, ttl 64, id 41142, offset 0, flags [+], proto UDP (17), length 1500)"
1779594332.665400,,,UDP,30,"1779594332.665400 IP (tos 0x0, ttl 64, id 15092, offset 0, flags [DF], proto UDP (17), length 30)"
1779594332.665910,,,UDP,1500,"1779594332.665910 IP (tos 0x0, ttl 64, id 41143, offset 0, flags [+], proto UDP (17), length 1500)"
1779594332.666746,,,UDP,1500,"1779594332.666746 IP (tos 0x0, ttl 64, id 41144, offset 0, flags [+], proto UDP (17), length 1500)"
1779594332.666873,,,UDP,30,"1779594332.666873 IP (tos 0x0, ttl 64, id 15094, offset 0, flags [DF], proto UDP (17), length 30)"
1779594332.667792,,,UDP,1500,"1779594332.667792 IP (tos 0x0, ttl 64, id 41145, offset 0, flags [+], proto UDP (17), length 1500)"
1779594332.668384,,,UDP,1500,"1779594332.668384 IP (tos 0x0, ttl 64, id 41146, offset 0, flags [+], proto UDP (17), length 1500)"
1779594332.712725,,,UDP,30,"1779594332.712725 IP (tos 0x0, ttl 64, id 15104, offset 0, flags [DF], proto UDP (17), length 30)"
1779594332.713188,,,UDP,30,"1779594332.713188 IP (tos 0x0, ttl 64, id 15105, offset 0, flags [DF], proto UDP (17), length 30)"
1779594332.713589,,,UDP,30,"1779594332.713589 IP (tos 0x0, ttl 64, id 15106, offset 0, flags [DF], proto UDP (17), length 30)"
1779594332.714011,,,UDP,1500,"1779594332.714011 IP (tos 0x0, ttl 64, id 41148, offset 0, flags [+], proto UDP (17), length 1500)"
1779594332.714602,,,UDP,1500,"1779594332.714602 IP (tos 0x0, ttl 64, id 41149, offset 0, flags [+], proto UDP (17), length 1500)"
1779594332.715124,,,UDP,1500,"1779594332.715124 IP (tos 0x0, ttl 64, id 41150, offset 0, flags [+], proto UDP (17), length 1500)"
1779594332.715893,,,UDP,30,"1779594332.715893 IP (tos 0x0, ttl 64, id 15107, offset 0, flags [DF], proto UDP (17), length 30)"
1779594332.716456,,,UDP,1500,"1779594332.716456 IP (tos 0x0, ttl 64, id 41151, offset 0, flags [+], proto UDP (17), length 1500)"
1779594332.716675,,,UDP,30,"1779594332.716675 IP (tos 0x0, ttl 64, id 15108, offset 0, flags [DF], proto UDP (17), length 30)"
1779594332.717310,,,UDP,1500,"1779594332.717310 IP (tos 0x0, ttl 64, id 41152, offset 0, flags [+], proto UDP (17), length 1500)"
1779594332.717410,,,UDP,30,"1779594332.717410 IP (tos 0x0, ttl 64, id 15109, offset 0, flags [DF], proto UDP (17), length 30)"
1779594332.717919,,,UDP,1500,"1779594332.717919 IP (tos 0x0, ttl 64, id 41153, offset 0, flags [+], proto UDP (17), length 1500)"
1779594332.718504,,,UDP,30,"1779594332.718504 IP (tos 0x0, ttl 64, id 15110, offset 0, flags [DF], proto UDP (17), length 30)"
1779594332.718845,,,UDP,30,"1779594332.718845 IP (tos 0x0, ttl 64, id 15111, offset 0, flags [DF], proto UDP (17), length 30)"
1779594332.719232,,,UDP,1500,"1779594332.719232 IP (tos 0x0, ttl 64, id 41154, offset 0, flags [+], proto UDP (17), length 1500)"
1779594332.719924,,,UDP,1500,"1779594332.719924 IP (tos 0x0, ttl 64, id 41155, offset 0, flags [+], proto UDP (17), length 1500)"
1779594332.764760,,,UDP,30,"1779594332.764760 IP (tos 0x0, ttl 64, id 15118, offset 0, flags [DF], proto UDP (17), length 30)"
1779594332.765196,,,UDP,30,"1779594332.765196 IP (tos 0x0, ttl 64, id 15119, offset 0, flags [DF], proto UDP (17), length 30)"
1779594332.765766,,,UDP,30,"1779594332.765766 IP (tos 0x0, ttl 64, id 15120, offset 0, flags [DF], proto UDP (17), length 30)"
1779594332.766353,,,UDP,1500,"1779594332.766353 IP (tos 0x0, ttl 64, id 41164, offset 0, flags [+], proto UDP (17), length 1500)"
1779594332.766882,,,UDP,30,"1779594332.766882 IP (tos 0x0, ttl 64, id 15121, offset 0, flags [DF], proto UDP (17), length 30)"
1779594332.767752,,,UDP,1500,"1779594332.767752 IP (tos 0x0, ttl 64, id 41165, offset 0, flags [+], proto UDP (17), length 1500)"
1779594332.768327,,,UDP,30,"1779594332.768327 IP (tos 0x0, ttl 64, id 15123, offset 0, flags [DF], proto UDP (17), length 30)"
1779594332.768875,,,UDP,1500,"1779594332.768875 IP (tos 0x0, ttl 64, id 41166, offset 0, flags [+], proto UDP (17), length 1500)"
1779594332.769825,,,UDP,30,"1779594332.769825 IP (tos 0x0, ttl 64, id 15124, offset 0, flags [DF], proto UDP (17), length 30)"
1779594332.769886,,,UDP,1500,"1779594332.769886 IP (tos 0x0, ttl 64, id 41167, offset 0, flags [+], proto UDP (17), length 1500)"
1779594332.770353,,,UDP,30,"1779594332.770353 IP (tos 0x0, ttl 64, id 15125, offset 0, flags [DF], proto UDP (17), length 30)"
1779594332.770974,,,UDP,1500,"1779594332.770974 IP (tos 0x0, ttl 64, id 41168, offset 0, flags [+], proto UDP (17), length 1500)"
1779594332.772127,,,UDP,1500,"1779594332.772127 IP (tos 0x0, ttl 64, id 41169, offset 0, flags [+], proto UDP (17), length 1500)"
1779594332.772909,,,UDP,1500,"1779594332.772909 IP (tos 0x0, ttl 64, id 41170, offset 0, flags [+], proto UDP (17), length 1500)"
1779594332.774032,,,UDP,1500,"1779594332.774032 IP (tos 0x0, ttl 64, id 41171, offset 0, flags [+], proto UDP (17), length 1500)"
1779594332.817559,,,UDP,30,"1779594332.817559 IP (tos 0x0, ttl 64, id 15129, offset 0, flags [DF], proto UDP (17), length 30)"
1779594332.818749,,,UDP,30,"1779594332.818749 IP (tos 0x0, ttl 64, id 15130, offset 0, flags [DF], proto UDP (17), length 30)"
1779594332.819218,,,UDP,1500,"1779594332.819218 IP (tos 0x0, ttl 64, id 41178, offset 0, flags [+], proto UDP (17), length 1500)"
1779594332.819601,,,UDP,30,"1779594332.819601 IP (tos 0x0, ttl 64, id 15131, offset 0, flags [DF], proto UDP (17), length 30)"
1779594332.819914,,,UDP,1500,"1779594332.819914 IP (tos 0x0, ttl 64, id 41179, offset 0, flags [+], proto UDP (17), length 1500)"
1779594332.820749,,,UDP,30,"1779594332.820749 IP (tos 0x0, ttl 64, id 15132, offset 0, flags [DF], proto UDP (17), length 30)"
1779594332.820931,,,UDP,1500,"1779594332.820931 IP (tos 0x0, ttl 64, id 41180, offset 0, flags [+], proto UDP (17), length 1500)"
1779594332.821739,,,UDP,1500,"1779594332.821739 IP (tos 0x0, ttl 64, id 41181, offset 0, flags [+], proto UDP (17), length 1500)"
1779594332.822066,,,UDP,30,"1779594332.822066 IP (tos 0x0, ttl 64, id 15133, offset 0, flags [DF], proto UDP (17), length 30)"
1779594332.822776,,,UDP,30,"1779594332.822776 IP (tos 0x0, ttl 64, id 15134, offset 0, flags [DF], proto UDP (17), length 30)"
1779594332.822799,,,UDP,1500,"1779594332.822799 IP (tos 0x0, ttl 64, id 41182, offset 0, flags [+], proto UDP (17), length 1500)"
1779594332.823386,,,UDP,1500,"1779594332.823386 IP (tos 0x0, ttl 64, id 41183, offset 0, flags [+], proto UDP (17), length 1500)"
1779594332.823733,,,UDP,30,"1779594332.823733 IP (tos 0x0, ttl 64, id 15135, offset 0, flags [DF], proto UDP (17), length 30)"
1779594332.824565,,,UDP,1500,"1779594332.824565 IP (tos 0x0, ttl 64, id 41184, offset 0, flags [+], proto UDP (17), length 1500)"
1779594332.824671,,,UDP,30,"1779594332.824671 IP (tos 0x0, ttl 64, id 15136, offset 0, flags [DF], proto UDP (17), length 30)"
1779594332.825442,,,UDP,1500,"1779594332.825442 IP (tos 0x0, ttl 64, id 41185, offset 0, flags [+], proto UDP (17), length 1500)"
1779594332.870120,,,UDP,30,"1779594332.870120 IP (tos 0x0, ttl 64, id 15142, offset 0, flags [DF], proto UDP (17), length 30)"
1779594332.870745,,,UDP,30,"1779594332.870745 IP (tos 0x0, ttl 64, id 15143, offset 0, flags [DF], proto UDP (17), length 30)"
1779594332.871616,,,UDP,30,"1779594332.871616 IP (tos 0x0, ttl 64, id 15144, offset 0, flags [DF], proto UDP (17), length 30)"
1779594332.871954,,,UDP,1500,"1779594332.871954 IP (tos 0x0, ttl 64, id 41194, offset 0, flags [+], proto UDP (17), length 1500)"
1779594332.873156,,,UDP,1500,"1779594332.873156 IP (tos 0x0, ttl 64, id 41195, offset 0, flags [+], proto UDP (17), length 1500)"
1779594332.873533,,,UDP,31,"1779594332.873533 IP (tos 0x0, ttl 64, id 15146, offset 0, flags [DF], proto UDP (17), length 31)"
1779594332.874284,,,UDP,31,"1779594332.874284 IP (tos 0x0, ttl 64, id 15147, offset 0, flags [DF], proto UDP (17), length 31)"
1779594332.874715,,,UDP,1500,"1779594332.874715 IP (tos 0x0, ttl 64, id 41196, offset 0, flags [+], proto UDP (17), length 1500)"
1779594332.875302,,,UDP,31,"1779594332.875302 IP (tos 0x0, ttl 64, id 15148, offset 0, flags [DF], proto UDP (17), length 31)"
1779594332.875713,,,UDP,1500,"1779594332.875713 IP (tos 0x0, ttl 64, id 41197, offset 0, flags [+], proto UDP (17), length 1500)"
1779594332.876081,,,UDP,31,"1779594332.876081 IP (tos 0x0, ttl 64, id 15149, offset 0, flags [DF], proto UDP (17), length 31)"
1779594332.876569,,,UDP,1500,"1779594332.876569 IP (tos 0x0, ttl 64, id 41198, offset 0, flags [+], proto UDP (17), length 1500)"
1779594332.877541,,,UDP,1500,"1779594332.877541 IP (tos 0x0, ttl 64, id 41199, offset 0, flags [+], proto UDP (17), length 1500)"
1779594332.878279,,,UDP,1500,"1779594332.878279 IP (tos 0x0, ttl 64, id 41200, offset 0, flags [+], proto UDP (17), length 1500)"
1779594332.878909,,,UDP,1500,"1779594332.878909 IP (tos 0x0, ttl 64, id 41201, offset 0, flags [+], proto UDP (17), length 1500)"
1779594332.922960,,,UDP,31,"1779594332.922960 IP (tos 0x0, ttl 64, id 15155, offset 0, flags [DF], proto UDP (17), length 31)"
1779594332.923948,,,UDP,1500,"1779594332.923948 IP (tos 0x0, ttl 64, id 41203, offset 0, flags [+], proto UDP (17), length 1500)"
1779594332.924231,,,UDP,31,"1779594332.924231 IP (tos 0x0, ttl 64, id 15156, offset 0, flags [DF], proto UDP (17), length 31)"
1779594332.924852,,,UDP,1500,"1779594332.924852 IP (tos 0x0, ttl 64, id 41204, offset 0, flags [+], proto UDP (17), length 1500)"
1779594332.925817,,,UDP,31,"1779594332.925817 IP (tos 0x0, ttl 64, id 15157, offset 0, flags [DF], proto UDP (17), length 31)"
1779594332.926488,,,UDP,31,"1779594332.926488 IP (tos 0x0, ttl 64, id 15158, offset 0, flags [DF], proto UDP (17), length 31)"
1779594332.926747,,,UDP,1500,"1779594332.926747 IP (tos 0x0, ttl 64, id 41205, offset 0, flags [+], proto UDP (17), length 1500)"
1779594332.927231,,,UDP,31,"1779594332.927231 IP (tos 0x0, ttl 64, id 15159, offset 0, flags [DF], proto UDP (17), length 31)"
1779594332.927424,,,UDP,1500,"1779594332.927424 IP (tos 0x0, ttl 64, id 41206, offset 0, flags [+], proto UDP (17), length 1500)"
1779594332.928001,,,UDP,1500,"1779594332.928001 IP (tos 0x0, ttl 64, id 41207, offset 0, flags [+], proto UDP (17), length 1500)"
1779594332.928138,,,UDP,31,"1779594332.928138 IP (tos 0x0, ttl 64, id 15160, offset 0, flags [DF], proto UDP (17), length 31)"
1779594332.928806,,,UDP,1500,"1779594332.928806 IP (tos 0x0, ttl 64, id 41208, offset 0, flags [+], proto UDP (17), length 1500)"
1779594332.928830,,,UDP,31,"1779594332.928830 IP (tos 0x0, ttl 64, id 15161, offset 0, flags [DF], proto UDP (17), length 31)"
1779594332.929396,,,UDP,31,"1779594332.929396 IP (tos 0x0, ttl 64, id 15162, offset 0, flags [DF], proto UDP (17), length 31)"
1779594332.929553,,,UDP,1500,"1779594332.929553 IP (tos 0x0, ttl 64, id 41209, offset 0, flags [+], proto UDP (17), length 1500)"
1779594332.930332,,,UDP,1500,"1779594332.930332 IP (tos 0x0, ttl 64, id 41210, offset 0, flags [+], proto UDP (17), length 1500)"
1779594332.975929,,,UDP,31,"1779594332.975929 IP (tos 0x0, ttl 64, id 15166, offset 0, flags [DF], proto UDP (17), length 31)"
1779594332.976703,,,UDP,1500,"1779594332.976703 IP (tos 0x0, ttl 64, id 41216, offset 0, flags [+], proto UDP (17), length 1500)"
1779594332.977325,,,UDP,1500,"1779594332.977325 IP (tos 0x0, ttl 64, id 41217, offset 0, flags [+], proto UDP (17), length 1500)"
1779594332.977434,,,UDP,31,"1779594332.977434 IP (tos 0x0, ttl 64, id 15167, offset 0, flags [DF], proto UDP (17), length 31)"
1779594332.977906,,,UDP,31,"1779594332.977906 IP (tos 0x0, ttl 64, id 15168, offset 0, flags [DF], proto UDP (17), length 31)"
1779594332.978107,,,UDP,1500,"1779594332.978107 IP (tos 0x0, ttl 64, id 41218, offset 0, flags [+], proto UDP (17), length 1500)"
1779594332.978591,,,UDP,31,"1779594332.978591 IP (tos 0x0, ttl 64, id 15169, offset 0, flags [DF], proto UDP (17), length 31)"
1779594332.978789,,,UDP,1500,"1779594332.978789 IP (tos 0x0, ttl 64, id 41219, offset 0, flags [+], proto UDP (17), length 1500)"
1779594332.979372,,,UDP,1500,"1779594332.979372 IP (tos 0x0, ttl 64, id 41220, offset 0, flags [+], proto UDP (17), length 1500)"
1779594332.979438,,,UDP,31,"1779594332.979438 IP (tos 0x0, ttl 64, id 15170, offset 0, flags [DF], proto UDP (17), length 31)"
1779594332.979982,,,UDP,1500,"1779594332.979982 IP (tos 0x0, ttl 64, id 41221, offset 0, flags [+], proto UDP (17), length 1500)"
1779594332.980098,,,UDP,31,"1779594332.980098 IP (tos 0x0, ttl 64, id 15171, offset 0, flags [DF], proto UDP (17), length 31)"
1779594332.980704,,,UDP,1500,"1779594332.980704 IP (tos 0x0, ttl 64, id 41222, offset 0, flags [+], proto UDP (17), length 1500)"
1779594332.980865,,,UDP,31,"1779594332.980865 IP (tos 0x0, ttl 64, id 15172, offset 0, flags [DF], proto UDP (17), length 31)"
1779594332.981462,,,UDP,1500,"1779594332.981462 IP (tos 0x0, ttl 64, id 41223, offset 0, flags [+], proto UDP (17), length 1500)"
1779594333.027362,,,UDP,31,"1779594333.027362 IP (tos 0x0, ttl 64, id 15180, offset 0, flags [DF], proto UDP (17), length 31)"
1779594333.027990,,,UDP,31,"1779594333.027990 IP (tos 0x0, ttl 64, id 15181, offset 0, flags [DF], proto UDP (17), length 31)"
1779594333.028598,,,UDP,1500,"1779594333.028598 IP (tos 0x0, ttl 64, id 41234, offset 0, flags [+], proto UDP (17), length 1500)"
1779594333.028712,,,UDP,31,"1779594333.028712 IP (tos 0x0, ttl 64, id 15182, offset 0, flags [DF], proto UDP (17), length 31)"
1779594333.029267,,,UDP,31,"1779594333.029267 IP (tos 0x0, ttl 64, id 15183, offset 0, flags [DF], proto UDP (17), length 31)"
1779594333.029406,,,UDP,1500,"1779594333.029406 IP (tos 0x0, ttl 64, id 41235, offset 0, flags [+], proto UDP (17), length 1500)"
1779594333.029835,,,UDP,31,"1779594333.029835 IP (tos 0x0, ttl 64, id 15184, offset 0, flags [DF], proto UDP (17), length 31)"
1779594333.030076,,,UDP,1500,"1779594333.030076 IP (tos 0x0, ttl 64, id 41236, offset 0, flags [+], proto UDP (17), length 1500)"
1779594333.030802,,,UDP,1500,"1779594333.030802 IP (tos 0x0, ttl 64, id 41237, offset 0, flags [+], proto UDP (17), length 1500)"
1779594333.030949,,,UDP,31,"1779594333.030949 IP (tos 0x0, ttl 64, id 15185, offset 0, flags [DF], proto UDP (17), length 31)"
1779594333.031358,,,UDP,31,"1779594333.031358 IP (tos 0x0, ttl 64, id 15186, offset 0, flags [DF], proto UDP (17), length 31)"
1779594333.031451,,,UDP,1500,"1779594333.031451 IP (tos 0x0, ttl 64, id 41238, offset 0, flags [+], proto UDP (17), length 1500)"
1779594333.032032,,,UDP,31,"1779594333.032032 IP (tos 0x0, ttl 64, id 15187, offset 0, flags [DF], proto UDP (17), length 31)"
1779594333.032057,,,UDP,1500,"1779594333.032057 IP (tos 0x0, ttl 64, id 41239, offset 0, flags [+], proto UDP (17), length 1500)"
1779594333.032658,,,UDP,1500,"1779594333.032658 IP (tos 0x0, ttl 64, id 41240, offset 0, flags [+], proto UDP (17), length 1500)"
1779594333.033206,,,UDP,1500,"1779594333.033206 IP (tos 0x0, ttl 64, id 41241, offset 0, flags [+], proto UDP (17), length 1500)"
1779594333.079502,,,UDP,31,"1779594333.079502 IP (tos 0x0, ttl 64, id 15199, offset 0, flags [DF], proto UDP (17), length 31)"
1779594333.080121,,,UDP,31,"1779594333.080121 IP (tos 0x0, ttl 64, id 15200, offset 0, flags [DF], proto UDP (17), length 31)"
1779594333.080600,,,UDP,31,"1779594333.080600 IP (tos 0x0, ttl 64, id 15201, offset 0, flags [DF], proto UDP (17), length 31)"
1779594333.081009,,,UDP,1500,"1779594333.081009 IP (tos 0x0, ttl 64, id 41244, offset 0, flags [+], proto UDP (17), length 1500)"
1779594333.081399,,,UDP,31,"1779594333.081399 IP (tos 0x0, ttl 64, id 15202, offset 0, flags [DF], proto UDP (17), length 31)"
1779594333.081971,,,UDP,31,"1779594333.081971 IP (tos 0x0, ttl 64, id 15203, offset 0, flags [DF], proto UDP (17), length 31)"
1779594333.082221,,,UDP,1500,"1779594333.082221 IP (tos 0x0, ttl 64, id 41245, offset 0, flags [+], proto UDP (17), length 1500)"
1779594333.082575,,,UDP,31,"1779594333.082575 IP (tos 0x0, ttl 64, id 15204, offset 0, flags [DF], proto UDP (17), length 31)"
1779594333.083156,,,UDP,31,"1779594333.083156 IP (tos 0x0, ttl 64, id 15205, offset 0, flags [DF], proto UDP (17), length 31)"
1779594333.083443,,,UDP,1500,"1779594333.083443 IP (tos 0x0, ttl 64, id 41246, offset 0, flags [+], proto UDP (17), length 1500)"
1779594333.083563,,,UDP,31,"1779594333.083563 IP (tos 0x0, ttl 64, id 15206, offset 0, flags [DF], proto UDP (17), length 31)"
1779594333.084529,,,UDP,1500,"1779594333.084529 IP (tos 0x0, ttl 64, id 41247, offset 0, flags [+], proto UDP (17), length 1500)"
1779594333.085390,,,UDP,1500,"1779594333.085390 IP (tos 0x0, ttl 64, id 41248, offset 0, flags [+], proto UDP (17), length 1500)"
1779594333.086118,,,UDP,1500,"1779594333.086118 IP (tos 0x0, ttl 64, id 41249, offset 0, flags [+], proto UDP (17), length 1500)"
1779594333.086903,,,UDP,1500,"1779594333.086903 IP (tos 0x0, ttl 64, id 41250, offset 0, flags [+], proto UDP (17), length 1500)"
1779594333.087666,,,UDP,1500,"1779594333.087666 IP (tos 0x0, ttl 64, id 41251, offset 0, flags [+], proto UDP (17), length 1500)"
1779594333.132197,,,UDP,31,"1779594333.132197 IP (tos 0x0, ttl 64, id 15213, offset 0, flags [DF], proto UDP (17), length 31)"
1779594333.133287,,,UDP,31,"1779594333.133287 IP (tos 0x0, ttl 64, id 15214, offset 0, flags [DF], proto UDP (17), length 31)"
1779594333.133748,,,UDP,1500,"1779594333.133748 IP (tos 0x0, ttl 64, id 41254, offset 0, flags [+], proto UDP (17), length 1500)"
1779594333.134320,,,UDP,31,"1779594333.134320 IP (tos 0x0, ttl 64, id 15215, offset 0, flags [DF], proto UDP (17), length 31)"
1779594333.134588,,,UDP,1500,"1779594333.134588 IP (tos 0x0, ttl 64, id 41255, offset 0, flags [+], proto UDP (17), length 1500)"
1779594333.135132,,,UDP,1500,"1779594333.135132 IP (tos 0x0, ttl 64, id 41256, offset 0, flags [+], proto UDP (17), length 1500)"
1779594333.135419,,,UDP,31,"1779594333.135419 IP (tos 0x0, ttl 64, id 15216, offset 0, flags [DF], proto UDP (17), length 31)"
1779594333.135984,,,UDP,1500,"1779594333.135984 IP (tos 0x0, ttl 64, id 41257, offset 0, flags [+], proto UDP (17), length 1500)"
1779594333.135985,,,UDP,31,"1779594333.135985 IP (tos 0x0, ttl 64, id 15217, offset 0, flags [DF], proto UDP (17), length 31)"
1779594333.136584,,,UDP,1500,"1779594333.136584 IP (tos 0x0, ttl 64, id 41258, offset 0, flags [+], proto UDP (17), length 1500)"
1779594333.136658,,,UDP,31,"1779594333.136658 IP (tos 0x0, ttl 64, id 15218, offset 0, flags [DF], proto UDP (17), length 31)"
1779594333.137313,,,UDP,1500,"1779594333.137313 IP (tos 0x0, ttl 64, id 41259, offset 0, flags [+], proto UDP (17), length 1500)"
1779594333.137459,,,UDP,31,"1779594333.137459 IP (tos 0x0, ttl 64, id 15219, offset 0, flags [DF], proto UDP (17), length 31)"
1779594333.138173,,,UDP,31,"1779594333.138173 IP (tos 0x0, ttl 64, id 15220, offset 0, flags [DF], proto UDP (17), length 31)"
1779594333.138354,,,UDP,1500,"1779594333.138354 IP (tos 0x0, ttl 64, id 41260, offset 0, flags [+], proto UDP (17), length 1500)"
1779594333.139054,,,UDP,1500,"1779594333.139054 IP (tos 0x0, ttl 64, id 41261, offset 0, flags [+], proto UDP (17), length 1500)"
1779594333.184765,,,UDP,31,"1779594333.184765 IP (tos 0x0, ttl 64, id 15225, offset 0, flags [DF], proto UDP (17), length 31)"
1779594333.185337,,,UDP,31,"1779594333.185337 IP (tos 0x0, ttl 64, id 15226, offset 0, flags [DF], proto UDP (17), length 31)"
1779594333.186514,,,UDP,31,"1779594333.186514 IP (tos 0x0, ttl 64, id 15228, offset 0, flags [DF], proto UDP (17), length 31)"
1779594333.186730,,,UDP,1500,"1779594333.186730 IP (tos 0x0, ttl 64, id 41267, offset 0, flags [+], proto UDP (17), length 1500)"
1779594333.187294,,,UDP,31,"1779594333.187294 IP (tos 0x0, ttl 64, id 15229, offset 0, flags [DF], proto UDP (17), length 31)"
1779594333.187844,,,UDP,31,"1779594333.187844 IP (tos 0x0, ttl 64, id 15230, offset 0, flags [DF], proto UDP (17), length 31)"
1779594333.187868,,,UDP,1500,"1779594333.187868 IP (tos 0x0, ttl 64, id 41268, offset 0, flags [+], proto UDP (17), length 1500)"
1779594333.188886,,,UDP,1500,"1779594333.188886 IP (tos 0x0, ttl 64, id 41269, offset 0, flags [+], proto UDP (17), length 1500)"
1779594333.189104,,,UDP,31,"1779594333.189104 IP (tos 0x0, ttl 64, id 15231, offset 0, flags [DF], proto UDP (17), length 31)"
1779594333.189641,,,UDP,31,"1779594333.189641 IP (tos 0x0, ttl 64, id 15232, offset 0, flags [DF], proto UDP (17), length 31)"
1779594333.190005,,,UDP,1500,"1779594333.190005 IP (tos 0x0, ttl 64, id 41270, offset 0, flags [+], proto UDP (17), length 1500)"
1779594333.191109,,,UDP,1500,"1779594333.191109 IP (tos 0x0, ttl 64, id 41271, offset 0, flags [+], proto UDP (17), length 1500)"
1779594333.192311,,,UDP,1500,"1779594333.192311 IP (tos 0x0, ttl 64, id 41272, offset 0, flags [+], proto UDP (17), length 1500)"
1779594333.193310,,,UDP,1500,"1779594333.193310 IP (tos 0x0, ttl 64, id 41273, offset 0, flags [+], proto UDP (17), length 1500)"
1779594333.194307,,,UDP,1500,"1779594333.194307 IP (tos 0x0, ttl 64, id 41274, offset 0, flags [+], proto UDP (17), length 1500)"
1779594333.239092,,,UDP,31,"1779594333.239092 IP (tos 0x0, ttl 64, id 15239, offset 0, flags [DF], proto UDP (17), length 31)"
1779594333.240119,,,UDP,31,"1779594333.240119 IP (tos 0x0, ttl 64, id 15240, offset 0, flags [DF], proto UDP (17), length 31)"
1779594333.240690,,,UDP,1500,"1779594333.240690 IP (tos 0x0, ttl 64, id 41280, offset 0, flags [+], proto UDP (17), length 1500)"
1779594333.242027,,,UDP,31,"1779594333.242027 IP (tos 0x0, ttl 64, id 15242, offset 0, flags [DF], proto UDP (17), length 31)"
1779594333.242331,,,UDP,1500,"1779594333.242331 IP (tos 0x0, ttl 64, id 41281, offset 0, flags [+], proto UDP (17), length 1500)"
1779594333.243546,,,UDP,31,"1779594333.243546 IP (tos 0x0, ttl 64, id 15243, offset 0, flags [DF], proto UDP (17), length 31)"
1779594333.243670,,,UDP,1500,"1779594333.243670 IP (tos 0x0, ttl 64, id 41282, offset 0, flags [+], proto UDP (17), length 1500)"
1779594333.244361,,,UDP,31,"1779594333.244361 IP (tos 0x0, ttl 64, id 15244, offset 0, flags [DF], proto UDP (17), length 31)"
1779594333.244999,,,UDP,1500,"1779594333.244999 IP (tos 0x0, ttl 64, id 41283, offset 0, flags [+], proto UDP (17), length 1500)"
1779594333.245411,,,UDP,31,"1779594333.245411 IP (tos 0x0, ttl 64, id 15245, offset 0, flags [DF], proto UDP (17), length 31)"
1779594333.246354,,,UDP,1500,"1779594333.246354 IP (tos 0x0, ttl 64, id 41284, offset 0, flags [+], proto UDP (17), length 1500)"
1779594333.247500,,,UDP,1500,"1779594333.247500 IP (tos 0x0, ttl 64, id 41285, offset 0, flags [+], proto UDP (17), length 1500)"
1779594333.248675,,,UDP,1500,"1779594333.248675 IP (tos 0x0, ttl 64, id 41286, offset 0, flags [+], proto UDP (17), length 1500)"
1779594333.249649,,,UDP,1500,"1779594333.249649 IP (tos 0x0, ttl 64, id 41287, offset 0, flags [+], proto UDP (17), length 1500)"
1779594333.292163,,,UDP,31,"1779594333.292163 IP (tos 0x0, ttl 64, id 15250, offset 0, flags [DF], proto UDP (17), length 31)"
1779594333.293162,,,UDP,1500,"1779594333.293162 IP (tos 0x0, ttl 64, id 41291, offset 0, flags [+], proto UDP (17), length 1500)"
1779594333.293832,,,UDP,31,"1779594333.293832 IP (tos 0x0, ttl 64, id 15251, offset 0, flags [DF], proto UDP (17), length 31)"
1779594333.294741,,,UDP,1500,"1779594333.294741 IP (tos 0x0, ttl 64, id 41292, offset 0, flags [+], proto UDP (17), length 1500)"
1779594333.294742,,,UDP,31,"1779594333.294742 IP (tos 0x0, ttl 64, id 15252, offset 0, flags [DF], proto UDP (17), length 31)"
1779594333.295341,,,UDP,1500,"1779594333.295341 IP (tos 0x0, ttl 64, id 41293, offset 0, flags [+], proto UDP (17), length 1500)"
1779594333.296053,,,UDP,31,"1779594333.296053 IP (tos 0x0, ttl 64, id 15253, offset 0, flags [DF], proto UDP (17), length 31)"
1779594333.296870,,,UDP,1500,"1779594333.296870 IP (tos 0x0, ttl 64, id 41294, offset 0, flags [+], proto UDP (17), length 1500)"
1779594333.297324,,,UDP,31,"1779594333.297324 IP (tos 0x0, ttl 64, id 15254, offset 0, flags [DF], proto UDP (17), length 31)"
1779594333.297933,,,UDP,1500,"1779594333.297933 IP (tos 0x0, ttl 64, id 41295, offset 0, flags [+], proto UDP (17), length 1500)"
1779594333.298438,,,UDP,31,"1779594333.298438 IP (tos 0x0, ttl 64, id 15255, offset 0, flags [DF], proto UDP (17), length 31)"
1779594333.298975,,,UDP,1500,"1779594333.298975 IP (tos 0x0, ttl 64, id 41296, offset 0, flags [+], proto UDP (17), length 1500)"
1779594333.299478,,,UDP,31,"1779594333.299478 IP (tos 0x0, ttl 64, id 15256, offset 0, flags [DF], proto UDP (17), length 31)"
1779594333.300101,,,UDP,1500,"1779594333.300101 IP (tos 0x0, ttl 64, id 41297, offset 0, flags [+], proto UDP (17), length 1500)"
1779594333.300304,,,UDP,31,"1779594333.300304 IP (tos 0x0, ttl 64, id 15257, offset 0, flags [DF], proto UDP (17), length 31)"
1779594333.300831,,,UDP,1500,"1779594333.300831 IP (tos 0x0, ttl 64, id 41298, offset 0, flags [+], proto UDP (17), length 1500)"
1779594333.344381,,,UDP,31,"1779594333.344381 IP (tos 0x0, ttl 64, id 15262, offset 0, flags [DF], proto UDP (17), length 31)"
1779594333.345354,,,UDP,31,"1779594333.345354 IP (tos 0x0, ttl 64, id 15263, offset 0, flags [DF], proto UDP (17), length 31)"
1779594333.345994,,,UDP,1500,"1779594333.345994 IP (tos 0x0, ttl 64, id 41302, offset 0, flags [+], proto UDP (17), length 1500)"
1779594333.347333,,,UDP,1500,"1779594333.347333 IP (tos 0x0, ttl 64, id 41303, offset 0, flags [+], proto UDP (17), length 1500)"
1779594333.348467,,,UDP,31,"1779594333.348467 IP (tos 0x0, ttl 64, id 15266, offset 0, flags [DF], proto UDP (17), length 31)"
1779594333.349304,,,UDP,1500,"1779594333.349304 IP (tos 0x0, ttl 64, id 41304, offset 0, flags [+], proto UDP (17), length 1500)"
1779594333.349389,,,UDP,31,"1779594333.349389 IP (tos 0x0, ttl 64, id 15267, offset 0, flags [DF], proto UDP (17), length 31)"
1779594333.349972,,,UDP,1500,"1779594333.349972 IP (tos 0x0, ttl 64, id 41305, offset 0, flags [+], proto UDP (17), length 1500)"
1779594333.350503,,,UDP,31,"1779594333.350503 IP (tos 0x0, ttl 64, id 15268, offset 0, flags [DF], proto UDP (17), length 31)"
1779594333.350713,,,UDP,1500,"1779594333.350713 IP (tos 0x0, ttl 64, id 41306, offset 0, flags [+], proto UDP (17), length 1500)"
1779594333.351287,,,UDP,31,"1779594333.351287 IP (tos 0x0, ttl 64, id 15269, offset 0, flags [DF], proto UDP (17), length 31)"
1779594333.351479,,,UDP,1500,"1779594333.351479 IP (tos 0x0, ttl 64, id 41307, offset 0, flags [+], proto UDP (17), length 1500)"
1779594333.352559,,,UDP,1500,"1779594333.352559 IP (tos 0x0, ttl 64, id 41308, offset 0, flags [+], proto UDP (17), length 1500)"
1779594333.353453,,,UDP,1500,"1779594333.353453 IP (tos 0x0, ttl 64, id 41309, offset 0, flags [+], proto UDP (17), length 1500)"
1779594333.397483,,,UDP,31,"1779594333.397483 IP (tos 0x0, ttl 64, id 15277, offset 0, flags [DF], proto UDP (17), length 31)"
1779594333.398338,,,UDP,31,"1779594333.398338 IP (tos 0x0, ttl 64, id 15278, offset 0, flags [DF], proto UDP (17), length 31)"
1779594333.399409,,,UDP,1500,"1779594333.399409 IP (tos 0x0, ttl 64, id 41321, offset 0, flags [+], proto UDP (17), length 1500)"
1779594333.400069,,,UDP,31,"1779594333.400069 IP (tos 0x0, ttl 64, id 15279, offset 0, flags [DF], proto UDP (17), length 31)"
1779594333.400716,,,UDP,31,"1779594333.400716 IP (tos 0x0, ttl 64, id 15280, offset 0, flags [DF], proto UDP (17), length 31)"
1779594333.401103,,,UDP,1500,"1779594333.401103 IP (tos 0x0, ttl 64, id 41322, offset 0, flags [+], proto UDP (17), length 1500)"
1779594333.401451,,,UDP,31,"1779594333.401451 IP (tos 0x0, ttl 64, id 15281, offset 0, flags [DF], proto UDP (17), length 31)"
1779594333.402323,,,UDP,31,"1779594333.402323 IP (tos 0x0, ttl 64, id 15282, offset 0, flags [DF], proto UDP (17), length 31)"
1779594333.402369,,,UDP,1500,"1779594333.402369 IP (tos 0x0, ttl 64, id 41323, offset 0, flags [+], proto UDP (17), length 1500)"
1779594333.403251,,,UDP,31,"1779594333.403251 IP (tos 0x0, ttl 64, id 15283, offset 0, flags [DF], proto UDP (17), length 31)"
1779594333.403670,,,UDP,1500,"1779594333.403670 IP (tos 0x0, ttl 64, id 41324, offset 0, flags [+], proto UDP (17), length 1500)"
1779594333.404054,,,UDP,31,"1779594333.404054 IP (tos 0x0, ttl 64, id 15284, offset 0, flags [DF], proto UDP (17), length 31)"
1779594333.404928,,,UDP,1500,"1779594333.404928 IP (tos 0x0, ttl 64, id 41325, offset 0, flags [+], proto UDP (17), length 1500)"
1779594333.406267,,,UDP,1500,"1779594333.406267 IP (tos 0x0, ttl 64, id 41326, offset 0, flags [+], proto UDP (17), length 1500)"
1779594333.407658,,,UDP,1500,"1779594333.407658 IP (tos 0x0, ttl 64, id 41327, offset 0, flags [+], proto UDP (17), length 1500)"
1779594333.409092,,,UDP,1500,"1779594333.409092 IP (tos 0x0, ttl 64, id 41328, offset 0, flags [+], proto UDP (17), length 1500)"
1779594333.450984,,,UDP,31,"1779594333.450984 IP (tos 0x0, ttl 64, id 15294, offset 0, flags [DF], proto UDP (17), length 31)"
1779594333.452097,,,UDP,1500,"1779594333.452097 IP (tos 0x0, ttl 64, id 41338, offset 0, flags [+], proto UDP (17), length 1500)"
1779594333.452527,,,UDP,31,"1779594333.452527 IP (tos 0x0, ttl 64, id 15295, offset 0, flags [DF], proto UDP (17), length 31)"
1779594333.453364,,,UDP,1500,"1779594333.453364 IP (tos 0x0, ttl 64, id 41339, offset 0, flags [+], proto UDP (17), length 1500)"
1779594333.453702,,,UDP,31,"1779594333.453702 IP (tos 0x0, ttl 64, id 15296, offset 0, flags [DF], proto UDP (17), length 31)"
1779594333.454224,,,UDP,1500,"1779594333.454224 IP (tos 0x0, ttl 64, id 41340, offset 0, flags [+], proto UDP (17), length 1500)"
1779594333.456292,,,UDP,31,"1779594333.456292 IP (tos 0x0, ttl 64, id 15298, offset 0, flags [DF], proto UDP (17), length 31)"
1779594333.457253,,,UDP,1500,"1779594333.457253 IP (tos 0x0, ttl 64, id 41341, offset 0, flags [+], proto UDP (17), length 1500)"
1779594333.457394,,,UDP,31,"1779594333.457394 IP (tos 0x0, ttl 64, id 15299, offset 0, flags [DF], proto UDP (17), length 31)"
1779594333.457910,,,UDP,1500,"1779594333.457910 IP (tos 0x0, ttl 64, id 41342, offset 0, flags [+], proto UDP (17), length 1500)"
1779594333.458456,,,UDP,1500,"1779594333.458456 IP (tos 0x0, ttl 64, id 41343, offset 0, flags [+], proto UDP (17), length 1500)"
1779594333.458692,,,UDP,31,"1779594333.458692 IP (tos 0x0, ttl 64, id 15300, offset 0, flags [DF], proto UDP (17), length 31)"
1779594333.459292,,,UDP,1500,"1779594333.459292 IP (tos 0x0, ttl 64, id 41344, offset 0, flags [+], proto UDP (17), length 1500)"
1779594333.460290,,,UDP,31,"1779594333.460290 IP (tos 0x0, ttl 64, id 15301, offset 0, flags [DF], proto UDP (17), length 31)"
1779594333.460942,,,UDP,1500,"1779594333.460942 IP (tos 0x0, ttl 64, id 41345, offset 0, flags [+], proto UDP (17), length 1500)"
1779594333.503052,,,UDP,31,"1779594333.503052 IP (tos 0x0, ttl 64, id 15302, offset 0, flags [DF], proto UDP (17), length 31)"
1779594333.504010,,,UDP,31,"1779594333.504010 IP (tos 0x0, ttl 64, id 15303, offset 0, flags [DF], proto UDP (17), length 31)"
1779594333.504697,,,UDP,31,"1779594333.504697 IP (tos 0x0, ttl 64, id 15304, offset 0, flags [DF], proto UDP (17), length 31)"
1779594333.504718,,,UDP,1500,"1779594333.504718 IP (tos 0x0, ttl 64, id 41348, offset 0, flags [+], proto UDP (17), length 1500)"
1779594333.506038,,,UDP,1500,"1779594333.506038 IP (tos 0x0, ttl 64, id 41349, offset 0, flags [+], proto UDP (17), length 1500)"
1779594333.507724,,,UDP,1500,"1779594333.507724 IP (tos 0x0, ttl 64, id 41350, offset 0, flags [+], proto UDP (17), length 1500)"
1779594333.508242,,,UDP,31,"1779594333.508242 IP (tos 0x0, ttl 64, id 15305, offset 0, flags [DF], proto UDP (17), length 31)"
1779594333.508664,,,UDP,31,"1779594333.508664 IP (tos 0x0, ttl 64, id 15306, offset 0, flags [DF], proto UDP (17), length 31)"
1779594333.509084,,,UDP,31,"1779594333.509084 IP (tos 0x0, ttl 64, id 15307, offset 0, flags [DF], proto UDP (17), length 31)"
1779594333.509897,,,UDP,31,"1779594333.509897 IP (tos 0x0, ttl 64, id 15308, offset 0, flags [DF], proto UDP (17), length 31)"
1779594333.510179,,,UDP,1500,"1779594333.510179 IP (tos 0x0, ttl 64, id 41351, offset 0, flags [+], proto UDP (17), length 1500)"
1779594333.511290,,,UDP,1500,"1779594333.511290 IP (tos 0x0, ttl 64, id 41352, offset 0, flags [+], proto UDP (17), length 1500)"
1779594333.511543,,,UDP,31,"1779594333.511543 IP (tos 0x0, ttl 64, id 15309, offset 0, flags [DF], proto UDP (17), length 31)"
1779594333.512199,,,UDP,1500,"1779594333.512199 IP (tos 0x0, ttl 64, id 41353, offset 0, flags [+], proto UDP (17), length 1500)"
1779594333.513108,,,UDP,1500,"1779594333.513108 IP (tos 0x0, ttl 64, id 41354, offset 0, flags [+], proto UDP (17), length 1500)"
1779594333.513841,,,UDP,1500,"1779594333.513841 IP (tos 0x0, ttl 64, id 41355, offset 0, flags [+], proto UDP (17), length 1500)"
1779594333.556091,,,UDP,31,"1779594333.556091 IP (tos 0x0, ttl 64, id 15319, offset 0, flags [DF], proto UDP (17), length 31)"
1779594333.558087,,,UDP,1500,"1779594333.558087 IP (tos 0x0, ttl 64, id 41359, offset 0, flags [+], proto UDP (17), length 1500)"
1779594333.559381,,,UDP,31,"1779594333.559381 IP (tos 0x0, ttl 64, id 15321, offset 0, flags [DF], proto UDP (17), length 31)"
1779594333.560975,,,UDP,1500,"1779594333.560975 IP (tos 0x0, ttl 64, id 41360, offset 0, flags [+], proto UDP (17), length 1500)"
1779594333.561138,,,UDP,31,"1779594333.561138 IP (tos 0x0, ttl 64, id 15322, offset 0, flags [DF], proto UDP (17), length 31)"
1779594333.562229,,,UDP,31,"1779594333.562229 IP (tos 0x0, ttl 64, id 15323, offset 0, flags [DF], proto UDP (17), length 31)"
1779594333.562694,,,UDP,1500,"1779594333.562694 IP (tos 0x0, ttl 64, id 41361, offset 0, flags [+], proto UDP (17), length 1500)"
1779594333.562830,,,UDP,31,"1779594333.562830 IP (tos 0x0, ttl 64, id 15324, offset 0, flags [DF], proto UDP (17), length 31)"
1779594333.563851,,,UDP,31,"1779594333.563851 IP (tos 0x0, ttl 64, id 15325, offset 0, flags [DF], proto UDP (17), length 31)"
1779594333.564050,,,UDP,1500,"1779594333.564050 IP (tos 0x0, ttl 64, id 41362, offset 0, flags [+], proto UDP (17), length 1500)"
1779594333.564632,,,UDP,31,"1779594333.564632 IP (tos 0x0, ttl 64, id 15326, offset 0, flags [DF], proto UDP (17), length 31)"
1779594333.565259,,,UDP,1500,"1779594333.565259 IP (tos 0x0, ttl 64, id 41363, offset 0, flags [+], proto UDP (17), length 1500)"
1779594333.566717,,,UDP,1500,"1779594333.566717 IP (tos 0x0, ttl 64, id 41364, offset 0, flags [+], proto UDP (17), length 1500)"
1779594333.568057,,,UDP,1500,"1779594333.568057 IP (tos 0x0, ttl 64, id 41365, offset 0, flags [+], proto UDP (17), length 1500)"
1779594333.569333,,,UDP,1500,"1779594333.569333 IP (tos 0x0, ttl 64, id 41366, offset 0, flags [+], proto UDP (17), length 1500)"
1779594333.609856,,,UDP,31,"1779594333.609856 IP (tos 0x0, ttl 64, id 15328, offset 0, flags [DF], proto UDP (17), length 31)"
1779594333.611033,,,UDP,1500,"1779594333.611033 IP (tos 0x0, ttl 64, id 41369, offset 0, flags [+], proto UDP (17), length 1500)"
1779594333.612490,,,UDP,31,"1779594333.612490 IP (tos 0x0, ttl 64, id 15329, offset 0, flags [DF], proto UDP (17), length 31)"
1779594333.613402,,,UDP,1500,"1779594333.613402 IP (tos 0x0, ttl 64, id 41370, offset 0, flags [+], proto UDP (17), length 1500)"
1779594333.613876,,,UDP,31,"1779594333.613876 IP (tos 0x0, ttl 64, id 15330, offset 0, flags [DF], proto UDP (17), length 31)"
1779594333.614858,,,UDP,1500,"1779594333.614858 IP (tos 0x0, ttl 64, id 41371, offset 0, flags [+], proto UDP (17), length 1500)"
1779594333.615178,,,UDP,31,"1779594333.615178 IP (tos 0x0, ttl 64, id 15331, offset 0, flags [DF], proto UDP (17), length 31)"
1779594333.615966,,,UDP,1500,"1779594333.615966 IP (tos 0x0, ttl 64, id 41372, offset 0, flags [+], proto UDP (17), length 1500)"
1779594333.616211,,,UDP,31,"1779594333.616211 IP (tos 0x0, ttl 64, id 15332, offset 0, flags [DF], proto UDP (17), length 31)"
1779594333.616884,,,UDP,1500,"1779594333.616884 IP (tos 0x0, ttl 64, id 41373, offset 0, flags [+], proto UDP (17), length 1500)"
1779594333.617964,,,UDP,31,"1779594333.617964 IP (tos 0x0, ttl 64, id 15333, offset 0, flags [DF], proto UDP (17), length 31)"
1779594333.618890,,,UDP,1500,"1779594333.618890 IP (tos 0x0, ttl 64, id 41374, offset 0, flags [+], proto UDP (17), length 1500)"
1779594333.619079,,,UDP,31,"1779594333.619079 IP (tos 0x0, ttl 64, id 15334, offset 0, flags [DF], proto UDP (17), length 31)"
1779594333.619880,,,UDP,1500,"1779594333.619880 IP (tos 0x0, ttl 64, id 41375, offset 0, flags [+], proto UDP (17), length 1500)"
1779594333.661807,,,UDP,31,"1779594333.661807 IP (tos 0x0, ttl 64, id 15344, offset 0, flags [DF], proto UDP (17), length 31)"
1779594333.662490,,,UDP,1500,"1779594333.662490 IP (tos 0x0, ttl 64, id 41377, offset 0, flags [+], proto UDP (17), length 1500)"
1779594333.662985,,,UDP,1500,"1779594333.662985 IP (tos 0x0, ttl 64, id 41378, offset 0, flags [+], proto UDP (17), length 1500)"
1779594333.664065,,,UDP,31,"1779594333.664065 IP (tos 0x0, ttl 64, id 15345, offset 0, flags [DF], proto UDP (17), length 31)"
1779594333.664666,,,UDP,1500,"1779594333.664666 IP (tos 0x0, ttl 64, id 41379, offset 0, flags [+], proto UDP (17), length 1500)"
1779594333.665479,,,UDP,31,"1779594333.665479 IP (tos 0x0, ttl 64, id 15346, offset 0, flags [DF], proto UDP (17), length 31)"
1779594333.665981,,,UDP,1500,"1779594333.665981 IP (tos 0x0, ttl 64, id 41380, offset 0, flags [+], proto UDP (17), length 1500)"
1779594333.667599,,,UDP,31,"1779594333.667599 IP (tos 0x0, ttl 64, id 15348, offset 0, flags [DF], proto UDP (17), length 31)"
1779594333.668324,,,UDP,1500,"1779594333.668324 IP (tos 0x0, ttl 64, id 41381, offset 0, flags [+], proto UDP (17), length 1500)"
1779594333.668837,,,UDP,1500,"1779594333.668837 IP (tos 0x0, ttl 64, id 41382, offset 0, flags [+], proto UDP (17), length 1500)"
1779594333.670460,,,UDP,31,"1779594333.670460 IP (tos 0x0, ttl 64, id 15350, offset 0, flags [DF], proto UDP (17), length 31)"
1779594333.671088,,,UDP,1500,"1779594333.671088 IP (tos 0x0, ttl 64, id 41383, offset 0, flags [+], proto UDP (17), length 1500)"
1779594333.671724,,,UDP,1500,"1779594333.671724 IP (tos 0x0, ttl 64, id 41384, offset 0, flags [+], proto UDP (17), length 1500)"
1779594333.713087,,,UDP,31,"1779594333.713087 IP (tos 0x0, ttl 64, id 15358, offset 0, flags [DF], proto UDP (17), length 31)"
1779594333.713403,,,UDP,31,"1779594333.713403 IP (tos 0x0, ttl 64, id 15359, offset 0, flags [DF], proto UDP (17), length 31)"
1779594333.713827,,,UDP,1500,"1779594333.713827 IP (tos 0x0, ttl 64, id 41389, offset 0, flags [+], proto UDP (17), length 1500)"
1779594333.714609,,,UDP,1500,"1779594333.714609 IP (tos 0x0, ttl 64, id 41390, offset 0, flags [+], proto UDP (17), length 1500)"
1779594333.715184,,,UDP,31,"1779594333.715184 IP (tos 0x0, ttl 64, id 15360, offset 0, flags [DF], proto UDP (17), length 31)"
1779594333.715746,,,UDP,1500,"1779594333.715746 IP (tos 0x0, ttl 64, id 41391, offset 0, flags [+], proto UDP (17), length 1500)"
1779594333.716803,,,UDP,31,"1779594333.716803 IP (tos 0x0, ttl 64, id 15361, offset 0, flags [DF], proto UDP (17), length 31)"
1779594333.717306,,,UDP,1500,"1779594333.717306 IP (tos 0x0, ttl 64, id 41392, offset 0, flags [+], proto UDP (17), length 1500)"
1779594333.718926,,,UDP,31,"1779594333.718926 IP (tos 0x0, ttl 64, id 15362, offset 0, flags [DF], proto UDP (17), length 31)"
1779594333.719369,,,UDP,1500,"1779594333.719369 IP (tos 0x0, ttl 64, id 41393, offset 0, flags [+], proto UDP (17), length 1500)"
1779594333.719496,,,UDP,31,"1779594333.719496 IP (tos 0x0, ttl 64, id 15363, offset 0, flags [DF], proto UDP (17), length 31)"
1779594333.719931,,,UDP,1500,"1779594333.719931 IP (tos 0x0, ttl 64, id 41394, offset 0, flags [+], proto UDP (17), length 1500)"
1779594333.722260,,,UDP,31,"1779594333.722260 IP (tos 0x0, ttl 64, id 15365, offset 0, flags [DF], proto UDP (17), length 31)"
1779594333.722888,,,UDP,1500,"1779594333.722888 IP (tos 0x0, ttl 64, id 41395, offset 0, flags [+], proto UDP (17), length 1500)"
1779594333.723331,,,UDP,1500,"1779594333.723331 IP (tos 0x0, ttl 64, id 41396, offset 0, flags [+], proto UDP (17), length 1500)"
1779594333.764647,,,UDP,31,"1779594333.764647 IP (tos 0x0, ttl 64, id 15366, offset 0, flags [DF], proto UDP (17), length 31)"
1779594333.765137,,,UDP,31,"1779594333.765137 IP (tos 0x0, ttl 64, id 15367, offset 0, flags [DF], proto UDP (17), length 31)"
1779594333.766191,,,UDP,31,"1779594333.766191 IP (tos 0x0, ttl 64, id 15368, offset 0, flags [DF], proto UDP (17), length 31)"
1779594333.766248,,,UDP,1500,"1779594333.766248 IP (tos 0x0, ttl 64, id 41397, offset 0, flags [+], proto UDP (17), length 1500)"
1779594333.767404,,,UDP,1500,"1779594333.767404 IP (tos 0x0, ttl 64, id 41398, offset 0, flags [+], proto UDP (17), length 1500)"
1779594333.767788,,,UDP,31,"1779594333.767788 IP (tos 0x0, ttl 64, id 15369, offset 0, flags [DF], proto UDP (17), length 31)"
1779594333.768505,,,UDP,1500,"1779594333.768505 IP (tos 0x0, ttl 64, id 41399, offset 0, flags [+], proto UDP (17), length 1500)"
1779594333.769739,,,UDP,31,"1779594333.769739 IP (tos 0x0, ttl 64, id 15370, offset 0, flags [DF], proto UDP (17), length 31)"
1779594333.769752,,,UDP,1500,"1779594333.769752 IP (tos 0x0, ttl 64, id 41400, offset 0, flags [+], proto UDP (17), length 1500)"
1779594333.770355,,,UDP,31,"1779594333.770355 IP (tos 0x0, ttl 64, id 15371, offset 0, flags [DF], proto UDP (17), length 31)"
1779594333.770954,,,UDP,1500,"1779594333.770954 IP (tos 0x0, ttl 64, id 41401, offset 0, flags [+], proto UDP (17), length 1500)"
1779594333.772022,,,UDP,1500,"1779594333.772022 IP (tos 0x0, ttl 64, id 41402, offset 0, flags [+], proto UDP (17), length 1500)"
1779594333.773540,,,UDP,31,"1779594333.773540 IP (tos 0x0, ttl 64, id 15372, offset 0, flags [DF], proto UDP (17), length 31)"
1779594333.773664,,,UDP,31,"1779594333.773664 IP (tos 0x0, ttl 64, id 15373, offset 0, flags [DF], proto UDP (17), length 31)"
1779594333.774954,,,UDP,1500,"1779594333.774954 IP (tos 0x0, ttl 64, id 41403, offset 0, flags [+], proto UDP (17), length 1500)"
1779594333.776416,,,UDP,1500,"1779594333.776416 IP (tos 0x0, ttl 64, id 41404, offset 0, flags [+], proto UDP (17), length 1500)"
1779594333.817793,,,UDP,31,"1779594333.817793 IP (tos 0x0, ttl 64, id 15374, offset 0, flags [DF], proto UDP (17), length 31)"
1779594333.818668,,,UDP,31,"1779594333.818668 IP (tos 0x0, ttl 64, id 15375, offset 0, flags [DF], proto UDP (17), length 31)"
1779594333.819585,,,UDP,1500,"1779594333.819585 IP (tos 0x0, ttl 64, id 41406, offset 0, flags [+], proto UDP (17), length 1500)"
1779594333.819961,,,UDP,31,"1779594333.819961 IP (tos 0x0, ttl 64, id 15376, offset 0, flags [DF], proto UDP (17), length 31)"
1779594333.820759,,,UDP,31,"1779594333.820759 IP (tos 0x0, ttl 64, id 15377, offset 0, flags [DF], proto UDP (17), length 31)"
1779594333.820876,,,UDP,1500,"1779594333.820876 IP (tos 0x0, ttl 64, id 41407, offset 0, flags [+], proto UDP (17), length 1500)"
1779594333.821940,,,UDP,1500,"1779594333.821940 IP (tos 0x0, ttl 64, id 41408, offset 0, flags [+], proto UDP (17), length 1500)"
1779594333.822062,,,UDP,31,"1779594333.822062 IP (tos 0x0, ttl 64, id 15378, offset 0, flags [DF], proto UDP (17), length 31)"
1779594333.823030,,,UDP,31,"1779594333.823030 IP (tos 0x0, ttl 64, id 15379, offset 0, flags [DF], proto UDP (17), length 31)"
1779594333.823357,,,UDP,1500,"1779594333.823357 IP (tos 0x0, ttl 64, id 41409, offset 0, flags [+], proto UDP (17), length 1500)"
1779594333.824480,,,UDP,1500,"1779594333.824480 IP (tos 0x0, ttl 64, id 41410, offset 0, flags [+], proto UDP (17), length 1500)"
1779594333.825809,,,UDP,1500,"1779594333.825809 IP (tos 0x0, ttl 64, id 41411, offset 0, flags [+], proto UDP (17), length 1500)"
1779594333.826153,,,UDP,31,"1779594333.826153 IP (tos 0x0, ttl 64, id 15380, offset 0, flags [DF], proto UDP (17), length 31)"
1779594333.827586,,,UDP,31,"1779594333.827586 IP (tos 0x0, ttl 64, id 15381, offset 0, flags [DF], proto UDP (17), length 31)"
1779594333.827637,,,UDP,1500,"1779594333.827637 IP (tos 0x0, ttl 64, id 41412, offset 0, flags [+], proto UDP (17), length 1500)"
1779594333.828810,,,UDP,1500,"1779594333.828810 IP (tos 0x0, ttl 64, id 41413, offset 0, flags [+], proto UDP (17), length 1500)"
1779594333.871088,,,UDP,31,"1779594333.871088 IP (tos 0x0, ttl 64, id 15392, offset 0, flags [DF], proto UDP (17), length 31)"
1779594333.872036,,,UDP,31,"1779594333.872036 IP (tos 0x0, ttl 64, id 15393, offset 0, flags [DF], proto UDP (17), length 31)"
1779594333.872698,,,UDP,1500,"1779594333.872698 IP (tos 0x0, ttl 64, id 41414, offset 0, flags [+], proto UDP (17), length 1500)"
1779594333.873185,,,UDP,31,"1779594333.873185 IP (tos 0x0, ttl 64, id 15394, offset 0, flags [DF], proto UDP (17), length 31)"
1779594333.874690,,,UDP,31,"1779594333.874690 IP (tos 0x0, ttl 64, id 15395, offset 0, flags [DF], proto UDP (17), length 31)"
1779594333.875609,,,UDP,31,"1779594333.875609 IP (tos 0x0, ttl 64, id 15396, offset 0, flags [DF], proto UDP (17), length 31)"
1779594333.877300,,,UDP,31,"1779594333.877300 IP (tos 0x0, ttl 64, id 15397, offset 0, flags [DF], proto UDP (17), length 31)"
1779594333.878779,,,UDP,31,"1779594333.878779 IP (tos 0x0, ttl 64, id 15398, offset 0, flags [DF], proto UDP (17), length 31)"
1779594333.880112,,,UDP,31,"1779594333.880112 IP (tos 0x0, ttl 64, id 15399, offset 0, flags [DF], proto UDP (17), length 31)"
1779594333.924183,,,UDP,31,"1779594333.924183 IP (tos 0x0, ttl 64, id 15402, offset 0, flags [DF], proto UDP (17), length 31)"
1779594333.926047,,,UDP,34,"1779594333.926047 IP (tos 0x0, ttl 64, id 41421, offset 0, flags [DF], proto UDP (17), length 34)"
1779594333.976508,,,UDP,35,"1779594333.976508 IP (tos 0x0, ttl 64, id 15405, offset 0, flags [DF], proto UDP (17), length 35)"
1779594334.091159,,,UDP,63,"1779594334.091159 IP (tos 0x0, ttl 64, id 41437, offset 0, flags [DF], proto UDP (17), length 63)"
1779594334.141473,,,UDP,36,"1779594334.141473 IP (tos 0x0, ttl 64, id 15417, offset 0, flags [DF], proto UDP (17), length 36)"
1779594334.142998,,,UDP,1500,"1779594334.142998 IP (tos 0x0, ttl 64, id 41449, offset 0, flags [+], proto UDP (17), length 1500)"
1779594334.144248,,,UDP,1500,"1779594334.144248 IP (tos 0x0, ttl 64, id 41450, offset 0, flags [+], proto UDP (17), length 1500)"
1779594334.145282,,,UDP,1500,"1779594334.145282 IP (tos 0x0, ttl 64, id 41451, offset 0, flags [+], proto UDP (17), length 1500)"
1779594334.146140,,,UDP,1500,"1779594334.146140 IP (tos 0x0, ttl 64, id 41452, offset 0, flags [+], proto UDP (17), length 1500)"
1779594334.146772,,,UDP,1500,"1779594334.146772 IP (tos 0x0, ttl 64, id 41453, offset 0, flags [+], proto UDP (17), length 1500)"
1779594334.147270,,,UDP,1500,"1779594334.147270 IP (tos 0x0, ttl 64, id 41454, offset 0, flags [+], proto UDP (17), length 1500)"
1779594334.147819,,,UDP,1500,"1779594334.147819 IP (tos 0x0, ttl 64, id 41455, offset 0, flags [+], proto UDP (17), length 1500)"
1779594334.148364,,,UDP,1500,"1779594334.148364 IP (tos 0x0, ttl 64, id 41456, offset 0, flags [+], proto UDP (17), length 1500)"
1779594334.193573,,,UDP,29,"1779594334.193573 IP (tos 0x0, ttl 64, id 15418, offset 0, flags [DF], proto UDP (17), length 29)"
1779594334.195317,,,UDP,1500,"1779594334.195317 IP (tos 0x0, ttl 64, id 41457, offset 0, flags [+], proto UDP (17), length 1500)"
1779594334.196326,,,UDP,29,"1779594334.196326 IP (tos 0x0, ttl 64, id 15420, offset 0, flags [DF], proto UDP (17), length 29)"
1779594334.196758,,,UDP,29,"1779594334.196758 IP (tos 0x0, ttl 64, id 15421, offset 0, flags [DF], proto UDP (17), length 29)"
1779594334.197300,,,UDP,29,"1779594334.197300 IP (tos 0x0, ttl 64, id 15422, offset 0, flags [DF], proto UDP (17), length 29)"
1779594334.197565,,,UDP,1500,"1779594334.197565 IP (tos 0x0, ttl 64, id 41458, offset 0, flags [+], proto UDP (17), length 1500)"
1779594334.198294,,,UDP,29,"1779594334.198294 IP (tos 0x0, ttl 64, id 15424, offset 0, flags [DF], proto UDP (17), length 29)"
1779594334.198920,,,UDP,1500,"1779594334.198920 IP (tos 0x0, ttl 64, id 41459, offset 0, flags [+], proto UDP (17), length 1500)"
1779594334.199096,,,UDP,29,"1779594334.199096 IP (tos 0x0, ttl 64, id 15425, offset 0, flags [DF], proto UDP (17), length 29)"
1779594334.200031,,,UDP,1500,"1779594334.200031 IP (tos 0x0, ttl 64, id 41460, offset 0, flags [+], proto UDP (17), length 1500)"
1779594334.201075,,,UDP,1500,"1779594334.201075 IP (tos 0x0, ttl 64, id 41461, offset 0, flags [+], proto UDP (17), length 1500)"
1779594334.202086,,,UDP,1500,"1779594334.202086 IP (tos 0x0, ttl 64, id 41462, offset 0, flags [+], proto UDP (17), length 1500)"
1779594334.203027,,,UDP,1500,"1779594334.203027 IP (tos 0x0, ttl 64, id 41463, offset 0, flags [+], proto UDP (17), length 1500)"
1779594334.203940,,,UDP,1500,"1779594334.203940 IP (tos 0x0, ttl 64, id 41464, offset 0, flags [+], proto UDP (17), length 1500)"
1779594334.246911,,,UDP,29,"1779594334.246911 IP (tos 0x0, ttl 64, id 15432, offset 0, flags [DF], proto UDP (17), length 29)"
1779594334.248598,,,UDP,29,"1779594334.248598 IP (tos 0x0, ttl 64, id 15433, offset 0, flags [DF], proto UDP (17), length 29)"
1779594334.248661,,,UDP,1500,"1779594334.248661 IP (tos 0x0, ttl 64, id 41475, offset 0, flags [+], proto UDP (17), length 1500)"
1779594334.249979,,,UDP,30,"1779594334.249979 IP (tos 0x0, ttl 64, id 15434, offset 0, flags [DF], proto UDP (17), length 30)"
1779594334.249980,,,UDP,1500,"1779594334.249980 IP (tos 0x0, ttl 64, id 41476, offset 0, flags [+], proto UDP (17), length 1500)"
1779594334.251158,,,UDP,30,"1779594334.251158 IP (tos 0x0, ttl 64, id 15435, offset 0, flags [DF], proto UDP (17), length 30)"
1779594334.251360,,,UDP,1500,"1779594334.251360 IP (tos 0x0, ttl 64, id 41477, offset 0, flags [+], proto UDP (17), length 1500)"
1779594334.252207,,,UDP,30,"1779594334.252207 IP (tos 0x0, ttl 64, id 15436, offset 0, flags [DF], proto UDP (17), length 30)"
1779594334.252498,,,UDP,1500,"1779594334.252498 IP (tos 0x0, ttl 64, id 41478, offset 0, flags [+], proto UDP (17), length 1500)"
1779594334.253621,,,UDP,1500,"1779594334.253621 IP (tos 0x0, ttl 64, id 41479, offset 0, flags [+], proto UDP (17), length 1500)"
1779594334.253755,,,UDP,30,"1779594334.253755 IP (tos 0x0, ttl 64, id 15438, offset 0, flags [DF], proto UDP (17), length 30)"
1779594334.254748,,,UDP,30,"1779594334.254748 IP (tos 0x0, ttl 64, id 15439, offset 0, flags [DF], proto UDP (17), length 30)"
1779594334.254932,,,UDP,1500,"1779594334.254932 IP (tos 0x0, ttl 64, id 41480, offset 0, flags [+], proto UDP (17), length 1500)"
1779594334.255904,,,UDP,1500,"1779594334.255904 IP (tos 0x0, ttl 64, id 41481, offset 0, flags [+], proto UDP (17), length 1500)"
1779594334.256998,,,UDP,1500,"1779594334.256998 IP (tos 0x0, ttl 64, id 41482, offset 0, flags [+], proto UDP (17), length 1500)"
1779594334.300360,,,UDP,30,"1779594334.300360 IP (tos 0x0, ttl 64, id 15444, offset 0, flags [DF], proto UDP (17), length 30)"
1779594334.301612,,,UDP,30,"1779594334.301612 IP (tos 0x0, ttl 64, id 15445, offset 0, flags [DF], proto UDP (17), length 30)"
1779594334.302208,,,UDP,1500,"1779594334.302208 IP (tos 0x0, ttl 64, id 41492, offset 0, flags [+], proto UDP (17), length 1500)"
1779594334.302416,,,UDP,30,"1779594334.302416 IP (tos 0x0, ttl 64, id 15446, offset 0, flags [DF], proto UDP (17), length 30)"
1779594334.303536,,,UDP,1500,"1779594334.303536 IP (tos 0x0, ttl 64, id 41493, offset 0, flags [+], proto UDP (17), length 1500)"
1779594334.304621,,,UDP,30,"1779594334.304621 IP (tos 0x0, ttl 64, id 15448, offset 0, flags [DF], proto UDP (17), length 30)"
1779594334.304694,,,UDP,1500,"1779594334.304694 IP (tos 0x0, ttl 64, id 41494, offset 0, flags [+], proto UDP (17), length 1500)"
1779594334.305915,,,UDP,30,"1779594334.305915 IP (tos 0x0, ttl 64, id 15449, offset 0, flags [DF], proto UDP (17), length 30)"
1779594334.306004,,,UDP,1500,"1779594334.306004 IP (tos 0x0, ttl 64, id 41495, offset 0, flags [+], proto UDP (17), length 1500)"
1779594334.307164,,,UDP,1500,"1779594334.307164 IP (tos 0x0, ttl 64, id 41496, offset 0, flags [+], proto UDP (17), length 1500)"
1779594334.307180,,,UDP,30,"1779594334.307180 IP (tos 0x0, ttl 64, id 15450, offset 0, flags [DF], proto UDP (17), length 30)"
1779594334.307868,,,UDP,30,"1779594334.307868 IP (tos 0x0, ttl 64, id 15451, offset 0, flags [DF], proto UDP (17), length 30)"
1779594334.308540,,,UDP,1500,"1779594334.308540 IP (tos 0x0, ttl 64, id 41497, offset 0, flags [+], proto UDP (17), length 1500)"
1779594334.309859,,,UDP,1500,"1779594334.309859 IP (tos 0x0, ttl 64, id 41498, offset 0, flags [+], proto UDP (17), length 1500)"
1779594334.310905,,,UDP,1500,"1779594334.310905 IP (tos 0x0, ttl 64, id 41499, offset 0, flags [+], proto UDP (17), length 1500)"
1779594334.353645,,,UDP,30,"1779594334.353645 IP (tos 0x0, ttl 64, id 15461, offset 0, flags [DF], proto UDP (17), length 30)"
1779594334.354859,,,UDP,30,"1779594334.354859 IP (tos 0x0, ttl 64, id 15462, offset 0, flags [DF], proto UDP (17), length 30)"
1779594334.355234,,,UDP,1500,"1779594334.355234 IP (tos 0x0, ttl 64, id 41500, offset 0, flags [+], proto UDP (17), length 1500)"
1779594334.355581,,,UDP,30,"1779594334.355581 IP (tos 0x0, ttl 64, id 15463, offset 0, flags [DF], proto UDP (17), length 30)"
1779594334.356406,,,UDP,1500,"1779594334.356406 IP (tos 0x0, ttl 64, id 41501, offset 0, flags [+], proto UDP (17), length 1500)"
1779594334.357087,,,UDP,30,"1779594334.357087 IP (tos 0x0, ttl 64, id 15464, offset 0, flags [DF], proto UDP (17), length 30)"
1779594334.357833,,,UDP,1500,"1779594334.357833 IP (tos 0x0, ttl 64, id 41502, offset 0, flags [+], proto UDP (17), length 1500)"
1779594334.358483,,,UDP,30,"1779594334.358483 IP (tos 0x0, ttl 64, id 15465, offset 0, flags [DF], proto UDP (17), length 30)"
1779594334.359452,,,UDP,1500,"1779594334.359452 IP (tos 0x0, ttl 64, id 41503, offset 0, flags [+], proto UDP (17), length 1500)"
1779594334.359699,,,UDP,30,"1779594334.359699 IP (tos 0x0, ttl 64, id 15466, offset 0, flags [DF], proto UDP (17), length 30)"
1779594334.360512,,,UDP,1500,"1779594334.360512 IP (tos 0x0, ttl 64, id 41504, offset 0, flags [+], proto UDP (17), length 1500)"
1779594334.360740,,,UDP,30,"1779594334.360740 IP (tos 0x0, ttl 64, id 15467, offset 0, flags [DF], proto UDP (17), length 30)"
1779594334.361312,,,UDP,1500,"1779594334.361312 IP (tos 0x0, ttl 64, id 41505, offset 0, flags [+], proto UDP (17), length 1500)"
1779594334.361804,,,UDP,30,"1779594334.361804 IP (tos 0x0, ttl 64, id 15468, offset 0, flags [DF], proto UDP (17), length 30)"
1779594334.362070,,,UDP,1500,"1779594334.362070 IP (tos 0x0, ttl 64, id 41506, offset 0, flags [+], proto UDP (17), length 1500)"
1779594334.363120,,,UDP,1500,"1779594334.363120 IP (tos 0x0, ttl 64, id 41507, offset 0, flags [+], proto UDP (17), length 1500)"
1779594334.406733,,,UDP,30,"1779594334.406733 IP (tos 0x0, ttl 64, id 15469, offset 0, flags [DF], proto UDP (17), length 30)"
1779594334.407610,,,UDP,30,"1779594334.407610 IP (tos 0x0, ttl 64, id 15470, offset 0, flags [DF], proto UDP (17), length 30)"
1779594334.408703,,,UDP,1500,"1779594334.408703 IP (tos 0x0, ttl 64, id 41516, offset 0, flags [+], proto UDP (17), length 1500)"
1779594334.409039,,,UDP,30,"1779594334.409039 IP (tos 0x0, ttl 64, id 15471, offset 0, flags [DF], proto UDP (17), length 30)"
1779594334.409906,,,UDP,1500,"1779594334.409906 IP (tos 0x0, ttl 64, id 41517, offset 0, flags [+], proto UDP (17), length 1500)"
1779594334.410444,,,UDP,30,"1779594334.410444 IP (tos 0x0, ttl 64, id 15472, offset 0, flags [DF], proto UDP (17), length 30)"
1779594334.411140,,,UDP,1500,"1779594334.411140 IP (tos 0x0, ttl 64, id 41518, offset 0, flags [+], proto UDP (17), length 1500)"
1779594334.411587,,,UDP,30,"1779594334.411587 IP (tos 0x0, ttl 64, id 15473, offset 0, flags [DF], proto UDP (17), length 30)"
1779594334.412120,,,UDP,30,"1779594334.412120 IP (tos 0x0, ttl 64, id 15474, offset 0, flags [DF], proto UDP (17), length 30)"
1779594334.412216,,,UDP,1500,"1779594334.412216 IP (tos 0x0, ttl 64, id 41519, offset 0, flags [+], proto UDP (17), length 1500)"
1779594334.412820,,,UDP,30,"1779594334.412820 IP (tos 0x0, ttl 64, id 15475, offset 0, flags [DF], proto UDP (17), length 30)"
1779594334.413129,,,UDP,1500,"1779594334.413129 IP (tos 0x0, ttl 64, id 41520, offset 0, flags [+], proto UDP (17), length 1500)"
1779594334.413763,,,UDP,30,"1779594334.413763 IP (tos 0x0, ttl 64, id 15476, offset 0, flags [DF], proto UDP (17), length 30)"
1779594334.414138,,,UDP,1500,"1779594334.414138 IP (tos 0x0, ttl 64, id 41521, offset 0, flags [+], proto UDP (17), length 1500)"
1779594334.414879,,,UDP,1500,"1779594334.414879 IP (tos 0x0, ttl 64, id 41522, offset 0, flags [+], proto UDP (17), length 1500)"
1779594334.415779,,,UDP,1500,"1779594334.415779 IP (tos 0x0, ttl 64, id 41523, offset 0, flags [+], proto UDP (17), length 1500)"
1779594334.460261,,,UDP,30,"1779594334.460261 IP (tos 0x0, ttl 64, id 15487, offset 0, flags [DF], proto UDP (17), length 30)"
1779594334.461111,,,UDP,30,"1779594334.461111 IP (tos 0x0, ttl 64, id 15488, offset 0, flags [DF], proto UDP (17), length 30)"
1779594334.461857,,,UDP,1500,"1779594334.461857 IP (tos 0x0, ttl 64, id 41529, offset 0, flags [+], proto UDP (17), length 1500)"
1779594334.462262,,,UDP,30,"1779594334.462262 IP (tos 0x0, ttl 64, id 15489, offset 0, flags [DF], proto UDP (17), length 30)"
1779594334.462926,,,UDP,30,"1779594334.462926 IP (tos 0x0, ttl 64, id 15490, offset 0, flags [DF], proto UDP (17), length 30)"
1779594334.463309,,,UDP,1500,"1779594334.463309 IP (tos 0x0, ttl 64, id 41530, offset 0, flags [+], proto UDP (17), length 1500)"
1779594334.463994,,,UDP,30,"1779594334.463994 IP (tos 0x0, ttl 64, id 15491, offset 0, flags [DF], proto UDP (17), length 30)"
1779594334.464589,,,UDP,1500,"1779594334.464589 IP (tos 0x0, ttl 64, id 41531, offset 0, flags [+], proto UDP (17), length 1500)"
1779594334.464819,,,UDP,30,"1779594334.464819 IP (tos 0x0, ttl 64, id 15492, offset 0, flags [DF], proto UDP (17), length 30)"
1779594334.465730,,,UDP,30,"1779594334.465730 IP (tos 0x0, ttl 64, id 15493, offset 0, flags [DF], proto UDP (17), length 30)"
1779594334.466049,,,UDP,1500,"1779594334.466049 IP (tos 0x0, ttl 64, id 41532, offset 0, flags [+], proto UDP (17), length 1500)"
1779594334.466662,,,UDP,30,"1779594334.466662 IP (tos 0x0, ttl 64, id 15494, offset 0, flags [DF], proto UDP (17), length 30)"
1779594334.467789,,,UDP,1500,"1779594334.467789 IP (tos 0x0, ttl 64, id 41533, offset 0, flags [+], proto UDP (17), length 1500)"
1779594334.469498,,,UDP,1500,"1779594334.469498 IP (tos 0x0, ttl 64, id 41534, offset 0, flags [+], proto UDP (17), length 1500)"
1779594334.471121,,,UDP,1500,"1779594334.471121 IP (tos 0x0, ttl 64, id 41535, offset 0, flags [+], proto UDP (17), length 1500)"
1779594334.472154,,,UDP,1500,"1779594334.472154 IP (tos 0x0, ttl 64, id 41536, offset 0, flags [+], proto UDP (17), length 1500)"
1779594334.513302,,,UDP,30,"1779594334.513302 IP (tos 0x0, ttl 64, id 15500, offset 0, flags [DF], proto UDP (17), length 30)"
1779594334.514598,,,UDP,30,"1779594334.514598 IP (tos 0x0, ttl 64, id 15501, offset 0, flags [DF], proto UDP (17), length 30)"
1779594334.515245,,,UDP,1500,"1779594334.515245 IP (tos 0x0, ttl 64, id 41544, offset 0, flags [+], proto UDP (17), length 1500)"
1779594334.516033,,,UDP,30,"1779594334.516033 IP (tos 0x0, ttl 64, id 15502, offset 0, flags [DF], proto UDP (17), length 30)"
1779594334.516595,,,UDP,1500,"1779594334.516595 IP (tos 0x0, ttl 64, id 41545, offset 0, flags [+], proto UDP (17), length 1500)"
1779594334.517615,,,UDP,30,"1779594334.517615 IP (tos 0x0, ttl 64, id 15503, offset 0, flags [DF], proto UDP (17), length 30)"
1779594334.517720,,,UDP,1500,"1779594334.517720 IP (tos 0x0, ttl 64, id 41546, offset 0, flags [+], proto UDP (17), length 1500)"
1779594334.519083,,,UDP,30,"1779594334.519083 IP (tos 0x0, ttl 64, id 15504, offset 0, flags [DF], proto UDP (17), length 30)"
1779594334.519101,,,UDP,1500,"1779594334.519101 IP (tos 0x0, ttl 64, id 41547, offset 0, flags [+], proto UDP (17), length 1500)"
1779594334.520321,,,UDP,1500,"1779594334.520321 IP (tos 0x0, ttl 64, id 41548, offset 0, flags [+], proto UDP (17), length 1500)"
1779594334.522342,,,UDP,30,"1779594334.522342 IP (tos 0x0, ttl 64, id 15506, offset 0, flags [DF], proto UDP (17), length 30)"
1779594334.523136,,,UDP,30,"1779594334.523136 IP (tos 0x0, ttl 64, id 15507, offset 0, flags [DF], proto UDP (17), length 30)"
1779594334.524276,,,UDP,1500,"1779594334.524276 IP (tos 0x0, ttl 64, id 41549, offset 0, flags [+], proto UDP (17), length 1500)"
1779594334.525511,,,UDP,1500,"1779594334.525511 IP (tos 0x0, ttl 64, id 41550, offset 0, flags [+], proto UDP (17), length 1500)"
1779594334.526791,,,UDP,1500,"1779594334.526791 IP (tos 0x0, ttl 64, id 41551, offset 0, flags [+], proto UDP (17), length 1500)"
1779594334.566836,,,UDP,30,"1779594334.566836 IP (tos 0x0, ttl 64, id 15518, offset 0, flags [DF], proto UDP (17), length 30)"
1779594334.567656,,,UDP,30,"1779594334.567656 IP (tos 0x0, ttl 64, id 15519, offset 0, flags [DF], proto UDP (17), length 30)"
1779594334.568044,,,UDP,1500,"1779594334.568044 IP (tos 0x0, ttl 64, id 41559, offset 0, flags [+], proto UDP (17), length 1500)"
1779594334.568879,,,UDP,1500,"1779594334.568879 IP (tos 0x0, ttl 64, id 41560, offset 0, flags [+], proto UDP (17), length 1500)"
1779594334.569276,,,UDP,30,"1779594334.569276 IP (tos 0x0, ttl 64, id 15520, offset 0, flags [DF], proto UDP (17), length 30)"
1779594334.569930,,,UDP,30,"1779594334.569930 IP (tos 0x0, ttl 64, id 15521, offset 0, flags [DF], proto UDP (17), length 30)"
1779594334.570026,,,UDP,1500,"1779594334.570026 IP (tos 0x0, ttl 64, id 41561, offset 0, flags [+], proto UDP (17), length 1500)"
1779594334.570792,,,UDP,1500,"1779594334.570792 IP (tos 0x0, ttl 64, id 41562, offset 0, flags [+], proto UDP (17), length 1500)"
1779594334.575525,,,UDP,30,"1779594334.575525 IP (tos 0x0, ttl 64, id 15523, offset 0, flags [DF], proto UDP (17), length 30)"
1779594334.576691,,,UDP,30,"1779594334.576691 IP (tos 0x0, ttl 64, id 15524, offset 0, flags [DF], proto UDP (17), length 30)"
1779594334.576915,,,UDP,1500,"1779594334.576915 IP (tos 0x0, ttl 64, id 41563, offset 0, flags [+], proto UDP (17), length 1500)"
1779594334.577735,,,UDP,1500,"1779594334.577735 IP (tos 0x0, ttl 64, id 41564, offset 0, flags [+], proto UDP (17), length 1500)"
1779594334.577853,,,UDP,30,"1779594334.577853 IP (tos 0x0, ttl 64, id 15525, offset 0, flags [DF], proto UDP (17), length 30)"
1779594334.578539,,,UDP,1500,"1779594334.578539 IP (tos 0x0, ttl 64, id 41565, offset 0, flags [+], proto UDP (17), length 1500)"
1779594334.579333,,,UDP,1500,"1779594334.579333 IP (tos 0x0, ttl 64, id 41566, offset 0, flags [+], proto UDP (17), length 1500)"
1779594334.619186,,,UDP,30,"1779594334.619186 IP (tos 0x0, ttl 64, id 15531, offset 0, flags [DF], proto UDP (17), length 30)"
1779594334.619890,,,UDP,30,"1779594334.619890 IP (tos 0x0, ttl 64, id 15532, offset 0, flags [DF], proto UDP (17), length 30)"
1779594334.620755,,,UDP,30,"1779594334.620755 IP (tos 0x0, ttl 64, id 15533, offset 0, flags [DF], proto UDP (17), length 30)"
1779594334.620800,,,UDP,1500,"1779594334.620800 IP (tos 0x0, ttl 64, id 41571, offset 0, flags [+], proto UDP (17), length 1500)"
1779594334.621451,,,UDP,30,"1779594334.621451 IP (tos 0x0, ttl 64, id 15534, offset 0, flags [DF], proto UDP (17), length 30)"
1779594334.622667,,,UDP,1500,"1779594334.622667 IP (tos 0x0, ttl 64, id 41572, offset 0, flags [+], proto UDP (17), length 1500)"
1779594334.623992,,,UDP,1500,"1779594334.623992 IP (tos 0x0, ttl 64, id 41573, offset 0, flags [+], proto UDP (17), length 1500)"
1779594334.625429,,,UDP,1500,"1779594334.625429 IP (tos 0x0, ttl 64, id 41574, offset 0, flags [+], proto UDP (17), length 1500)"
1779594334.627697,,,UDP,30,"1779594334.627697 IP (tos 0x0, ttl 64, id 15535, offset 0, flags [DF], proto UDP (17), length 30)"
1779594334.628528,,,UDP,30,"1779594334.628528 IP (tos 0x0, ttl 64, id 15536, offset 0, flags [DF], proto UDP (17), length 30)"
1779594334.629129,,,UDP,30,"1779594334.629129 IP (tos 0x0, ttl 64, id 15537, offset 0, flags [DF], proto UDP (17), length 30)"
1779594334.629229,,,UDP,1500,"1779594334.629229 IP (tos 0x0, ttl 64, id 41575, offset 0, flags [+], proto UDP (17), length 1500)"
1779594334.630151,,,UDP,30,"1779594334.630151 IP (tos 0x0, ttl 64, id 15538, offset 0, flags [DF], proto UDP (17), length 30)"
1779594334.630682,,,UDP,1500,"1779594334.630682 IP (tos 0x0, ttl 64, id 41576, offset 0, flags [+], proto UDP (17), length 1500)"
1779594334.632351,,,UDP,1500,"1779594334.632351 IP (tos 0x0, ttl 64, id 41577, offset 0, flags [+], proto UDP (17), length 1500)"
1779594334.633752,,,UDP,1500,"1779594334.633752 IP (tos 0x0, ttl 64, id 41578, offset 0, flags [+], proto UDP (17), length 1500)"
1779594334.671955,,,UDP,30,"1779594334.671955 IP (tos 0x0, ttl 64, id 15541, offset 0, flags [DF], proto UDP (17), length 30)"
1779594334.672932,,,UDP,1500,"1779594334.672932 IP (tos 0x0, ttl 64, id 41587, offset 0, flags [+], proto UDP (17), length 1500)"
1779594334.673750,,,UDP,30,"1779594334.673750 IP (tos 0x0, ttl 64, id 15542, offset 0, flags [DF], proto UDP (17), length 30)"
1779594334.674536,,,UDP,1500,"1779594334.674536 IP (tos 0x0, ttl 64, id 41588, offset 0, flags [+], proto UDP (17), length 1500)"
1779594334.676812,,,UDP,30,"1779594334.676812 IP (tos 0x0, ttl 64, id 15544, offset 0, flags [DF], proto UDP (17), length 30)"
1779594334.677666,,,UDP,1500,"1779594334.677666 IP (tos 0x0, ttl 64, id 41589, offset 0, flags [+], proto UDP (17), length 1500)"
1779594334.678596,,,UDP,1500,"1779594334.678596 IP (tos 0x0, ttl 64, id 41590, offset 0, flags [+], proto UDP (17), length 1500)"
1779594334.682006,,,UDP,30,"1779594334.682006 IP (tos 0x0, ttl 64, id 15546, offset 0, flags [DF], proto UDP (17), length 30)"
1779594334.682931,,,UDP,1500,"1779594334.682931 IP (tos 0x0, ttl 64, id 41591, offset 0, flags [+], proto UDP (17), length 1500)"
1779594334.683499,,,UDP,30,"1779594334.683499 IP (tos 0x0, ttl 64, id 15547, offset 0, flags [DF], proto UDP (17), length 30)"
1779594334.683830,,,UDP,1500,"1779594334.683830 IP (tos 0x0, ttl 64, id 41592, offset 0, flags [+], proto UDP (17), length 1500)"
1779594334.684799,,,UDP,1500,"1779594334.684799 IP (tos 0x0, ttl 64, id 41593, offset 0, flags [+], proto UDP (17), length 1500)"
1779594334.684988,,,UDP,30,"1779594334.684988 IP (tos 0x0, ttl 64, id 15548, offset 0, flags [DF], proto UDP (17), length 30)"
1779594334.686109,,,UDP,1500,"1779594334.686109 IP (tos 0x0, ttl 64, id 41594, offset 0, flags [+], proto UDP (17), length 1500)"
1779594334.723785,,,UDP,30,"1779594334.723785 IP (tos 0x0, ttl 64, id 15550, offset 0, flags [DF], proto UDP (17), length 30)"
1779594334.724583,,,UDP,1500,"1779594334.724583 IP (tos 0x0, ttl 64, id 41599, offset 0, flags [+], proto UDP (17), length 1500)"
1779594334.725223,,,UDP,30,"1779594334.725223 IP (tos 0x0, ttl 64, id 15551, offset 0, flags [DF], proto UDP (17), length 30)"
1779594334.725795,,,UDP,1500,"1779594334.725795 IP (tos 0x0, ttl 64, id 41600, offset 0, flags [+], proto UDP (17), length 1500)"
1779594334.728418,,,UDP,30,"1779594334.728418 IP (tos 0x0, ttl 64, id 15552, offset 0, flags [DF], proto UDP (17), length 30)"
1779594334.728978,,,UDP,1500,"1779594334.728978 IP (tos 0x0, ttl 64, id 41601, offset 0, flags [+], proto UDP (17), length 1500)"
1779594334.729277,,,UDP,30,"1779594334.729277 IP (tos 0x0, ttl 64, id 15553, offset 0, flags [DF], proto UDP (17), length 30)"
1779594334.729744,,,UDP,1500,"1779594334.729744 IP (tos 0x0, ttl 64, id 41602, offset 0, flags [+], proto UDP (17), length 1500)"
1779594334.733703,,,UDP,30,"1779594334.733703 IP (tos 0x0, ttl 64, id 15554, offset 0, flags [DF], proto UDP (17), length 30)"
1779594334.734168,,,UDP,1500,"1779594334.734168 IP (tos 0x0, ttl 64, id 41603, offset 0, flags [+], proto UDP (17), length 1500)"
1779594334.734642,,,UDP,30,"1779594334.734642 IP (tos 0x0, ttl 64, id 15555, offset 0, flags [DF], proto UDP (17), length 30)"
1779594334.735161,,,UDP,1500,"1779594334.735161 IP (tos 0x0, ttl 64, id 41604, offset 0, flags [+], proto UDP (17), length 1500)"
1779594334.735713,,,UDP,30,"1779594334.735713 IP (tos 0x0, ttl 64, id 15556, offset 0, flags [DF], proto UDP (17), length 30)"
1779594334.736159,,,UDP,1500,"1779594334.736159 IP (tos 0x0, ttl 64, id 41605, offset 0, flags [+], proto UDP (17), length 1500)"
1779594334.737117,,,UDP,30,"1779594334.737117 IP (tos 0x0, ttl 64, id 15557, offset 0, flags [DF], proto UDP (17), length 30)"
1779594334.737614,,,UDP,1500,"1779594334.737614 IP (tos 0x0, ttl 64, id 41606, offset 0, flags [+], proto UDP (17), length 1500)"
1779594334.775468,,,UDP,30,"1779594334.775468 IP (tos 0x0, ttl 64, id 15563, offset 0, flags [DF], proto UDP (17), length 30)"
1779594334.776339,,,UDP,30,"1779594334.776339 IP (tos 0x0, ttl 64, id 15564, offset 0, flags [DF], proto UDP (17), length 30)"
1779594334.776682,,,UDP,1500,"1779594334.776682 IP (tos 0x0, ttl 64, id 41613, offset 0, flags [+], proto UDP (17), length 1500)"
1779594334.777832,,,UDP,1500,"1779594334.777832 IP (tos 0x0, ttl 64, id 41614, offset 0, flags [+], proto UDP (17), length 1500)"
1779594334.779538,,,UDP,30,"1779594334.779538 IP (tos 0x0, ttl 64, id 15565, offset 0, flags [DF], proto UDP (17), length 30)"
1779594334.780159,,,UDP,30,"1779594334.780159 IP (tos 0x0, ttl 64, id 15566, offset 0, flags [DF], proto UDP (17), length 30)"
1779594334.780712,,,UDP,1500,"1779594334.780712 IP (tos 0x0, ttl 64, id 41615, offset 0, flags [+], proto UDP (17), length 1500)"
1779594334.781904,,,UDP,1500,"1779594334.781904 IP (tos 0x0, ttl 64, id 41616, offset 0, flags [+], proto UDP (17), length 1500)"
1779594334.784863,,,UDP,30,"1779594334.784863 IP (tos 0x0, ttl 64, id 15567, offset 0, flags [DF], proto UDP (17), length 30)"
1779594334.785645,,,UDP,30,"1779594334.785645 IP (tos 0x0, ttl 64, id 15568, offset 0, flags [DF], proto UDP (17), length 30)"
1779594334.786583,,,UDP,30,"1779594334.786583 IP (tos 0x0, ttl 64, id 15569, offset 0, flags [DF], proto UDP (17), length 30)"
1779594334.786605,,,UDP,1500,"1779594334.786605 IP (tos 0x0, ttl 64, id 41617, offset 0, flags [+], proto UDP (17), length 1500)"
1779594334.787781,,,UDP,1500,"1779594334.787781 IP (tos 0x0, ttl 64, id 41618, offset 0, flags [+], proto UDP (17), length 1500)"
1779594334.787970,,,UDP,30,"1779594334.787970 IP (tos 0x0, ttl 64, id 15570, offset 0, flags [DF], proto UDP (17), length 30)"
1779594334.788916,,,UDP,1500,"1779594334.788916 IP (tos 0x0, ttl 64, id 41619, offset 0, flags [+], proto UDP (17), length 1500)"
1779594334.789903,,,UDP,1500,"1779594334.789903 IP (tos 0x0, ttl 64, id 41620, offset 0, flags [+], proto UDP (17), length 1500)"
1779594334.827959,,,UDP,30,"1779594334.827959 IP (tos 0x0, ttl 64, id 15575, offset 0, flags [DF], proto UDP (17), length 30)"
1779594334.829084,,,UDP,30,"1779594334.829084 IP (tos 0x0, ttl 64, id 15576, offset 0, flags [DF], proto UDP (17), length 30)"
1779594334.829780,,,UDP,1500,"1779594334.829780 IP (tos 0x0, ttl 64, id 41629, offset 0, flags [+], proto UDP (17), length 1500)"
1779594334.831338,,,UDP,1500,"1779594334.831338 IP (tos 0x0, ttl 64, id 41630, offset 0, flags [+], proto UDP (17), length 1500)"
1779594334.832990,,,UDP,30,"1779594334.832990 IP (tos 0x0, ttl 64, id 15578, offset 0, flags [DF], proto UDP (17), length 30)"
1779594334.834615,,,UDP,1500,"1779594334.834615 IP (tos 0x0, ttl 64, id 41631, offset 0, flags [+], proto UDP (17), length 1500)"
1779594334.836075,,,UDP,1500,"1779594334.836075 IP (tos 0x0, ttl 64, id 41632, offset 0, flags [+], proto UDP (17), length 1500)"
1779594334.839211,,,UDP,31,"1779594334.839211 IP (tos 0x0, ttl 64, id 15580, offset 0, flags [DF], proto UDP (17), length 31)"
1779594334.839903,,,UDP,31,"1779594334.839903 IP (tos 0x0, ttl 64, id 15581, offset 0, flags [DF], proto UDP (17), length 31)"
1779594334.840739,,,UDP,1500,"1779594334.840739 IP (tos 0x0, ttl 64, id 41633, offset 0, flags [+], proto UDP (17), length 1500)"
1779594334.841015,,,UDP,31,"1779594334.841015 IP (tos 0x0, ttl 64, id 15582, offset 0, flags [DF], proto UDP (17), length 31)"
1779594334.841928,,,UDP,1500,"1779594334.841928 IP (tos 0x0, ttl 64, id 41634, offset 0, flags [+], proto UDP (17), length 1500)"
1779594334.843250,,,UDP,1500,"1779594334.843250 IP (tos 0x0, ttl 64, id 41635, offset 0, flags [+], proto UDP (17), length 1500)"
1779594334.844261,,,UDP,1500,"1779594334.844261 IP (tos 0x0, ttl 64, id 41636, offset 0, flags [+], proto UDP (17), length 1500)"
1779594334.882714,,,UDP,31,"1779594334.882714 IP (tos 0x0, ttl 64, id 15586, offset 0, flags [DF], proto UDP (17), length 31)"
1779594334.884410,,,UDP,1500,"1779594334.884410 IP (tos 0x0, ttl 64, id 41646, offset 0, flags [+], proto UDP (17), length 1500)"
1779594334.885572,,,UDP,1500,"1779594334.885572 IP (tos 0x0, ttl 64, id 41647, offset 0, flags [+], proto UDP (17), length 1500)"
1779594334.885978,,,UDP,31,"1779594334.885978 IP (tos 0x0, ttl 64, id 15587, offset 0, flags [DF], proto UDP (17), length 31)"
1779594334.887282,,,UDP,31,"1779594334.887282 IP (tos 0x0, ttl 64, id 15588, offset 0, flags [DF], proto UDP (17), length 31)"
1779594334.887466,,,UDP,1500,"1779594334.887466 IP (tos 0x0, ttl 64, id 41648, offset 0, flags [+], proto UDP (17), length 1500)"
1779594334.888511,,,UDP,1500,"1779594334.888511 IP (tos 0x0, ttl 64, id 41649, offset 0, flags [+], proto UDP (17), length 1500)"
1779594334.891906,,,UDP,31,"1779594334.891906 IP (tos 0x0, ttl 64, id 15589, offset 0, flags [DF], proto UDP (17), length 31)"
1779594334.894127,,,UDP,31,"1779594334.894127 IP (tos 0x0, ttl 64, id 15591, offset 0, flags [DF], proto UDP (17), length 31)"
1779594334.894961,,,UDP,31,"1779594334.894961 IP (tos 0x0, ttl 64, id 15592, offset 0, flags [DF], proto UDP (17), length 31)"
1779594334.925223,,,UDP,1500,"1779594334.925223 IP (tos 0x0, ttl 64, id 41650, offset 0, flags [+], proto UDP (17), length 1500)"
1779594334.926333,,,UDP,1500,"1779594334.926333 IP (tos 0x0, ttl 64, id 41651, offset 0, flags [+], proto UDP (17), length 1500)"
1779594334.927206,,,UDP,1500,"1779594334.927206 IP (tos 0x0, ttl 64, id 41652, offset 0, flags [+], proto UDP (17), length 1500)"
1779594334.927959,,,UDP,1500,"1779594334.927959 IP (tos 0x0, ttl 64, id 41653, offset 0, flags [+], proto UDP (17), length 1500)"
1779594334.935732,,,UDP,31,"1779594334.935732 IP (tos 0x0, ttl 64, id 15601, offset 0, flags [DF], proto UDP (17), length 31)"
1779594334.936577,,,UDP,31,"1779594334.936577 IP (tos 0x0, ttl 64, id 15602, offset 0, flags [DF], proto UDP (17), length 31)"
1779594334.936794,,,UDP,1500,"1779594334.936794 IP (tos 0x0, ttl 64, id 41654, offset 0, flags [+], proto UDP (17), length 1500)"
1779594334.937355,,,UDP,1500,"1779594334.937355 IP (tos 0x0, ttl 64, id 41655, offset 0, flags [+], proto UDP (17), length 1500)"
1779594334.938531,,,UDP,31,"1779594334.938531 IP (tos 0x0, ttl 64, id 15603, offset 0, flags [DF], proto UDP (17), length 31)"
1779594334.939334,,,UDP,1500,"1779594334.939334 IP (tos 0x0, ttl 64, id 41656, offset 0, flags [+], proto UDP (17), length 1500)"
1779594334.939552,,,UDP,31,"1779594334.939552 IP (tos 0x0, ttl 64, id 15604, offset 0, flags [DF], proto UDP (17), length 31)"
1779594334.940125,,,UDP,1500,"1779594334.940125 IP (tos 0x0, ttl 64, id 41657, offset 0, flags [+], proto UDP (17), length 1500)"
1779594334.976240,,,UDP,31,"1779594334.976240 IP (tos 0x0, ttl 64, id 15605, offset 0, flags [DF], proto UDP (17), length 31)"
1779594334.977146,,,UDP,1500,"1779594334.977146 IP (tos 0x0, ttl 64, id 41661, offset 0, flags [+], proto UDP (17), length 1500)"
1779594334.977155,,,UDP,31,"1779594334.977155 IP (tos 0x0, ttl 64, id 15606, offset 0, flags [DF], proto UDP (17), length 31)"
1779594334.977735,,,UDP,31,"1779594334.977735 IP (tos 0x0, ttl 64, id 15607, offset 0, flags [DF], proto UDP (17), length 31)"
1779594334.977818,,,UDP,1500,"1779594334.977818 IP (tos 0x0, ttl 64, id 41662, offset 0, flags [+], proto UDP (17), length 1500)"
1779594334.978341,,,UDP,1500,"1779594334.978341 IP (tos 0x0, ttl 64, id 41663, offset 0, flags [+], proto UDP (17), length 1500)"
1779594334.978473,,,UDP,31,"1779594334.978473 IP (tos 0x0, ttl 64, id 15608, offset 0, flags [DF], proto UDP (17), length 31)"
1779594334.979129,,,UDP,1500,"1779594334.979129 IP (tos 0x0, ttl 64, id 41664, offset 0, flags [+], proto UDP (17), length 1500)"
1779594334.987337,,,UDP,31,"1779594334.987337 IP (tos 0x0, ttl 64, id 15610, offset 0, flags [DF], proto UDP (17), length 31)"
1779594334.988060,,,UDP,1500,"1779594334.988060 IP (tos 0x0, ttl 64, id 41665, offset 0, flags [+], proto UDP (17), length 1500)"
1779594334.988339,,,UDP,31,"1779594334.988339 IP (tos 0x0, ttl 64, id 15611, offset 0, flags [DF], proto UDP (17), length 31)"
1779594334.989049,,,UDP,1500,"1779594334.989049 IP (tos 0x0, ttl 64, id 41666, offset 0, flags [+], proto UDP (17), length 1500)"
1779594334.989938,,,UDP,31,"1779594334.989938 IP (tos 0x0, ttl 64, id 15612, offset 0, flags [DF], proto UDP (17), length 31)"
1779594334.990628,,,UDP,31,"1779594334.990628 IP (tos 0x0, ttl 64, id 15613, offset 0, flags [DF], proto UDP (17), length 31)"
1779594334.990659,,,UDP,1500,"1779594334.990659 IP (tos 0x0, ttl 64, id 41667, offset 0, flags [+], proto UDP (17), length 1500)"
1779594334.991296,,,UDP,1500,"1779594334.991296 IP (tos 0x0, ttl 64, id 41668, offset 0, flags [+], proto UDP (17), length 1500)"
1779594335.027684,,,UDP,31,"1779594335.027684 IP (tos 0x0, ttl 64, id 15615, offset 0, flags [DF], proto UDP (17), length 31)"
1779594335.028203,,,UDP,31,"1779594335.028203 IP (tos 0x0, ttl 64, id 15616, offset 0, flags [DF], proto UDP (17), length 31)"
1779594335.028711,,,UDP,1500,"1779594335.028711 IP (tos 0x0, ttl 64, id 41676, offset 0, flags [+], proto UDP (17), length 1500)"
1779594335.028766,,,UDP,31,"1779594335.028766 IP (tos 0x0, ttl 64, id 15617, offset 0, flags [DF], proto UDP (17), length 31)"
1779594335.029598,,,UDP,1500,"1779594335.029598 IP (tos 0x0, ttl 64, id 41677, offset 0, flags [+], proto UDP (17), length 1500)"
1779594335.030353,,,UDP,1500,"1779594335.030353 IP (tos 0x0, ttl 64, id 41678, offset 0, flags [+], proto UDP (17), length 1500)"
1779594335.038791,,,UDP,31,"1779594335.038791 IP (tos 0x0, ttl 64, id 15620, offset 0, flags [DF], proto UDP (17), length 31)"
1779594335.039460,,,UDP,31,"1779594335.039460 IP (tos 0x0, ttl 64, id 15621, offset 0, flags [DF], proto UDP (17), length 31)"
1779594335.039824,,,UDP,1500,"1779594335.039824 IP (tos 0x0, ttl 64, id 41681, offset 0, flags [+], proto UDP (17), length 1500)"
1779594335.040473,,,UDP,1500,"1779594335.040473 IP (tos 0x0, ttl 64, id 41682, offset 0, flags [+], proto UDP (17), length 1500)"
1779594335.041136,,,UDP,31,"1779594335.041136 IP (tos 0x0, ttl 64, id 15622, offset 0, flags [DF], proto UDP (17), length 31)"
1779594335.041208,,,UDP,1500,"1779594335.041208 IP (tos 0x0, ttl 64, id 41683, offset 0, flags [+], proto UDP (17), length 1500)"
1779594335.042027,,,UDP,1500,"1779594335.042027 IP (tos 0x0, ttl 64, id 41684, offset 0, flags [+], proto UDP (17), length 1500)"
1779594335.079442,,,UDP,31,"1779594335.079442 IP (tos 0x0, ttl 64, id 15626, offset 0, flags [DF], proto UDP (17), length 31)"
1779594335.080127,,,UDP,31,"1779594335.080127 IP (tos 0x0, ttl 64, id 15627, offset 0, flags [DF], proto UDP (17), length 31)"
1779594335.080221,,,UDP,1500,"1779594335.080221 IP (tos 0x0, ttl 64, id 41686, offset 0, flags [+], proto UDP (17), length 1500)"
1779594335.080810,,,UDP,1500,"1779594335.080810 IP (tos 0x0, ttl 64, id 41687, offset 0, flags [+], proto UDP (17), length 1500)"
1779594335.081016,,,UDP,31,"1779594335.081016 IP (tos 0x0, ttl 64, id 15628, offset 0, flags [DF], proto UDP (17), length 31)"
1779594335.081525,,,UDP,1500,"1779594335.081525 IP (tos 0x0, ttl 64, id 41688, offset 0, flags [+], proto UDP (17), length 1500)"
1779594335.082018,,,UDP,1500,"1779594335.082018 IP (tos 0x0, ttl 64, id 41689, offset 0, flags [+], proto UDP (17), length 1500)"
1779594335.090407,,,UDP,31,"1779594335.090407 IP (tos 0x0, ttl 64, id 15630, offset 0, flags [DF], proto UDP (17), length 31)"
1779594335.091107,,,UDP,1500,"1779594335.091107 IP (tos 0x0, ttl 64, id 41690, offset 0, flags [+], proto UDP (17), length 1500)"
1779594335.091118,,,UDP,31,"1779594335.091118 IP (tos 0x0, ttl 64, id 15631, offset 0, flags [DF], proto UDP (17), length 31)"
1779594335.091617,,,UDP,1500,"1779594335.091617 IP (tos 0x0, ttl 64, id 41691, offset 0, flags [+], proto UDP (17), length 1500)"
1779594335.091707,,,UDP,31,"1779594335.091707 IP (tos 0x0, ttl 64, id 15632, offset 0, flags [DF], proto UDP (17), length 31)"
1779594335.092238,,,UDP,1500,"1779594335.092238 IP (tos 0x0, ttl 64, id 41692, offset 0, flags [+], proto UDP (17), length 1500)"
1779594335.092632,,,UDP,31,"1779594335.092632 IP (tos 0x0, ttl 64, id 15633, offset 0, flags [DF], proto UDP (17), length 31)"
1779594335.093134,,,UDP,1500,"1779594335.093134 IP (tos 0x0, ttl 64, id 41693, offset 0, flags [+], proto UDP (17), length 1500)"
1779594335.131002,,,UDP,31,"1779594335.131002 IP (tos 0x0, ttl 64, id 15634, offset 0, flags [DF], proto UDP (17), length 31)"
1779594335.131989,,,UDP,31,"1779594335.131989 IP (tos 0x0, ttl 64, id 15636, offset 0, flags [DF], proto UDP (17), length 31)"
1779594335.132471,,,UDP,1500,"1779594335.132471 IP (tos 0x0, ttl 64, id 41699, offset 0, flags [+], proto UDP (17), length 1500)"
1779594335.133578,,,UDP,1500,"1779594335.133578 IP (tos 0x0, ttl 64, id 41700, offset 0, flags [+], proto UDP (17), length 1500)"
1779594335.134641,,,UDP,1500,"1779594335.134641 IP (tos 0x0, ttl 64, id 41701, offset 0, flags [+], proto UDP (17), length 1500)"
1779594335.141827,,,UDP,31,"1779594335.141827 IP (tos 0x0, ttl 64, id 15638, offset 0, flags [DF], proto UDP (17), length 31)"
1779594335.142085,,,UDP,31,"1779594335.142085 IP (tos 0x0, ttl 64, id 15639, offset 0, flags [DF], proto UDP (17), length 31)"
1779594335.142641,,,UDP,31,"1779594335.142641 IP (tos 0x0, ttl 64, id 15640, offset 0, flags [DF], proto UDP (17), length 31)"
1779594335.143506,,,UDP,31,"1779594335.143506 IP (tos 0x0, ttl 64, id 15641, offset 0, flags [DF], proto UDP (17), length 31)"
1779594335.143523,,,UDP,1500,"1779594335.143523 IP (tos 0x0, ttl 64, id 41703, offset 0, flags [+], proto UDP (17), length 1500)"
1779594335.144485,,,UDP,1500,"1779594335.144485 IP (tos 0x0, ttl 64, id 41704, offset 0, flags [+], proto UDP (17), length 1500)"
1779594335.145430,,,UDP,1500,"1779594335.145430 IP (tos 0x0, ttl 64, id 41705, offset 0, flags [+], proto UDP (17), length 1500)"
1779594335.146230,,,UDP,1500,"1779594335.146230 IP (tos 0x0, ttl 64, id 41706, offset 0, flags [+], proto UDP (17), length 1500)"
1779594335.147163,,,UDP,1500,"1779594335.147163 IP (tos 0x0, ttl 64, id 41707, offset 0, flags [+], proto UDP (17), length 1500)"
1779594335.184686,,,UDP,31,"1779594335.184686 IP (tos 0x0, ttl 64, id 15645, offset 0, flags [DF], proto UDP (17), length 31)"
1779594335.186524,,,UDP,1500,"1779594335.186524 IP (tos 0x0, ttl 64, id 41715, offset 0, flags [+], proto UDP (17), length 1500)"
1779594335.188043,,,UDP,1500,"1779594335.188043 IP (tos 0x0, ttl 64, id 41716, offset 0, flags [+], proto UDP (17), length 1500)"
1779594335.194687,,,UDP,31,"1779594335.194687 IP (tos 0x0, ttl 64, id 15647, offset 0, flags [DF], proto UDP (17), length 31)"
1779594335.195487,,,UDP,31,"1779594335.195487 IP (tos 0x0, ttl 64, id 15648, offset 0, flags [DF], proto UDP (17), length 31)"
1779594335.196286,,,UDP,1500,"1779594335.196286 IP (tos 0x0, ttl 64, id 41718, offset 0, flags [+], proto UDP (17), length 1500)"
1779594335.196373,,,UDP,31,"1779594335.196373 IP (tos 0x0, ttl 64, id 15649, offset 0, flags [DF], proto UDP (17), length 31)"
1779594335.197182,,,UDP,31,"1779594335.197182 IP (tos 0x0, ttl 64, id 15650, offset 0, flags [DF], proto UDP (17), length 31)"
1779594335.197350,,,UDP,1500,"1779594335.197350 IP (tos 0x0, ttl 64, id 41719, offset 0, flags [+], proto UDP (17), length 1500)"
1779594335.197917,,,UDP,31,"1779594335.197917 IP (tos 0x0, ttl 64, id 15651, offset 0, flags [DF], proto UDP (17), length 31)"
1779594335.198765,,,UDP,1500,"1779594335.198765 IP (tos 0x0, ttl 64, id 41720, offset 0, flags [+], proto UDP (17), length 1500)"
1779594335.199888,,,UDP,1500,"1779594335.199888 IP (tos 0x0, ttl 64, id 41721, offset 0, flags [+], proto UDP (17), length 1500)"
1779594335.201050,,,UDP,1500,"1779594335.201050 IP (tos 0x0, ttl 64, id 41722, offset 0, flags [+], proto UDP (17), length 1500)"
1779594335.202054,,,UDP,1500,"1779594335.202054 IP (tos 0x0, ttl 64, id 41723, offset 0, flags [+], proto UDP (17), length 1500)"
1779594335.238247,,,UDP,31,"1779594335.238247 IP (tos 0x0, ttl 64, id 15656, offset 0, flags [DF], proto UDP (17), length 31)"
1779594335.239311,,,UDP,31,"1779594335.239311 IP (tos 0x0, ttl 64, id 15657, offset 0, flags [DF], proto UDP (17), length 31)"
1779594335.239892,,,UDP,1500,"1779594335.239892 IP (tos 0x0, ttl 64, id 41733, offset 0, flags [+], proto UDP (17), length 1500)"
1779594335.241321,,,UDP,1500,"1779594335.241321 IP (tos 0x0, ttl 64, id 41734, offset 0, flags [+], proto UDP (17), length 1500)"
1779594335.247693,,,UDP,31,"1779594335.247693 IP (tos 0x0, ttl 64, id 15659, offset 0, flags [DF], proto UDP (17), length 31)"
1779594335.248724,,,UDP,31,"1779594335.248724 IP (tos 0x0, ttl 64, id 15660, offset 0, flags [DF], proto UDP (17), length 31)"
1779594335.249588,,,UDP,1500,"1779594335.249588 IP (tos 0x0, ttl 64, id 41735, offset 0, flags [+], proto UDP (17), length 1500)"
1779594335.250049,,,UDP,31,"1779594335.250049 IP (tos 0x0, ttl 64, id 15661, offset 0, flags [DF], proto UDP (17), length 31)"
1779594335.251191,,,UDP,31,"1779594335.251191 IP (tos 0x0, ttl 64, id 15662, offset 0, flags [DF], proto UDP (17), length 31)"
1779594335.251213,,,UDP,1500,"1779594335.251213 IP (tos 0x0, ttl 64, id 41736, offset 0, flags [+], proto UDP (17), length 1500)"
1779594335.252165,,,UDP,31,"1779594335.252165 IP (tos 0x0, ttl 64, id 15663, offset 0, flags [DF], proto UDP (17), length 31)"
1779594335.252416,,,UDP,1500,"1779594335.252416 IP (tos 0x0, ttl 64, id 41737, offset 0, flags [+], proto UDP (17), length 1500)"
1779594335.253217,,,UDP,31,"1779594335.253217 IP (tos 0x0, ttl 64, id 15664, offset 0, flags [DF], proto UDP (17), length 31)"
1779594335.253584,,,UDP,1500,"1779594335.253584 IP (tos 0x0, ttl 64, id 41738, offset 0, flags [+], proto UDP (17), length 1500)"
1779594335.254919,,,UDP,1500,"1779594335.254919 IP (tos 0x0, ttl 64, id 41739, offset 0, flags [+], proto UDP (17), length 1500)"
1779594335.256345,,,UDP,1500,"1779594335.256345 IP (tos 0x0, ttl 64, id 41740, offset 0, flags [+], proto UDP (17), length 1500)"
1779594335.301379,,,UDP,31,"1779594335.301379 IP (tos 0x0, ttl 64, id 15668, offset 0, flags [DF], proto UDP (17), length 31)"
1779594335.302603,,,UDP,31,"1779594335.302603 IP (tos 0x0, ttl 64, id 15669, offset 0, flags [DF], proto UDP (17), length 31)"
1779594335.303135,,,UDP,1500,"1779594335.303135 IP (tos 0x0, ttl 64, id 41749, offset 0, flags [+], proto UDP (17), length 1500)"
1779594335.303645,,,UDP,31,"1779594335.303645 IP (tos 0x0, ttl 64, id 15670, offset 0, flags [DF], proto UDP (17), length 31)"
1779594335.304430,,,UDP,1500,"1779594335.304430 IP (tos 0x0, ttl 64, id 41750, offset 0, flags [+], proto UDP (17), length 1500)"
1779594335.304788,,,UDP,31,"1779594335.304788 IP (tos 0x0, ttl 64, id 15671, offset 0, flags [DF], proto UDP (17), length 31)"
1779594335.305566,,,UDP,1500,"1779594335.305566 IP (tos 0x0, ttl 64, id 41751, offset 0, flags [+], proto UDP (17), length 1500)"
1779594335.306030,,,UDP,31,"1779594335.306030 IP (tos 0x0, ttl 64, id 15672, offset 0, flags [DF], proto UDP (17), length 31)"
1779594335.306883,,,UDP,1500,"1779594335.306883 IP (tos 0x0, ttl 64, id 41752, offset 0, flags [+], proto UDP (17), length 1500)"
1779594335.307412,,,UDP,31,"1779594335.307412 IP (tos 0x0, ttl 64, id 15673, offset 0, flags [DF], proto UDP (17), length 31)"
1779594335.308081,,,UDP,1500,"1779594335.308081 IP (tos 0x0, ttl 64, id 41753, offset 0, flags [+], proto UDP (17), length 1500)"
1779594335.309226,,,UDP,1500,"1779594335.309226 IP (tos 0x0, ttl 64, id 41754, offset 0, flags [+], proto UDP (17), length 1500)"
1779594335.310690,,,UDP,1500,"1779594335.310690 IP (tos 0x0, ttl 64, id 41755, offset 0, flags [+], proto UDP (17), length 1500)"
1779594335.312102,,,UDP,1500,"1779594335.312102 IP (tos 0x0, ttl 64, id 41756, offset 0, flags [+], proto UDP (17), length 1500)"
1779594335.354498,,,UDP,31,"1779594335.354498 IP (tos 0x0, ttl 64, id 15682, offset 0, flags [DF], proto UDP (17), length 31)"
1779594335.355233,,,UDP,1500,"1779594335.355233 IP (tos 0x0, ttl 64, id 41760, offset 0, flags [+], proto UDP (17), length 1500)"
1779594335.355253,,,UDP,31,"1779594335.355253 IP (tos 0x0, ttl 64, id 15683, offset 0, flags [DF], proto UDP (17), length 31)"
1779594335.356005,,,UDP,1500,"1779594335.356005 IP (tos 0x0, ttl 64, id 41761, offset 0, flags [+], proto UDP (17), length 1500)"
1779594335.356702,,,UDP,31,"1779594335.356702 IP (tos 0x0, ttl 64, id 15684, offset 0, flags [DF], proto UDP (17), length 31)"
1779594335.357475,,,UDP,1500,"1779594335.357475 IP (tos 0x0, ttl 64, id 41762, offset 0, flags [+], proto UDP (17), length 1500)"
1779594335.357942,,,UDP,31,"1779594335.357942 IP (tos 0x0, ttl 64, id 15685, offset 0, flags [DF], proto UDP (17), length 31)"
1779594335.358665,,,UDP,1500,"1779594335.358665 IP (tos 0x0, ttl 64, id 41763, offset 0, flags [+], proto UDP (17), length 1500)"
1779594335.359146,,,UDP,31,"1779594335.359146 IP (tos 0x0, ttl 64, id 15686, offset 0, flags [DF], proto UDP (17), length 31)"
1779594335.359812,,,UDP,1500,"1779594335.359812 IP (tos 0x0, ttl 64, id 41764, offset 0, flags [+], proto UDP (17), length 1500)"
1779594335.361781,,,UDP,31,"1779594335.361781 IP (tos 0x0, ttl 64, id 15688, offset 0, flags [DF], proto UDP (17), length 31)"
1779594335.362491,,,UDP,1500,"1779594335.362491 IP (tos 0x0, ttl 64, id 41765, offset 0, flags [+], proto UDP (17), length 1500)"
1779594335.363069,,,UDP,1500,"1779594335.363069 IP (tos 0x0, ttl 64, id 41766, offset 0, flags [+], proto UDP (17), length 1500)"
1779594335.363142,,,UDP,31,"1779594335.363142 IP (tos 0x0, ttl 64, id 15689, offset 0, flags [DF], proto UDP (17), length 31)"
1779594335.363759,,,UDP,1500,"1779594335.363759 IP (tos 0x0, ttl 64, id 41767, offset 0, flags [+], proto UDP (17), length 1500)"
1779594335.406158,,,UDP,31,"1779594335.406158 IP (tos 0x0, ttl 64, id 15699, offset 0, flags [DF], proto UDP (17), length 31)"
1779594335.406568,,,UDP,31,"1779594335.406568 IP (tos 0x0, ttl 64, id 15700, offset 0, flags [DF], proto UDP (17), length 31)"
1779594335.407428,,,UDP,1500,"1779594335.407428 IP (tos 0x0, ttl 64, id 41777, offset 0, flags [+], proto UDP (17), length 1500)"
1779594335.407983,,,UDP,31,"1779594335.407983 IP (tos 0x0, ttl 64, id 15701, offset 0, flags [DF], proto UDP (17), length 31)"
1779594335.408261,,,UDP,1500,"1779594335.408261 IP (tos 0x0, ttl 64, id 41778, offset 0, flags [+], proto UDP (17), length 1500)"
1779594335.409037,,,UDP,1500,"1779594335.409037 IP (tos 0x0, ttl 64, id 41779, offset 0, flags [+], proto UDP (17), length 1500)"
1779594335.409160,,,UDP,31,"1779594335.409160 IP (tos 0x0, ttl 64, id 15702, offset 0, flags [DF], proto UDP (17), length 31)"
1779594335.410039,,,UDP,1500,"1779594335.410039 IP (tos 0x0, ttl 64, id 41780, offset 0, flags [+], proto UDP (17), length 1500)"
1779594335.410246,,,UDP,31,"1779594335.410246 IP (tos 0x0, ttl 64, id 15703, offset 0, flags [DF], proto UDP (17), length 31)"
1779594335.410966,,,UDP,1500,"1779594335.410966 IP (tos 0x0, ttl 64, id 41781, offset 0, flags [+], proto UDP (17), length 1500)"
1779594335.413059,,,UDP,31,"1779594335.413059 IP (tos 0x0, ttl 64, id 15704, offset 0, flags [DF], proto UDP (17), length 31)"
1779594335.413587,,,UDP,31,"1779594335.413587 IP (tos 0x0, ttl 64, id 15705, offset 0, flags [DF], proto UDP (17), length 31)"
1779594335.413796,,,UDP,1500,"1779594335.413796 IP (tos 0x0, ttl 64, id 41782, offset 0, flags [+], proto UDP (17), length 1500)"
1779594335.414156,,,UDP,31,"1779594335.414156 IP (tos 0x0, ttl 64, id 15706, offset 0, flags [DF], proto UDP (17), length 31)"
1779594335.414352,,,UDP,1500,"1779594335.414352 IP (tos 0x0, ttl 64, id 41783, offset 0, flags [+], proto UDP (17), length 1500)"
1779594335.414912,,,UDP,1500,"1779594335.414912 IP (tos 0x0, ttl 64, id 41784, offset 0, flags [+], proto UDP (17), length 1500)"
1779594335.458399,,,UDP,31,"1779594335.458399 IP (tos 0x0, ttl 64, id 15714, offset 0, flags [DF], proto UDP (17), length 31)"
1779594335.459076,,,UDP,31,"1779594335.459076 IP (tos 0x0, ttl 64, id 15715, offset 0, flags [DF], proto UDP (17), length 31)"
1779594335.459906,,,UDP,1500,"1779594335.459906 IP (tos 0x0, ttl 64, id 41785, offset 0, flags [+], proto UDP (17), length 1500)"
1779594335.460128,,,UDP,31,"1779594335.460128 IP (tos 0x0, ttl 64, id 15716, offset 0, flags [DF], proto UDP (17), length 31)"
1779594335.460782,,,UDP,31,"1779594335.460782 IP (tos 0x0, ttl 64, id 15717, offset 0, flags [DF], proto UDP (17), length 31)"
1779594335.461271,,,UDP,1500,"1779594335.461271 IP (tos 0x0, ttl 64, id 41786, offset 0, flags [+], proto UDP (17), length 1500)"
1779594335.461746,,,UDP,31,"1779594335.461746 IP (tos 0x0, ttl 64, id 15718, offset 0, flags [DF], proto UDP (17), length 31)"
1779594335.462755,,,UDP,1500,"1779594335.462755 IP (tos 0x0, ttl 64, id 41787, offset 0, flags [+], proto UDP (17), length 1500)"
1779594335.464216,,,UDP,1500,"1779594335.464216 IP (tos 0x0, ttl 64, id 41788, offset 0, flags [+], proto UDP (17), length 1500)"
1779594335.464963,,,UDP,31,"1779594335.464963 IP (tos 0x0, ttl 64, id 15720, offset 0, flags [DF], proto UDP (17), length 31)"
1779594335.465545,,,UDP,31,"1779594335.465545 IP (tos 0x0, ttl 64, id 15721, offset 0, flags [DF], proto UDP (17), length 31)"
1779594335.465549,,,UDP,1500,"1779594335.465549 IP (tos 0x0, ttl 64, id 41789, offset 0, flags [+], proto UDP (17), length 1500)"
1779594335.467070,,,UDP,1500,"1779594335.467070 IP (tos 0x0, ttl 64, id 41790, offset 0, flags [+], proto UDP (17), length 1500)"
1779594335.468462,,,UDP,1500,"1779594335.468462 IP (tos 0x0, ttl 64, id 41791, offset 0, flags [+], proto UDP (17), length 1500)"
1779594335.469519,,,UDP,1500,"1779594335.469519 IP (tos 0x0, ttl 64, id 41792, offset 0, flags [+], proto UDP (17), length 1500)"
1779594335.511476,,,UDP,31,"1779594335.511476 IP (tos 0x0, ttl 64, id 15724, offset 0, flags [DF], proto UDP (17), length 31)"
1779594335.512691,,,UDP,31,"1779594335.512691 IP (tos 0x0, ttl 64, id 15725, offset 0, flags [DF], proto UDP (17), length 31)"
1779594335.513238,,,UDP,1500,"1779594335.513238 IP (tos 0x0, ttl 64, id 41800, offset 0, flags [+], proto UDP (17), length 1500)"
1779594335.513982,,,UDP,31,"1779594335.513982 IP (tos 0x0, ttl 64, id 15726, offset 0, flags [DF], proto UDP (17), length 31)"
1779594335.514607,,,UDP,1500,"1779594335.514607 IP (tos 0x0, ttl 64, id 41801, offset 0, flags [+], proto UDP (17), length 1500)"
1779594335.515406,,,UDP,31,"1779594335.515406 IP (tos 0x0, ttl 64, id 15727, offset 0, flags [DF], proto UDP (17), length 31)"
1779594335.515945,,,UDP,1500,"1779594335.515945 IP (tos 0x0, ttl 64, id 41802, offset 0, flags [+], proto UDP (17), length 1500)"
1779594335.516640,,,UDP,31,"1779594335.516640 IP (tos 0x0, ttl 64, id 15728, offset 0, flags [DF], proto UDP (17), length 31)"
1779594335.517116,,,UDP,1500,"1779594335.517116 IP (tos 0x0, ttl 64, id 41803, offset 0, flags [+], proto UDP (17), length 1500)"
1779594335.518271,,,UDP,31,"1779594335.518271 IP (tos 0x0, ttl 64, id 15729, offset 0, flags [DF], proto UDP (17), length 31)"
1779594335.518276,,,UDP,1500,"1779594335.518276 IP (tos 0x0, ttl 64, id 41804, offset 0, flags [+], proto UDP (17), length 1500)"
1779594335.519421,,,UDP,31,"1779594335.519421 IP (tos 0x0, ttl 64, id 15730, offset 0, flags [DF], proto UDP (17), length 31)"
1779594335.519445,,,UDP,1500,"1779594335.519445 IP (tos 0x0, ttl 64, id 41805, offset 0, flags [+], proto UDP (17), length 1500)"
1779594335.520350,,,UDP,31,"1779594335.520350 IP (tos 0x0, ttl 64, id 15731, offset 0, flags [DF], proto UDP (17), length 31)"
1779594335.520562,,,UDP,1500,"1779594335.520562 IP (tos 0x0, ttl 64, id 41806, offset 0, flags [+], proto UDP (17), length 1500)"
1779594335.521535,,,UDP,1500,"1779594335.521535 IP (tos 0x0, ttl 64, id 41807, offset 0, flags [+], proto UDP (17), length 1500)"
1779594335.564879,,,UDP,31,"1779594335.564879 IP (tos 0x0, ttl 64, id 15742, offset 0, flags [DF], proto UDP (17), length 31)"
1779594335.565870,,,UDP,31,"1779594335.565870 IP (tos 0x0, ttl 64, id 15743, offset 0, flags [DF], proto UDP (17), length 31)"
1779594335.566902,,,UDP,1500,"1779594335.566902 IP (tos 0x0, ttl 64, id 41814, offset 0, flags [+], proto UDP (17), length 1500)"
1779594335.567208,,,UDP,31,"1779594335.567208 IP (tos 0x0, ttl 64, id 15744, offset 0, flags [DF], proto UDP (17), length 31)"
1779594335.568137,,,UDP,1500,"1779594335.568137 IP (tos 0x0, ttl 64, id 41815, offset 0, flags [+], proto UDP (17), length 1500)"
1779594335.568173,,,UDP,31,"1779594335.568173 IP (tos 0x0, ttl 64, id 15745, offset 0, flags [DF], proto UDP (17), length 31)"
1779594335.569273,,,UDP,1500,"1779594335.569273 IP (tos 0x0, ttl 64, id 41816, offset 0, flags [+], proto UDP (17), length 1500)"
1779594335.569343,,,UDP,31,"1779594335.569343 IP (tos 0x0, ttl 64, id 15746, offset 0, flags [DF], proto UDP (17), length 31)"
1779594335.570358,,,UDP,1500,"1779594335.570358 IP (tos 0x0, ttl 64, id 41817, offset 0, flags [+], proto UDP (17), length 1500)"
1779594335.570504,,,UDP,31,"1779594335.570504 IP (tos 0x0, ttl 64, id 15747, offset 0, flags [DF], proto UDP (17), length 31)"
1779594335.571553,,,UDP,31,"1779594335.571553 IP (tos 0x0, ttl 64, id 15748, offset 0, flags [DF], proto UDP (17), length 31)"
1779594335.571971,,,UDP,1500,"1779594335.571971 IP (tos 0x0, ttl 64, id 41818, offset 0, flags [+], proto UDP (17), length 1500)"
1779594335.573626,,,UDP,1500,"1779594335.573626 IP (tos 0x0, ttl 64, id 41819, offset 0, flags [+], proto UDP (17), length 1500)"
1779594335.578677,,,UDP,1500,"1779594335.578677 IP (tos 0x0, ttl 64, id 41820, offset 0, flags [+], proto UDP (17), length 1500)"
1779594335.618473,,,UDP,31,"1779594335.618473 IP (tos 0x0, ttl 64, id 15753, offset 0, flags [DF], proto UDP (17), length 31)"
1779594335.619283,,,UDP,31,"1779594335.619283 IP (tos 0x0, ttl 64, id 15754, offset 0, flags [DF], proto UDP (17), length 31)"
1779594335.620020,,,UDP,1500,"1779594335.620020 IP (tos 0x0, ttl 64, id 41825, offset 0, flags [+], proto UDP (17), length 1500)"
1779594335.620322,,,UDP,31,"1779594335.620322 IP (tos 0x0, ttl 64, id 15755, offset 0, flags [DF], proto UDP (17), length 31)"
1779594335.621286,,,UDP,1500,"1779594335.621286 IP (tos 0x0, ttl 64, id 41826, offset 0, flags [+], proto UDP (17), length 1500)"
1779594335.621604,,,UDP,31,"1779594335.621604 IP (tos 0x0, ttl 64, id 15756, offset 0, flags [DF], proto UDP (17), length 31)"
1779594335.622622,,,UDP,1500,"1779594335.622622 IP (tos 0x0, ttl 64, id 41827, offset 0, flags [+], proto UDP (17), length 1500)"
1779594335.623388,,,UDP,31,"1779594335.623388 IP (tos 0x0, ttl 64, id 15757, offset 0, flags [DF], proto UDP (17), length 31)"
1779594335.624045,,,UDP,1500,"1779594335.624045 IP (tos 0x0, ttl 64, id 41828, offset 0, flags [+], proto UDP (17), length 1500)"
1779594335.625365,,,UDP,1500,"1779594335.625365 IP (tos 0x0, ttl 64, id 41829, offset 0, flags [+], proto UDP (17), length 1500)"
1779594335.626408,,,UDP,1500,"1779594335.626408 IP (tos 0x0, ttl 64, id 41830, offset 0, flags [+], proto UDP (17), length 1500)"
1779594335.631483,,,UDP,31,"1779594335.631483 IP (tos 0x0, ttl 64, id 15758, offset 0, flags [DF], proto UDP (17), length 31)"
1779594335.632460,,,UDP,31,"1779594335.632460 IP (tos 0x0, ttl 64, id 15759, offset 0, flags [DF], proto UDP (17), length 31)"
1779594335.633191,,,UDP,1500,"1779594335.633191 IP (tos 0x0, ttl 64, id 41831, offset 0, flags [+], proto UDP (17), length 1500)"
1779594335.634529,,,UDP,1500,"1779594335.634529 IP (tos 0x0, ttl 64, id 41832, offset 0, flags [+], proto UDP (17), length 1500)"
1779594335.671427,,,UDP,31,"1779594335.671427 IP (tos 0x0, ttl 64, id 15768, offset 0, flags [DF], proto UDP (17), length 31)"
1779594335.672654,,,UDP,31,"1779594335.672654 IP (tos 0x0, ttl 64, id 15769, offset 0, flags [DF], proto UDP (17), length 31)"
1779594335.673162,,,UDP,1500,"1779594335.673162 IP (tos 0x0, ttl 64, id 41841, offset 0, flags [+], proto UDP (17), length 1500)"
1779594335.673825,,,UDP,31,"1779594335.673825 IP (tos 0x0, ttl 64, id 15770, offset 0, flags [DF], proto UDP (17), length 31)"
1779594335.674624,,,UDP,1500,"1779594335.674624 IP (tos 0x0, ttl 64, id 41842, offset 0, flags [+], proto UDP (17), length 1500)"
1779594335.675195,,,UDP,31,"1779594335.675195 IP (tos 0x0, ttl 64, id 15771, offset 0, flags [DF], proto UDP (17), length 31)"
1779594335.675906,,,UDP,1500,"1779594335.675906 IP (tos 0x0, ttl 64, id 41843, offset 0, flags [+], proto UDP (17), length 1500)"
1779594335.676616,,,UDP,31,"1779594335.676616 IP (tos 0x0, ttl 64, id 15772, offset 0, flags [DF], proto UDP (17), length 31)"
1779594335.677124,,,UDP,1500,"1779594335.677124 IP (tos 0x0, ttl 64, id 41844, offset 0, flags [+], proto UDP (17), length 1500)"
1779594335.677428,,,UDP,31,"1779594335.677428 IP (tos 0x0, ttl 64, id 15773, offset 0, flags [DF], proto UDP (17), length 31)"
1779594335.678336,,,UDP,1500,"1779594335.678336 IP (tos 0x0, ttl 64, id 41845, offset 0, flags [+], proto UDP (17), length 1500)"
1779594335.679583,,,UDP,1500,"1779594335.679583 IP (tos 0x0, ttl 64, id 41846, offset 0, flags [+], proto UDP (17), length 1500)"
1779594335.684683,,,UDP,31,"1779594335.684683 IP (tos 0x0, ttl 64, id 15774, offset 0, flags [DF], proto UDP (17), length 31)"
1779594335.685873,,,UDP,31,"1779594335.685873 IP (tos 0x0, ttl 64, id 15775, offset 0, flags [DF], proto UDP (17), length 31)"
1779594335.686653,,,UDP,1500,"1779594335.686653 IP (tos 0x0, ttl 64, id 41847, offset 0, flags [+], proto UDP (17), length 1500)"
1779594335.687923,,,UDP,1500,"1779594335.687923 IP (tos 0x0, ttl 64, id 41848, offset 0, flags [+], proto UDP (17), length 1500)"
1779594335.724736,,,UDP,31,"1779594335.724736 IP (tos 0x0, ttl 64, id 15777, offset 0, flags [DF], proto UDP (17), length 31)"
1779594335.726152,,,UDP,1500,"1779594335.726152 IP (tos 0x0, ttl 64, id 41857, offset 0, flags [+], proto UDP (17), length 1500)"
1779594335.727142,,,UDP,31,"1779594335.727142 IP (tos 0x0, ttl 64, id 15779, offset 0, flags [DF], proto UDP (17), length 31)"
1779594335.728321,,,UDP,31,"1779594335.728321 IP (tos 0x0, ttl 64, id 15780, offset 0, flags [DF], proto UDP (17), length 31)"
1779594335.728423,,,UDP,1500,"1779594335.728423 IP (tos 0x0, ttl 64, id 41858, offset 0, flags [+], proto UDP (17), length 1500)"
1779594335.729551,,,UDP,1500,"1779594335.729551 IP (tos 0x0, ttl 64, id 41859, offset 0, flags [+], proto UDP (17), length 1500)"
1779594335.729682,,,UDP,31,"1779594335.729682 IP (tos 0x0, ttl 64, id 15781, offset 0, flags [DF], proto UDP (17), length 31)"
1779594335.730376,,,UDP,1500,"1779594335.730376 IP (tos 0x0, ttl 64, id 41860, offset 0, flags [+], proto UDP (17), length 1500)"
1779594335.730774,,,UDP,31,"1779594335.730774 IP (tos 0x0, ttl 64, id 15782, offset 0, flags [DF], proto UDP (17), length 31)"
1779594335.731017,,,UDP,1500,"1779594335.731017 IP (tos 0x0, ttl 64, id 41861, offset 0, flags [+], proto UDP (17), length 1500)"
1779594335.731633,,,UDP,1500,"1779594335.731633 IP (tos 0x0, ttl 64, id 41862, offset 0, flags [+], proto UDP (17), length 1500)"
1779594335.738077,,,UDP,31,"1779594335.738077 IP (tos 0x0, ttl 64, id 15783, offset 0, flags [DF], proto UDP (17), length 31)"
1779594335.739157,,,UDP,31,"1779594335.739157 IP (tos 0x0, ttl 64, id 15784, offset 0, flags [DF], proto UDP (17), length 31)"
1779594335.739982,,,UDP,1500,"1779594335.739982 IP (tos 0x0, ttl 64, id 41864, offset 0, flags [+], proto UDP (17), length 1500)"
1779594335.741121,,,UDP,1500,"1779594335.741121 IP (tos 0x0, ttl 64, id 41865, offset 0, flags [+], proto UDP (17), length 1500)"
1779594335.777706,,,UDP,31,"1779594335.777706 IP (tos 0x0, ttl 64, id 15793, offset 0, flags [DF], proto UDP (17), length 31)"
1779594335.779518,,,UDP,31,"1779594335.779518 IP (tos 0x0, ttl 64, id 15794, offset 0, flags [DF], proto UDP (17), length 31)"
1779594335.779901,,,UDP,1500,"1779594335.779901 IP (tos 0x0, ttl 64, id 41867, offset 0, flags [+], proto UDP (17), length 1500)"
1779594335.780518,,,UDP,31,"1779594335.780518 IP (tos 0x0, ttl 64, id 15795, offset 0, flags [DF], proto UDP (17), length 31)"
1779594335.781078,,,UDP,31,"1779594335.781078 IP (tos 0x0, ttl 64, id 15796, offset 0, flags [DF], proto UDP (17), length 31)"
1779594335.781262,,,UDP,1500,"1779594335.781262 IP (tos 0x0, ttl 64, id 41868, offset 0, flags [+], proto UDP (17), length 1500)"
1779594335.781754,,,UDP,31,"1779594335.781754 IP (tos 0x0, ttl 64, id 15797, offset 0, flags [DF], proto UDP (17), length 31)"
1779594335.782435,,,UDP,1500,"1779594335.782435 IP (tos 0x0, ttl 64, id 41869, offset 0, flags [+], proto UDP (17), length 1500)"
1779594335.782465,,,UDP,31,"1779594335.782465 IP (tos 0x0, ttl 64, id 15798, offset 0, flags [DF], proto UDP (17), length 31)"
1779594335.783756,,,UDP,1500,"1779594335.783756 IP (tos 0x0, ttl 64, id 41870, offset 0, flags [+], proto UDP (17), length 1500)"
1779594335.785038,,,UDP,1500,"1779594335.785038 IP (tos 0x0, ttl 64, id 41871, offset 0, flags [+], proto UDP (17), length 1500)"
1779594335.786164,,,UDP,1500,"1779594335.786164 IP (tos 0x0, ttl 64, id 41872, offset 0, flags [+], proto UDP (17), length 1500)"
1779594335.791308,,,UDP,31,"1779594335.791308 IP (tos 0x0, ttl 64, id 15800, offset 0, flags [DF], proto UDP (17), length 31)"
1779594335.792180,,,UDP,31,"1779594335.792180 IP (tos 0x0, ttl 64, id 15801, offset 0, flags [DF], proto UDP (17), length 31)"
1779594335.792886,,,UDP,1500,"1779594335.792886 IP (tos 0x0, ttl 64, id 41874, offset 0, flags [+], proto UDP (17), length 1500)"
1779594335.794310,,,UDP,1500,"1779594335.794310 IP (tos 0x0, ttl 64, id 41875, offset 0, flags [+], proto UDP (17), length 1500)"
1779594335.831402,,,UDP,31,"1779594335.831402 IP (tos 0x0, ttl 64, id 15803, offset 0, flags [DF], proto UDP (17), length 31)"
1779594335.832295,,,UDP,31,"1779594335.832295 IP (tos 0x0, ttl 64, id 15804, offset 0, flags [DF], proto UDP (17), length 31)"
1779594335.833145,,,UDP,1500,"1779594335.833145 IP (tos 0x0, ttl 64, id 41876, offset 0, flags [+], proto UDP (17), length 1500)"
1779594335.833799,,,UDP,31,"1779594335.833799 IP (tos 0x0, ttl 64, id 15805, offset 0, flags [DF], proto UDP (17), length 31)"
1779594335.834488,,,UDP,1500,"1779594335.834488 IP (tos 0x0, ttl 64, id 41877, offset 0, flags [+], proto UDP (17), length 1500)"
1779594335.835333,,,UDP,31,"1779594335.835333 IP (tos 0x0, ttl 64, id 15806, offset 0, flags [DF], proto UDP (17), length 31)"
1779594335.835568,,,UDP,1500,"1779594335.835568 IP (tos 0x0, ttl 64, id 41878, offset 0, flags [+], proto UDP (17), length 1500)"
1779594335.836272,,,UDP,31,"1779594335.836272 IP (tos 0x0, ttl 64, id 15807, offset 0, flags [DF], proto UDP (17), length 31)"
1779594335.836620,,,UDP,1500,"1779594335.836620 IP (tos 0x0, ttl 64, id 41879, offset 0, flags [+], proto UDP (17), length 1500)"
1779594335.837315,,,UDP,31,"1779594335.837315 IP (tos 0x0, ttl 64, id 15808, offset 0, flags [DF], proto UDP (17), length 31)"
1779594335.837807,,,UDP,1500,"1779594335.837807 IP (tos 0x0, ttl 64, id 41880, offset 0, flags [+], proto UDP (17), length 1500)"
1779594335.839134,,,UDP,1500,"1779594335.839134 IP (tos 0x0, ttl 64, id 41881, offset 0, flags [+], proto UDP (17), length 1500)"
1779594335.844379,,,UDP,31,"1779594335.844379 IP (tos 0x0, ttl 64, id 15809, offset 0, flags [DF], proto UDP (17), length 31)"
1779594335.845657,,,UDP,31,"1779594335.845657 IP (tos 0x0, ttl 64, id 15810, offset 0, flags [DF], proto UDP (17), length 31)"
1779594335.884618,,,UDP,31,"1779594335.884618 IP (tos 0x0, ttl 64, id 15819, offset 0, flags [DF], proto UDP (17), length 31)"
1779594335.885778,,,UDP,31,"1779594335.885778 IP (tos 0x0, ttl 64, id 15820, offset 0, flags [DF], proto UDP (17), length 31)"
1779594335.886783,,,UDP,31,"1779594335.886783 IP (tos 0x0, ttl 64, id 15821, offset 0, flags [DF], proto UDP (17), length 31)"
1779594335.887844,,,UDP,31,"1779594335.887844 IP (tos 0x0, ttl 64, id 15822, offset 0, flags [DF], proto UDP (17), length 31)"
1779594335.889015,,,UDP,31,"1779594335.889015 IP (tos 0x0, ttl 64, id 15823, offset 0, flags [DF], proto UDP (17), length 31)"
1779594335.890340,,,UDP,31,"1779594335.890340 IP (tos 0x0, ttl 64, id 15824, offset 0, flags [DF], proto UDP (17), length 31)"
1779594335.891855,,,UDP,34,"1779594335.891855 IP (tos 0x0, ttl 64, id 41886, offset 0, flags [DF], proto UDP (17), length 34)"
1779594335.942399,,,UDP,35,"1779594335.942399 IP (tos 0x0, ttl 64, id 15829, offset 0, flags [DF], proto UDP (17), length 35)"
1779594336.055233,,,UDP,63,"1779594336.055233 IP (tos 0x0, ttl 64, id 41891, offset 0, flags [DF], proto UDP (17), length 63)"
1779594336.105693,,,UDP,36,"1779594336.105693 IP (tos 0x0, ttl 64, id 15860, offset 0, flags [DF], proto UDP (17), length 36)"
1779594336.107838,,,UDP,1500,"1779594336.107838 IP (tos 0x0, ttl 64, id 41900, offset 0, flags [+], proto UDP (17), length 1500)"
1779594336.109368,,,UDP,1500,"1779594336.109368 IP (tos 0x0, ttl 64, id 41901, offset 0, flags [+], proto UDP (17), length 1500)"
1779594336.110896,,,UDP,1500,"1779594336.110896 IP (tos 0x0, ttl 64, id 41902, offset 0, flags [+], proto UDP (17), length 1500)"
1779594336.112525,,,UDP,1500,"1779594336.112525 IP (tos 0x0, ttl 64, id 41903, offset 0, flags [+], proto UDP (17), length 1500)"
1779594336.113410,,,UDP,1500,"1779594336.113410 IP (tos 0x0, ttl 64, id 41904, offset 0, flags [+], proto UDP (17), length 1500)"
1779594336.114311,,,UDP,1500,"1779594336.114311 IP (tos 0x0, ttl 64, id 41905, offset 0, flags [+], proto UDP (17), length 1500)"
1779594336.115080,,,UDP,1500,"1779594336.115080 IP (tos 0x0, ttl 64, id 41906, offset 0, flags [+], proto UDP (17), length 1500)"
1779594336.115797,,,UDP,1500,"1779594336.115797 IP (tos 0x0, ttl 64, id 41907, offset 0, flags [+], proto UDP (17), length 1500)"
1779594336.158432,,,UDP,29,"1779594336.158432 IP (tos 0x0, ttl 64, id 15871, offset 0, flags [DF], proto UDP (17), length 29)"
1779594336.159869,,,UDP,1500,"1779594336.159869 IP (tos 0x0, ttl 64, id 41909, offset 0, flags [+], proto UDP (17), length 1500)"
1779594336.162004,,,UDP,29,"1779594336.162004 IP (tos 0x0, ttl 64, id 15872, offset 0, flags [DF], proto UDP (17), length 29)"
1779594336.162643,,,UDP,29,"1779594336.162643 IP (tos 0x0, ttl 64, id 15873, offset 0, flags [DF], proto UDP (17), length 29)"
1779594336.163365,,,UDP,1500,"1779594336.163365 IP (tos 0x0, ttl 64, id 41910, offset 0, flags [+], proto UDP (17), length 1500)"
1779594336.163447,,,UDP,29,"1779594336.163447 IP (tos 0x0, ttl 64, id 15874, offset 0, flags [DF], proto UDP (17), length 29)"
1779594336.164121,,,UDP,29,"1779594336.164121 IP (tos 0x0, ttl 64, id 15875, offset 0, flags [DF], proto UDP (17), length 29)"
1779594336.164431,,,UDP,1500,"1779594336.164431 IP (tos 0x0, ttl 64, id 41911, offset 0, flags [+], proto UDP (17), length 1500)"
1779594336.165155,,,UDP,29,"1779594336.165155 IP (tos 0x0, ttl 64, id 15876, offset 0, flags [DF], proto UDP (17), length 29)"
1779594336.165555,,,UDP,1500,"1779594336.165555 IP (tos 0x0, ttl 64, id 41912, offset 0, flags [+], proto UDP (17), length 1500)"
1779594336.165899,,,UDP,29,"1779594336.165899 IP (tos 0x0, ttl 64, id 15877, offset 0, flags [DF], proto UDP (17), length 29)"
1779594336.166329,,,UDP,29,"1779594336.166329 IP (tos 0x0, ttl 64, id 15878, offset 0, flags [DF], proto UDP (17), length 29)"
1779594336.166589,,,UDP,1500,"1779594336.166589 IP (tos 0x0, ttl 64, id 41913, offset 0, flags [+], proto UDP (17), length 1500)"
1779594336.167577,,,UDP,1500,"1779594336.167577 IP (tos 0x0, ttl 64, id 41914, offset 0, flags [+], proto UDP (17), length 1500)"
1779594336.168470,,,UDP,1500,"1779594336.168470 IP (tos 0x0, ttl 64, id 41915, offset 0, flags [+], proto UDP (17), length 1500)"
1779594336.169247,,,UDP,1500,"1779594336.169247 IP (tos 0x0, ttl 64, id 41916, offset 0, flags [+], proto UDP (17), length 1500)"
1779594336.211180,,,UDP,29,"1779594336.211180 IP (tos 0x0, ttl 64, id 15889, offset 0, flags [DF], proto UDP (17), length 29)"
1779594336.212840,,,UDP,1500,"1779594336.212840 IP (tos 0x0, ttl 64, id 41926, offset 0, flags [+], proto UDP (17), length 1500)"
1779594336.214346,,,UDP,29,"1779594336.214346 IP (tos 0x0, ttl 64, id 15890, offset 0, flags [DF], proto UDP (17), length 29)"
1779594336.215351,,,UDP,30,"1779594336.215351 IP (tos 0x0, ttl 64, id 15891, offset 0, flags [DF], proto UDP (17), length 30)"
1779594336.215435,,,UDP,1500,"1779594336.215435 IP (tos 0x0, ttl 64, id 41927, offset 0, flags [+], proto UDP (17), length 1500)"
1779594336.216297,,,UDP,1500,"1779594336.216297 IP (tos 0x0, ttl 64, id 41928, offset 0, flags [+], proto UDP (17), length 1500)"
1779594336.216742,,,UDP,30,"1779594336.216742 IP (tos 0x0, ttl 64, id 15892, offset 0, flags [DF], proto UDP (17), length 30)"
1779594336.217369,,,UDP,1500,"1779594336.217369 IP (tos 0x0, ttl 64, id 41929, offset 0, flags [+], proto UDP (17), length 1500)"
1779594336.218517,,,UDP,30,"1779594336.218517 IP (tos 0x0, ttl 64, id 15894, offset 0, flags [DF], proto UDP (17), length 30)"
1779594336.219194,,,UDP,30,"1779594336.219194 IP (tos 0x0, ttl 64, id 15895, offset 0, flags [DF], proto UDP (17), length 30)"
1779594336.219376,,,UDP,1500,"1779594336.219376 IP (tos 0x0, ttl 64, id 41930, offset 0, flags [+], proto UDP (17), length 1500)"
1779594336.219937,,,UDP,30,"1779594336.219937 IP (tos 0x0, ttl 64, id 15896, offset 0, flags [DF], proto UDP (17), length 30)"
1779594336.220121,,,UDP,1500,"1779594336.220121 IP (tos 0x0, ttl 64, id 41931, offset 0, flags [+], proto UDP (17), length 1500)"
1779594336.220649,,,UDP,1500,"1779594336.220649 IP (tos 0x0, ttl 64, id 41932, offset 0, flags [+], proto UDP (17), length 1500)"
1779594336.221193,,,UDP,1500,"1779594336.221193 IP (tos 0x0, ttl 64, id 41933, offset 0, flags [+], proto UDP (17), length 1500)"
1779594336.264377,,,UDP,30,"1779594336.264377 IP (tos 0x0, ttl 64, id 15897, offset 0, flags [DF], proto UDP (17), length 30)"
1779594336.265722,,,UDP,1500,"1779594336.265722 IP (tos 0x0, ttl 64, id 41938, offset 0, flags [+], proto UDP (17), length 1500)"
1779594336.266243,,,UDP,30,"1779594336.266243 IP (tos 0x0, ttl 64, id 15898, offset 0, flags [DF], proto UDP (17), length 30)"
1779594336.266821,,,UDP,1500,"1779594336.266821 IP (tos 0x0, ttl 64, id 41939, offset 0, flags [+], proto UDP (17), length 1500)"
1779594336.267162,,,UDP,30,"1779594336.267162 IP (tos 0x0, ttl 64, id 15899, offset 0, flags [DF], proto UDP (17), length 30)"
1779594336.267827,,,UDP,1500,"1779594336.267827 IP (tos 0x0, ttl 64, id 41940, offset 0, flags [+], proto UDP (17), length 1500)"
1779594336.270096,,,UDP,30,"1779594336.270096 IP (tos 0x0, ttl 64, id 15901, offset 0, flags [DF], proto UDP (17), length 30)"
1779594336.270636,,,UDP,30,"1779594336.270636 IP (tos 0x0, ttl 64, id 15902, offset 0, flags [DF], proto UDP (17), length 30)"
1779594336.270838,,,UDP,1500,"1779594336.270838 IP (tos 0x0, ttl 64, id 41941, offset 0, flags [+], proto UDP (17), length 1500)"
1779594336.271243,,,UDP,30,"1779594336.271243 IP (tos 0x0, ttl 64, id 15903, offset 0, flags [DF], proto UDP (17), length 30)"
1779594336.271421,,,UDP,1500,"1779594336.271421 IP (tos 0x0, ttl 64, id 41942, offset 0, flags [+], proto UDP (17), length 1500)"
1779594336.271904,,,UDP,30,"1779594336.271904 IP (tos 0x0, ttl 64, id 15904, offset 0, flags [DF], proto UDP (17), length 30)"
1779594336.271985,,,UDP,1500,"1779594336.271985 IP (tos 0x0, ttl 64, id 41943, offset 0, flags [+], proto UDP (17), length 1500)"
1779594336.272801,,,UDP,1500,"1779594336.272801 IP (tos 0x0, ttl 64, id 41944, offset 0, flags [+], proto UDP (17), length 1500)"
1779594336.273404,,,UDP,1500,"1779594336.273404 IP (tos 0x0, ttl 64, id 41945, offset 0, flags [+], proto UDP (17), length 1500)"
1779594336.316677,,,UDP,30,"1779594336.316677 IP (tos 0x0, ttl 64, id 15913, offset 0, flags [DF], proto UDP (17), length 30)"
1779594336.317652,,,UDP,30,"1779594336.317652 IP (tos 0x0, ttl 64, id 15914, offset 0, flags [DF], proto UDP (17), length 30)"
1779594336.318121,,,UDP,1500,"1779594336.318121 IP (tos 0x0, ttl 64, id 41949, offset 0, flags [+], proto UDP (17), length 1500)"
1779594336.318577,,,UDP,30,"1779594336.318577 IP (tos 0x0, ttl 64, id 15915, offset 0, flags [DF], proto UDP (17), length 30)"
1779594336.319332,,,UDP,1500,"1779594336.319332 IP (tos 0x0, ttl 64, id 41950, offset 0, flags [+], proto UDP (17), length 1500)"
1779594336.320269,,,UDP,1500,"1779594336.320269 IP (tos 0x0, ttl 64, id 41951, offset 0, flags [+], proto UDP (17), length 1500)"
1779594336.322280,,,UDP,30,"1779594336.322280 IP (tos 0x0, ttl 64, id 15917, offset 0, flags [DF], proto UDP (17), length 30)"
1779594336.323124,,,UDP,1500,"1779594336.323124 IP (tos 0x0, ttl 64, id 41952, offset 0, flags [+], proto UDP (17), length 1500)"
1779594336.323283,,,UDP,30,"1779594336.323283 IP (tos 0x0, ttl 64, id 15919, offset 0, flags [DF], proto UDP (17), length 30)"
1779594336.323704,,,UDP,1500,"1779594336.323704 IP (tos 0x0, ttl 64, id 41953, offset 0, flags [+], proto UDP (17), length 1500)"
1779594336.324015,,,UDP,30,"1779594336.324015 IP (tos 0x0, ttl 64, id 15920, offset 0, flags [DF], proto UDP (17), length 30)"
1779594336.324287,,,UDP,1500,"1779594336.324287 IP (tos 0x0, ttl 64, id 41954, offset 0, flags [+], proto UDP (17), length 1500)"
1779594336.324804,,,UDP,1500,"1779594336.324804 IP (tos 0x0, ttl 64, id 41955, offset 0, flags [+], proto UDP (17), length 1500)"
1779594336.325334,,,UDP,1500,"1779594336.325334 IP (tos 0x0, ttl 64, id 41956, offset 0, flags [+], proto UDP (17), length 1500)"
1779594336.369415,,,UDP,30,"1779594336.369415 IP (tos 0x0, ttl 64, id 15921, offset 0, flags [DF], proto UDP (17), length 30)"
1779594336.370273,,,UDP,30,"1779594336.370273 IP (tos 0x0, ttl 64, id 15922, offset 0, flags [DF], proto UDP (17), length 30)"
1779594336.370983,,,UDP,30,"1779594336.370983 IP (tos 0x0, ttl 64, id 15923, offset 0, flags [DF], proto UDP (17), length 30)"
1779594336.371073,,,UDP,1500,"1779594336.371073 IP (tos 0x0, ttl 64, id 41957, offset 0, flags [+], proto UDP (17), length 1500)"
1779594336.371651,,,UDP,1500,"1779594336.371651 IP (tos 0x0, ttl 64, id 41958, offset 0, flags [+], proto UDP (17), length 1500)"
1779594336.372290,,,UDP,1500,"1779594336.372290 IP (tos 0x0, ttl 64, id 41959, offset 0, flags [+], proto UDP (17), length 1500)"
1779594336.373887,,,UDP,30,"1779594336.373887 IP (tos 0x0, ttl 64, id 15924, offset 0, flags [DF], proto UDP (17), length 30)"
1779594336.374821,,,UDP,1500,"1779594336.374821 IP (tos 0x0, ttl 64, id 41960, offset 0, flags [+], proto UDP (17), length 1500)"
1779594336.374867,,,UDP,30,"1779594336.374867 IP (tos 0x0, ttl 64, id 15926, offset 0, flags [DF], proto UDP (17), length 30)"
1779594336.375293,,,UDP,30,"1779594336.375293 IP (tos 0x0, ttl 64, id 15927, offset 0, flags [DF], proto UDP (17), length 30)"
1779594336.375915,,,UDP,1500,"1779594336.375915 IP (tos 0x0, ttl 64, id 41961, offset 0, flags [+], proto UDP (17), length 1500)"
1779594336.376428,,,UDP,1500,"1779594336.376428 IP (tos 0x0, ttl 64, id 41962, offset 0, flags [+], proto UDP (17), length 1500)"
1779594336.376979,,,UDP,1500,"1779594336.376979 IP (tos 0x0, ttl 64, id 41963, offset 0, flags [+], proto UDP (17), length 1500)"
1779594336.421919,,,UDP,30,"1779594336.421919 IP (tos 0x0, ttl 64, id 15938, offset 0, flags [DF], proto UDP (17), length 30)"
1779594336.422399,,,UDP,30,"1779594336.422399 IP (tos 0x0, ttl 64, id 15939, offset 0, flags [DF], proto UDP (17), length 30)"
1779594336.423081,,,UDP,30,"1779594336.423081 IP (tos 0x0, ttl 64, id 15940, offset 0, flags [DF], proto UDP (17), length 30)"
1779594336.423393,,,UDP,1500,"1779594336.423393 IP (tos 0x0, ttl 64, id 41973, offset 0, flags [+], proto UDP (17), length 1500)"
1779594336.424113,,,UDP,1500,"1779594336.424113 IP (tos 0x0, ttl 64, id 41974, offset 0, flags [+], proto UDP (17), length 1500)"
1779594336.424744,,,UDP,1500,"1779594336.424744 IP (tos 0x0, ttl 64, id 41975, offset 0, flags [+], proto UDP (17), length 1500)"
1779594336.425297,,,UDP,1500,"1779594336.425297 IP (tos 0x0, ttl 64, id 41976, offset 0, flags [+], proto UDP (17), length 1500)"
1779594336.426576,,,UDP,30,"1779594336.426576 IP (tos 0x0, ttl 64, id 15942, offset 0, flags [DF], proto UDP (17), length 30)"
1779594336.426893,,,UDP,30,"1779594336.426893 IP (tos 0x0, ttl 64, id 15943, offset 0, flags [DF], proto UDP (17), length 30)"
1779594336.427399,,,UDP,1500,"1779594336.427399 IP (tos 0x0, ttl 64, id 41977, offset 0, flags [+], proto UDP (17), length 1500)"
1779594336.427652,,,UDP,30,"1779594336.427652 IP (tos 0x0, ttl 64, id 15944, offset 0, flags [DF], proto UDP (17), length 30)"
1779594336.427890,,,UDP,1500,"1779594336.427890 IP (tos 0x0, ttl 64, id 41978, offset 0, flags [+], proto UDP (17), length 1500)"
1779594336.428764,,,UDP,1500,"1779594336.428764 IP (tos 0x0, ttl 64, id 41979, offset 0, flags [+], proto UDP (17), length 1500)"
1779594336.429390,,,UDP,1500,"1779594336.429390 IP (tos 0x0, ttl 64, id 41980, offset 0, flags [+], proto UDP (17), length 1500)"
1779594336.474315,,,UDP,30,"1779594336.474315 IP (tos 0x0, ttl 64, id 15956, offset 0, flags [DF], proto UDP (17), length 30)"
1779594336.475249,,,UDP,30,"1779594336.475249 IP (tos 0x0, ttl 64, id 15958, offset 0, flags [DF], proto UDP (17), length 30)"
1779594336.475557,,,UDP,1500,"1779594336.475557 IP (tos 0x0, ttl 64, id 41984, offset 0, flags [+], proto UDP (17), length 1500)"
1779594336.476129,,,UDP,30,"1779594336.476129 IP (tos 0x0, ttl 64, id 15959, offset 0, flags [DF], proto UDP (17), length 30)"
1779594336.476573,,,UDP,1500,"1779594336.476573 IP (tos 0x0, ttl 64, id 41985, offset 0, flags [+], proto UDP (17), length 1500)"
1779594336.477495,,,UDP,1500,"1779594336.477495 IP (tos 0x0, ttl 64, id 41986, offset 0, flags [+], proto UDP (17), length 1500)"
1779594336.477962,,,UDP,30,"1779594336.477962 IP (tos 0x0, ttl 64, id 15960, offset 0, flags [DF], proto UDP (17), length 30)"
1779594336.478510,,,UDP,1500,"1779594336.478510 IP (tos 0x0, ttl 64, id 41987, offset 0, flags [+], proto UDP (17), length 1500)"
1779594336.478818,,,UDP,30,"1779594336.478818 IP (tos 0x0, ttl 64, id 15961, offset 0, flags [DF], proto UDP (17), length 30)"
1779594336.479224,,,UDP,1500,"1779594336.479224 IP (tos 0x0, ttl 64, id 41988, offset 0, flags [+], proto UDP (17), length 1500)"
1779594336.479265,,,UDP,30,"1779594336.479265 IP (tos 0x0, ttl 64, id 15962, offset 0, flags [DF], proto UDP (17), length 30)"
1779594336.479762,,,UDP,1500,"1779594336.479762 IP (tos 0x0, ttl 64, id 41989, offset 0, flags [+], proto UDP (17), length 1500)"
1779594336.480223,,,UDP,30,"1779594336.480223 IP (tos 0x0, ttl 64, id 15963, offset 0, flags [DF], proto UDP (17), length 30)"
1779594336.480479,,,UDP,1500,"1779594336.480479 IP (tos 0x0, ttl 64, id 41990, offset 0, flags [+], proto UDP (17), length 1500)"
1779594336.481149,,,UDP,1500,"1779594336.481149 IP (tos 0x0, ttl 64, id 41991, offset 0, flags [+], proto UDP (17), length 1500)"
1779594336.526770,,,UDP,30,"1779594336.526770 IP (tos 0x0, ttl 64, id 15973, offset 0, flags [DF], proto UDP (17), length 30)"
1779594336.527458,,,UDP,30,"1779594336.527458 IP (tos 0x0, ttl 64, id 15974, offset 0, flags [DF], proto UDP (17), length 30)"
1779594336.528451,,,UDP,30,"1779594336.528451 IP (tos 0x0, ttl 64, id 15975, offset 0, flags [DF], proto UDP (17), length 30)"
1779594336.528574,,,UDP,1500,"1779594336.528574 IP (tos 0x0, ttl 64, id 41996, offset 0, flags [+], proto UDP (17), length 1500)"
1779594336.529345,,,UDP,30,"1779594336.529345 IP (tos 0x0, ttl 64, id 15976, offset 0, flags [DF], proto UDP (17), length 30)"
1779594336.529793,,,UDP,30,"1779594336.529793 IP (tos 0x0, ttl 64, id 15977, offset 0, flags [DF], proto UDP (17), length 30)"
1779594336.529977,,,UDP,1500,"1779594336.529977 IP (tos 0x0, ttl 64, id 41997, offset 0, flags [+], proto UDP (17), length 1500)"
1779594336.530515,,,UDP,30,"1779594336.530515 IP (tos 0x0, ttl 64, id 15978, offset 0, flags [DF], proto UDP (17), length 30)"
1779594336.531107,,,UDP,30,"1779594336.531107 IP (tos 0x0, ttl 64, id 15979, offset 0, flags [DF], proto UDP (17), length 30)"
1779594336.531253,,,UDP,1500,"1779594336.531253 IP (tos 0x0, ttl 64, id 41998, offset 0, flags [+], proto UDP (17), length 1500)"
1779594336.531939,,,UDP,30,"1779594336.531939 IP (tos 0x0, ttl 64, id 15980, offset 0, flags [DF], proto UDP (17), length 30)"
1779594336.532417,,,UDP,1500,"1779594336.532417 IP (tos 0x0, ttl 64, id 41999, offset 0, flags [+], proto UDP (17), length 1500)"
1779594336.533683,,,UDP,1500,"1779594336.533683 IP (tos 0x0, ttl 64, id 42000, offset 0, flags [+], proto UDP (17), length 1500)"
1779594336.534781,,,UDP,1500,"1779594336.534781 IP (tos 0x0, ttl 64, id 42001, offset 0, flags [+], proto UDP (17), length 1500)"
1779594336.535629,,,UDP,1500,"1779594336.535629 IP (tos 0x0, ttl 64, id 42002, offset 0, flags [+], proto UDP (17), length 1500)"
1779594336.536396,,,UDP,1500,"1779594336.536396 IP (tos 0x0, ttl 64, id 42003, offset 0, flags [+], proto UDP (17), length 1500)"
1779594336.580061,,,UDP,30,"1779594336.580061 IP (tos 0x0, ttl 64, id 15988, offset 0, flags [DF], proto UDP (17), length 30)"
1779594336.581313,,,UDP,30,"1779594336.581313 IP (tos 0x0, ttl 64, id 15989, offset 0, flags [DF], proto UDP (17), length 30)"
1779594336.581590,,,UDP,1500,"1779594336.581590 IP (tos 0x0, ttl 64, id 42006, offset 0, flags [+], proto UDP (17), length 1500)"
1779594336.582484,,,UDP,30,"1779594336.582484 IP (tos 0x0, ttl 64, id 15990, offset 0, flags [DF], proto UDP (17), length 30)"
1779594336.583003,,,UDP,1500,"1779594336.583003 IP (tos 0x0, ttl 64, id 42007, offset 0, flags [+], proto UDP (17), length 1500)"
1779594336.583455,,,UDP,30,"1779594336.583455 IP (tos 0x0, ttl 64, id 15991, offset 0, flags [DF], proto UDP (17), length 30)"
1779594336.584093,,,UDP,1500,"1779594336.584093 IP (tos 0x0, ttl 64, id 42008, offset 0, flags [+], proto UDP (17), length 1500)"
1779594336.584655,,,UDP,30,"1779594336.584655 IP (tos 0x0, ttl 64, id 15992, offset 0, flags [DF], proto UDP (17), length 30)"
1779594336.585158,,,UDP,1500,"1779594336.585158 IP (tos 0x0, ttl 64, id 42009, offset 0, flags [+], proto UDP (17), length 1500)"
1779594336.585687,,,UDP,30,"1779594336.585687 IP (tos 0x0, ttl 64, id 15993, offset 0, flags [DF], proto UDP (17), length 30)"
1779594336.586316,,,UDP,1500,"1779594336.586316 IP (tos 0x0, ttl 64, id 42010, offset 0, flags [+], proto UDP (17), length 1500)"
1779594336.586456,,,UDP,30,"1779594336.586456 IP (tos 0x0, ttl 64, id 15994, offset 0, flags [DF], proto UDP (17), length 30)"
1779594336.586953,,,UDP,30,"1779594336.586953 IP (tos 0x0, ttl 64, id 15995, offset 0, flags [DF], proto UDP (17), length 30)"
1779594336.587698,,,UDP,1500,"1779594336.587698 IP (tos 0x0, ttl 64, id 42011, offset 0, flags [+], proto UDP (17), length 1500)"
1779594336.588988,,,UDP,1500,"1779594336.588988 IP (tos 0x0, ttl 64, id 42012, offset 0, flags [+], proto UDP (17), length 1500)"
1779594336.589914,,,UDP,1500,"1779594336.589914 IP (tos 0x0, ttl 64, id 42013, offset 0, flags [+], proto UDP (17), length 1500)"
1779594336.633211,,,UDP,30,"1779594336.633211 IP (tos 0x0, ttl 64, id 15996, offset 0, flags [DF], proto UDP (17), length 30)"
1779594336.634282,,,UDP,30,"1779594336.634282 IP (tos 0x0, ttl 64, id 15997, offset 0, flags [DF], proto UDP (17), length 30)"
1779594336.635052,,,UDP,1500,"1779594336.635052 IP (tos 0x0, ttl 64, id 42018, offset 0, flags [+], proto UDP (17), length 1500)"
1779594336.635241,,,UDP,30,"1779594336.635241 IP (tos 0x0, ttl 64, id 15998, offset 0, flags [DF], proto UDP (17), length 30)"
1779594336.636185,,,UDP,1500,"1779594336.636185 IP (tos 0x0, ttl 64, id 42019, offset 0, flags [+], proto UDP (17), length 1500)"
1779594336.636545,,,UDP,30,"1779594336.636545 IP (tos 0x0, ttl 64, id 15999, offset 0, flags [DF], proto UDP (17), length 30)"
1779594336.637245,,,UDP,1500,"1779594336.637245 IP (tos 0x0, ttl 64, id 42020, offset 0, flags [+], proto UDP (17), length 1500)"
1779594336.637493,,,UDP,30,"1779594336.637493 IP (tos 0x0, ttl 64, id 16000, offset 0, flags [DF], proto UDP (17), length 30)"
1779594336.638068,,,UDP,1500,"1779594336.638068 IP (tos 0x0, ttl 64, id 42021, offset 0, flags [+], proto UDP (17), length 1500)"
1779594336.638851,,,UDP,1500,"1779594336.638851 IP (tos 0x0, ttl 64, id 42022, offset 0, flags [+], proto UDP (17), length 1500)"
1779594336.638871,,,UDP,30,"1779594336.638871 IP (tos 0x0, ttl 64, id 16001, offset 0, flags [DF], proto UDP (17), length 30)"
1779594336.639508,,,UDP,1500,"1779594336.639508 IP (tos 0x0, ttl 64, id 42023, offset 0, flags [+], proto UDP (17), length 1500)"
1779594336.639857,,,UDP,30,"1779594336.639857 IP (tos 0x0, ttl 64, id 16002, offset 0, flags [DF], proto UDP (17), length 30)"
1779594336.640497,,,UDP,1500,"1779594336.640497 IP (tos 0x0, ttl 64, id 42024, offset 0, flags [+], proto UDP (17), length 1500)"
1779594336.640901,,,UDP,30,"1779594336.640901 IP (tos 0x0, ttl 64, id 16003, offset 0, flags [DF], proto UDP (17), length 30)"
1779594336.641638,,,UDP,1500,"1779594336.641638 IP (tos 0x0, ttl 64, id 42025, offset 0, flags [+], proto UDP (17), length 1500)"
1779594336.688134,,,UDP,30,"1779594336.688134 IP (tos 0x0, ttl 64, id 16009, offset 0, flags [DF], proto UDP (17), length 30)"
1779594336.688840,,,UDP,30,"1779594336.688840 IP (tos 0x0, ttl 64, id 16010, offset 0, flags [DF], proto UDP (17), length 30)"
1779594336.689576,,,UDP,30,"1779594336.689576 IP (tos 0x0, ttl 64, id 16011, offset 0, flags [DF], proto UDP (17), length 30)"
1779594336.689745,,,UDP,1500,"1779594336.689745 IP (tos 0x0, ttl 64, id 42037, offset 0, flags [+], proto UDP (17), length 1500)"
1779594336.690328,,,UDP,30,"1779594336.690328 IP (tos 0x0, ttl 64, id 16012, offset 0, flags [DF], proto UDP (17), length 30)"
1779594336.691074,,,UDP,1500,"1779594336.691074 IP (tos 0x0, ttl 64, id 42038, offset 0, flags [+], proto UDP (17), length 1500)"
1779594336.692188,,,UDP,30,"1779594336.692188 IP (tos 0x0, ttl 64, id 16014, offset 0, flags [DF], proto UDP (17), length 30)"
1779594336.692472,,,UDP,1500,"1779594336.692472 IP (tos 0x0, ttl 64, id 42039, offset 0, flags [+], proto UDP (17), length 1500)"
1779594336.693800,,,UDP,1500,"1779594336.693800 IP (tos 0x0, ttl 64, id 42040, offset 0, flags [+], proto UDP (17), length 1500)"
1779594336.695364,,,UDP,1500,"1779594336.695364 IP (tos 0x0, ttl 64, id 42041, offset 0, flags [+], proto UDP (17), length 1500)"
1779594336.696497,,,UDP,1500,"1779594336.696497 IP (tos 0x0, ttl 64, id 42042, offset 0, flags [+], proto UDP (17), length 1500)"
1779594336.697429,,,UDP,1500,"1779594336.697429 IP (tos 0x0, ttl 64, id 42043, offset 0, flags [+], proto UDP (17), length 1500)"
1779594336.698242,,,UDP,1500,"1779594336.698242 IP (tos 0x0, ttl 64, id 42044, offset 0, flags [+], proto UDP (17), length 1500)"
1779594336.741026,,,UDP,30,"1779594336.741026 IP (tos 0x0, ttl 64, id 16019, offset 0, flags [DF], proto UDP (17), length 30)"
1779594336.741765,,,UDP,1500,"1779594336.741765 IP (tos 0x0, ttl 64, id 42050, offset 0, flags [+], proto UDP (17), length 1500)"
1779594336.742118,,,UDP,30,"1779594336.742118 IP (tos 0x0, ttl 64, id 16020, offset 0, flags [DF], proto UDP (17), length 30)"
1779594336.742825,,,UDP,1500,"1779594336.742825 IP (tos 0x0, ttl 64, id 42051, offset 0, flags [+], proto UDP (17), length 1500)"
1779594336.743652,,,UDP,30,"1779594336.743652 IP (tos 0x0, ttl 64, id 16021, offset 0, flags [DF], proto UDP (17), length 30)"
1779594336.744285,,,UDP,1500,"1779594336.744285 IP (tos 0x0, ttl 64, id 42052, offset 0, flags [+], proto UDP (17), length 1500)"
1779594336.744843,,,UDP,30,"1779594336.744843 IP (tos 0x0, ttl 64, id 16022, offset 0, flags [DF], proto UDP (17), length 30)"
1779594336.745421,,,UDP,1500,"1779594336.745421 IP (tos 0x0, ttl 64, id 42053, offset 0, flags [+], proto UDP (17), length 1500)"
1779594336.746473,,,UDP,30,"1779594336.746473 IP (tos 0x0, ttl 64, id 16023, offset 0, flags [DF], proto UDP (17), length 30)"
1779594336.747124,,,UDP,1500,"1779594336.747124 IP (tos 0x0, ttl 64, id 42054, offset 0, flags [+], proto UDP (17), length 1500)"
1779594336.747391,,,UDP,30,"1779594336.747391 IP (tos 0x0, ttl 64, id 16024, offset 0, flags [DF], proto UDP (17), length 30)"
1779594336.748059,,,UDP,1500,"1779594336.748059 IP (tos 0x0, ttl 64, id 42055, offset 0, flags [+], proto UDP (17), length 1500)"
1779594336.748181,,,UDP,30,"1779594336.748181 IP (tos 0x0, ttl 64, id 16025, offset 0, flags [DF], proto UDP (17), length 30)"
1779594336.748828,,,UDP,1500,"1779594336.748828 IP (tos 0x0, ttl 64, id 42056, offset 0, flags [+], proto UDP (17), length 1500)"
1779594336.749157,,,UDP,30,"1779594336.749157 IP (tos 0x0, ttl 64, id 16026, offset 0, flags [DF], proto UDP (17), length 30)"
1779594336.749726,,,UDP,1500,"1779594336.749726 IP (tos 0x0, ttl 64, id 42057, offset 0, flags [+], proto UDP (17), length 1500)"
1779594336.792545,,,UDP,30,"1779594336.792545 IP (tos 0x0, ttl 64, id 16035, offset 0, flags [DF], proto UDP (17), length 30)"
1779594336.793401,,,UDP,30,"1779594336.793401 IP (tos 0x0, ttl 64, id 16036, offset 0, flags [DF], proto UDP (17), length 30)"
1779594336.793839,,,UDP,1500,"1779594336.793839 IP (tos 0x0, ttl 64, id 42064, offset 0, flags [+], proto UDP (17), length 1500)"
1779594336.794751,,,UDP,30,"1779594336.794751 IP (tos 0x0, ttl 64, id 16037, offset 0, flags [DF], proto UDP (17), length 30)"
1779594336.794907,,,UDP,1500,"1779594336.794907 IP (tos 0x0, ttl 64, id 42065, offset 0, flags [+], proto UDP (17), length 1500)"
1779594336.795520,,,UDP,1500,"1779594336.795520 IP (tos 0x0, ttl 64, id 42066, offset 0, flags [+], proto UDP (17), length 1500)"
1779594336.795927,,,UDP,30,"1779594336.795927 IP (tos 0x0, ttl 64, id 16038, offset 0, flags [DF], proto UDP (17), length 30)"
1779594336.796607,,,UDP,1500,"1779594336.796607 IP (tos 0x0, ttl 64, id 42067, offset 0, flags [+], proto UDP (17), length 1500)"
1779594336.797683,,,UDP,30,"1779594336.797683 IP (tos 0x0, ttl 64, id 16039, offset 0, flags [DF], proto UDP (17), length 30)"
1779594336.798345,,,UDP,1500,"1779594336.798345 IP (tos 0x0, ttl 64, id 42068, offset 0, flags [+], proto UDP (17), length 1500)"
1779594336.798542,,,UDP,31,"1779594336.798542 IP (tos 0x0, ttl 64, id 16040, offset 0, flags [DF], proto UDP (17), length 31)"
1779594336.799266,,,UDP,31,"1779594336.799266 IP (tos 0x0, ttl 64, id 16041, offset 0, flags [DF], proto UDP (17), length 31)"
1779594336.799437,,,UDP,1500,"1779594336.799437 IP (tos 0x0, ttl 64, id 42069, offset 0, flags [+], proto UDP (17), length 1500)"
1779594336.800110,,,UDP,31,"1779594336.800110 IP (tos 0x0, ttl 64, id 16042, offset 0, flags [DF], proto UDP (17), length 31)"
1779594336.800116,,,UDP,1500,"1779594336.800116 IP (tos 0x0, ttl 64, id 42070, offset 0, flags [+], proto UDP (17), length 1500)"
1779594336.800802,,,UDP,1500,"1779594336.800802 IP (tos 0x0, ttl 64, id 42071, offset 0, flags [+], proto UDP (17), length 1500)"
1779594336.847494,,,UDP,31,"1779594336.847494 IP (tos 0x0, ttl 64, id 16055, offset 0, flags [DF], proto UDP (17), length 31)"
1779594336.849102,,,UDP,1500,"1779594336.849102 IP (tos 0x0, ttl 64, id 42078, offset 0, flags [+], proto UDP (17), length 1500)"
1779594336.849480,,,UDP,31,"1779594336.849480 IP (tos 0x0, ttl 64, id 16056, offset 0, flags [DF], proto UDP (17), length 31)"
1779594336.850178,,,UDP,1500,"1779594336.850178 IP (tos 0x0, ttl 64, id 42079, offset 0, flags [+], proto UDP (17), length 1500)"
1779594336.850188,,,UDP,31,"1779594336.850188 IP (tos 0x0, ttl 64, id 16057, offset 0, flags [DF], proto UDP (17), length 31)"
1779594336.851011,,,UDP,31,"1779594336.851011 IP (tos 0x0, ttl 64, id 16058, offset 0, flags [DF], proto UDP (17), length 31)"
1779594336.851256,,,UDP,1500,"1779594336.851256 IP (tos 0x0, ttl 64, id 42080, offset 0, flags [+], proto UDP (17), length 1500)"
1779594336.851542,,,UDP,31,"1779594336.851542 IP (tos 0x0, ttl 64, id 16059, offset 0, flags [DF], proto UDP (17), length 31)"
1779594336.852372,,,UDP,1500,"1779594336.852372 IP (tos 0x0, ttl 64, id 42081, offset 0, flags [+], proto UDP (17), length 1500)"
1779594336.853511,,,UDP,1500,"1779594336.853511 IP (tos 0x0, ttl 64, id 42082, offset 0, flags [+], proto UDP (17), length 1500)"
1779594336.854576,,,UDP,1500,"1779594336.854576 IP (tos 0x0, ttl 64, id 42083, offset 0, flags [+], proto UDP (17), length 1500)"
1779594336.855606,,,UDP,1500,"1779594336.855606 IP (tos 0x0, ttl 64, id 42084, offset 0, flags [+], proto UDP (17), length 1500)"
1779594336.856702,,,UDP,1500,"1779594336.856702 IP (tos 0x0, ttl 64, id 42085, offset 0, flags [+], proto UDP (17), length 1500)"
1779594336.900687,,,UDP,31,"1779594336.900687 IP (tos 0x0, ttl 64, id 16064, offset 0, flags [DF], proto UDP (17), length 31)"
1779594336.901313,,,UDP,31,"1779594336.901313 IP (tos 0x0, ttl 64, id 16065, offset 0, flags [DF], proto UDP (17), length 31)"
1779594336.901970,,,UDP,1500,"1779594336.901970 IP (tos 0x0, ttl 64, id 42094, offset 0, flags [+], proto UDP (17), length 1500)"
1779594336.902198,,,UDP,31,"1779594336.902198 IP (tos 0x0, ttl 64, id 16066, offset 0, flags [DF], proto UDP (17), length 31)"
1779594336.902803,,,UDP,1500,"1779594336.902803 IP (tos 0x0, ttl 64, id 42095, offset 0, flags [+], proto UDP (17), length 1500)"
1779594336.903347,,,UDP,1500,"1779594336.903347 IP (tos 0x0, ttl 64, id 42096, offset 0, flags [+], proto UDP (17), length 1500)"
1779594336.903589,,,UDP,31,"1779594336.903589 IP (tos 0x0, ttl 64, id 16067, offset 0, flags [DF], proto UDP (17), length 31)"
1779594336.904380,,,UDP,1500,"1779594336.904380 IP (tos 0x0, ttl 64, id 42097, offset 0, flags [+], proto UDP (17), length 1500)"
1779594336.904758,,,UDP,31,"1779594336.904758 IP (tos 0x0, ttl 64, id 16068, offset 0, flags [DF], proto UDP (17), length 31)"
1779594336.905485,,,UDP,31,"1779594336.905485 IP (tos 0x0, ttl 64, id 16069, offset 0, flags [DF], proto UDP (17), length 31)"
1779594336.905521,,,UDP,1500,"1779594336.905521 IP (tos 0x0, ttl 64, id 42098, offset 0, flags [+], proto UDP (17), length 1500)"
1779594336.906480,,,UDP,1500,"1779594336.906480 IP (tos 0x0, ttl 64, id 42099, offset 0, flags [+], proto UDP (17), length 1500)"
1779594336.906479,,,UDP,31,"1779594336.906479 IP (tos 0x0, ttl 64, id 16070, offset 0, flags [DF], proto UDP (17), length 31)"
1779594336.907425,,,UDP,1500,"1779594336.907425 IP (tos 0x0, ttl 64, id 42100, offset 0, flags [+], proto UDP (17), length 1500)"
1779594336.907616,,,UDP,31,"1779594336.907616 IP (tos 0x0, ttl 64, id 16071, offset 0, flags [DF], proto UDP (17), length 31)"
1779594336.908361,,,UDP,1500,"1779594336.908361 IP (tos 0x0, ttl 64, id 42101, offset 0, flags [+], proto UDP (17), length 1500)"
1779594336.952706,,,UDP,31,"1779594336.952706 IP (tos 0x0, ttl 64, id 16075, offset 0, flags [DF], proto UDP (17), length 31)"
1779594336.953339,,,UDP,31,"1779594336.953339 IP (tos 0x0, ttl 64, id 16076, offset 0, flags [DF], proto UDP (17), length 31)"
1779594336.953930,,,UDP,31,"1779594336.953930 IP (tos 0x0, ttl 64, id 16077, offset 0, flags [DF], proto UDP (17), length 31)"
1779594336.953931,,,UDP,1500,"1779594336.953931 IP (tos 0x0, ttl 64, id 42102, offset 0, flags [+], proto UDP (17), length 1500)"
1779594336.955021,,,UDP,1500,"1779594336.955021 IP (tos 0x0, ttl 64, id 42103, offset 0, flags [+], proto UDP (17), length 1500)"
1779594336.955112,,,UDP,31,"1779594336.955112 IP (tos 0x0, ttl 64, id 16078, offset 0, flags [DF], proto UDP (17), length 31)"
1779594336.956012,,,UDP,1500,"1779594336.956012 IP (tos 0x0, ttl 64, id 42104, offset 0, flags [+], proto UDP (17), length 1500)"
1779594336.956340,,,UDP,31,"1779594336.956340 IP (tos 0x0, ttl 64, id 16079, offset 0, flags [DF], proto UDP (17), length 31)"
1779594336.956910,,,UDP,1500,"1779594336.956910 IP (tos 0x0, ttl 64, id 42105, offset 0, flags [+], proto UDP (17), length 1500)"
1779594336.957268,,,UDP,31,"1779594336.957268 IP (tos 0x0, ttl 64, id 16080, offset 0, flags [DF], proto UDP (17), length 31)"
1779594336.957687,,,UDP,1500,"1779594336.957687 IP (tos 0x0, ttl 64, id 42106, offset 0, flags [+], proto UDP (17), length 1500)"
1779594336.957930,,,UDP,31,"1779594336.957930 IP (tos 0x0, ttl 64, id 16081, offset 0, flags [DF], proto UDP (17), length 31)"
1779594336.958600,,,UDP,1500,"1779594336.958600 IP (tos 0x0, ttl 64, id 42107, offset 0, flags [+], proto UDP (17), length 1500)"
1779594336.959206,,,UDP,31,"1779594336.959206 IP (tos 0x0, ttl 64, id 16082, offset 0, flags [DF], proto UDP (17), length 31)"
1779594336.959559,,,UDP,1500,"1779594336.959559 IP (tos 0x0, ttl 64, id 42108, offset 0, flags [+], proto UDP (17), length 1500)"
1779594336.960614,,,UDP,1500,"1779594336.960614 IP (tos 0x0, ttl 64, id 42109, offset 0, flags [+], proto UDP (17), length 1500)"
1779594337.004973,,,UDP,31,"1779594337.004973 IP (tos 0x0, ttl 64, id 16089, offset 0, flags [DF], proto UDP (17), length 31)"
1779594337.005818,,,UDP,31,"1779594337.005818 IP (tos 0x0, ttl 64, id 16090, offset 0, flags [DF], proto UDP (17), length 31)"
1779594337.006352,,,UDP,1500,"1779594337.006352 IP (tos 0x0, ttl 64, id 42120, offset 0, flags [+], proto UDP (17), length 1500)"
1779594337.006727,,,UDP,31,"1779594337.006727 IP (tos 0x0, ttl 64, id 16091, offset 0, flags [DF], proto UDP (17), length 31)"
1779594337.007432,,,UDP,1500,"1779594337.007432 IP (tos 0x0, ttl 64, id 42121, offset 0, flags [+], proto UDP (17), length 1500)"
1779594337.007678,,,UDP,31,"1779594337.007678 IP (tos 0x0, ttl 64, id 16092, offset 0, flags [DF], proto UDP (17), length 31)"
1779594337.008153,,,UDP,1500,"1779594337.008153 IP (tos 0x0, ttl 64, id 42122, offset 0, flags [+], proto UDP (17), length 1500)"
1779594337.008401,,,UDP,31,"1779594337.008401 IP (tos 0x0, ttl 64, id 16093, offset 0, flags [DF], proto UDP (17), length 31)"
1779594337.008990,,,UDP,1500,"1779594337.008990 IP (tos 0x0, ttl 64, id 42123, offset 0, flags [+], proto UDP (17), length 1500)"
1779594337.009343,,,UDP,31,"1779594337.009343 IP (tos 0x0, ttl 64, id 16094, offset 0, flags [DF], proto UDP (17), length 31)"
1779594337.009705,,,UDP,1500,"1779594337.009705 IP (tos 0x0, ttl 64, id 42124, offset 0, flags [+], proto UDP (17), length 1500)"
1779594337.010397,,,UDP,1500,"1779594337.010397 IP (tos 0x0, ttl 64, id 42125, offset 0, flags [+], proto UDP (17), length 1500)"
1779594337.010396,,,UDP,31,"1779594337.010396 IP (tos 0x0, ttl 64, id 16095, offset 0, flags [DF], proto UDP (17), length 31)"
1779594337.010900,,,UDP,1500,"1779594337.010900 IP (tos 0x0, ttl 64, id 42126, offset 0, flags [+], proto UDP (17), length 1500)"
1779594337.011415,,,UDP,31,"1779594337.011415 IP (tos 0x0, ttl 64, id 16096, offset 0, flags [DF], proto UDP (17), length 31)"
1779594337.011940,,,UDP,1500,"1779594337.011940 IP (tos 0x0, ttl 64, id 42127, offset 0, flags [+], proto UDP (17), length 1500)"
1779594337.057415,,,UDP,31,"1779594337.057415 IP (tos 0x0, ttl 64, id 16105, offset 0, flags [DF], proto UDP (17), length 31)"
1779594337.058186,,,UDP,31,"1779594337.058186 IP (tos 0x0, ttl 64, id 16106, offset 0, flags [DF], proto UDP (17), length 31)"
1779594337.058207,,,UDP,1500,"1779594337.058207 IP (tos 0x0, ttl 64, id 42132, offset 0, flags [+], proto UDP (17), length 1500)"
1779594337.058862,,,UDP,31,"1779594337.058862 IP (tos 0x0, ttl 64, id 16107, offset 0, flags [DF], proto UDP (17), length 31)"
1779594337.058951,,,UDP,1500,"1779594337.058951 IP (tos 0x0, ttl 64, id 42133, offset 0, flags [+], proto UDP (17), length 1500)"
1779594337.059593,,,UDP,1500,"1779594337.059593 IP (tos 0x0, ttl 64, id 42134, offset 0, flags [+], proto UDP (17), length 1500)"
1779594337.059719,,,UDP,31,"1779594337.059719 IP (tos 0x0, ttl 64, id 16108, offset 0, flags [DF], proto UDP (17), length 31)"
1779594337.060379,,,UDP,1500,"1779594337.060379 IP (tos 0x0, ttl 64, id 42135, offset 0, flags [+], proto UDP (17), length 1500)"
1779594337.060387,,,UDP,31,"1779594337.060387 IP (tos 0x0, ttl 64, id 16109, offset 0, flags [DF], proto UDP (17), length 31)"
1779594337.060840,,,UDP,31,"1779594337.060840 IP (tos 0x0, ttl 64, id 16110, offset 0, flags [DF], proto UDP (17), length 31)"
1779594337.060939,,,UDP,1500,"1779594337.060939 IP (tos 0x0, ttl 64, id 42136, offset 0, flags [+], proto UDP (17), length 1500)"
1779594337.061440,,,UDP,31,"1779594337.061440 IP (tos 0x0, ttl 64, id 16111, offset 0, flags [DF], proto UDP (17), length 31)"
1779594337.061538,,,UDP,1500,"1779594337.061538 IP (tos 0x0, ttl 64, id 42137, offset 0, flags [+], proto UDP (17), length 1500)"
1779594337.062176,,,UDP,1500,"1779594337.062176 IP (tos 0x0, ttl 64, id 42138, offset 0, flags [+], proto UDP (17), length 1500)"
1779594337.062461,,,UDP,31,"1779594337.062461 IP (tos 0x0, ttl 64, id 16112, offset 0, flags [DF], proto UDP (17), length 31)"
1779594337.063085,,,UDP,1500,"1779594337.063085 IP (tos 0x0, ttl 64, id 42139, offset 0, flags [+], proto UDP (17), length 1500)"
1779594337.108902,,,UDP,31,"1779594337.108902 IP (tos 0x0, ttl 64, id 16123, offset 0, flags [DF], proto UDP (17), length 31)"
1779594337.109506,,,UDP,31,"1779594337.109506 IP (tos 0x0, ttl 64, id 16124, offset 0, flags [DF], proto UDP (17), length 31)"
1779594337.109633,,,UDP,1500,"1779594337.109633 IP (tos 0x0, ttl 64, id 42142, offset 0, flags [+], proto UDP (17), length 1500)"
1779594337.110099,,,UDP,31,"1779594337.110099 IP (tos 0x0, ttl 64, id 16125, offset 0, flags [DF], proto UDP (17), length 31)"
1779594337.110241,,,UDP,1500,"1779594337.110241 IP (tos 0x0, ttl 64, id 42143, offset 0, flags [+], proto UDP (17), length 1500)"
1779594337.110777,,,UDP,1500,"1779594337.110777 IP (tos 0x0, ttl 64, id 42144, offset 0, flags [+], proto UDP (17), length 1500)"
1779594337.110843,,,UDP,31,"1779594337.110843 IP (tos 0x0, ttl 64, id 16126, offset 0, flags [DF], proto UDP (17), length 31)"
1779594337.111422,,,UDP,31,"1779594337.111422 IP (tos 0x0, ttl 64, id 16127, offset 0, flags [DF], proto UDP (17), length 31)"
1779594337.111501,,,UDP,1500,"1779594337.111501 IP (tos 0x0, ttl 64, id 42145, offset 0, flags [+], proto UDP (17), length 1500)"
1779594337.112041,,,UDP,31,"1779594337.112041 IP (tos 0x0, ttl 64, id 16128, offset 0, flags [DF], proto UDP (17), length 31)"
1779594337.112149,,,UDP,1500,"1779594337.112149 IP (tos 0x0, ttl 64, id 42146, offset 0, flags [+], proto UDP (17), length 1500)"
1779594337.112609,,,UDP,31,"1779594337.112609 IP (tos 0x0, ttl 64, id 16129, offset 0, flags [DF], proto UDP (17), length 31)"
1779594337.112790,,,UDP,1500,"1779594337.112790 IP (tos 0x0, ttl 64, id 42147, offset 0, flags [+], proto UDP (17), length 1500)"
1779594337.113359,,,UDP,1500,"1779594337.113359 IP (tos 0x0, ttl 64, id 42148, offset 0, flags [+], proto UDP (17), length 1500)"
1779594337.113535,,,UDP,31,"1779594337.113535 IP (tos 0x0, ttl 64, id 16130, offset 0, flags [DF], proto UDP (17), length 31)"
1779594337.114288,,,UDP,1500,"1779594337.114288 IP (tos 0x0, ttl 64, id 42149, offset 0, flags [+], proto UDP (17), length 1500)"
1779594337.160239,,,UDP,31,"1779594337.160239 IP (tos 0x0, ttl 64, id 16141, offset 0, flags [DF], proto UDP (17), length 31)"
1779594337.160751,,,UDP,31,"1779594337.160751 IP (tos 0x0, ttl 64, id 16142, offset 0, flags [DF], proto UDP (17), length 31)"
1779594337.161239,,,UDP,1500,"1779594337.161239 IP (tos 0x0, ttl 64, id 42155, offset 0, flags [+], proto UDP (17), length 1500)"
1779594337.161274,,,UDP,31,"1779594337.161274 IP (tos 0x0, ttl 64, id 16143, offset 0, flags [DF], proto UDP (17), length 31)"
1779594337.161961,,,UDP,31,"1779594337.161961 IP (tos 0x0, ttl 64, id 16144, offset 0, flags [DF], proto UDP (17), length 31)"
1779594337.162675,,,UDP,31,"1779594337.162675 IP (tos 0x0, ttl 64, id 16145, offset 0, flags [DF], proto UDP (17), length 31)"
1779594337.163254,,,UDP,31,"1779594337.163254 IP (tos 0x0, ttl 64, id 16146, offset 0, flags [DF], proto UDP (17), length 31)"
1779594337.163767,,,UDP,31,"1779594337.163767 IP (tos 0x0, ttl 64, id 16147, offset 0, flags [DF], proto UDP (17), length 31)"
1779594337.173831,,,UDP,1500,"1779594337.173831 IP (tos 0x0, ttl 64, id 42158, offset 0, flags [+], proto UDP (17), length 1500)"
1779594337.174583,,,UDP,1500,"1779594337.174583 IP (tos 0x0, ttl 64, id 42159, offset 0, flags [+], proto UDP (17), length 1500)"
1779594337.175174,,,UDP,1500,"1779594337.175174 IP (tos 0x0, ttl 64, id 42160, offset 0, flags [+], proto UDP (17), length 1500)"
1779594337.175832,,,UDP,1500,"1779594337.175832 IP (tos 0x0, ttl 64, id 42161, offset 0, flags [+], proto UDP (17), length 1500)"
1779594337.176444,,,UDP,1500,"1779594337.176444 IP (tos 0x0, ttl 64, id 42162, offset 0, flags [+], proto UDP (17), length 1500)"
1779594337.176987,,,UDP,1500,"1779594337.176987 IP (tos 0x0, ttl 64, id 42163, offset 0, flags [+], proto UDP (17), length 1500)"
1779594337.212088,,,UDP,31,"1779594337.212088 IP (tos 0x0, ttl 64, id 16154, offset 0, flags [DF], proto UDP (17), length 31)"
1779594337.213652,,,UDP,1500,"1779594337.213652 IP (tos 0x0, ttl 64, id 42171, offset 0, flags [+], proto UDP (17), length 1500)"
1779594337.214685,,,UDP,1500,"1779594337.214685 IP (tos 0x0, ttl 64, id 42172, offset 0, flags [+], proto UDP (17), length 1500)"
1779594337.224726,,,UDP,31,"1779594337.224726 IP (tos 0x0, ttl 64, id 16158, offset 0, flags [DF], proto UDP (17), length 31)"
1779594337.225354,,,UDP,31,"1779594337.225354 IP (tos 0x0, ttl 64, id 16159, offset 0, flags [DF], proto UDP (17), length 31)"
1779594337.225766,,,UDP,31,"1779594337.225766 IP (tos 0x0, ttl 64, id 16160, offset 0, flags [DF], proto UDP (17), length 31)"
1779594337.226516,,,UDP,31,"1779594337.226516 IP (tos 0x0, ttl 64, id 16161, offset 0, flags [DF], proto UDP (17), length 31)"
1779594337.226872,,,UDP,31,"1779594337.226872 IP (tos 0x0, ttl 64, id 16162, offset 0, flags [DF], proto UDP (17), length 31)"
1779594337.226978,,,UDP,1500,"1779594337.226978 IP (tos 0x0, ttl 64, id 42174, offset 0, flags [+], proto UDP (17), length 1500)"
1779594337.227688,,,UDP,31,"1779594337.227688 IP (tos 0x0, ttl 64, id 16163, offset 0, flags [DF], proto UDP (17), length 31)"
1779594337.228327,,,UDP,1500,"1779594337.228327 IP (tos 0x0, ttl 64, id 42175, offset 0, flags [+], proto UDP (17), length 1500)"
1779594337.229414,,,UDP,1500,"1779594337.229414 IP (tos 0x0, ttl 64, id 42176, offset 0, flags [+], proto UDP (17), length 1500)"
1779594337.230621,,,UDP,1500,"1779594337.230621 IP (tos 0x0, ttl 64, id 42177, offset 0, flags [+], proto UDP (17), length 1500)"
1779594337.231587,,,UDP,1500,"1779594337.231587 IP (tos 0x0, ttl 64, id 42178, offset 0, flags [+], proto UDP (17), length 1500)"
1779594337.232583,,,UDP,1500,"1779594337.232583 IP (tos 0x0, ttl 64, id 42179, offset 0, flags [+], proto UDP (17), length 1500)"
1779594337.265001,,,UDP,31,"1779594337.265001 IP (tos 0x0, ttl 64, id 16167, offset 0, flags [DF], proto UDP (17), length 31)"
1779594337.266928,,,UDP,1500,"1779594337.266928 IP (tos 0x0, ttl 64, id 42184, offset 0, flags [+], proto UDP (17), length 1500)"
1779594337.278660,,,UDP,31,"1779594337.278660 IP (tos 0x0, ttl 64, id 16169, offset 0, flags [DF], proto UDP (17), length 31)"
1779594337.280330,,,UDP,1500,"1779594337.280330 IP (tos 0x0, ttl 64, id 42185, offset 0, flags [+], proto UDP (17), length 1500)"
1779594337.280527,,,UDP,31,"1779594337.280527 IP (tos 0x0, ttl 64, id 16171, offset 0, flags [DF], proto UDP (17), length 31)"
1779594337.281588,,,UDP,1500,"1779594337.281588 IP (tos 0x0, ttl 64, id 42186, offset 0, flags [+], proto UDP (17), length 1500)"
1779594337.281603,,,UDP,31,"1779594337.281603 IP (tos 0x0, ttl 64, id 16172, offset 0, flags [DF], proto UDP (17), length 31)"
1779594337.282520,,,UDP,31,"1779594337.282520 IP (tos 0x0, ttl 64, id 16173, offset 0, flags [DF], proto UDP (17), length 31)"
1779594337.282740,,,UDP,1500,"1779594337.282740 IP (tos 0x0, ttl 64, id 42187, offset 0, flags [+], proto UDP (17), length 1500)"
1779594337.283530,,,UDP,31,"1779594337.283530 IP (tos 0x0, ttl 64, id 16174, offset 0, flags [DF], proto UDP (17), length 31)"
1779594337.283712,,,UDP,1500,"1779594337.283712 IP (tos 0x0, ttl 64, id 42188, offset 0, flags [+], proto UDP (17), length 1500)"
1779594337.284585,,,UDP,1500,"1779594337.284585 IP (tos 0x0, ttl 64, id 42189, offset 0, flags [+], proto UDP (17), length 1500)"
1779594337.285297,,,UDP,1500,"1779594337.285297 IP (tos 0x0, ttl 64, id 42190, offset 0, flags [+], proto UDP (17), length 1500)"
1779594337.285953,,,UDP,1500,"1779594337.285953 IP (tos 0x0, ttl 64, id 42191, offset 0, flags [+], proto UDP (17), length 1500)"
1779594337.332061,,,UDP,31,"1779594337.332061 IP (tos 0x0, ttl 64, id 16181, offset 0, flags [DF], proto UDP (17), length 31)"
1779594337.332896,,,UDP,31,"1779594337.332896 IP (tos 0x0, ttl 64, id 16182, offset 0, flags [DF], proto UDP (17), length 31)"
1779594337.334008,,,UDP,1500,"1779594337.334008 IP (tos 0x0, ttl 64, id 42196, offset 0, flags [+], proto UDP (17), length 1500)"
1779594337.333986,,,UDP,31,"1779594337.333986 IP (tos 0x0, ttl 64, id 16183, offset 0, flags [DF], proto UDP (17), length 31)"
1779594337.335269,,,UDP,1500,"1779594337.335269 IP (tos 0x0, ttl 64, id 42197, offset 0, flags [+], proto UDP (17), length 1500)"
1779594337.335309,,,UDP,31,"1779594337.335309 IP (tos 0x0, ttl 64, id 16185, offset 0, flags [DF], proto UDP (17), length 31)"
1779594337.336045,,,UDP,31,"1779594337.336045 IP (tos 0x0, ttl 64, id 16186, offset 0, flags [DF], proto UDP (17), length 31)"
1779594337.336341,,,UDP,1500,"1779594337.336341 IP (tos 0x0, ttl 64, id 42198, offset 0, flags [+], proto UDP (17), length 1500)"
1779594337.336648,,,UDP,31,"1779594337.336648 IP (tos 0x0, ttl 64, id 16187, offset 0, flags [DF], proto UDP (17), length 31)"
1779594337.337627,,,UDP,1500,"1779594337.337627 IP (tos 0x0, ttl 64, id 42199, offset 0, flags [+], proto UDP (17), length 1500)"
1779594337.338969,,,UDP,1500,"1779594337.338969 IP (tos 0x0, ttl 64, id 42200, offset 0, flags [+], proto UDP (17), length 1500)"
1779594337.340155,,,UDP,1500,"1779594337.340155 IP (tos 0x0, ttl 64, id 42201, offset 0, flags [+], proto UDP (17), length 1500)"
1779594337.341351,,,UDP,1500,"1779594337.341351 IP (tos 0x0, ttl 64, id 42202, offset 0, flags [+], proto UDP (17), length 1500)"
1779594337.342136,,,UDP,1500,"1779594337.342136 IP (tos 0x0, ttl 64, id 42203, offset 0, flags [+], proto UDP (17), length 1500)"
1779594337.385353,,,UDP,31,"1779594337.385353 IP (tos 0x0, ttl 64, id 16198, offset 0, flags [DF], proto UDP (17), length 31)"
1779594337.386301,,,UDP,31,"1779594337.386301 IP (tos 0x0, ttl 64, id 16199, offset 0, flags [DF], proto UDP (17), length 31)"
1779594337.387364,,,UDP,1500,"1779594337.387364 IP (tos 0x0, ttl 64, id 42215, offset 0, flags [+], proto UDP (17), length 1500)"
1779594337.387589,,,UDP,31,"1779594337.387589 IP (tos 0x0, ttl 64, id 16200, offset 0, flags [DF], proto UDP (17), length 31)"
1779594337.388717,,,UDP,31,"1779594337.388717 IP (tos 0x0, ttl 64, id 16201, offset 0, flags [DF], proto UDP (17), length 31)"
1779594337.389046,,,UDP,1500,"1779594337.389046 IP (tos 0x0, ttl 64, id 42216, offset 0, flags [+], proto UDP (17), length 1500)"
1779594337.390088,,,UDP,31,"1779594337.390088 IP (tos 0x0, ttl 64, id 16202, offset 0, flags [DF], proto UDP (17), length 31)"
1779594337.390585,,,UDP,1500,"1779594337.390585 IP (tos 0x0, ttl 64, id 42217, offset 0, flags [+], proto UDP (17), length 1500)"
1779594337.391447,,,UDP,31,"1779594337.391447 IP (tos 0x0, ttl 64, id 16203, offset 0, flags [DF], proto UDP (17), length 31)"
1779594337.391917,,,UDP,1500,"1779594337.391917 IP (tos 0x0, ttl 64, id 42218, offset 0, flags [+], proto UDP (17), length 1500)"
1779594337.392154,,,UDP,31,"1779594337.392154 IP (tos 0x0, ttl 64, id 16204, offset 0, flags [DF], proto UDP (17), length 31)"
1779594337.392897,,,UDP,31,"1779594337.392897 IP (tos 0x0, ttl 64, id 16205, offset 0, flags [DF], proto UDP (17), length 31)"
1779594337.393266,,,UDP,1500,"1779594337.393266 IP (tos 0x0, ttl 64, id 42219, offset 0, flags [+], proto UDP (17), length 1500)"
1779594337.394695,,,UDP,1500,"1779594337.394695 IP (tos 0x0, ttl 64, id 42220, offset 0, flags [+], proto UDP (17), length 1500)"
1779594337.395990,,,UDP,1500,"1779594337.395990 IP (tos 0x0, ttl 64, id 42221, offset 0, flags [+], proto UDP (17), length 1500)"
1779594337.397184,,,UDP,1500,"1779594337.397184 IP (tos 0x0, ttl 64, id 42222, offset 0, flags [+], proto UDP (17), length 1500)"
1779594337.439046,,,UDP,31,"1779594337.439046 IP (tos 0x0, ttl 64, id 16209, offset 0, flags [DF], proto UDP (17), length 31)"
1779594337.440024,,,UDP,1500,"1779594337.440024 IP (tos 0x0, ttl 64, id 42224, offset 0, flags [+], proto UDP (17), length 1500)"
1779594337.441704,,,UDP,31,"1779594337.441704 IP (tos 0x0, ttl 64, id 16211, offset 0, flags [DF], proto UDP (17), length 31)"
1779594337.442527,,,UDP,1500,"1779594337.442527 IP (tos 0x0, ttl 64, id 42225, offset 0, flags [+], proto UDP (17), length 1500)"
1779594337.443059,,,UDP,1500,"1779594337.443059 IP (tos 0x0, ttl 64, id 42226, offset 0, flags [+], proto UDP (17), length 1500)"
1779594337.443064,,,UDP,31,"1779594337.443064 IP (tos 0x0, ttl 64, id 16212, offset 0, flags [DF], proto UDP (17), length 31)"
1779594337.443610,,,UDP,1500,"1779594337.443610 IP (tos 0x0, ttl 64, id 42227, offset 0, flags [+], proto UDP (17), length 1500)"
1779594337.444389,,,UDP,31,"1779594337.444389 IP (tos 0x0, ttl 64, id 16213, offset 0, flags [DF], proto UDP (17), length 31)"
1779594337.445001,,,UDP,1500,"1779594337.445001 IP (tos 0x0, ttl 64, id 42228, offset 0, flags [+], proto UDP (17), length 1500)"
1779594337.445889,,,UDP,31,"1779594337.445889 IP (tos 0x0, ttl 64, id 16214, offset 0, flags [DF], proto UDP (17), length 31)"
1779594337.446512,,,UDP,1500,"1779594337.446512 IP (tos 0x0, ttl 64, id 42229, offset 0, flags [+], proto UDP (17), length 1500)"
1779594337.447013,,,UDP,31,"1779594337.447013 IP (tos 0x0, ttl 64, id 16215, offset 0, flags [DF], proto UDP (17), length 31)"
1779594337.447580,,,UDP,1500,"1779594337.447580 IP (tos 0x0, ttl 64, id 42230, offset 0, flags [+], proto UDP (17), length 1500)"
1779594337.448139,,,UDP,31,"1779594337.448139 IP (tos 0x0, ttl 64, id 16216, offset 0, flags [DF], proto UDP (17), length 31)"
1779594337.448700,,,UDP,1500,"1779594337.448700 IP (tos 0x0, ttl 64, id 42231, offset 0, flags [+], proto UDP (17), length 1500)"
1779594337.491061,,,UDP,31,"1779594337.491061 IP (tos 0x0, ttl 64, id 16222, offset 0, flags [DF], proto UDP (17), length 31)"
1779594337.492268,,,UDP,1500,"1779594337.492268 IP (tos 0x0, ttl 64, id 42237, offset 0, flags [+], proto UDP (17), length 1500)"
1779594337.493053,,,UDP,31,"1779594337.493053 IP (tos 0x0, ttl 64, id 16223, offset 0, flags [DF], proto UDP (17), length 31)"
1779594337.493571,,,UDP,31,"1779594337.493571 IP (tos 0x0, ttl 64, id 16224, offset 0, flags [DF], proto UDP (17), length 31)"
1779594337.493950,,,UDP,1500,"1779594337.493950 IP (tos 0x0, ttl 64, id 42238, offset 0, flags [+], proto UDP (17), length 1500)"
1779594337.493972,,,UDP,31,"1779594337.493972 IP (tos 0x0, ttl 64, id 16225, offset 0, flags [DF], proto UDP (17), length 31)"
1779594337.494519,,,UDP,1500,"1779594337.494519 IP (tos 0x0, ttl 64, id 42239, offset 0, flags [+], proto UDP (17), length 1500)"
1779594337.495209,,,UDP,1500,"1779594337.495209 IP (tos 0x0, ttl 64, id 42240, offset 0, flags [+], proto UDP (17), length 1500)"
1779594337.495556,,,UDP,31,"1779594337.495556 IP (tos 0x0, ttl 64, id 16226, offset 0, flags [DF], proto UDP (17), length 31)"
1779594337.496381,,,UDP,1500,"1779594337.496381 IP (tos 0x0, ttl 64, id 42241, offset 0, flags [+], proto UDP (17), length 1500)"
1779594337.496910,,,UDP,31,"1779594337.496910 IP (tos 0x0, ttl 64, id 16227, offset 0, flags [DF], proto UDP (17), length 31)"
1779594337.497541,,,UDP,1500,"1779594337.497541 IP (tos 0x0, ttl 64, id 42242, offset 0, flags [+], proto UDP (17), length 1500)"
1779594337.497992,,,UDP,31,"1779594337.497992 IP (tos 0x0, ttl 64, id 16228, offset 0, flags [DF], proto UDP (17), length 31)"
1779594337.498505,,,UDP,1500,"1779594337.498505 IP (tos 0x0, ttl 64, id 42243, offset 0, flags [+], proto UDP (17), length 1500)"
1779594337.499280,,,UDP,31,"1779594337.499280 IP (tos 0x0, ttl 64, id 16229, offset 0, flags [DF], proto UDP (17), length 31)"
1779594337.499907,,,UDP,1500,"1779594337.499907 IP (tos 0x0, ttl 64, id 42244, offset 0, flags [+], proto UDP (17), length 1500)"
1779594337.543452,,,UDP,31,"1779594337.543452 IP (tos 0x0, ttl 64, id 16237, offset 0, flags [DF], proto UDP (17), length 31)"
1779594337.544781,,,UDP,31,"1779594337.544781 IP (tos 0x0, ttl 64, id 16238, offset 0, flags [DF], proto UDP (17), length 31)"
1779594337.545113,,,UDP,31,"1779594337.545113 IP (tos 0x0, ttl 64, id 16239, offset 0, flags [DF], proto UDP (17), length 31)"
1779594337.545263,,,UDP,1500,"1779594337.545263 IP (tos 0x0, ttl 64, id 42246, offset 0, flags [+], proto UDP (17), length 1500)"
1779594337.546152,,,UDP,31,"1779594337.546152 IP (tos 0x0, ttl 64, id 16240, offset 0, flags [DF], proto UDP (17), length 31)"
1779594337.546374,,,UDP,1500,"1779594337.546374 IP (tos 0x0, ttl 64, id 42247, offset 0, flags [+], proto UDP (17), length 1500)"
1779594337.547110,,,UDP,31,"1779594337.547110 IP (tos 0x0, ttl 64, id 16241, offset 0, flags [DF], proto UDP (17), length 31)"
1779594337.547612,,,UDP,1500,"1779594337.547612 IP (tos 0x0, ttl 64, id 42248, offset 0, flags [+], proto UDP (17), length 1500)"
1779594337.548188,,,UDP,31,"1779594337.548188 IP (tos 0x0, ttl 64, id 16242, offset 0, flags [DF], proto UDP (17), length 31)"
1779594337.548816,,,UDP,1500,"1779594337.548816 IP (tos 0x0, ttl 64, id 42249, offset 0, flags [+], proto UDP (17), length 1500)"
1779594337.549502,,,UDP,31,"1779594337.549502 IP (tos 0x0, ttl 64, id 16243, offset 0, flags [DF], proto UDP (17), length 31)"
1779594337.549952,,,UDP,1500,"1779594337.549952 IP (tos 0x0, ttl 64, id 42250, offset 0, flags [+], proto UDP (17), length 1500)"
1779594337.550785,,,UDP,31,"1779594337.550785 IP (tos 0x0, ttl 64, id 16244, offset 0, flags [DF], proto UDP (17), length 31)"
1779594337.551012,,,UDP,1500,"1779594337.551012 IP (tos 0x0, ttl 64, id 42251, offset 0, flags [+], proto UDP (17), length 1500)"
1779594337.551768,,,UDP,1500,"1779594337.551768 IP (tos 0x0, ttl 64, id 42252, offset 0, flags [+], proto UDP (17), length 1500)"
1779594337.552564,,,UDP,1500,"1779594337.552564 IP (tos 0x0, ttl 64, id 42253, offset 0, flags [+], proto UDP (17), length 1500)"
1779594337.596954,,,UDP,31,"1779594337.596954 IP (tos 0x0, ttl 64, id 16253, offset 0, flags [DF], proto UDP (17), length 31)"
1779594337.597809,,,UDP,31,"1779594337.597809 IP (tos 0x0, ttl 64, id 16254, offset 0, flags [DF], proto UDP (17), length 31)"
1779594337.598750,,,UDP,1500,"1779594337.598750 IP (tos 0x0, ttl 64, id 42262, offset 0, flags [+], proto UDP (17), length 1500)"
1779594337.598792,,,UDP,31,"1779594337.598792 IP (tos 0x0, ttl 64, id 16255, offset 0, flags [DF], proto UDP (17), length 31)"
1779594337.599827,,,UDP,31,"1779594337.599827 IP (tos 0x0, ttl 64, id 16256, offset 0, flags [DF], proto UDP (17), length 31)"
1779594337.599857,,,UDP,1500,"1779594337.599857 IP (tos 0x0, ttl 64, id 42263, offset 0, flags [+], proto UDP (17), length 1500)"
1779594337.600886,,,UDP,31,"1779594337.600886 IP (tos 0x0, ttl 64, id 16257, offset 0, flags [DF], proto UDP (17), length 31)"
1779594337.600965,,,UDP,1500,"1779594337.600965 IP (tos 0x0, ttl 64, id 42264, offset 0, flags [+], proto UDP (17), length 1500)"
1779594337.601790,,,UDP,31,"1779594337.601790 IP (tos 0x0, ttl 64, id 16258, offset 0, flags [DF], proto UDP (17), length 31)"
1779594337.602204,,,UDP,1500,"1779594337.602204 IP (tos 0x0, ttl 64, id 42265, offset 0, flags [+], proto UDP (17), length 1500)"
1779594337.602686,,,UDP,31,"1779594337.602686 IP (tos 0x0, ttl 64, id 16259, offset 0, flags [DF], proto UDP (17), length 31)"
1779594337.603256,,,UDP,31,"1779594337.603256 IP (tos 0x0, ttl 64, id 16260, offset 0, flags [DF], proto UDP (17), length 31)"
1779594337.603516,,,UDP,1500,"1779594337.603516 IP (tos 0x0, ttl 64, id 42266, offset 0, flags [+], proto UDP (17), length 1500)"
1779594337.604793,,,UDP,1500,"1779594337.604793 IP (tos 0x0, ttl 64, id 42267, offset 0, flags [+], proto UDP (17), length 1500)"
1779594337.606024,,,UDP,1500,"1779594337.606024 IP (tos 0x0, ttl 64, id 42268, offset 0, flags [+], proto UDP (17), length 1500)"
1779594337.607167,,,UDP,1500,"1779594337.607167 IP (tos 0x0, ttl 64, id 42269, offset 0, flags [+], proto UDP (17), length 1500)"
1779594337.650285,,,UDP,31,"1779594337.650285 IP (tos 0x0, ttl 64, id 16268, offset 0, flags [DF], proto UDP (17), length 31)"
1779594337.651289,,,UDP,31,"1779594337.651289 IP (tos 0x0, ttl 64, id 16269, offset 0, flags [DF], proto UDP (17), length 31)"
1779594337.651897,,,UDP,31,"1779594337.651897 IP (tos 0x0, ttl 64, id 16270, offset 0, flags [DF], proto UDP (17), length 31)"
1779594337.652262,,,UDP,1500,"1779594337.652262 IP (tos 0x0, ttl 64, id 42276, offset 0, flags [+], proto UDP (17), length 1500)"
1779594337.653411,,,UDP,31,"1779594337.653411 IP (tos 0x0, ttl 64, id 16271, offset 0, flags [DF], proto UDP (17), length 31)"
1779594337.654840,,,UDP,31,"1779594337.654840 IP (tos 0x0, ttl 64, id 16272, offset 0, flags [DF], proto UDP (17), length 31)"
1779594337.656157,,,UDP,31,"1779594337.656157 IP (tos 0x0, ttl 64, id 16273, offset 0, flags [DF], proto UDP (17), length 31)"
1779594337.656987,,,UDP,31,"1779594337.656987 IP (tos 0x0, ttl 64, id 16274, offset 0, flags [DF], proto UDP (17), length 31)"
1779594337.658098,,,UDP,31,"1779594337.658098 IP (tos 0x0, ttl 64, id 16275, offset 0, flags [DF], proto UDP (17), length 31)"
1779594337.671395,,,UDP,1500,"1779594337.671395 IP (tos 0x0, ttl 64, id 42279, offset 0, flags [+], proto UDP (17), length 1500)"
1779594337.672626,,,UDP,1500,"1779594337.672626 IP (tos 0x0, ttl 64, id 42280, offset 0, flags [+], proto UDP (17), length 1500)"
1779594337.673739,,,UDP,1500,"1779594337.673739 IP (tos 0x0, ttl 64, id 42281, offset 0, flags [+], proto UDP (17), length 1500)"
1779594337.674890,,,UDP,1500,"1779594337.674890 IP (tos 0x0, ttl 64, id 42282, offset 0, flags [+], proto UDP (17), length 1500)"
1779594337.675992,,,UDP,1500,"1779594337.675992 IP (tos 0x0, ttl 64, id 42283, offset 0, flags [+], proto UDP (17), length 1500)"
1779594337.676933,,,UDP,1500,"1779594337.676933 IP (tos 0x0, ttl 64, id 42284, offset 0, flags [+], proto UDP (17), length 1500)"
1779594337.677757,,,UDP,1500,"1779594337.677757 IP (tos 0x0, ttl 64, id 42285, offset 0, flags [+], proto UDP (17), length 1500)"
1779594337.703801,,,UDP,31,"1779594337.703801 IP (tos 0x0, ttl 64, id 16280, offset 0, flags [DF], proto UDP (17), length 31)"
1779594337.705334,,,UDP,1500,"1779594337.705334 IP (tos 0x0, ttl 64, id 42290, offset 0, flags [+], proto UDP (17), length 1500)"
1779594337.722755,,,UDP,31,"1779594337.722755 IP (tos 0x0, ttl 64, id 16282, offset 0, flags [DF], proto UDP (17), length 31)"
1779594337.723757,,,UDP,31,"1779594337.723757 IP (tos 0x0, ttl 64, id 16283, offset 0, flags [DF], proto UDP (17), length 31)"
1779594337.724459,,,UDP,1500,"1779594337.724459 IP (tos 0x0, ttl 64, id 42293, offset 0, flags [+], proto UDP (17), length 1500)"
1779594337.724874,,,UDP,31,"1779594337.724874 IP (tos 0x0, ttl 64, id 16284, offset 0, flags [DF], proto UDP (17), length 31)"
1779594337.725715,,,UDP,1500,"1779594337.725715 IP (tos 0x0, ttl 64, id 42294, offset 0, flags [+], proto UDP (17), length 1500)"
1779594337.726114,,,UDP,31,"1779594337.726114 IP (tos 0x0, ttl 64, id 16285, offset 0, flags [DF], proto UDP (17), length 31)"
1779594337.727006,,,UDP,31,"1779594337.727006 IP (tos 0x0, ttl 64, id 16286, offset 0, flags [DF], proto UDP (17), length 31)"
1779594337.727116,,,UDP,1500,"1779594337.727116 IP (tos 0x0, ttl 64, id 42295, offset 0, flags [+], proto UDP (17), length 1500)"
1779594337.727863,,,UDP,31,"1779594337.727863 IP (tos 0x0, ttl 64, id 16287, offset 0, flags [DF], proto UDP (17), length 31)"
1779594337.728353,,,UDP,1500,"1779594337.728353 IP (tos 0x0, ttl 64, id 42296, offset 0, flags [+], proto UDP (17), length 1500)"
1779594337.729428,,,UDP,1500,"1779594337.729428 IP (tos 0x0, ttl 64, id 42297, offset 0, flags [+], proto UDP (17), length 1500)"
1779594337.730302,,,UDP,1500,"1779594337.730302 IP (tos 0x0, ttl 64, id 42298, offset 0, flags [+], proto UDP (17), length 1500)"
1779594337.756970,,,UDP,31,"1779594337.756970 IP (tos 0x0, ttl 64, id 16289, offset 0, flags [DF], proto UDP (17), length 31)"
1779594337.758723,,,UDP,1500,"1779594337.758723 IP (tos 0x0, ttl 64, id 42304, offset 0, flags [+], proto UDP (17), length 1500)"
1779594337.759913,,,UDP,1500,"1779594337.759913 IP (tos 0x0, ttl 64, id 42305, offset 0, flags [+], proto UDP (17), length 1500)"
1779594337.776067,,,UDP,31,"1779594337.776067 IP (tos 0x0, ttl 64, id 16290, offset 0, flags [DF], proto UDP (17), length 31)"
1779594337.776954,,,UDP,31,"1779594337.776954 IP (tos 0x0, ttl 64, id 16291, offset 0, flags [DF], proto UDP (17), length 31)"
1779594337.777855,,,UDP,1500,"1779594337.777855 IP (tos 0x0, ttl 64, id 42307, offset 0, flags [+], proto UDP (17), length 1500)"
1779594337.779228,,,UDP,1500,"1779594337.779228 IP (tos 0x0, ttl 64, id 42308, offset 0, flags [+], proto UDP (17), length 1500)"
1779594337.779428,,,UDP,31,"1779594337.779428 IP (tos 0x0, ttl 64, id 16293, offset 0, flags [DF], proto UDP (17), length 31)"
1779594337.780392,,,UDP,31,"1779594337.780392 IP (tos 0x0, ttl 64, id 16294, offset 0, flags [DF], proto UDP (17), length 31)"
1779594337.780806,,,UDP,1500,"1779594337.780806 IP (tos 0x0, ttl 64, id 42309, offset 0, flags [+], proto UDP (17), length 1500)"
1779594337.781208,,,UDP,31,"1779594337.781208 IP (tos 0x0, ttl 64, id 16295, offset 0, flags [DF], proto UDP (17), length 31)"
1779594337.781964,,,UDP,1500,"1779594337.781964 IP (tos 0x0, ttl 64, id 42310, offset 0, flags [+], proto UDP (17), length 1500)"
1779594337.782895,,,UDP,1500,"1779594337.782895 IP (tos 0x0, ttl 64, id 42311, offset 0, flags [+], proto UDP (17), length 1500)"
1779594337.783754,,,UDP,1500,"1779594337.783754 IP (tos 0x0, ttl 64, id 42312, offset 0, flags [+], proto UDP (17), length 1500)"
1779594337.810292,,,UDP,31,"1779594337.810292 IP (tos 0x0, ttl 64, id 16296, offset 0, flags [DF], proto UDP (17), length 31)"
1779594337.811275,,,UDP,31,"1779594337.811275 IP (tos 0x0, ttl 64, id 16297, offset 0, flags [DF], proto UDP (17), length 31)"
1779594337.812197,,,UDP,1500,"1779594337.812197 IP (tos 0x0, ttl 64, id 42314, offset 0, flags [+], proto UDP (17), length 1500)"
1779594337.813449,,,UDP,1500,"1779594337.813449 IP (tos 0x0, ttl 64, id 42315, offset 0, flags [+], proto UDP (17), length 1500)"
1779594337.829337,,,UDP,31,"1779594337.829337 IP (tos 0x0, ttl 64, id 16302, offset 0, flags [DF], proto UDP (17), length 31)"
1779594337.830614,,,UDP,31,"1779594337.830614 IP (tos 0x0, ttl 64, id 16303, offset 0, flags [DF], proto UDP (17), length 31)"
1779594337.831351,,,UDP,1500,"1779594337.831351 IP (tos 0x0, ttl 64, id 42319, offset 0, flags [+], proto UDP (17), length 1500)"
1779594337.831983,,,UDP,31,"1779594337.831983 IP (tos 0x0, ttl 64, id 16304, offset 0, flags [DF], proto UDP (17), length 31)"
1779594337.833073,,,UDP,31,"1779594337.833073 IP (tos 0x0, ttl 64, id 16305, offset 0, flags [DF], proto UDP (17), length 31)"
1779594337.833802,,,UDP,31,"1779594337.833802 IP (tos 0x0, ttl 64, id 16306, offset 0, flags [DF], proto UDP (17), length 31)"
1779594337.834680,,,UDP,31,"1779594337.834680 IP (tos 0x0, ttl 64, id 16307, offset 0, flags [DF], proto UDP (17), length 31)"
1779594337.863602,,,UDP,31,"1779594337.863602 IP (tos 0x0, ttl 64, id 16312, offset 0, flags [DF], proto UDP (17), length 31)"
1779594338.366831,,,UDP,1500,"1779594338.366831 IP (tos 0x0, ttl 64, id 42368, offset 0, flags [+], proto UDP (17), length 1500)"
1779594338.368530,,,UDP,1500,"1779594338.368530 IP (tos 0x0, ttl 64, id 42369, offset 0, flags [+], proto UDP (17), length 1500)"
1779594338.417659,,,UDP,31,"1779594338.417659 IP (tos 0x0, ttl 64, id 16331, offset 0, flags [DF], proto UDP (17), length 31)"
1779594338.419023,,,UDP,31,"1779594338.419023 IP (tos 0x0, ttl 64, id 16332, offset 0, flags [DF], proto UDP (17), length 31)"
1779594338.419410,,,UDP,34,"1779594338.419410 IP (tos 0x0, ttl 64, id 42382, offset 0, flags [DF], proto UDP (17), length 34)"
1779594338.420724,,,UDP,34,"1779594338.420724 IP (tos 0x0, ttl 64, id 42383, offset 0, flags [DF], proto UDP (17), length 34)"
1779594338.923071,,,UDP,34,"1779594338.923071 IP (tos 0x0, ttl 64, id 42416, offset 0, flags [DF], proto UDP (17), length 34)"
1779594339.425847,,,UDP,34,"1779594339.425847 IP (tos 0x0, ttl 64, id 42468, offset 0, flags [DF], proto UDP (17), length 34)"
1779594339.928423,,,UDP,34,"1779594339.928423 IP (tos 0x0, ttl 64, id 42569, offset 0, flags [DF], proto UDP (17), length 34)"
1779594340.431033,,,UDP,34,"1779594340.431033 IP (tos 0x0, ttl 64, id 42620, offset 0, flags [DF], proto UDP (17), length 34)"
1779594340.932665,,,UDP,34,"1779594340.932665 IP (tos 0x0, ttl 64, id 42639, offset 0, flags [DF], proto UDP (17), length 34)"
1779594341.435298,,,UDP,34,"1779594341.435298 IP (tos 0x0, ttl 64, id 42752, offset 0, flags [DF], proto UDP (17), length 34)"
1779594341.937751,,,UDP,34,"1779594341.937751 IP (tos 0x0, ttl 64, id 42764, offset 0, flags [DF], proto UDP (17), length 34)"
1779594342.439900,,,UDP,34,"1779594342.439900 IP (tos 0x0, ttl 64, id 42806, offset 0, flags [DF], proto UDP (17), length 34)"
1779594342.942171,,,UDP,34,"1779594342.942171 IP (tos 0x0, ttl 64, id 42807, offset 0, flags [DF], proto UDP (17), length 34)"
1779594343.444757,,,UDP,34,"1779594343.444757 IP (tos 0x0, ttl 64, id 42872, offset 0, flags [DF], proto UDP (17), length 34)"
1779594343.947394,,,UDP,34,"1779594343.947394 IP (tos 0x0, ttl 64, id 42878, offset 0, flags [DF], proto UDP (17), length 34)"
1779594344.449103,,,UDP,34,"1779594344.449103 IP (tos 0x0, ttl 64, id 42968, offset 0, flags [DF], proto UDP (17), length 34)"
1779594344.951478,,,UDP,34,"1779594344.951478 IP (tos 0x0, ttl 64, id 43005, offset 0, flags [DF], proto UDP (17), length 34)"
1779594345.452977,,,UDP,34,"1779594345.452977 IP (tos 0x0, ttl 64, id 43050, offset 0, flags [DF], proto UDP (17), length 34)"
1779594345.954517,,,UDP,34,"1779594345.954517 IP (tos 0x0, ttl 64, id 43112, offset 0, flags [DF], proto UDP (17), length 34)"
1779594346.456319,,,UDP,34,"1779594346.456319 IP (tos 0x0, ttl 64, id 43129, offset 0, flags [DF], proto UDP (17), length 34)"
1779594346.958352,,,UDP,34,"1779594346.958352 IP (tos 0x0, ttl 64, id 43232, offset 0, flags [DF], proto UDP (17), length 34)"
1779594347.459943,,,UDP,34,"1779594347.459943 IP (tos 0x0, ttl 64, id 43259, offset 0, flags [DF], proto UDP (17), length 34)"
1779594348.102665,,,UDP,63,"1779594348.102665 IP (tos 0x0, ttl 64, id 43353, offset 0, flags [DF], proto UDP (17), length 63)"
1779594348.605390,,,UDP,63,"1779594348.605390 IP (tos 0x0, ttl 64, id 43356, offset 0, flags [DF], proto UDP (17), length 63)"
1779594348.656087,,,UDP,36,"1779594348.656087 IP (tos 0x0, ttl 64, id 16933, offset 0, flags [DF], proto UDP (17), length 36)"
1779594348.657932,,,UDP,1500,"1779594348.657932 IP (tos 0x0, ttl 64, id 43358, offset 0, flags [+], proto UDP (17), length 1500)"
1779594348.659286,,,UDP,1500,"1779594348.659286 IP (tos 0x0, ttl 64, id 43359, offset 0, flags [+], proto UDP (17), length 1500)"
1779594348.660910,,,UDP,1500,"1779594348.660910 IP (tos 0x0, ttl 64, id 43360, offset 0, flags [+], proto UDP (17), length 1500)"
1779594348.662357,,,UDP,1500,"1779594348.662357 IP (tos 0x0, ttl 64, id 43361, offset 0, flags [+], proto UDP (17), length 1500)"
1779594348.663074,,,UDP,1500,"1779594348.663074 IP (tos 0x0, ttl 64, id 43362, offset 0, flags [+], proto UDP (17), length 1500)"
1779594348.663760,,,UDP,1500,"1779594348.663760 IP (tos 0x0, ttl 64, id 43363, offset 0, flags [+], proto UDP (17), length 1500)"
1779594348.664515,,,UDP,1500,"1779594348.664515 IP (tos 0x0, ttl 64, id 43364, offset 0, flags [+], proto UDP (17), length 1500)"
1779594348.665268,,,UDP,1500,"1779594348.665268 IP (tos 0x0, ttl 64, id 43365, offset 0, flags [+], proto UDP (17), length 1500)"
1779594348.708474,,,UDP,29,"1779594348.708474 IP (tos 0x0, ttl 64, id 16942, offset 0, flags [DF], proto UDP (17), length 29)"
1779594348.709793,,,UDP,1500,"1779594348.709793 IP (tos 0x0, ttl 64, id 43367, offset 0, flags [+], proto UDP (17), length 1500)"
1779594348.710885,,,UDP,29,"1779594348.710885 IP (tos 0x0, ttl 64, id 16943, offset 0, flags [DF], proto UDP (17), length 29)"
1779594348.711696,,,UDP,1500,"1779594348.711696 IP (tos 0x0, ttl 64, id 43368, offset 0, flags [+], proto UDP (17), length 1500)"
1779594348.712248,,,UDP,29,"1779594348.712248 IP (tos 0x0, ttl 64, id 16944, offset 0, flags [DF], proto UDP (17), length 29)"
1779594348.712920,,,UDP,1500,"1779594348.712920 IP (tos 0x0, ttl 64, id 43369, offset 0, flags [+], proto UDP (17), length 1500)"
1779594348.713130,,,UDP,29,"1779594348.713130 IP (tos 0x0, ttl 64, id 16945, offset 0, flags [DF], proto UDP (17), length 29)"
1779594348.713630,,,UDP,29,"1779594348.713630 IP (tos 0x0, ttl 64, id 16946, offset 0, flags [DF], proto UDP (17), length 29)"
1779594348.713810,,,UDP,1500,"1779594348.713810 IP (tos 0x0, ttl 64, id 43370, offset 0, flags [+], proto UDP (17), length 1500)"
1779594348.714301,,,UDP,29,"1779594348.714301 IP (tos 0x0, ttl 64, id 16947, offset 0, flags [DF], proto UDP (17), length 29)"
1779594348.714460,,,UDP,1500,"1779594348.714460 IP (tos 0x0, ttl 64, id 43371, offset 0, flags [+], proto UDP (17), length 1500)"
1779594348.714945,,,UDP,1500,"1779594348.714945 IP (tos 0x0, ttl 64, id 43372, offset 0, flags [+], proto UDP (17), length 1500)"
1779594348.715216,,,UDP,29,"1779594348.715216 IP (tos 0x0, ttl 64, id 16948, offset 0, flags [DF], proto UDP (17), length 29)"
1779594348.715720,,,UDP,29,"1779594348.715720 IP (tos 0x0, ttl 64, id 16949, offset 0, flags [DF], proto UDP (17), length 29)"
1779594348.715724,,,UDP,1500,"1779594348.715724 IP (tos 0x0, ttl 64, id 43373, offset 0, flags [+], proto UDP (17), length 1500)"
1779594348.716199,,,UDP,1500,"1779594348.716199 IP (tos 0x0, ttl 64, id 43374, offset 0, flags [+], proto UDP (17), length 1500)"
1779594348.760998,,,UDP,29,"1779594348.760998 IP (tos 0x0, ttl 64, id 16959, offset 0, flags [DF], proto UDP (17), length 29)"
1779594348.762322,,,UDP,29,"1779594348.762322 IP (tos 0x0, ttl 64, id 16960, offset 0, flags [DF], proto UDP (17), length 29)"
1779594348.763181,,,UDP,1500,"1779594348.763181 IP (tos 0x0, ttl 64, id 43385, offset 0, flags [+], proto UDP (17), length 1500)"
1779594348.763582,,,UDP,30,"1779594348.763582 IP (tos 0x0, ttl 64, id 16961, offset 0, flags [DF], proto UDP (17), length 30)"
1779594348.764093,,,UDP,1500,"1779594348.764093 IP (tos 0x0, ttl 64, id 43386, offset 0, flags [+], proto UDP (17), length 1500)"
1779594348.764557,,,UDP,30,"1779594348.764557 IP (tos 0x0, ttl 64, id 16962, offset 0, flags [DF], proto UDP (17), length 30)"
1779594348.764896,,,UDP,30,"1779594348.764896 IP (tos 0x0, ttl 64, id 16963, offset 0, flags [DF], proto UDP (17), length 30)"
1779594348.765006,,,UDP,1500,"1779594348.765006 IP (tos 0x0, ttl 64, id 43387, offset 0, flags [+], proto UDP (17), length 1500)"
1779594348.765439,,,UDP,30,"1779594348.765439 IP (tos 0x0, ttl 64, id 16964, offset 0, flags [DF], proto UDP (17), length 30)"
1779594348.766028,,,UDP,1500,"1779594348.766028 IP (tos 0x0, ttl 64, id 43388, offset 0, flags [+], proto UDP (17), length 1500)"
1779594348.766300,,,UDP,30,"1779594348.766300 IP (tos 0x0, ttl 64, id 16965, offset 0, flags [DF], proto UDP (17), length 30)"
1779594348.766648,,,UDP,30,"1779594348.766648 IP (tos 0x0, ttl 64, id 16966, offset 0, flags [DF], proto UDP (17), length 30)"
1779594348.766760,,,UDP,1500,"1779594348.766760 IP (tos 0x0, ttl 64, id 43389, offset 0, flags [+], proto UDP (17), length 1500)"
1779594348.767480,,,UDP,1500,"1779594348.767480 IP (tos 0x0, ttl 64, id 43390, offset 0, flags [+], proto UDP (17), length 1500)"
1779594348.768204,,,UDP,1500,"1779594348.768204 IP (tos 0x0, ttl 64, id 43391, offset 0, flags [+], proto UDP (17), length 1500)"
1779594348.768977,,,UDP,1500,"1779594348.768977 IP (tos 0x0, ttl 64, id 43392, offset 0, flags [+], proto UDP (17), length 1500)"
1779594348.814346,,,UDP,30,"1779594348.814346 IP (tos 0x0, ttl 64, id 16969, offset 0, flags [DF], proto UDP (17), length 30)"
1779594348.815198,,,UDP,30,"1779594348.815198 IP (tos 0x0, ttl 64, id 16970, offset 0, flags [DF], proto UDP (17), length 30)"
1779594348.816222,,,UDP,1500,"1779594348.816222 IP (tos 0x0, ttl 64, id 43394, offset 0, flags [+], proto UDP (17), length 1500)"
1779594348.816774,,,UDP,30,"1779594348.816774 IP (tos 0x0, ttl 64, id 16972, offset 0, flags [DF], proto UDP (17), length 30)"
1779594348.817460,,,UDP,30,"1779594348.817460 IP (tos 0x0, ttl 64, id 16973, offset 0, flags [DF], proto UDP (17), length 30)"
1779594348.817597,,,UDP,1500,"1779594348.817597 IP (tos 0x0, ttl 64, id 43395, offset 0, flags [+], proto UDP (17), length 1500)"
1779594348.818841,,,UDP,1500,"1779594348.818841 IP (tos 0x0, ttl 64, id 43396, offset 0, flags [+], proto UDP (17), length 1500)"
1779594348.819070,,,UDP,30,"1779594348.819070 IP (tos 0x0, ttl 64, id 16975, offset 0, flags [DF], proto UDP (17), length 30)"
1779594348.819577,,,UDP,30,"1779594348.819577 IP (tos 0x0, ttl 64, id 16976, offset 0, flags [DF], proto UDP (17), length 30)"
1779594348.819977,,,UDP,1500,"1779594348.819977 IP (tos 0x0, ttl 64, id 43397, offset 0, flags [+], proto UDP (17), length 1500)"
1779594348.821114,,,UDP,1500,"1779594348.821114 IP (tos 0x0, ttl 64, id 43398, offset 0, flags [+], proto UDP (17), length 1500)"
1779594348.822189,,,UDP,1500,"1779594348.822189 IP (tos 0x0, ttl 64, id 43399, offset 0, flags [+], proto UDP (17), length 1500)"
1779594348.823382,,,UDP,1500,"1779594348.823382 IP (tos 0x0, ttl 64, id 43400, offset 0, flags [+], proto UDP (17), length 1500)"
1779594348.824340,,,UDP,1500,"1779594348.824340 IP (tos 0x0, ttl 64, id 43401, offset 0, flags [+], proto UDP (17), length 1500)"
1779594348.867907,,,UDP,30,"1779594348.867907 IP (tos 0x0, ttl 64, id 16982, offset 0, flags [DF], proto UDP (17), length 30)"
1779594348.868953,,,UDP,30,"1779594348.868953 IP (tos 0x0, ttl 64, id 16983, offset 0, flags [DF], proto UDP (17), length 30)"
1779594348.869715,,,UDP,1500,"1779594348.869715 IP (tos 0x0, ttl 64, id 43407, offset 0, flags [+], proto UDP (17), length 1500)"
1779594348.870073,,,UDP,30,"1779594348.870073 IP (tos 0x0, ttl 64, id 16984, offset 0, flags [DF], proto UDP (17), length 30)"
1779594348.871207,,,UDP,1500,"1779594348.871207 IP (tos 0x0, ttl 64, id 43408, offset 0, flags [+], proto UDP (17), length 1500)"
1779594348.871203,,,UDP,30,"1779594348.871203 IP (tos 0x0, ttl 64, id 16985, offset 0, flags [DF], proto UDP (17), length 30)"
1779594348.872262,,,UDP,30,"1779594348.872262 IP (tos 0x0, ttl 64, id 16986, offset 0, flags [DF], proto UDP (17), length 30)"
1779594348.872687,,,UDP,1500,"1779594348.872687 IP (tos 0x0, ttl 64, id 43409, offset 0, flags [+], proto UDP (17), length 1500)"
1779594348.873987,,,UDP,1500,"1779594348.873987 IP (tos 0x0, ttl 64, id 43410, offset 0, flags [+], proto UDP (17), length 1500)"
1779594348.874418,,,UDP,30,"1779594348.874418 IP (tos 0x0, ttl 64, id 16988, offset 0, flags [DF], proto UDP (17), length 30)"
1779594348.875159,,,UDP,1500,"1779594348.875159 IP (tos 0x0, ttl 64, id 43411, offset 0, flags [+], proto UDP (17), length 1500)"
1779594348.875331,,,UDP,30,"1779594348.875331 IP (tos 0x0, ttl 64, id 16989, offset 0, flags [DF], proto UDP (17), length 30)"
1779594348.876123,,,UDP,1500,"1779594348.876123 IP (tos 0x0, ttl 64, id 43412, offset 0, flags [+], proto UDP (17), length 1500)"
1779594348.877057,,,UDP,1500,"1779594348.877057 IP (tos 0x0, ttl 64, id 43413, offset 0, flags [+], proto UDP (17), length 1500)"
1779594348.877987,,,UDP,1500,"1779594348.877987 IP (tos 0x0, ttl 64, id 43414, offset 0, flags [+], proto UDP (17), length 1500)"
1779594348.921092,,,UDP,30,"1779594348.921092 IP (tos 0x0, ttl 64, id 16996, offset 0, flags [DF], proto UDP (17), length 30)"
1779594348.922074,,,UDP,1500,"1779594348.922074 IP (tos 0x0, ttl 64, id 43416, offset 0, flags [+], proto UDP (17), length 1500)"
1779594348.922364,,,UDP,30,"1779594348.922364 IP (tos 0x0, ttl 64, id 16997, offset 0, flags [DF], proto UDP (17), length 30)"
1779594348.923048,,,UDP,1500,"1779594348.923048 IP (tos 0x0, ttl 64, id 43417, offset 0, flags [+], proto UDP (17), length 1500)"
1779594348.923565,,,UDP,30,"1779594348.923565 IP (tos 0x0, ttl 64, id 16998, offset 0, flags [DF], proto UDP (17), length 30)"
1779594348.924296,,,UDP,1500,"1779594348.924296 IP (tos 0x0, ttl 64, id 43418, offset 0, flags [+], proto UDP (17), length 1500)"
1779594348.925068,,,UDP,30,"1779594348.925068 IP (tos 0x0, ttl 64, id 16999, offset 0, flags [DF], proto UDP (17), length 30)"
1779594348.925767,,,UDP,1500,"1779594348.925767 IP (tos 0x0, ttl 64, id 43419, offset 0, flags [+], proto UDP (17), length 1500)"
1779594348.926263,,,UDP,30,"1779594348.926263 IP (tos 0x0, ttl 64, id 17000, offset 0, flags [DF], proto UDP (17), length 30)"
1779594348.926946,,,UDP,30,"1779594348.926946 IP (tos 0x0, ttl 64, id 17001, offset 0, flags [DF], proto UDP (17), length 30)"
1779594348.927032,,,UDP,1500,"1779594348.927032 IP (tos 0x0, ttl 64, id 43420, offset 0, flags [+], proto UDP (17), length 1500)"
1779594348.927620,,,UDP,1500,"1779594348.927620 IP (tos 0x0, ttl 64, id 43421, offset 0, flags [+], proto UDP (17), length 1500)"
1779594348.927887,,,UDP,30,"1779594348.927887 IP (tos 0x0, ttl 64, id 17002, offset 0, flags [DF], proto UDP (17), length 30)"
1779594348.928721,,,UDP,30,"1779594348.928721 IP (tos 0x0, ttl 64, id 17003, offset 0, flags [DF], proto UDP (17), length 30)"
1779594348.928780,,,UDP,1500,"1779594348.928780 IP (tos 0x0, ttl 64, id 43422, offset 0, flags [+], proto UDP (17), length 1500)"
1779594348.929504,,,UDP,1500,"1779594348.929504 IP (tos 0x0, ttl 64, id 43423, offset 0, flags [+], proto UDP (17), length 1500)"
1779594348.972882,,,UDP,30,"1779594348.972882 IP (tos 0x0, ttl 64, id 17010, offset 0, flags [DF], proto UDP (17), length 30)"
1779594348.973758,,,UDP,30,"1779594348.973758 IP (tos 0x0, ttl 64, id 17011, offset 0, flags [DF], proto UDP (17), length 30)"
1779594348.974223,,,UDP,1500,"1779594348.974223 IP (tos 0x0, ttl 64, id 43430, offset 0, flags [+], proto UDP (17), length 1500)"
1779594348.975151,,,UDP,30,"1779594348.975151 IP (tos 0x0, ttl 64, id 17012, offset 0, flags [DF], proto UDP (17), length 30)"
1779594348.975339,,,UDP,1500,"1779594348.975339 IP (tos 0x0, ttl 64, id 43431, offset 0, flags [+], proto UDP (17), length 1500)"
1779594348.976188,,,UDP,1500,"1779594348.976188 IP (tos 0x0, ttl 64, id 43432, offset 0, flags [+], proto UDP (17), length 1500)"
1779594348.978214,,,UDP,30,"1779594348.978214 IP (tos 0x0, ttl 64, id 17015, offset 0, flags [DF], proto UDP (17), length 30)"
1779594348.979147,,,UDP,1500,"1779594348.979147 IP (tos 0x0, ttl 64, id 43433, offset 0, flags [+], proto UDP (17), length 1500)"
1779594348.979814,,,UDP,1500,"1779594348.979814 IP (tos 0x0, ttl 64, id 43434, offset 0, flags [+], proto UDP (17), length 1500)"
1779594348.980034,,,UDP,30,"1779594348.980034 IP (tos 0x0, ttl 64, id 17017, offset 0, flags [DF], proto UDP (17), length 30)"
1779594348.980384,,,UDP,1500,"1779594348.980384 IP (tos 0x0, ttl 64, id 43435, offset 0, flags [+], proto UDP (17), length 1500)"
1779594348.980821,,,UDP,1500,"1779594348.980821 IP (tos 0x0, ttl 64, id 43436, offset 0, flags [+], proto UDP (17), length 1500)"
1779594348.981173,,,UDP,1500,"1779594348.981173 IP (tos 0x0, ttl 64, id 43437, offset 0, flags [+], proto UDP (17), length 1500)"
1779594349.026332,,,UDP,30,"1779594349.026332 IP (tos 0x0, ttl 64, id 17025, offset 0, flags [DF], proto UDP (17), length 30)"
1779594349.027035,,,UDP,30,"1779594349.027035 IP (tos 0x0, ttl 64, id 17026, offset 0, flags [DF], proto UDP (17), length 30)"
1779594349.027206,,,UDP,1500,"1779594349.027206 IP (tos 0x0, ttl 64, id 43449, offset 0, flags [+], proto UDP (17), length 1500)"
1779594349.027698,,,UDP,1500,"1779594349.027698 IP (tos 0x0, ttl 64, id 43450, offset 0, flags [+], proto UDP (17), length 1500)"
1779594349.028221,,,UDP,1500,"1779594349.028221 IP (tos 0x0, ttl 64, id 43451, offset 0, flags [+], proto UDP (17), length 1500)"
1779594349.030016,,,UDP,30,"1779594349.030016 IP (tos 0x0, ttl 64, id 17027, offset 0, flags [DF], proto UDP (17), length 30)"
1779594349.030479,,,UDP,30,"1779594349.030479 IP (tos 0x0, ttl 64, id 17028, offset 0, flags [DF], proto UDP (17), length 30)"
1779594349.030939,,,UDP,30,"1779594349.030939 IP (tos 0x0, ttl 64, id 17029, offset 0, flags [DF], proto UDP (17), length 30)"
1779594349.031071,,,UDP,1500,"1779594349.031071 IP (tos 0x0, ttl 64, id 43452, offset 0, flags [+], proto UDP (17), length 1500)"
1779594349.031371,,,UDP,30,"1779594349.031371 IP (tos 0x0, ttl 64, id 17030, offset 0, flags [DF], proto UDP (17), length 30)"
1779594349.031661,,,UDP,30,"1779594349.031661 IP (tos 0x0, ttl 64, id 17031, offset 0, flags [DF], proto UDP (17), length 30)"
1779594349.031841,,,UDP,1500,"1779594349.031841 IP (tos 0x0, ttl 64, id 43453, offset 0, flags [+], proto UDP (17), length 1500)"
1779594349.032468,,,UDP,1500,"1779594349.032468 IP (tos 0x0, ttl 64, id 43454, offset 0, flags [+], proto UDP (17), length 1500)"
1779594349.032866,,,UDP,1500,"1779594349.032866 IP (tos 0x0, ttl 64, id 43455, offset 0, flags [+], proto UDP (17), length 1500)"
1779594349.033512,,,UDP,1500,"1779594349.033512 IP (tos 0x0, ttl 64, id 43456, offset 0, flags [+], proto UDP (17), length 1500)"
1779594349.078974,,,UDP,30,"1779594349.078974 IP (tos 0x0, ttl 64, id 17039, offset 0, flags [DF], proto UDP (17), length 30)"
1779594349.080817,,,UDP,1500,"1779594349.080817 IP (tos 0x0, ttl 64, id 43457, offset 0, flags [+], proto UDP (17), length 1500)"
1779594349.081863,,,UDP,30,"1779594349.081863 IP (tos 0x0, ttl 64, id 17040, offset 0, flags [DF], proto UDP (17), length 30)"
1779594349.082049,,,UDP,1500,"1779594349.082049 IP (tos 0x0, ttl 64, id 43458, offset 0, flags [+], proto UDP (17), length 1500)"
1779594349.082605,,,UDP,30,"1779594349.082605 IP (tos 0x0, ttl 64, id 17041, offset 0, flags [DF], proto UDP (17), length 30)"
1779594349.083378,,,UDP,1500,"1779594349.083378 IP (tos 0x0, ttl 64, id 43459, offset 0, flags [+], proto UDP (17), length 1500)"
1779594349.083554,,,UDP,30,"1779594349.083554 IP (tos 0x0, ttl 64, id 17043, offset 0, flags [DF], proto UDP (17), length 30)"
1779594349.084337,,,UDP,30,"1779594349.084337 IP (tos 0x0, ttl 64, id 17044, offset 0, flags [DF], proto UDP (17), length 30)"
1779594349.084667,,,UDP,1500,"1779594349.084667 IP (tos 0x0, ttl 64, id 43460, offset 0, flags [+], proto UDP (17), length 1500)"
1779594349.085985,,,UDP,1500,"1779594349.085985 IP (tos 0x0, ttl 64, id 43461, offset 0, flags [+], proto UDP (17), length 1500)"
1779594349.087138,,,UDP,1500,"1779594349.087138 IP (tos 0x0, ttl 64, id 43462, offset 0, flags [+], proto UDP (17), length 1500)"
1779594349.087843,,,UDP,1500,"1779594349.087843 IP (tos 0x0, ttl 64, id 43463, offset 0, flags [+], proto UDP (17), length 1500)"
1779594349.088565,,,UDP,1500,"1779594349.088565 IP (tos 0x0, ttl 64, id 43464, offset 0, flags [+], proto UDP (17), length 1500)"
1779594349.132226,,,UDP,30,"1779594349.132226 IP (tos 0x0, ttl 64, id 17056, offset 0, flags [DF], proto UDP (17), length 30)"
1779594349.133457,,,UDP,30,"1779594349.133457 IP (tos 0x0, ttl 64, id 17057, offset 0, flags [DF], proto UDP (17), length 30)"
1779594349.133475,,,UDP,1500,"1779594349.133475 IP (tos 0x0, ttl 64, id 43469, offset 0, flags [+], proto UDP (17), length 1500)"
1779594349.134244,,,UDP,1500,"1779594349.134244 IP (tos 0x0, ttl 64, id 43470, offset 0, flags [+], proto UDP (17), length 1500)"
1779594349.134621,,,UDP,30,"1779594349.134621 IP (tos 0x0, ttl 64, id 17058, offset 0, flags [DF], proto UDP (17), length 30)"
1779594349.135488,,,UDP,1500,"1779594349.135488 IP (tos 0x0, ttl 64, id 43471, offset 0, flags [+], proto UDP (17), length 1500)"
1779594349.135884,,,UDP,30,"1779594349.135884 IP (tos 0x0, ttl 64, id 17059, offset 0, flags [DF], proto UDP (17), length 30)"
1779594349.136595,,,UDP,1500,"1779594349.136595 IP (tos 0x0, ttl 64, id 43472, offset 0, flags [+], proto UDP (17), length 1500)"
1779594349.137112,,,UDP,30,"1779594349.137112 IP (tos 0x0, ttl 64, id 17060, offset 0, flags [DF], proto UDP (17), length 30)"
1779594349.137736,,,UDP,1500,"1779594349.137736 IP (tos 0x0, ttl 64, id 43473, offset 0, flags [+], proto UDP (17), length 1500)"
1779594349.137846,,,UDP,30,"1779594349.137846 IP (tos 0x0, ttl 64, id 17061, offset 0, flags [DF], proto UDP (17), length 30)"
1779594349.138335,,,UDP,30,"1779594349.138335 IP (tos 0x0, ttl 64, id 17062, offset 0, flags [DF], proto UDP (17), length 30)"
1779594349.138618,,,UDP,1500,"1779594349.138618 IP (tos 0x0, ttl 64, id 43474, offset 0, flags [+], proto UDP (17), length 1500)"
1779594349.139516,,,UDP,1500,"1779594349.139516 IP (tos 0x0, ttl 64, id 43475, offset 0, flags [+], proto UDP (17), length 1500)"
1779594349.184197,,,UDP,30,"1779594349.184197 IP (tos 0x0, ttl 64, id 17065, offset 0, flags [DF], proto UDP (17), length 30)"
1779594349.184988,,,UDP,1500,"1779594349.184988 IP (tos 0x0, ttl 64, id 43476, offset 0, flags [+], proto UDP (17), length 1500)"
1779594349.185232,,,UDP,30,"1779594349.185232 IP (tos 0x0, ttl 64, id 17066, offset 0, flags [DF], proto UDP (17), length 30)"
1779594349.185614,,,UDP,1500,"1779594349.185614 IP (tos 0x0, ttl 64, id 43477, offset 0, flags [+], proto UDP (17), length 1500)"
1779594349.186227,,,UDP,30,"1779594349.186227 IP (tos 0x0, ttl 64, id 17067, offset 0, flags [DF], proto UDP (17), length 30)"
1779594349.186299,,,UDP,1500,"1779594349.186299 IP (tos 0x0, ttl 64, id 43478, offset 0, flags [+], proto UDP (17), length 1500)"
1779594349.186895,,,UDP,1500,"1779594349.186895 IP (tos 0x0, ttl 64, id 43479, offset 0, flags [+], proto UDP (17), length 1500)"
1779594349.187142,,,UDP,30,"1779594349.187142 IP (tos 0x0, ttl 64, id 17068, offset 0, flags [DF], proto UDP (17), length 30)"
1779594349.187688,,,UDP,1500,"1779594349.187688 IP (tos 0x0, ttl 64, id 43480, offset 0, flags [+], proto UDP (17), length 1500)"
1779594349.188620,,,UDP,30,"1779594349.188620 IP (tos 0x0, ttl 64, id 17069, offset 0, flags [DF], proto UDP (17), length 30)"
1779594349.189261,,,UDP,1500,"1779594349.189261 IP (tos 0x0, ttl 64, id 43481, offset 0, flags [+], proto UDP (17), length 1500)"
1779594349.189423,,,UDP,30,"1779594349.189423 IP (tos 0x0, ttl 64, id 17070, offset 0, flags [DF], proto UDP (17), length 30)"
1779594349.190066,,,UDP,30,"1779594349.190066 IP (tos 0x0, ttl 64, id 17071, offset 0, flags [DF], proto UDP (17), length 30)"
1779594349.190100,,,UDP,1500,"1779594349.190100 IP (tos 0x0, ttl 64, id 43482, offset 0, flags [+], proto UDP (17), length 1500)"
1779594349.190777,,,UDP,1500,"1779594349.190777 IP (tos 0x0, ttl 64, id 43483, offset 0, flags [+], proto UDP (17), length 1500)"
1779594349.235609,,,UDP,30,"1779594349.235609 IP (tos 0x0, ttl 64, id 17075, offset 0, flags [DF], proto UDP (17), length 30)"
1779594349.236065,,,UDP,30,"1779594349.236065 IP (tos 0x0, ttl 64, id 17076, offset 0, flags [DF], proto UDP (17), length 30)"
1779594349.236500,,,UDP,1500,"1779594349.236500 IP (tos 0x0, ttl 64, id 43494, offset 0, flags [+], proto UDP (17), length 1500)"
1779594349.236712,,,UDP,30,"1779594349.236712 IP (tos 0x0, ttl 64, id 17077, offset 0, flags [DF], proto UDP (17), length 30)"
1779594349.237319,,,UDP,1500,"1779594349.237319 IP (tos 0x0, ttl 64, id 43495, offset 0, flags [+], proto UDP (17), length 1500)"
1779594349.237362,,,UDP,30,"1779594349.237362 IP (tos 0x0, ttl 64, id 17078, offset 0, flags [DF], proto UDP (17), length 30)"
1779594349.238049,,,UDP,1500,"1779594349.238049 IP (tos 0x0, ttl 64, id 43496, offset 0, flags [+], proto UDP (17), length 1500)"
1779594349.238151,,,UDP,30,"1779594349.238151 IP (tos 0x0, ttl 64, id 17079, offset 0, flags [DF], proto UDP (17), length 30)"
1779594349.238699,,,UDP,1500,"1779594349.238699 IP (tos 0x0, ttl 64, id 43497, offset 0, flags [+], proto UDP (17), length 1500)"
1779594349.239338,,,UDP,1500,"1779594349.239338 IP (tos 0x0, ttl 64, id 43498, offset 0, flags [+], proto UDP (17), length 1500)"
1779594349.239827,,,UDP,30,"1779594349.239827 IP (tos 0x0, ttl 64, id 17080, offset 0, flags [DF], proto UDP (17), length 30)"
1779594349.240592,,,UDP,30,"1779594349.240592 IP (tos 0x0, ttl 64, id 17081, offset 0, flags [DF], proto UDP (17), length 30)"
1779594349.240642,,,UDP,1500,"1779594349.240642 IP (tos 0x0, ttl 64, id 43499, offset 0, flags [+], proto UDP (17), length 1500)"
1779594349.241248,,,UDP,30,"1779594349.241248 IP (tos 0x0, ttl 64, id 17082, offset 0, flags [DF], proto UDP (17), length 30)"
1779594349.241379,,,UDP,1500,"1779594349.241379 IP (tos 0x0, ttl 64, id 43500, offset 0, flags [+], proto UDP (17), length 1500)"
1779594349.242082,,,UDP,1500,"1779594349.242082 IP (tos 0x0, ttl 64, id 43501, offset 0, flags [+], proto UDP (17), length 1500)"
1779594349.287373,,,UDP,30,"1779594349.287373 IP (tos 0x0, ttl 64, id 17084, offset 0, flags [DF], proto UDP (17), length 30)"
1779594349.287923,,,UDP,30,"1779594349.287923 IP (tos 0x0, ttl 64, id 17085, offset 0, flags [DF], proto UDP (17), length 30)"
1779594349.288499,,,UDP,1500,"1779594349.288499 IP (tos 0x0, ttl 64, id 43513, offset 0, flags [+], proto UDP (17), length 1500)"
1779594349.288641,,,UDP,30,"1779594349.288641 IP (tos 0x0, ttl 64, id 17086, offset 0, flags [DF], proto UDP (17), length 30)"
1779594349.289243,,,UDP,30,"1779594349.289243 IP (tos 0x0, ttl 64, id 17087, offset 0, flags [DF], proto UDP (17), length 30)"
1779594349.289466,,,UDP,1500,"1779594349.289466 IP (tos 0x0, ttl 64, id 43514, offset 0, flags [+], proto UDP (17), length 1500)"
1779594349.290034,,,UDP,30,"1779594349.290034 IP (tos 0x0, ttl 64, id 17088, offset 0, flags [DF], proto UDP (17), length 30)"
1779594349.290509,,,UDP,1500,"1779594349.290509 IP (tos 0x0, ttl 64, id 43515, offset 0, flags [+], proto UDP (17), length 1500)"
1779594349.291089,,,UDP,1500,"1779594349.291089 IP (tos 0x0, ttl 64, id 43516, offset 0, flags [+], proto UDP (17), length 1500)"
1779594349.291261,,,UDP,30,"1779594349.291261 IP (tos 0x0, ttl 64, id 17089, offset 0, flags [DF], proto UDP (17), length 30)"
1779594349.291608,,,UDP,1500,"1779594349.291608 IP (tos 0x0, ttl 64, id 43517, offset 0, flags [+], proto UDP (17), length 1500)"
1779594349.291961,,,UDP,30,"1779594349.291961 IP (tos 0x0, ttl 64, id 17090, offset 0, flags [DF], proto UDP (17), length 30)"
1779594349.292143,,,UDP,1500,"1779594349.292143 IP (tos 0x0, ttl 64, id 43518, offset 0, flags [+], proto UDP (17), length 1500)"
1779594349.292646,,,UDP,30,"1779594349.292646 IP (tos 0x0, ttl 64, id 17091, offset 0, flags [DF], proto UDP (17), length 30)"
1779594349.292697,,,UDP,1500,"1779594349.292697 IP (tos 0x0, ttl 64, id 43519, offset 0, flags [+], proto UDP (17), length 1500)"
1779594349.293168,,,UDP,1500,"1779594349.293168 IP (tos 0x0, ttl 64, id 43520, offset 0, flags [+], proto UDP (17), length 1500)"
1779594349.339817,,,UDP,30,"1779594349.339817 IP (tos 0x0, ttl 64, id 17102, offset 0, flags [DF], proto UDP (17), length 30)"
1779594349.340226,,,UDP,30,"1779594349.340226 IP (tos 0x0, ttl 64, id 17103, offset 0, flags [DF], proto UDP (17), length 30)"
1779594349.341187,,,UDP,30,"1779594349.341187 IP (tos 0x0, ttl 64, id 17104, offset 0, flags [DF], proto UDP (17), length 30)"
1779594349.341727,,,UDP,1500,"1779594349.341727 IP (tos 0x0, ttl 64, id 43527, offset 0, flags [+], proto UDP (17), length 1500)"
1779594349.341832,,,UDP,30,"1779594349.341832 IP (tos 0x0, ttl 64, id 17105, offset 0, flags [DF], proto UDP (17), length 30)"
1779594349.342037,,,UDP,30,"1779594349.342037 IP (tos 0x0, ttl 64, id 17106, offset 0, flags [DF], proto UDP (17), length 30)"
1779594349.342738,,,UDP,31,"1779594349.342738 IP (tos 0x0, ttl 64, id 17107, offset 0, flags [DF], proto UDP (17), length 31)"
1779594349.343102,,,UDP,1500,"1779594349.343102 IP (tos 0x0, ttl 64, id 43528, offset 0, flags [+], proto UDP (17), length 1500)"
1779594349.343242,,,UDP,31,"1779594349.343242 IP (tos 0x0, ttl 64, id 17108, offset 0, flags [DF], proto UDP (17), length 31)"
1779594349.344006,,,UDP,31,"1779594349.344006 IP (tos 0x0, ttl 64, id 17109, offset 0, flags [DF], proto UDP (17), length 31)"
1779594349.344297,,,UDP,1500,"1779594349.344297 IP (tos 0x0, ttl 64, id 43529, offset 0, flags [+], proto UDP (17), length 1500)"
1779594349.345604,,,UDP,1500,"1779594349.345604 IP (tos 0x0, ttl 64, id 43530, offset 0, flags [+], proto UDP (17), length 1500)"
1779594349.346840,,,UDP,1500,"1779594349.346840 IP (tos 0x0, ttl 64, id 43531, offset 0, flags [+], proto UDP (17), length 1500)"
1779594349.348001,,,UDP,1500,"1779594349.348001 IP (tos 0x0, ttl 64, id 43532, offset 0, flags [+], proto UDP (17), length 1500)"
1779594349.349084,,,UDP,1500,"1779594349.349084 IP (tos 0x0, ttl 64, id 43533, offset 0, flags [+], proto UDP (17), length 1500)"
1779594349.350080,,,UDP,1500,"1779594349.350080 IP (tos 0x0, ttl 64, id 43534, offset 0, flags [+], proto UDP (17), length 1500)"
1779594349.392921,,,UDP,31,"1779594349.392921 IP (tos 0x0, ttl 64, id 17120, offset 0, flags [DF], proto UDP (17), length 31)"
1779594349.394313,,,UDP,31,"1779594349.394313 IP (tos 0x0, ttl 64, id 17121, offset 0, flags [DF], proto UDP (17), length 31)"
1779594349.394575,,,UDP,1500,"1779594349.394575 IP (tos 0x0, ttl 64, id 43535, offset 0, flags [+], proto UDP (17), length 1500)"
1779594349.396040,,,UDP,1500,"1779594349.396040 IP (tos 0x0, ttl 64, id 43536, offset 0, flags [+], proto UDP (17), length 1500)"
1779594349.396716,,,UDP,31,"1779594349.396716 IP (tos 0x0, ttl 64, id 17123, offset 0, flags [DF], proto UDP (17), length 31)"
1779594349.397647,,,UDP,1500,"1779594349.397647 IP (tos 0x0, ttl 64, id 43537, offset 0, flags [+], proto UDP (17), length 1500)"
1779594349.397917,,,UDP,31,"1779594349.397917 IP (tos 0x0, ttl 64, id 17124, offset 0, flags [DF], proto UDP (17), length 31)"
1779594349.398493,,,UDP,1500,"1779594349.398493 IP (tos 0x0, ttl 64, id 43538, offset 0, flags [+], proto UDP (17), length 1500)"
1779594349.398962,,,UDP,31,"1779594349.398962 IP (tos 0x0, ttl 64, id 17125, offset 0, flags [DF], proto UDP (17), length 31)"
1779594349.399402,,,UDP,1500,"1779594349.399402 IP (tos 0x0, ttl 64, id 43539, offset 0, flags [+], proto UDP (17), length 1500)"
1779594349.399906,,,UDP,31,"1779594349.399906 IP (tos 0x0, ttl 64, id 17126, offset 0, flags [DF], proto UDP (17), length 31)"
1779594349.400178,,,UDP,1500,"1779594349.400178 IP (tos 0x0, ttl 64, id 43540, offset 0, flags [+], proto UDP (17), length 1500)"
1779594349.400863,,,UDP,31,"1779594349.400863 IP (tos 0x0, ttl 64, id 17127, offset 0, flags [DF], proto UDP (17), length 31)"
1779594349.401102,,,UDP,1500,"1779594349.401102 IP (tos 0x0, ttl 64, id 43541, offset 0, flags [+], proto UDP (17), length 1500)"
1779594349.401723,,,UDP,1500,"1779594349.401723 IP (tos 0x0, ttl 64, id 43542, offset 0, flags [+], proto UDP (17), length 1500)"
1779594349.446954,,,UDP,31,"1779594349.446954 IP (tos 0x0, ttl 64, id 17130, offset 0, flags [DF], proto UDP (17), length 31)"
1779594349.448390,,,UDP,31,"1779594349.448390 IP (tos 0x0, ttl 64, id 17131, offset 0, flags [DF], proto UDP (17), length 31)"
1779594349.448439,,,UDP,1500,"1779594349.448439 IP (tos 0x0, ttl 64, id 43548, offset 0, flags [+], proto UDP (17), length 1500)"
1779594349.449257,,,UDP,31,"1779594349.449257 IP (tos 0x0, ttl 64, id 17132, offset 0, flags [DF], proto UDP (17), length 31)"
1779594349.449622,,,UDP,1500,"1779594349.449622 IP (tos 0x0, ttl 64, id 43549, offset 0, flags [+], proto UDP (17), length 1500)"
1779594349.449959,,,UDP,31,"1779594349.449959 IP (tos 0x0, ttl 64, id 17133, offset 0, flags [DF], proto UDP (17), length 31)"
1779594349.450582,,,UDP,1500,"1779594349.450582 IP (tos 0x0, ttl 64, id 43550, offset 0, flags [+], proto UDP (17), length 1500)"
1779594349.451136,,,UDP,31,"1779594349.451136 IP (tos 0x0, ttl 64, id 17134, offset 0, flags [DF], proto UDP (17), length 31)"
1779594349.451675,,,UDP,31,"1779594349.451675 IP (tos 0x0, ttl 64, id 17135, offset 0, flags [DF], proto UDP (17), length 31)"
1779594349.451849,,,UDP,1500,"1779594349.451849 IP (tos 0x0, ttl 64, id 43551, offset 0, flags [+], proto UDP (17), length 1500)"
1779594349.452393,,,UDP,31,"1779594349.452393 IP (tos 0x0, ttl 64, id 17136, offset 0, flags [DF], proto UDP (17), length 31)"
1779594349.452758,,,UDP,1500,"1779594349.452758 IP (tos 0x0, ttl 64, id 43552, offset 0, flags [+], proto UDP (17), length 1500)"
1779594349.453514,,,UDP,1500,"1779594349.453514 IP (tos 0x0, ttl 64, id 43553, offset 0, flags [+], proto UDP (17), length 1500)"
1779594349.454162,,,UDP,1500,"1779594349.454162 IP (tos 0x0, ttl 64, id 43554, offset 0, flags [+], proto UDP (17), length 1500)"
1779594349.454770,,,UDP,1500,"1779594349.454770 IP (tos 0x0, ttl 64, id 43555, offset 0, flags [+], proto UDP (17), length 1500)"
1779594349.499787,,,UDP,31,"1779594349.499787 IP (tos 0x0, ttl 64, id 17145, offset 0, flags [DF], proto UDP (17), length 31)"
1779594349.500787,,,UDP,31,"1779594349.500787 IP (tos 0x0, ttl 64, id 17146, offset 0, flags [DF], proto UDP (17), length 31)"
1779594349.501557,,,UDP,1500,"1779594349.501557 IP (tos 0x0, ttl 64, id 43556, offset 0, flags [+], proto UDP (17), length 1500)"
1779594349.501602,,,UDP,31,"1779594349.501602 IP (tos 0x0, ttl 64, id 17147, offset 0, flags [DF], proto UDP (17), length 31)"
1779594349.502602,,,UDP,31,"1779594349.502602 IP (tos 0x0, ttl 64, id 17148, offset 0, flags [DF], proto UDP (17), length 31)"
1779594349.502824,,,UDP,1500,"1779594349.502824 IP (tos 0x0, ttl 64, id 43557, offset 0, flags [+], proto UDP (17), length 1500)"
1779594349.503543,,,UDP,31,"1779594349.503543 IP (tos 0x0, ttl 64, id 17149, offset 0, flags [DF], proto UDP (17), length 31)"
1779594349.503936,,,UDP,1500,"1779594349.503936 IP (tos 0x0, ttl 64, id 43558, offset 0, flags [+], proto UDP (17), length 1500)"
1779594349.504265,,,UDP,31,"1779594349.504265 IP (tos 0x0, ttl 64, id 17150, offset 0, flags [DF], proto UDP (17), length 31)"
1779594349.504745,,,UDP,31,"1779594349.504745 IP (tos 0x0, ttl 64, id 17151, offset 0, flags [DF], proto UDP (17), length 31)"
1779594349.505051,,,UDP,1500,"1779594349.505051 IP (tos 0x0, ttl 64, id 43559, offset 0, flags [+], proto UDP (17), length 1500)"
1779594349.505239,,,UDP,31,"1779594349.505239 IP (tos 0x0, ttl 64, id 17152, offset 0, flags [DF], proto UDP (17), length 31)"
1779594349.506139,,,UDP,1500,"1779594349.506139 IP (tos 0x0, ttl 64, id 43560, offset 0, flags [+], proto UDP (17), length 1500)"
1779594349.507225,,,UDP,1500,"1779594349.507225 IP (tos 0x0, ttl 64, id 43561, offset 0, flags [+], proto UDP (17), length 1500)"
1779594349.508188,,,UDP,1500,"1779594349.508188 IP (tos 0x0, ttl 64, id 43562, offset 0, flags [+], proto UDP (17), length 1500)"
1779594349.509092,,,UDP,1500,"1779594349.509092 IP (tos 0x0, ttl 64, id 43563, offset 0, flags [+], proto UDP (17), length 1500)"
1779594349.554130,,,UDP,31,"1779594349.554130 IP (tos 0x0, ttl 64, id 17165, offset 0, flags [DF], proto UDP (17), length 31)"
1779594349.555043,,,UDP,31,"1779594349.555043 IP (tos 0x0, ttl 64, id 17166, offset 0, flags [DF], proto UDP (17), length 31)"
1779594349.555336,,,UDP,1500,"1779594349.555336 IP (tos 0x0, ttl 64, id 43571, offset 0, flags [+], proto UDP (17), length 1500)"
1779594349.555958,,,UDP,1500,"1779594349.555958 IP (tos 0x0, ttl 64, id 43572, offset 0, flags [+], proto UDP (17), length 1500)"
1779594349.556211,,,UDP,31,"1779594349.556211 IP (tos 0x0, ttl 64, id 17167, offset 0, flags [DF], proto UDP (17), length 31)"
1779594349.556708,,,UDP,1500,"1779594349.556708 IP (tos 0x0, ttl 64, id 43573, offset 0, flags [+], proto UDP (17), length 1500)"
1779594349.557073,,,UDP,31,"1779594349.557073 IP (tos 0x0, ttl 64, id 17168, offset 0, flags [DF], proto UDP (17), length 31)"
1779594349.557510,,,UDP,1500,"1779594349.557510 IP (tos 0x0, ttl 64, id 43574, offset 0, flags [+], proto UDP (17), length 1500)"
1779594349.558034,,,UDP,31,"1779594349.558034 IP (tos 0x0, ttl 64, id 17169, offset 0, flags [DF], proto UDP (17), length 31)"
1779594349.558263,,,UDP,1500,"1779594349.558263 IP (tos 0x0, ttl 64, id 43575, offset 0, flags [+], proto UDP (17), length 1500)"
1779594349.558903,,,UDP,1500,"1779594349.558903 IP (tos 0x0, ttl 64, id 43576, offset 0, flags [+], proto UDP (17), length 1500)"
1779594349.559142,,,UDP,31,"1779594349.559142 IP (tos 0x0, ttl 64, id 17170, offset 0, flags [DF], proto UDP (17), length 31)"
1779594349.559723,,,UDP,31,"1779594349.559723 IP (tos 0x0, ttl 64, id 17171, offset 0, flags [DF], proto UDP (17), length 31)"
1779594349.559894,,,UDP,1500,"1779594349.559894 IP (tos 0x0, ttl 64, id 43577, offset 0, flags [+], proto UDP (17), length 1500)"
1779594349.560530,,,UDP,1500,"1779594349.560530 IP (tos 0x0, ttl 64, id 43578, offset 0, flags [+], proto UDP (17), length 1500)"
1779594349.606168,,,UDP,31,"1779594349.606168 IP (tos 0x0, ttl 64, id 17178, offset 0, flags [DF], proto UDP (17), length 31)"
1779594349.606548,,,UDP,31,"1779594349.606548 IP (tos 0x0, ttl 64, id 17179, offset 0, flags [DF], proto UDP (17), length 31)"
1779594349.606959,,,UDP,1500,"1779594349.606959 IP (tos 0x0, ttl 64, id 43580, offset 0, flags [+], proto UDP (17), length 1500)"
1779594349.607401,,,UDP,31,"1779594349.607401 IP (tos 0x0, ttl 64, id 17180, offset 0, flags [DF], proto UDP (17), length 31)"
1779594349.607574,,,UDP,1500,"1779594349.607574 IP (tos 0x0, ttl 64, id 43581, offset 0, flags [+], proto UDP (17), length 1500)"
1779594349.608057,,,UDP,31,"1779594349.608057 IP (tos 0x0, ttl 64, id 17181, offset 0, flags [DF], proto UDP (17), length 31)"
1779594349.608189,,,UDP,1500,"1779594349.608189 IP (tos 0x0, ttl 64, id 43582, offset 0, flags [+], proto UDP (17), length 1500)"
1779594349.608710,,,UDP,1500,"1779594349.608710 IP (tos 0x0, ttl 64, id 43583, offset 0, flags [+], proto UDP (17), length 1500)"
1779594349.608714,,,UDP,31,"1779594349.608714 IP (tos 0x0, ttl 64, id 17182, offset 0, flags [DF], proto UDP (17), length 31)"
1779594349.609144,,,UDP,1500,"1779594349.609144 IP (tos 0x0, ttl 64, id 43584, offset 0, flags [+], proto UDP (17), length 1500)"
1779594349.609372,,,UDP,31,"1779594349.609372 IP (tos 0x0, ttl 64, id 17183, offset 0, flags [DF], proto UDP (17), length 31)"
1779594349.610011,,,UDP,1500,"1779594349.610011 IP (tos 0x0, ttl 64, id 43585, offset 0, flags [+], proto UDP (17), length 1500)"
1779594349.610410,,,UDP,31,"1779594349.610410 IP (tos 0x0, ttl 64, id 17184, offset 0, flags [DF], proto UDP (17), length 31)"
1779594349.611244,,,UDP,1500,"1779594349.611244 IP (tos 0x0, ttl 64, id 43586, offset 0, flags [+], proto UDP (17), length 1500)"
1779594349.657578,,,UDP,31,"1779594349.657578 IP (tos 0x0, ttl 64, id 17189, offset 0, flags [DF], proto UDP (17), length 31)"
1779594349.658157,,,UDP,31,"1779594349.658157 IP (tos 0x0, ttl 64, id 17190, offset 0, flags [DF], proto UDP (17), length 31)"
1779594349.659073,,,UDP,31,"1779594349.659073 IP (tos 0x0, ttl 64, id 17192, offset 0, flags [DF], proto UDP (17), length 31)"
1779594349.659115,,,UDP,1500,"1779594349.659115 IP (tos 0x0, ttl 64, id 43593, offset 0, flags [+], proto UDP (17), length 1500)"
1779594349.659503,,,UDP,31,"1779594349.659503 IP (tos 0x0, ttl 64, id 17193, offset 0, flags [DF], proto UDP (17), length 31)"
1779594349.659868,,,UDP,1500,"1779594349.659868 IP (tos 0x0, ttl 64, id 43594, offset 0, flags [+], proto UDP (17), length 1500)"
1779594349.660610,,,UDP,31,"1779594349.660610 IP (tos 0x0, ttl 64, id 17194, offset 0, flags [DF], proto UDP (17), length 31)"
1779594349.660651,,,UDP,1500,"1779594349.660651 IP (tos 0x0, ttl 64, id 43595, offset 0, flags [+], proto UDP (17), length 1500)"
1779594349.661496,,,UDP,1500,"1779594349.661496 IP (tos 0x0, ttl 64, id 43596, offset 0, flags [+], proto UDP (17), length 1500)"
1779594349.661877,,,UDP,31,"1779594349.661877 IP (tos 0x0, ttl 64, id 17195, offset 0, flags [DF], proto UDP (17), length 31)"
1779594349.662004,,,UDP,1500,"1779594349.662004 IP (tos 0x0, ttl 64, id 43597, offset 0, flags [+], proto UDP (17), length 1500)"
1779594349.662552,,,UDP,1500,"1779594349.662552 IP (tos 0x0, ttl 64, id 43598, offset 0, flags [+], proto UDP (17), length 1500)"
1779594349.663098,,,UDP,1500,"1779594349.663098 IP (tos 0x0, ttl 64, id 43599, offset 0, flags [+], proto UDP (17), length 1500)"
1779594349.663676,,,UDP,1500,"1779594349.663676 IP (tos 0x0, ttl 64, id 43600, offset 0, flags [+], proto UDP (17), length 1500)"
1779594349.710037,,,UDP,31,"1779594349.710037 IP (tos 0x0, ttl 64, id 17202, offset 0, flags [DF], proto UDP (17), length 31)"
1779594349.710536,,,UDP,31,"1779594349.710536 IP (tos 0x0, ttl 64, id 17203, offset 0, flags [DF], proto UDP (17), length 31)"
1779594349.710936,,,UDP,1500,"1779594349.710936 IP (tos 0x0, ttl 64, id 43602, offset 0, flags [+], proto UDP (17), length 1500)"
1779594349.711444,,,UDP,31,"1779594349.711444 IP (tos 0x0, ttl 64, id 17204, offset 0, flags [DF], proto UDP (17), length 31)"
1779594349.711532,,,UDP,1500,"1779594349.711532 IP (tos 0x0, ttl 64, id 43603, offset 0, flags [+], proto UDP (17), length 1500)"
1779594349.712200,,,UDP,31,"1779594349.712200 IP (tos 0x0, ttl 64, id 17205, offset 0, flags [DF], proto UDP (17), length 31)"
1779594349.712277,,,UDP,1500,"1779594349.712277 IP (tos 0x0, ttl 64, id 43604, offset 0, flags [+], proto UDP (17), length 1500)"
1779594349.712624,,,UDP,31,"1779594349.712624 IP (tos 0x0, ttl 64, id 17206, offset 0, flags [DF], proto UDP (17), length 31)"
1779594349.712920,,,UDP,1500,"1779594349.712920 IP (tos 0x0, ttl 64, id 43605, offset 0, flags [+], proto UDP (17), length 1500)"
1779594349.713560,,,UDP,1500,"1779594349.713560 IP (tos 0x0, ttl 64, id 43606, offset 0, flags [+], proto UDP (17), length 1500)"
1779594349.713626,,,UDP,31,"1779594349.713626 IP (tos 0x0, ttl 64, id 17208, offset 0, flags [DF], proto UDP (17), length 31)"
1779594349.714726,,,UDP,1500,"1779594349.714726 IP (tos 0x0, ttl 64, id 43607, offset 0, flags [+], proto UDP (17), length 1500)"
1779594349.715416,,,UDP,1500,"1779594349.715416 IP (tos 0x0, ttl 64, id 43608, offset 0, flags [+], proto UDP (17), length 1500)"
1779594349.761659,,,UDP,31,"1779594349.761659 IP (tos 0x0, ttl 64, id 17210, offset 0, flags [DF], proto UDP (17), length 31)"
1779594349.762200,,,UDP,31,"1779594349.762200 IP (tos 0x0, ttl 64, id 17211, offset 0, flags [DF], proto UDP (17), length 31)"
1779594349.763046,,,UDP,31,"1779594349.763046 IP (tos 0x0, ttl 64, id 17212, offset 0, flags [DF], proto UDP (17), length 31)"
1779594349.763278,,,UDP,1500,"1779594349.763278 IP (tos 0x0, ttl 64, id 43618, offset 0, flags [+], proto UDP (17), length 1500)"
1779594349.763575,,,UDP,31,"1779594349.763575 IP (tos 0x0, ttl 64, id 17213, offset 0, flags [DF], proto UDP (17), length 31)"
1779594349.764316,,,UDP,1500,"1779594349.764316 IP (tos 0x0, ttl 64, id 43619, offset 0, flags [+], proto UDP (17), length 1500)"
1779594349.764385,,,UDP,31,"1779594349.764385 IP (tos 0x0, ttl 64, id 17214, offset 0, flags [DF], proto UDP (17), length 31)"
1779594349.765357,,,UDP,1500,"1779594349.765357 IP (tos 0x0, ttl 64, id 43620, offset 0, flags [+], proto UDP (17), length 1500)"
1779594349.766025,,,UDP,31,"1779594349.766025 IP (tos 0x0, ttl 64, id 17216, offset 0, flags [DF], proto UDP (17), length 31)"
1779594349.766135,,,UDP,1500,"1779594349.766135 IP (tos 0x0, ttl 64, id 43621, offset 0, flags [+], proto UDP (17), length 1500)"
1779594349.766922,,,UDP,1500,"1779594349.766922 IP (tos 0x0, ttl 64, id 43622, offset 0, flags [+], proto UDP (17), length 1500)"
1779594349.767717,,,UDP,1500,"1779594349.767717 IP (tos 0x0, ttl 64, id 43623, offset 0, flags [+], proto UDP (17), length 1500)"
1779594349.768514,,,UDP,1500,"1779594349.768514 IP (tos 0x0, ttl 64, id 43624, offset 0, flags [+], proto UDP (17), length 1500)"
1779594349.769408,,,UDP,1500,"1779594349.769408 IP (tos 0x0, ttl 64, id 43625, offset 0, flags [+], proto UDP (17), length 1500)"
1779594349.814822,,,UDP,31,"1779594349.814822 IP (tos 0x0, ttl 64, id 17223, offset 0, flags [DF], proto UDP (17), length 31)"
1779594349.816226,,,UDP,31,"1779594349.816226 IP (tos 0x0, ttl 64, id 17225, offset 0, flags [DF], proto UDP (17), length 31)"
1779594349.816532,,,UDP,1500,"1779594349.816532 IP (tos 0x0, ttl 64, id 43629, offset 0, flags [+], proto UDP (17), length 1500)"
1779594349.816870,,,UDP,31,"1779594349.816870 IP (tos 0x0, ttl 64, id 17226, offset 0, flags [DF], proto UDP (17), length 31)"
1779594349.817775,,,UDP,31,"1779594349.817775 IP (tos 0x0, ttl 64, id 17227, offset 0, flags [DF], proto UDP (17), length 31)"
1779594349.817893,,,UDP,1500,"1779594349.817893 IP (tos 0x0, ttl 64, id 43630, offset 0, flags [+], proto UDP (17), length 1500)"
1779594349.818459,,,UDP,31,"1779594349.818459 IP (tos 0x0, ttl 64, id 17228, offset 0, flags [DF], proto UDP (17), length 31)"
1779594349.819143,,,UDP,1500,"1779594349.819143 IP (tos 0x0, ttl 64, id 43631, offset 0, flags [+], proto UDP (17), length 1500)"
1779594349.819189,,,UDP,31,"1779594349.819189 IP (tos 0x0, ttl 64, id 17229, offset 0, flags [DF], proto UDP (17), length 31)"
1779594349.820015,,,UDP,31,"1779594349.820015 IP (tos 0x0, ttl 64, id 17230, offset 0, flags [DF], proto UDP (17), length 31)"
1779594349.820541,,,UDP,1500,"1779594349.820541 IP (tos 0x0, ttl 64, id 43632, offset 0, flags [+], proto UDP (17), length 1500)"
1779594349.821605,,,UDP,1500,"1779594349.821605 IP (tos 0x0, ttl 64, id 43633, offset 0, flags [+], proto UDP (17), length 1500)"
1779594349.822391,,,UDP,1500,"1779594349.822391 IP (tos 0x0, ttl 64, id 43634, offset 0, flags [+], proto UDP (17), length 1500)"
1779594349.823230,,,UDP,1500,"1779594349.823230 IP (tos 0x0, ttl 64, id 43635, offset 0, flags [+], proto UDP (17), length 1500)"
1779594349.824058,,,UDP,1500,"1779594349.824058 IP (tos 0x0, ttl 64, id 43636, offset 0, flags [+], proto UDP (17), length 1500)"
1779594349.868072,,,UDP,31,"1779594349.868072 IP (tos 0x0, ttl 64, id 17231, offset 0, flags [DF], proto UDP (17), length 31)"
1779594349.868946,,,UDP,1500,"1779594349.868946 IP (tos 0x0, ttl 64, id 43637, offset 0, flags [+], proto UDP (17), length 1500)"
1779594349.870131,,,UDP,31,"1779594349.870131 IP (tos 0x0, ttl 64, id 17233, offset 0, flags [DF], proto UDP (17), length 31)"
1779594349.870759,,,UDP,1500,"1779594349.870759 IP (tos 0x0, ttl 64, id 43638, offset 0, flags [+], proto UDP (17), length 1500)"
1779594349.871364,,,UDP,31,"1779594349.871364 IP (tos 0x0, ttl 64, id 17234, offset 0, flags [DF], proto UDP (17), length 31)"
1779594349.871419,,,UDP,1500,"1779594349.871419 IP (tos 0x0, ttl 64, id 43639, offset 0, flags [+], proto UDP (17), length 1500)"
1779594349.872050,,,UDP,1500,"1779594349.872050 IP (tos 0x0, ttl 64, id 43640, offset 0, flags [+], proto UDP (17), length 1500)"
1779594349.872378,,,UDP,31,"1779594349.872378 IP (tos 0x0, ttl 64, id 17235, offset 0, flags [DF], proto UDP (17), length 31)"
1779594349.873144,,,UDP,31,"1779594349.873144 IP (tos 0x0, ttl 64, id 17236, offset 0, flags [DF], proto UDP (17), length 31)"
1779594349.873223,,,UDP,1500,"1779594349.873223 IP (tos 0x0, ttl 64, id 43641, offset 0, flags [+], proto UDP (17), length 1500)"
1779594349.873853,,,UDP,1500,"1779594349.873853 IP (tos 0x0, ttl 64, id 43642, offset 0, flags [+], proto UDP (17), length 1500)"
1779594349.873985,,,UDP,31,"1779594349.873985 IP (tos 0x0, ttl 64, id 17237, offset 0, flags [DF], proto UDP (17), length 31)"
1779594349.874612,,,UDP,31,"1779594349.874612 IP (tos 0x0, ttl 64, id 17238, offset 0, flags [DF], proto UDP (17), length 31)"
1779594349.874795,,,UDP,1500,"1779594349.874795 IP (tos 0x0, ttl 64, id 43643, offset 0, flags [+], proto UDP (17), length 1500)"
1779594349.875433,,,UDP,1500,"1779594349.875433 IP (tos 0x0, ttl 64, id 43644, offset 0, flags [+], proto UDP (17), length 1500)"
1779594349.919788,,,UDP,31,"1779594349.919788 IP (tos 0x0, ttl 64, id 17240, offset 0, flags [DF], proto UDP (17), length 31)"
1779594349.920793,,,UDP,1500,"1779594349.920793 IP (tos 0x0, ttl 64, id 43651, offset 0, flags [+], proto UDP (17), length 1500)"
1779594349.921323,,,UDP,31,"1779594349.921323 IP (tos 0x0, ttl 64, id 17241, offset 0, flags [DF], proto UDP (17), length 31)"
1779594349.921947,,,UDP,31,"1779594349.921947 IP (tos 0x0, ttl 64, id 17242, offset 0, flags [DF], proto UDP (17), length 31)"
1779594349.922039,,,UDP,1500,"1779594349.922039 IP (tos 0x0, ttl 64, id 43652, offset 0, flags [+], proto UDP (17), length 1500)"
1779594349.922922,,,UDP,1500,"1779594349.922922 IP (tos 0x0, ttl 64, id 43653, offset 0, flags [+], proto UDP (17), length 1500)"
1779594349.923774,,,UDP,31,"1779594349.923774 IP (tos 0x0, ttl 64, id 17244, offset 0, flags [DF], proto UDP (17), length 31)"
1779594349.924532,,,UDP,1500,"1779594349.924532 IP (tos 0x0, ttl 64, id 43654, offset 0, flags [+], proto UDP (17), length 1500)"
1779594349.924564,,,UDP,31,"1779594349.924564 IP (tos 0x0, ttl 64, id 17245, offset 0, flags [DF], proto UDP (17), length 31)"
1779594349.925152,,,UDP,1500,"1779594349.925152 IP (tos 0x0, ttl 64, id 43655, offset 0, flags [+], proto UDP (17), length 1500)"
1779594349.925247,,,UDP,31,"1779594349.925247 IP (tos 0x0, ttl 64, id 17246, offset 0, flags [DF], proto UDP (17), length 31)"
1779594349.925679,,,UDP,1500,"1779594349.925679 IP (tos 0x0, ttl 64, id 43656, offset 0, flags [+], proto UDP (17), length 1500)"
1779594349.925894,,,UDP,31,"1779594349.925894 IP (tos 0x0, ttl 64, id 17247, offset 0, flags [DF], proto UDP (17), length 31)"
1779594349.926106,,,UDP,1500,"1779594349.926106 IP (tos 0x0, ttl 64, id 43657, offset 0, flags [+], proto UDP (17), length 1500)"
1779594349.926571,,,UDP,1500,"1779594349.926571 IP (tos 0x0, ttl 64, id 43658, offset 0, flags [+], proto UDP (17), length 1500)"
1779594349.971558,,,UDP,31,"1779594349.971558 IP (tos 0x0, ttl 64, id 17256, offset 0, flags [DF], proto UDP (17), length 31)"
1779594349.972297,,,UDP,1500,"1779594349.972297 IP (tos 0x0, ttl 64, id 43665, offset 0, flags [+], proto UDP (17), length 1500)"
1779594349.972728,,,UDP,31,"1779594349.972728 IP (tos 0x0, ttl 64, id 17257, offset 0, flags [DF], proto UDP (17), length 31)"
1779594349.973522,,,UDP,1500,"1779594349.973522 IP (tos 0x0, ttl 64, id 43666, offset 0, flags [+], proto UDP (17), length 1500)"
1779594349.973557,,,UDP,31,"1779594349.973557 IP (tos 0x0, ttl 64, id 17258, offset 0, flags [DF], proto UDP (17), length 31)"
1779594349.974593,,,UDP,1500,"1779594349.974593 IP (tos 0x0, ttl 64, id 43667, offset 0, flags [+], proto UDP (17), length 1500)"
1779594349.975129,,,UDP,31,"1779594349.975129 IP (tos 0x0, ttl 64, id 17259, offset 0, flags [DF], proto UDP (17), length 31)"
1779594349.975822,,,UDP,1500,"1779594349.975822 IP (tos 0x0, ttl 64, id 43668, offset 0, flags [+], proto UDP (17), length 1500)"
1779594349.976109,,,UDP,31,"1779594349.976109 IP (tos 0x0, ttl 64, id 17261, offset 0, flags [DF], proto UDP (17), length 31)"
1779594349.976527,,,UDP,31,"1779594349.976527 IP (tos 0x0, ttl 64, id 17262, offset 0, flags [DF], proto UDP (17), length 31)"
1779594349.976600,,,UDP,1500,"1779594349.976600 IP (tos 0x0, ttl 64, id 43669, offset 0, flags [+], proto UDP (17), length 1500)"
1779594349.977066,,,UDP,31,"1779594349.977066 IP (tos 0x0, ttl 64, id 17263, offset 0, flags [DF], proto UDP (17), length 31)"
1779594349.977103,,,UDP,1500,"1779594349.977103 IP (tos 0x0, ttl 64, id 43670, offset 0, flags [+], proto UDP (17), length 1500)"
1779594349.977708,,,UDP,1500,"1779594349.977708 IP (tos 0x0, ttl 64, id 43671, offset 0, flags [+], proto UDP (17), length 1500)"
1779594349.978501,,,UDP,1500,"1779594349.978501 IP (tos 0x0, ttl 64, id 43672, offset 0, flags [+], proto UDP (17), length 1500)"
1779594350.023061,,,UDP,31,"1779594350.023061 IP (tos 0x0, ttl 64, id 17266, offset 0, flags [DF], proto UDP (17), length 31)"
1779594350.024130,,,UDP,1500,"1779594350.024130 IP (tos 0x0, ttl 64, id 43677, offset 0, flags [+], proto UDP (17), length 1500)"
1779594350.024406,,,UDP,31,"1779594350.024406 IP (tos 0x0, ttl 64, id 17267, offset 0, flags [DF], proto UDP (17), length 31)"
1779594350.025194,,,UDP,31,"1779594350.025194 IP (tos 0x0, ttl 64, id 17268, offset 0, flags [DF], proto UDP (17), length 31)"
1779594350.025274,,,UDP,1500,"1779594350.025274 IP (tos 0x0, ttl 64, id 43678, offset 0, flags [+], proto UDP (17), length 1500)"
1779594350.026155,,,UDP,1500,"1779594350.026155 IP (tos 0x0, ttl 64, id 43679, offset 0, flags [+], proto UDP (17), length 1500)"
1779594350.026187,,,UDP,31,"1779594350.026187 IP (tos 0x0, ttl 64, id 17269, offset 0, flags [DF], proto UDP (17), length 31)"
1779594350.027064,,,UDP,31,"1779594350.027064 IP (tos 0x0, ttl 64, id 17270, offset 0, flags [DF], proto UDP (17), length 31)"
1779594350.027188,,,UDP,1500,"1779594350.027188 IP (tos 0x0, ttl 64, id 43680, offset 0, flags [+], proto UDP (17), length 1500)"
1779594350.027642,,,UDP,31,"1779594350.027642 IP (tos 0x0, ttl 64, id 17271, offset 0, flags [DF], proto UDP (17), length 31)"
1779594350.028107,,,UDP,1500,"1779594350.028107 IP (tos 0x0, ttl 64, id 43681, offset 0, flags [+], proto UDP (17), length 1500)"
1779594350.028332,,,UDP,31,"1779594350.028332 IP (tos 0x0, ttl 64, id 17272, offset 0, flags [DF], proto UDP (17), length 31)"
1779594350.028672,,,UDP,1500,"1779594350.028672 IP (tos 0x0, ttl 64, id 43682, offset 0, flags [+], proto UDP (17), length 1500)"
1779594350.028892,,,UDP,31,"1779594350.028892 IP (tos 0x0, ttl 64, id 17273, offset 0, flags [DF], proto UDP (17), length 31)"
1779594350.029392,,,UDP,1500,"1779594350.029392 IP (tos 0x0, ttl 64, id 43683, offset 0, flags [+], proto UDP (17), length 1500)"
1779594350.030000,,,UDP,1500,"1779594350.030000 IP (tos 0x0, ttl 64, id 43684, offset 0, flags [+], proto UDP (17), length 1500)"
1779594350.075208,,,UDP,31,"1779594350.075208 IP (tos 0x0, ttl 64, id 17274, offset 0, flags [DF], proto UDP (17), length 31)"
1779594350.076175,,,UDP,31,"1779594350.076175 IP (tos 0x0, ttl 64, id 17275, offset 0, flags [DF], proto UDP (17), length 31)"
1779594350.076818,,,UDP,31,"1779594350.076818 IP (tos 0x0, ttl 64, id 17276, offset 0, flags [DF], proto UDP (17), length 31)"
1779594350.077088,,,UDP,1500,"1779594350.077088 IP (tos 0x0, ttl 64, id 43686, offset 0, flags [+], proto UDP (17), length 1500)"
1779594350.078098,,,UDP,31,"1779594350.078098 IP (tos 0x0, ttl 64, id 17277, offset 0, flags [DF], proto UDP (17), length 31)"
1779594350.078546,,,UDP,1500,"1779594350.078546 IP (tos 0x0, ttl 64, id 43687, offset 0, flags [+], proto UDP (17), length 1500)"
1779594350.079327,,,UDP,31,"1779594350.079327 IP (tos 0x0, ttl 64, id 17279, offset 0, flags [DF], proto UDP (17), length 31)"
1779594350.079814,,,UDP,1500,"1779594350.079814 IP (tos 0x0, ttl 64, id 43688, offset 0, flags [+], proto UDP (17), length 1500)"
1779594350.080589,,,UDP,31,"1779594350.080589 IP (tos 0x0, ttl 64, id 17281, offset 0, flags [DF], proto UDP (17), length 31)"
1779594350.080791,,,UDP,1500,"1779594350.080791 IP (tos 0x0, ttl 64, id 43689, offset 0, flags [+], proto UDP (17), length 1500)"
1779594350.081717,,,UDP,1500,"1779594350.081717 IP (tos 0x0, ttl 64, id 43690, offset 0, flags [+], proto UDP (17), length 1500)"
1779594350.082561,,,UDP,1500,"1779594350.082561 IP (tos 0x0, ttl 64, id 43691, offset 0, flags [+], proto UDP (17), length 1500)"
1779594350.083084,,,UDP,1500,"1779594350.083084 IP (tos 0x0, ttl 64, id 43692, offset 0, flags [+], proto UDP (17), length 1500)"
1779594350.083682,,,UDP,1500,"1779594350.083682 IP (tos 0x0, ttl 64, id 43693, offset 0, flags [+], proto UDP (17), length 1500)"
1779594350.128462,,,UDP,31,"1779594350.128462 IP (tos 0x0, ttl 64, id 17288, offset 0, flags [DF], proto UDP (17), length 31)"
1779594350.129562,,,UDP,1500,"1779594350.129562 IP (tos 0x0, ttl 64, id 43697, offset 0, flags [+], proto UDP (17), length 1500)"
1779594350.129636,,,UDP,31,"1779594350.129636 IP (tos 0x0, ttl 64, id 17289, offset 0, flags [DF], proto UDP (17), length 31)"
1779594350.130606,,,UDP,31,"1779594350.130606 IP (tos 0x0, ttl 64, id 17290, offset 0, flags [DF], proto UDP (17), length 31)"
1779594350.130708,,,UDP,1500,"1779594350.130708 IP (tos 0x0, ttl 64, id 43698, offset 0, flags [+], proto UDP (17), length 1500)"
1779594350.131494,,,UDP,1500,"1779594350.131494 IP (tos 0x0, ttl 64, id 43699, offset 0, flags [+], proto UDP (17), length 1500)"
1779594350.131779,,,UDP,31,"1779594350.131779 IP (tos 0x0, ttl 64, id 17291, offset 0, flags [DF], proto UDP (17), length 31)"
1779594350.132368,,,UDP,1500,"1779594350.132368 IP (tos 0x0, ttl 64, id 43700, offset 0, flags [+], proto UDP (17), length 1500)"
1779594350.132577,,,UDP,31,"1779594350.132577 IP (tos 0x0, ttl 64, id 17292, offset 0, flags [DF], proto UDP (17), length 31)"
1779594350.133183,,,UDP,31,"1779594350.133183 IP (tos 0x0, ttl 64, id 17293, offset 0, flags [DF], proto UDP (17), length 31)"
1779594350.133243,,,UDP,1500,"1779594350.133243 IP (tos 0x0, ttl 64, id 43701, offset 0, flags [+], proto UDP (17), length 1500)"
1779594350.133588,,,UDP,31,"1779594350.133588 IP (tos 0x0, ttl 64, id 17294, offset 0, flags [DF], proto UDP (17), length 31)"
1779594350.133891,,,UDP,1500,"1779594350.133891 IP (tos 0x0, ttl 64, id 43702, offset 0, flags [+], proto UDP (17), length 1500)"
1779594350.134259,,,UDP,31,"1779594350.134259 IP (tos 0x0, ttl 64, id 17295, offset 0, flags [DF], proto UDP (17), length 31)"
1779594350.134545,,,UDP,1500,"1779594350.134545 IP (tos 0x0, ttl 64, id 43703, offset 0, flags [+], proto UDP (17), length 1500)"
1779594350.135054,,,UDP,1500,"1779594350.135054 IP (tos 0x0, ttl 64, id 43704, offset 0, flags [+], proto UDP (17), length 1500)"
1779594350.180744,,,UDP,31,"1779594350.180744 IP (tos 0x0, ttl 64, id 17304, offset 0, flags [DF], proto UDP (17), length 31)"
1779594350.181577,,,UDP,31,"1779594350.181577 IP (tos 0x0, ttl 64, id 17305, offset 0, flags [DF], proto UDP (17), length 31)"
1779594350.182096,,,UDP,1500,"1779594350.182096 IP (tos 0x0, ttl 64, id 43710, offset 0, flags [+], proto UDP (17), length 1500)"
1779594350.182112,,,UDP,31,"1779594350.182112 IP (tos 0x0, ttl 64, id 17306, offset 0, flags [DF], proto UDP (17), length 31)"
1779594350.182940,,,UDP,1500,"1779594350.182940 IP (tos 0x0, ttl 64, id 43711, offset 0, flags [+], proto UDP (17), length 1500)"
1779594350.182949,,,UDP,31,"1779594350.182949 IP (tos 0x0, ttl 64, id 17307, offset 0, flags [DF], proto UDP (17), length 31)"
1779594350.183801,,,UDP,1500,"1779594350.183801 IP (tos 0x0, ttl 64, id 43712, offset 0, flags [+], proto UDP (17), length 1500)"
1779594350.183877,,,UDP,31,"1779594350.183877 IP (tos 0x0, ttl 64, id 17308, offset 0, flags [DF], proto UDP (17), length 31)"
1779594350.184533,,,UDP,31,"1779594350.184533 IP (tos 0x0, ttl 64, id 17309, offset 0, flags [DF], proto UDP (17), length 31)"
1779594350.184724,,,UDP,1500,"1779594350.184724 IP (tos 0x0, ttl 64, id 43713, offset 0, flags [+], proto UDP (17), length 1500)"
1779594350.185128,,,UDP,31,"1779594350.185128 IP (tos 0x0, ttl 64, id 17310, offset 0, flags [DF], proto UDP (17), length 31)"
1779594350.185622,,,UDP,1500,"1779594350.185622 IP (tos 0x0, ttl 64, id 43714, offset 0, flags [+], proto UDP (17), length 1500)"
1779594350.185693,,,UDP,31,"1779594350.185693 IP (tos 0x0, ttl 64, id 17311, offset 0, flags [DF], proto UDP (17), length 31)"
1779594350.186189,,,UDP,1500,"1779594350.186189 IP (tos 0x0, ttl 64, id 43715, offset 0, flags [+], proto UDP (17), length 1500)"
1779594350.186797,,,UDP,1500,"1779594350.186797 IP (tos 0x0, ttl 64, id 43716, offset 0, flags [+], proto UDP (17), length 1500)"
1779594350.187420,,,UDP,1500,"1779594350.187420 IP (tos 0x0, ttl 64, id 43717, offset 0, flags [+], proto UDP (17), length 1500)"
1779594350.233565,,,UDP,31,"1779594350.233565 IP (tos 0x0, ttl 64, id 17320, offset 0, flags [DF], proto UDP (17), length 31)"
1779594350.234212,,,UDP,31,"1779594350.234212 IP (tos 0x0, ttl 64, id 17321, offset 0, flags [DF], proto UDP (17), length 31)"
1779594350.234727,,,UDP,31,"1779594350.234727 IP (tos 0x0, ttl 64, id 17322, offset 0, flags [DF], proto UDP (17), length 31)"
1779594350.235270,,,UDP,1500,"1779594350.235270 IP (tos 0x0, ttl 64, id 43720, offset 0, flags [+], proto UDP (17), length 1500)"
1779594350.235475,,,UDP,31,"1779594350.235475 IP (tos 0x0, ttl 64, id 17323, offset 0, flags [DF], proto UDP (17), length 31)"
1779594350.236322,,,UDP,31,"1779594350.236322 IP (tos 0x0, ttl 64, id 17324, offset 0, flags [DF], proto UDP (17), length 31)"
1779594350.236432,,,UDP,1500,"1779594350.236432 IP (tos 0x0, ttl 64, id 43721, offset 0, flags [+], proto UDP (17), length 1500)"
1779594350.236801,,,UDP,31,"1779594350.236801 IP (tos 0x0, ttl 64, id 17325, offset 0, flags [DF], proto UDP (17), length 31)"
1779594350.237338,,,UDP,1500,"1779594350.237338 IP (tos 0x0, ttl 64, id 43722, offset 0, flags [+], proto UDP (17), length 1500)"
1779594350.237464,,,UDP,31,"1779594350.237464 IP (tos 0x0, ttl 64, id 17326, offset 0, flags [DF], proto UDP (17), length 31)"
1779594350.238065,,,UDP,1500,"1779594350.238065 IP (tos 0x0, ttl 64, id 43723, offset 0, flags [+], proto UDP (17), length 1500)"
1779594350.238150,,,UDP,31,"1779594350.238150 IP (tos 0x0, ttl 64, id 17327, offset 0, flags [DF], proto UDP (17), length 31)"
1779594350.238973,,,UDP,1500,"1779594350.238973 IP (tos 0x0, ttl 64, id 43724, offset 0, flags [+], proto UDP (17), length 1500)"
1779594350.239811,,,UDP,1500,"1779594350.239811 IP (tos 0x0, ttl 64, id 43725, offset 0, flags [+], proto UDP (17), length 1500)"
1779594350.240599,,,UDP,1500,"1779594350.240599 IP (tos 0x0, ttl 64, id 43726, offset 0, flags [+], proto UDP (17), length 1500)"
1779594350.241249,,,UDP,1500,"1779594350.241249 IP (tos 0x0, ttl 64, id 43727, offset 0, flags [+], proto UDP (17), length 1500)"
1779594350.287614,,,UDP,31,"1779594350.287614 IP (tos 0x0, ttl 64, id 17330, offset 0, flags [DF], proto UDP (17), length 31)"
1779594350.287986,,,UDP,31,"1779594350.287986 IP (tos 0x0, ttl 64, id 17331, offset 0, flags [DF], proto UDP (17), length 31)"
1779594350.288623,,,UDP,1500,"1779594350.288623 IP (tos 0x0, ttl 64, id 43738, offset 0, flags [+], proto UDP (17), length 1500)"
1779594350.289005,,,UDP,31,"1779594350.289005 IP (tos 0x0, ttl 64, id 17332, offset 0, flags [DF], proto UDP (17), length 31)"
1779594350.289218,,,UDP,1500,"1779594350.289218 IP (tos 0x0, ttl 64, id 43739, offset 0, flags [+], proto UDP (17), length 1500)"
1779594350.289711,,,UDP,31,"1779594350.289711 IP (tos 0x0, ttl 64, id 17333, offset 0, flags [DF], proto UDP (17), length 31)"
1779594350.289854,,,UDP,1500,"1779594350.289854 IP (tos 0x0, ttl 64, id 43740, offset 0, flags [+], proto UDP (17), length 1500)"
1779594350.290387,,,UDP,1500,"1779594350.290387 IP (tos 0x0, ttl 64, id 43741, offset 0, flags [+], proto UDP (17), length 1500)"
1779594350.290727,,,UDP,31,"1779594350.290727 IP (tos 0x0, ttl 64, id 17334, offset 0, flags [DF], proto UDP (17), length 31)"
1779594350.291047,,,UDP,1500,"1779594350.291047 IP (tos 0x0, ttl 64, id 43742, offset 0, flags [+], proto UDP (17), length 1500)"
1779594350.291319,,,UDP,31,"1779594350.291319 IP (tos 0x0, ttl 64, id 17335, offset 0, flags [DF], proto UDP (17), length 31)"
1779594350.291515,,,UDP,1500,"1779594350.291515 IP (tos 0x0, ttl 64, id 43743, offset 0, flags [+], proto UDP (17), length 1500)"
1779594350.291763,,,UDP,31,"1779594350.291763 IP (tos 0x0, ttl 64, id 17336, offset 0, flags [DF], proto UDP (17), length 31)"
1779594350.292134,,,UDP,1500,"1779594350.292134 IP (tos 0x0, ttl 64, id 43744, offset 0, flags [+], proto UDP (17), length 1500)"
1779594350.292648,,,UDP,1500,"1779594350.292648 IP (tos 0x0, ttl 64, id 43745, offset 0, flags [+], proto UDP (17), length 1500)"
1779594350.339487,,,UDP,31,"1779594350.339487 IP (tos 0x0, ttl 64, id 17338, offset 0, flags [DF], proto UDP (17), length 31)"
1779594350.340085,,,UDP,31,"1779594350.340085 IP (tos 0x0, ttl 64, id 17339, offset 0, flags [DF], proto UDP (17), length 31)"
1779594350.340633,,,UDP,31,"1779594350.340633 IP (tos 0x0, ttl 64, id 17340, offset 0, flags [DF], proto UDP (17), length 31)"
1779594350.341185,,,UDP,31,"1779594350.341185 IP (tos 0x0, ttl 64, id 17341, offset 0, flags [DF], proto UDP (17), length 31)"
1779594350.341275,,,UDP,1500,"1779594350.341275 IP (tos 0x0, ttl 64, id 43755, offset 0, flags [+], proto UDP (17), length 1500)"
1779594350.341616,,,UDP,31,"1779594350.341616 IP (tos 0x0, ttl 64, id 17342, offset 0, flags [DF], proto UDP (17), length 31)"
1779594350.342028,,,UDP,31,"1779594350.342028 IP (tos 0x0, ttl 64, id 17343, offset 0, flags [DF], proto UDP (17), length 31)"
1779594350.342652,,,UDP,31,"1779594350.342652 IP (tos 0x0, ttl 64, id 17344, offset 0, flags [DF], proto UDP (17), length 31)"
1779594350.342696,,,UDP,1500,"1779594350.342696 IP (tos 0x0, ttl 64, id 43756, offset 0, flags [+], proto UDP (17), length 1500)"
1779594350.343357,,,UDP,31,"1779594350.343357 IP (tos 0x0, ttl 64, id 17345, offset 0, flags [DF], proto UDP (17), length 31)"
1779594350.343894,,,UDP,1500,"1779594350.343894 IP (tos 0x0, ttl 64, id 43757, offset 0, flags [+], proto UDP (17), length 1500)"
1779594350.392783,,,UDP,31,"1779594350.392783 IP (tos 0x0, ttl 64, id 17357, offset 0, flags [DF], proto UDP (17), length 31)"
1779594350.394092,,,UDP,31,"1779594350.394092 IP (tos 0x0, ttl 64, id 17358, offset 0, flags [DF], proto UDP (17), length 31)"
1779594350.394962,,,UDP,31,"1779594350.394962 IP (tos 0x0, ttl 64, id 17359, offset 0, flags [DF], proto UDP (17), length 31)"
1779594350.396544,,,UDP,34,"1779594350.396544 IP (tos 0x0, ttl 64, id 43765, offset 0, flags [DF], proto UDP (17), length 34)"
1779594350.446958,,,UDP,35,"1779594350.446958 IP (tos 0x0, ttl 64, id 17370, offset 0, flags [DF], proto UDP (17), length 35)"
