timestamp_s,src,dst,protocolo,ip_len,info
1779594576.574130,,,UDP,63,"1779594576.574130 IP (tos 0x0, ttl 64, id 34344, offset 0, flags [DF], proto UDP (17), length 63)"
1779594576.674650,,,UDP,36,"1779594576.674650 IP (tos 0x0, ttl 64, id 42328, offset 0, flags [DF], proto UDP (17), length 36)"
1779594576.676407,,,UDP,1500,"1779594576.676407 IP (tos 0x0, ttl 64, id 34355, offset 0, flags [+], proto UDP (17), length 1500)"
1779594576.677934,,,UDP,1500,"1779594576.677934 IP (tos 0x0, ttl 64, id 34356, offset 0, flags [+], proto UDP (17), length 1500)"
1779594576.679421,,,UDP,1500,"1779594576.679421 IP (tos 0x0, ttl 64, id 34357, offset 0, flags [+], proto UDP (17), length 1500)"
1779594576.680564,,,UDP,1500,"1779594576.680564 IP (tos 0x0, ttl 64, id 34358, offset 0, flags [+], proto UDP (17), length 1500)"
1779594576.681687,,,UDP,1500,"1779594576.681687 IP (tos 0x0, ttl 64, id 34359, offset 0, flags [+], proto UDP (17), length 1500)"
1779594576.682413,,,UDP,1500,"1779594576.682413 IP (tos 0x0, ttl 64, id 34360, offset 0, flags [+], proto UDP (17), length 1500)"
1779594576.683352,,,UDP,1500,"1779594576.683352 IP (tos 0x0, ttl 64, id 34361, offset 0, flags [+], proto UDP (17), length 1500)"
1779594576.684155,,,UDP,1500,"1779594576.684155 IP (tos 0x0, ttl 64, id 34362, offset 0, flags [+], proto UDP (17), length 1500)"
1779594576.778100,,,UDP,29,"1779594576.778100 IP (tos 0x0, ttl 64, id 42332, offset 0, flags [DF], proto UDP (17), length 29)"
1779594576.779868,,,UDP,1500,"1779594576.779868 IP (tos 0x0, ttl 64, id 34367, offset 0, flags [+], proto UDP (17), length 1500)"
1779594576.780509,,,UDP,29,"1779594576.780509 IP (tos 0x0, ttl 64, id 42334, offset 0, flags [DF], proto UDP (17), length 29)"
1779594576.781752,,,UDP,1500,"1779594576.781752 IP (tos 0x0, ttl 64, id 34368, offset 0, flags [+], proto UDP (17), length 1500)"
1779594576.782374,,,UDP,29,"1779594576.782374 IP (tos 0x0, ttl 64, id 42336, offset 0, flags [DF], proto UDP (17), length 29)"
1779594576.782984,,,UDP,1500,"1779594576.782984 IP (tos 0x0, ttl 64, id 34369, offset 0, flags [+], proto UDP (17), length 1500)"
1779594576.784308,,,UDP,1500,"1779594576.784308 IP (tos 0x0, ttl 64, id 34370, offset 0, flags [+], proto UDP (17), length 1500)"
1779594576.784829,,,UDP,29,"1779594576.784829 IP (tos 0x0, ttl 64, id 42339, offset 0, flags [DF], proto UDP (17), length 29)"
1779594576.785215,,,UDP,1500,"1779594576.785215 IP (tos 0x0, ttl 64, id 34371, offset 0, flags [+], proto UDP (17), length 1500)"
1779594576.786005,,,UDP,1500,"1779594576.786005 IP (tos 0x0, ttl 64, id 34372, offset 0, flags [+], proto UDP (17), length 1500)"
1779594576.786857,,,UDP,1500,"1779594576.786857 IP (tos 0x0, ttl 64, id 34373, offset 0, flags [+], proto UDP (17), length 1500)"
1779594576.787678,,,UDP,1500,"1779594576.787678 IP (tos 0x0, ttl 64, id 34374, offset 0, flags [+], proto UDP (17), length 1500)"
1779594576.881304,,,UDP,29,"1779594576.881304 IP (tos 0x0, ttl 64, id 42351, offset 0, flags [DF], proto UDP (17), length 29)"
1779594576.882765,,,UDP,1500,"1779594576.882765 IP (tos 0x0, ttl 64, id 34393, offset 0, flags [+], proto UDP (17), length 1500)"
1779594576.882944,,,UDP,29,"1779594576.882944 IP (tos 0x0, ttl 64, id 42352, offset 0, flags [DF], proto UDP (17), length 29)"
1779594576.883745,,,UDP,1500,"1779594576.883745 IP (tos 0x0, ttl 64, id 34394, offset 0, flags [+], proto UDP (17), length 1500)"
1779594576.885261,,,UDP,30,"1779594576.885261 IP (tos 0x0, ttl 64, id 42354, offset 0, flags [DF], proto UDP (17), length 30)"
1779594576.886056,,,UDP,30,"1779594576.886056 IP (tos 0x0, ttl 64, id 42355, offset 0, flags [DF], proto UDP (17), length 30)"
1779594576.886056,,,UDP,1500,"1779594576.886056 IP (tos 0x0, ttl 64, id 34395, offset 0, flags [+], proto UDP (17), length 1500)"
1779594576.886787,,,UDP,1500,"1779594576.886787 IP (tos 0x0, ttl 64, id 34396, offset 0, flags [+], proto UDP (17), length 1500)"
1779594576.887533,,,UDP,30,"1779594576.887533 IP (tos 0x0, ttl 64, id 42357, offset 0, flags [DF], proto UDP (17), length 30)"
1779594576.887634,,,UDP,1500,"1779594576.887634 IP (tos 0x0, ttl 64, id 34397, offset 0, flags [+], proto UDP (17), length 1500)"
1779594576.888320,,,UDP,30,"1779594576.888320 IP (tos 0x0, ttl 64, id 42358, offset 0, flags [DF], proto UDP (17), length 30)"
1779594576.888573,,,UDP,1500,"1779594576.888573 IP (tos 0x0, ttl 64, id 34398, offset 0, flags [+], proto UDP (17), length 1500)"
1779594576.889421,,,UDP,1500,"1779594576.889421 IP (tos 0x0, ttl 64, id 34399, offset 0, flags [+], proto UDP (17), length 1500)"
1779594576.890429,,,UDP,1500,"1779594576.890429 IP (tos 0x0, ttl 64, id 34400, offset 0, flags [+], proto UDP (17), length 1500)"
1779594576.983651,,,UDP,30,"1779594576.983651 IP (tos 0x0, ttl 64, id 42380, offset 0, flags [DF], proto UDP (17), length 30)"
1779594576.984365,,,UDP,30,"1779594576.984365 IP (tos 0x0, ttl 64, id 42381, offset 0, flags [DF], proto UDP (17), length 30)"
1779594576.984405,,,UDP,1500,"1779594576.984405 IP (tos 0x0, ttl 64, id 34401, offset 0, flags [+], proto UDP (17), length 1500)"
1779594576.985045,,,UDP,1500,"1779594576.985045 IP (tos 0x0, ttl 64, id 34402, offset 0, flags [+], proto UDP (17), length 1500)"
1779594576.986681,,,UDP,30,"1779594576.986681 IP (tos 0x0, ttl 64, id 42382, offset 0, flags [DF], proto UDP (17), length 30)"
1779594576.987495,,,UDP,30,"1779594576.987495 IP (tos 0x0, ttl 64, id 42383, offset 0, flags [DF], proto UDP (17), length 30)"
1779594576.987497,,,UDP,1500,"1779594576.987497 IP (tos 0x0, ttl 64, id 34403, offset 0, flags [+], proto UDP (17), length 1500)"
1779594576.988048,,,UDP,1500,"1779594576.988048 IP (tos 0x0, ttl 64, id 34404, offset 0, flags [+], proto UDP (17), length 1500)"
1779594576.988432,,,UDP,30,"1779594576.988432 IP (tos 0x0, ttl 64, id 42384, offset 0, flags [DF], proto UDP (17), length 30)"
1779594576.989108,,,UDP,1500,"1779594576.989108 IP (tos 0x0, ttl 64, id 34405, offset 0, flags [+], proto UDP (17), length 1500)"
1779594576.989262,,,UDP,30,"1779594576.989262 IP (tos 0x0, ttl 64, id 42385, offset 0, flags [DF], proto UDP (17), length 30)"
1779594576.989791,,,UDP,1500,"1779594576.989791 IP (tos 0x0, ttl 64, id 34406, offset 0, flags [+], proto UDP (17), length 1500)"
1779594576.990063,,,UDP,30,"1779594576.990063 IP (tos 0x0, ttl 64, id 42386, offset 0, flags [DF], proto UDP (17), length 30)"
1779594576.990562,,,UDP,1500,"1779594576.990562 IP (tos 0x0, ttl 64, id 34407, offset 0, flags [+], proto UDP (17), length 1500)"
1779594576.991087,,,UDP,30,"1779594576.991087 IP (tos 0x0, ttl 64, id 42387, offset 0, flags [DF], proto UDP (17), length 30)"
1779594576.991667,,,UDP,1500,"1779594576.991667 IP (tos 0x0, ttl 64, id 34408, offset 0, flags [+], proto UDP (17), length 1500)"
1779594577.085049,,,UDP,30,"1779594577.085049 IP (tos 0x0, ttl 64, id 42401, offset 0, flags [DF], proto UDP (17), length 30)"
1779594577.085584,,,UDP,30,"1779594577.085584 IP (tos 0x0, ttl 64, id 42402, offset 0, flags [DF], proto UDP (17), length 30)"
1779594577.086488,,,UDP,1500,"1779594577.086488 IP (tos 0x0, ttl 64, id 34418, offset 0, flags [+], proto UDP (17), length 1500)"
1779594577.087690,,,UDP,1500,"1779594577.087690 IP (tos 0x0, ttl 64, id 34419, offset 0, flags [+], proto UDP (17), length 1500)"
1779594577.089650,,,UDP,30,"1779594577.089650 IP (tos 0x0, ttl 64, id 42405, offset 0, flags [DF], proto UDP (17), length 30)"
1779594577.090304,,,UDP,30,"1779594577.090304 IP (tos 0x0, ttl 64, id 42406, offset 0, flags [DF], proto UDP (17), length 30)"
1779594577.090902,,,UDP,1500,"1779594577.090902 IP (tos 0x0, ttl 64, id 34420, offset 0, flags [+], proto UDP (17), length 1500)"
1779594577.091154,,,UDP,30,"1779594577.091154 IP (tos 0x0, ttl 64, id 42407, offset 0, flags [DF], proto UDP (17), length 30)"
1779594577.091876,,,UDP,1500,"1779594577.091876 IP (tos 0x0, ttl 64, id 34421, offset 0, flags [+], proto UDP (17), length 1500)"
1779594577.092107,,,UDP,30,"1779594577.092107 IP (tos 0x0, ttl 64, id 42408, offset 0, flags [DF], proto UDP (17), length 30)"
1779594577.092903,,,UDP,1500,"1779594577.092903 IP (tos 0x0, ttl 64, id 34422, offset 0, flags [+], proto UDP (17), length 1500)"
1779594577.093898,,,UDP,1500,"1779594577.093898 IP (tos 0x0, ttl 64, id 34423, offset 0, flags [+], proto UDP (17), length 1500)"
1779594577.095001,,,UDP,1500,"1779594577.095001 IP (tos 0x0, ttl 64, id 34424, offset 0, flags [+], proto UDP (17), length 1500)"
1779594577.095960,,,UDP,1500,"1779594577.095960 IP (tos 0x0, ttl 64, id 34425, offset 0, flags [+], proto UDP (17), length 1500)"
1779594577.187717,,,UDP,30,"1779594577.187717 IP (tos 0x0, ttl 64, id 42429, offset 0, flags [DF], proto UDP (17), length 30)"
1779594577.189088,,,UDP,1500,"1779594577.189088 IP (tos 0x0, ttl 64, id 34447, offset 0, flags [+], proto UDP (17), length 1500)"
1779594577.192013,,,UDP,30,"1779594577.192013 IP (tos 0x0, ttl 64, id 42431, offset 0, flags [DF], proto UDP (17), length 30)"
1779594577.192875,,,UDP,1500,"1779594577.192875 IP (tos 0x0, ttl 64, id 34448, offset 0, flags [+], proto UDP (17), length 1500)"
1779594577.192902,,,UDP,30,"1779594577.192902 IP (tos 0x0, ttl 64, id 42432, offset 0, flags [DF], proto UDP (17), length 30)"
1779594577.193664,,,UDP,1500,"1779594577.193664 IP (tos 0x0, ttl 64, id 34449, offset 0, flags [+], proto UDP (17), length 1500)"
1779594577.193857,,,UDP,30,"1779594577.193857 IP (tos 0x0, ttl 64, id 42433, offset 0, flags [DF], proto UDP (17), length 30)"
1779594577.194397,,,UDP,1500,"1779594577.194397 IP (tos 0x0, ttl 64, id 34450, offset 0, flags [+], proto UDP (17), length 1500)"
1779594577.195029,,,UDP,1500,"1779594577.195029 IP (tos 0x0, ttl 64, id 34451, offset 0, flags [+], proto UDP (17), length 1500)"
1779594577.195878,,,UDP,30,"1779594577.195878 IP (tos 0x0, ttl 64, id 42435, offset 0, flags [DF], proto UDP (17), length 30)"
1779594577.196519,,,UDP,30,"1779594577.196519 IP (tos 0x0, ttl 64, id 42436, offset 0, flags [DF], proto UDP (17), length 30)"
1779594577.196602,,,UDP,1500,"1779594577.196602 IP (tos 0x0, ttl 64, id 34452, offset 0, flags [+], proto UDP (17), length 1500)"
1779594577.197466,,,UDP,1500,"1779594577.197466 IP (tos 0x0, ttl 64, id 34453, offset 0, flags [+], proto UDP (17), length 1500)"
1779594577.198046,,,UDP,1500,"1779594577.198046 IP (tos 0x0, ttl 64, id 34454, offset 0, flags [+], proto UDP (17), length 1500)"
1779594577.293952,,,UDP,30,"1779594577.293952 IP (tos 0x0, ttl 64, id 42438, offset 0, flags [DF], proto UDP (17), length 30)"
1779594577.294370,,,UDP,30,"1779594577.294370 IP (tos 0x0, ttl 64, id 42439, offset 0, flags [DF], proto UDP (17), length 30)"
1779594577.295533,,,UDP,30,"1779594577.295533 IP (tos 0x0, ttl 64, id 42441, offset 0, flags [DF], proto UDP (17), length 30)"
1779594577.295729,,,UDP,1500,"1779594577.295729 IP (tos 0x0, ttl 64, id 34455, offset 0, flags [+], proto UDP (17), length 1500)"
1779594577.296955,,,UDP,1500,"1779594577.296955 IP (tos 0x0, ttl 64, id 34456, offset 0, flags [+], proto UDP (17), length 1500)"
1779594577.297251,,,UDP,30,"1779594577.297251 IP (tos 0x0, ttl 64, id 42442, offset 0, flags [DF], proto UDP (17), length 30)"
1779594577.298032,,,UDP,30,"1779594577.298032 IP (tos 0x0, ttl 64, id 42443, offset 0, flags [DF], proto UDP (17), length 30)"
1779594577.298402,,,UDP,1500,"1779594577.298402 IP (tos 0x0, ttl 64, id 34457, offset 0, flags [+], proto UDP (17), length 1500)"
1779594577.298718,,,UDP,30,"1779594577.298718 IP (tos 0x0, ttl 64, id 42444, offset 0, flags [DF], proto UDP (17), length 30)"
1779594577.299869,,,UDP,1500,"1779594577.299869 IP (tos 0x0, ttl 64, id 34458, offset 0, flags [+], proto UDP (17), length 1500)"
1779594577.301181,,,UDP,1500,"1779594577.301181 IP (tos 0x0, ttl 64, id 34459, offset 0, flags [+], proto UDP (17), length 1500)"
1779594577.302408,,,UDP,1500,"1779594577.302408 IP (tos 0x0, ttl 64, id 34460, offset 0, flags [+], proto UDP (17), length 1500)"
1779594577.303729,,,UDP,1500,"1779594577.303729 IP (tos 0x0, ttl 64, id 34461, offset 0, flags [+], proto UDP (17), length 1500)"
1779594577.304818,,,UDP,1500,"1779594577.304818 IP (tos 0x0, ttl 64, id 34462, offset 0, flags [+], proto UDP (17), length 1500)"
1779594577.398154,,,UDP,30,"1779594577.398154 IP (tos 0x0, ttl 64, id 42459, offset 0, flags [DF], proto UDP (17), length 30)"
1779594577.398904,,,UDP,1500,"1779594577.398904 IP (tos 0x0, ttl 64, id 34464, offset 0, flags [+], proto UDP (17), length 1500)"
1779594577.399489,,,UDP,30,"1779594577.399489 IP (tos 0x0, ttl 64, id 42460, offset 0, flags [DF], proto UDP (17), length 30)"
1779594577.399573,,,UDP,1500,"1779594577.399573 IP (tos 0x0, ttl 64, id 34465, offset 0, flags [+], proto UDP (17), length 1500)"
1779594577.400250,,,UDP,1500,"1779594577.400250 IP (tos 0x0, ttl 64, id 34466, offset 0, flags [+], proto UDP (17), length 1500)"
1779594577.401058,,,UDP,30,"1779594577.401058 IP (tos 0x0, ttl 64, id 42461, offset 0, flags [DF], proto UDP (17), length 30)"
1779594577.401773,,,UDP,1500,"1779594577.401773 IP (tos 0x0, ttl 64, id 34467, offset 0, flags [+], proto UDP (17), length 1500)"
1779594577.404761,,,UDP,30,"1779594577.404761 IP (tos 0x0, ttl 64, id 42464, offset 0, flags [DF], proto UDP (17), length 30)"
1779594577.405528,,,UDP,1500,"1779594577.405528 IP (tos 0x0, ttl 64, id 34468, offset 0, flags [+], proto UDP (17), length 1500)"
1779594577.405613,,,UDP,30,"1779594577.405613 IP (tos 0x0, ttl 64, id 42465, offset 0, flags [DF], proto UDP (17), length 30)"
1779594577.406145,,,UDP,1500,"1779594577.406145 IP (tos 0x0, ttl 64, id 34469, offset 0, flags [+], proto UDP (17), length 1500)"
1779594577.406923,,,UDP,1500,"1779594577.406923 IP (tos 0x0, ttl 64, id 34470, offset 0, flags [+], proto UDP (17), length 1500)"
1779594577.407651,,,UDP,1500,"1779594577.407651 IP (tos 0x0, ttl 64, id 34471, offset 0, flags [+], proto UDP (17), length 1500)"
1779594577.499591,,,UDP,30,"1779594577.499591 IP (tos 0x0, ttl 64, id 42487, offset 0, flags [DF], proto UDP (17), length 30)"
1779594577.500179,,,UDP,30,"1779594577.500179 IP (tos 0x0, ttl 64, id 42488, offset 0, flags [DF], proto UDP (17), length 30)"
1779594577.500456,,,UDP,1500,"1779594577.500456 IP (tos 0x0, ttl 64, id 34477, offset 0, flags [+], proto UDP (17), length 1500)"
1779594577.500840,,,UDP,30,"1779594577.500840 IP (tos 0x0, ttl 64, id 42489, offset 0, flags [DF], proto UDP (17), length 30)"
1779594577.501090,,,UDP,1500,"1779594577.501090 IP (tos 0x0, ttl 64, id 34478, offset 0, flags [+], proto UDP (17), length 1500)"
1779594577.501566,,,UDP,1500,"1779594577.501566 IP (tos 0x0, ttl 64, id 34479, offset 0, flags [+], proto UDP (17), length 1500)"
1779594577.502605,,,UDP,30,"1779594577.502605 IP (tos 0x0, ttl 64, id 42490, offset 0, flags [DF], proto UDP (17), length 30)"
1779594577.503315,,,UDP,1500,"1779594577.503315 IP (tos 0x0, ttl 64, id 34480, offset 0, flags [+], proto UDP (17), length 1500)"
1779594577.506214,,,UDP,30,"1779594577.506214 IP (tos 0x0, ttl 64, id 42491, offset 0, flags [DF], proto UDP (17), length 30)"
1779594577.506746,,,UDP,30,"1779594577.506746 IP (tos 0x0, ttl 64, id 42492, offset 0, flags [DF], proto UDP (17), length 30)"
1779594577.506789,,,UDP,1500,"1779594577.506789 IP (tos 0x0, ttl 64, id 34481, offset 0, flags [+], proto UDP (17), length 1500)"
1779594577.507337,,,UDP,1500,"1779594577.507337 IP (tos 0x0, ttl 64, id 34482, offset 0, flags [+], proto UDP (17), length 1500)"
1779594577.507816,,,UDP,30,"1779594577.507816 IP (tos 0x0, ttl 64, id 42493, offset 0, flags [DF], proto UDP (17), length 30)"
1779594577.508224,,,UDP,30,"1779594577.508224 IP (tos 0x0, ttl 64, id 42494, offset 0, flags [DF], proto UDP (17), length 30)"
1779594577.508453,,,UDP,1500,"1779594577.508453 IP (tos 0x0, ttl 64, id 34483, offset 0, flags [+], proto UDP (17), length 1500)"
1779594577.508957,,,UDP,1500,"1779594577.508957 IP (tos 0x0, ttl 64, id 34484, offset 0, flags [+], proto UDP (17), length 1500)"
1779594577.601350,,,UDP,30,"1779594577.601350 IP (tos 0x0, ttl 64, id 42505, offset 0, flags [DF], proto UDP (17), length 30)"
1779594577.601554,,,UDP,30,"1779594577.601554 IP (tos 0x0, ttl 64, id 42506, offset 0, flags [DF], proto UDP (17), length 30)"
1779594577.602167,,,UDP,1500,"1779594577.602167 IP (tos 0x0, ttl 64, id 34497, offset 0, flags [+], proto UDP (17), length 1500)"
1779594577.602912,,,UDP,1500,"1779594577.602912 IP (tos 0x0, ttl 64, id 34498, offset 0, flags [+], proto UDP (17), length 1500)"
1779594577.604128,,,UDP,30,"1779594577.604128 IP (tos 0x0, ttl 64, id 42508, offset 0, flags [DF], proto UDP (17), length 30)"
1779594577.604816,,,UDP,1500,"1779594577.604816 IP (tos 0x0, ttl 64, id 34499, offset 0, flags [+], proto UDP (17), length 1500)"
1779594577.605464,,,UDP,1500,"1779594577.605464 IP (tos 0x0, ttl 64, id 34500, offset 0, flags [+], proto UDP (17), length 1500)"
1779594577.607944,,,UDP,30,"1779594577.607944 IP (tos 0x0, ttl 64, id 42510, offset 0, flags [DF], proto UDP (17), length 30)"
1779594577.608581,,,UDP,1500,"1779594577.608581 IP (tos 0x0, ttl 64, id 34501, offset 0, flags [+], proto UDP (17), length 1500)"
1779594577.609287,,,UDP,1500,"1779594577.609287 IP (tos 0x0, ttl 64, id 34502, offset 0, flags [+], proto UDP (17), length 1500)"
1779594577.609546,,,UDP,30,"1779594577.609546 IP (tos 0x0, ttl 64, id 42512, offset 0, flags [DF], proto UDP (17), length 30)"
1779594577.610246,,,UDP,1500,"1779594577.610246 IP (tos 0x0, ttl 64, id 34503, offset 0, flags [+], proto UDP (17), length 1500)"
1779594577.610817,,,UDP,1500,"1779594577.610817 IP (tos 0x0, ttl 64, id 34504, offset 0, flags [+], proto UDP (17), length 1500)"
1779594577.704081,,,UDP,30,"1779594577.704081 IP (tos 0x0, ttl 64, id 42523, offset 0, flags [DF], proto UDP (17), length 30)"
1779594577.705490,,,UDP,30,"1779594577.705490 IP (tos 0x0, ttl 64, id 42524, offset 0, flags [DF], proto UDP (17), length 30)"
1779594577.705819,,,UDP,1500,"1779594577.705819 IP (tos 0x0, ttl 64, id 34515, offset 0, flags [+], proto UDP (17), length 1500)"
1779594577.706070,,,UDP,30,"1779594577.706070 IP (tos 0x0, ttl 64, id 42525, offset 0, flags [DF], proto UDP (17), length 30)"
1779594577.707338,,,UDP,1500,"1779594577.707338 IP (tos 0x0, ttl 64, id 34516, offset 0, flags [+], proto UDP (17), length 1500)"
1779594577.708707,,,UDP,1500,"1779594577.708707 IP (tos 0x0, ttl 64, id 34517, offset 0, flags [+], proto UDP (17), length 1500)"
1779594577.709860,,,UDP,30,"1779594577.709860 IP (tos 0x0, ttl 64, id 42527, offset 0, flags [DF], proto UDP (17), length 30)"
1779594577.710067,,,UDP,1500,"1779594577.710067 IP (tos 0x0, ttl 64, id 34518, offset 0, flags [+], proto UDP (17), length 1500)"
1779594577.710811,,,UDP,30,"1779594577.710811 IP (tos 0x0, ttl 64, id 42528, offset 0, flags [DF], proto UDP (17), length 30)"
1779594577.711173,,,UDP,30,"1779594577.711173 IP (tos 0x0, ttl 64, id 42529, offset 0, flags [DF], proto UDP (17), length 30)"
1779594577.711588,,,UDP,1500,"1779594577.711588 IP (tos 0x0, ttl 64, id 34519, offset 0, flags [+], proto UDP (17), length 1500)"
1779594577.712655,,,UDP,1500,"1779594577.712655 IP (tos 0x0, ttl 64, id 34520, offset 0, flags [+], proto UDP (17), length 1500)"
1779594577.713501,,,UDP,1500,"1779594577.713501 IP (tos 0x0, ttl 64, id 34521, offset 0, flags [+], proto UDP (17), length 1500)"
1779594577.714234,,,UDP,1500,"1779594577.714234 IP (tos 0x0, ttl 64, id 34522, offset 0, flags [+], proto UDP (17), length 1500)"
1779594577.807266,,,UDP,30,"1779594577.807266 IP (tos 0x0, ttl 64, id 42540, offset 0, flags [DF], proto UDP (17), length 30)"
1779594577.808490,,,UDP,30,"1779594577.808490 IP (tos 0x0, ttl 64, id 42541, offset 0, flags [DF], proto UDP (17), length 30)"
1779594577.808640,,,UDP,1500,"1779594577.808640 IP (tos 0x0, ttl 64, id 34545, offset 0, flags [+], proto UDP (17), length 1500)"
1779594577.809542,,,UDP,1500,"1779594577.809542 IP (tos 0x0, ttl 64, id 34546, offset 0, flags [+], proto UDP (17), length 1500)"
1779594577.809793,,,UDP,30,"1779594577.809793 IP (tos 0x0, ttl 64, id 42542, offset 0, flags [DF], proto UDP (17), length 30)"
1779594577.810654,,,UDP,1500,"1779594577.810654 IP (tos 0x0, ttl 64, id 34547, offset 0, flags [+], proto UDP (17), length 1500)"
1779594577.811266,,,UDP,30,"1779594577.811266 IP (tos 0x0, ttl 64, id 42543, offset 0, flags [DF], proto UDP (17), length 30)"
1779594577.812018,,,UDP,1500,"1779594577.812018 IP (tos 0x0, ttl 64, id 34548, offset 0, flags [+], proto UDP (17), length 1500)"
1779594577.812539,,,UDP,30,"1779594577.812539 IP (tos 0x0, ttl 64, id 42544, offset 0, flags [DF], proto UDP (17), length 30)"
1779594577.813208,,,UDP,1500,"1779594577.813208 IP (tos 0x0, ttl 64, id 34549, offset 0, flags [+], proto UDP (17), length 1500)"
1779594577.813344,,,UDP,30,"1779594577.813344 IP (tos 0x0, ttl 64, id 42545, offset 0, flags [DF], proto UDP (17), length 30)"
1779594577.814250,,,UDP,30,"1779594577.814250 IP (tos 0x0, ttl 64, id 42546, offset 0, flags [DF], proto UDP (17), length 30)"
1779594577.814405,,,UDP,1500,"1779594577.814405 IP (tos 0x0, ttl 64, id 34550, offset 0, flags [+], proto UDP (17), length 1500)"
1779594577.814823,,,UDP,30,"1779594577.814823 IP (tos 0x0, ttl 64, id 42547, offset 0, flags [DF], proto UDP (17), length 30)"
1779594577.814966,,,UDP,1500,"1779594577.814966 IP (tos 0x0, ttl 64, id 34551, offset 0, flags [+], proto UDP (17), length 1500)"
1779594577.815481,,,UDP,1500,"1779594577.815481 IP (tos 0x0, ttl 64, id 34552, offset 0, flags [+], proto UDP (17), length 1500)"
1779594577.909788,,,UDP,30,"1779594577.909788 IP (tos 0x0, ttl 64, id 42550, offset 0, flags [DF], proto UDP (17), length 30)"
1779594577.910318,,,UDP,30,"1779594577.910318 IP (tos 0x0, ttl 64, id 42551, offset 0, flags [DF], proto UDP (17), length 30)"
1779594577.911331,,,UDP,1500,"1779594577.911331 IP (tos 0x0, ttl 64, id 34569, offset 0, flags [+], proto UDP (17), length 1500)"
1779594577.912357,,,UDP,1500,"1779594577.912357 IP (tos 0x0, ttl 64, id 34570, offset 0, flags [+], proto UDP (17), length 1500)"
1779594577.912683,,,UDP,30,"1779594577.912683 IP (tos 0x0, ttl 64, id 42553, offset 0, flags [DF], proto UDP (17), length 30)"
1779594577.913744,,,UDP,1500,"1779594577.913744 IP (tos 0x0, ttl 64, id 34571, offset 0, flags [+], proto UDP (17), length 1500)"
1779594577.914050,,,UDP,30,"1779594577.914050 IP (tos 0x0, ttl 64, id 42554, offset 0, flags [DF], proto UDP (17), length 30)"
1779594577.914780,,,UDP,1500,"1779594577.914780 IP (tos 0x0, ttl 64, id 34572, offset 0, flags [+], proto UDP (17), length 1500)"
1779594577.914896,,,UDP,30,"1779594577.914896 IP (tos 0x0, ttl 64, id 42555, offset 0, flags [DF], proto UDP (17), length 30)"
1779594577.915580,,,UDP,1500,"1779594577.915580 IP (tos 0x0, ttl 64, id 34573, offset 0, flags [+], proto UDP (17), length 1500)"
1779594577.916283,,,UDP,1500,"1779594577.916283 IP (tos 0x0, ttl 64, id 34574, offset 0, flags [+], proto UDP (17), length 1500)"
1779594578.012643,,,UDP,30,"1779594578.012643 IP (tos 0x0, ttl 64, id 42558, offset 0, flags [DF], proto UDP (17), length 30)"
1779594578.013427,,,UDP,30,"1779594578.013427 IP (tos 0x0, ttl 64, id 42559, offset 0, flags [DF], proto UDP (17), length 30)"
1779594578.014364,,,UDP,1500,"1779594578.014364 IP (tos 0x0, ttl 64, id 34590, offset 0, flags [+], proto UDP (17), length 1500)"
1779594578.014637,,,UDP,30,"1779594578.014637 IP (tos 0x0, ttl 64, id 42560, offset 0, flags [DF], proto UDP (17), length 30)"
1779594578.015622,,,UDP,30,"1779594578.015622 IP (tos 0x0, ttl 64, id 42561, offset 0, flags [DF], proto UDP (17), length 30)"
1779594578.015772,,,UDP,1500,"1779594578.015772 IP (tos 0x0, ttl 64, id 34591, offset 0, flags [+], proto UDP (17), length 1500)"
1779594578.016180,,,UDP,31,"1779594578.016180 IP (tos 0x0, ttl 64, id 42562, offset 0, flags [DF], proto UDP (17), length 31)"
1779594578.016913,,,UDP,1500,"1779594578.016913 IP (tos 0x0, ttl 64, id 34592, offset 0, flags [+], proto UDP (17), length 1500)"
1779594578.016954,,,UDP,31,"1779594578.016954 IP (tos 0x0, ttl 64, id 42563, offset 0, flags [DF], proto UDP (17), length 31)"
1779594578.018124,,,UDP,1500,"1779594578.018124 IP (tos 0x0, ttl 64, id 34593, offset 0, flags [+], proto UDP (17), length 1500)"
1779594578.019452,,,UDP,1500,"1779594578.019452 IP (tos 0x0, ttl 64, id 34594, offset 0, flags [+], proto UDP (17), length 1500)"
1779594578.020743,,,UDP,1500,"1779594578.020743 IP (tos 0x0, ttl 64, id 34595, offset 0, flags [+], proto UDP (17), length 1500)"
1779594578.022028,,,UDP,1500,"1779594578.022028 IP (tos 0x0, ttl 64, id 34596, offset 0, flags [+], proto UDP (17), length 1500)"
1779594578.023035,,,UDP,1500,"1779594578.023035 IP (tos 0x0, ttl 64, id 34597, offset 0, flags [+], proto UDP (17), length 1500)"
1779594578.117317,,,UDP,31,"1779594578.117317 IP (tos 0x0, ttl 64, id 42572, offset 0, flags [DF], proto UDP (17), length 31)"
1779594578.118301,,,UDP,31,"1779594578.118301 IP (tos 0x0, ttl 64, id 42573, offset 0, flags [DF], proto UDP (17), length 31)"
1779594578.119431,,,UDP,31,"1779594578.119431 IP (tos 0x0, ttl 64, id 42574, offset 0, flags [DF], proto UDP (17), length 31)"
1779594578.119621,,,UDP,1500,"1779594578.119621 IP (tos 0x0, ttl 64, id 34607, offset 0, flags [+], proto UDP (17), length 1500)"
1779594578.120652,,,UDP,31,"1779594578.120652 IP (tos 0x0, ttl 64, id 42575, offset 0, flags [DF], proto UDP (17), length 31)"
1779594578.121594,,,UDP,1500,"1779594578.121594 IP (tos 0x0, ttl 64, id 34608, offset 0, flags [+], proto UDP (17), length 1500)"
1779594578.122971,,,UDP,31,"1779594578.122971 IP (tos 0x0, ttl 64, id 42577, offset 0, flags [DF], proto UDP (17), length 31)"
1779594578.123281,,,UDP,1500,"1779594578.123281 IP (tos 0x0, ttl 64, id 34609, offset 0, flags [+], proto UDP (17), length 1500)"
1779594578.123814,,,UDP,31,"1779594578.123814 IP (tos 0x0, ttl 64, id 42578, offset 0, flags [DF], proto UDP (17), length 31)"
1779594578.124010,,,UDP,1500,"1779594578.124010 IP (tos 0x0, ttl 64, id 34610, offset 0, flags [+], proto UDP (17), length 1500)"
1779594578.124705,,,UDP,1500,"1779594578.124705 IP (tos 0x0, ttl 64, id 34611, offset 0, flags [+], proto UDP (17), length 1500)"
1779594578.125365,,,UDP,1500,"1779594578.125365 IP (tos 0x0, ttl 64, id 34612, offset 0, flags [+], proto UDP (17), length 1500)"
1779594578.125910,,,UDP,1500,"1779594578.125910 IP (tos 0x0, ttl 64, id 34613, offset 0, flags [+], proto UDP (17), length 1500)"
1779594578.126451,,,UDP,1500,"1779594578.126451 IP (tos 0x0, ttl 64, id 34614, offset 0, flags [+], proto UDP (17), length 1500)"
1779594578.221573,,,UDP,31,"1779594578.221573 IP (tos 0x0, ttl 64, id 42593, offset 0, flags [DF], proto UDP (17), length 31)"
1779594578.223197,,,UDP,31,"1779594578.223197 IP (tos 0x0, ttl 64, id 42594, offset 0, flags [DF], proto UDP (17), length 31)"
1779594578.223347,,,UDP,1500,"1779594578.223347 IP (tos 0x0, ttl 64, id 34628, offset 0, flags [+], proto UDP (17), length 1500)"
1779594578.224564,,,UDP,31,"1779594578.224564 IP (tos 0x0, ttl 64, id 42596, offset 0, flags [DF], proto UDP (17), length 31)"
1779594578.224609,,,UDP,1500,"1779594578.224609 IP (tos 0x0, ttl 64, id 34629, offset 0, flags [+], proto UDP (17), length 1500)"
1779594578.225790,,,UDP,1500,"1779594578.225790 IP (tos 0x0, ttl 64, id 34630, offset 0, flags [+], proto UDP (17), length 1500)"
1779594578.226013,,,UDP,31,"1779594578.226013 IP (tos 0x0, ttl 64, id 42598, offset 0, flags [DF], proto UDP (17), length 31)"
1779594578.226512,,,UDP,31,"1779594578.226512 IP (tos 0x0, ttl 64, id 42599, offset 0, flags [DF], proto UDP (17), length 31)"
1779594578.227149,,,UDP,1500,"1779594578.227149 IP (tos 0x0, ttl 64, id 34631, offset 0, flags [+], proto UDP (17), length 1500)"
1779594578.227173,,,UDP,31,"1779594578.227173 IP (tos 0x0, ttl 64, id 42600, offset 0, flags [DF], proto UDP (17), length 31)"
1779594578.228450,,,UDP,1500,"1779594578.228450 IP (tos 0x0, ttl 64, id 34632, offset 0, flags [+], proto UDP (17), length 1500)"
1779594578.229723,,,UDP,1500,"1779594578.229723 IP (tos 0x0, ttl 64, id 34633, offset 0, flags [+], proto UDP (17), length 1500)"
1779594578.230943,,,UDP,1500,"1779594578.230943 IP (tos 0x0, ttl 64, id 34634, offset 0, flags [+], proto UDP (17), length 1500)"
1779594578.231976,,,UDP,1500,"1779594578.231976 IP (tos 0x0, ttl 64, id 34635, offset 0, flags [+], proto UDP (17), length 1500)"
1779594578.324935,,,UDP,31,"1779594578.324935 IP (tos 0x0, ttl 64, id 42621, offset 0, flags [DF], proto UDP (17), length 31)"
1779594578.325716,,,UDP,31,"1779594578.325716 IP (tos 0x0, ttl 64, id 42622, offset 0, flags [DF], proto UDP (17), length 31)"
1779594578.326917,,,UDP,1500,"1779594578.326917 IP (tos 0x0, ttl 64, id 34636, offset 0, flags [+], proto UDP (17), length 1500)"
1779594578.327116,,,UDP,31,"1779594578.327116 IP (tos 0x0, ttl 64, id 42623, offset 0, flags [DF], proto UDP (17), length 31)"
1779594578.328219,,,UDP,1500,"1779594578.328219 IP (tos 0x0, ttl 64, id 34637, offset 0, flags [+], proto UDP (17), length 1500)"
1779594578.329354,,,UDP,1500,"1779594578.329354 IP (tos 0x0, ttl 64, id 34638, offset 0, flags [+], proto UDP (17), length 1500)"
1779594578.329646,,,UDP,31,"1779594578.329646 IP (tos 0x0, ttl 64, id 42625, offset 0, flags [DF], proto UDP (17), length 31)"
1779594578.330919,,,UDP,31,"1779594578.330919 IP (tos 0x0, ttl 64, id 42626, offset 0, flags [DF], proto UDP (17), length 31)"
1779594578.331029,,,UDP,1500,"1779594578.331029 IP (tos 0x0, ttl 64, id 34639, offset 0, flags [+], proto UDP (17), length 1500)"
1779594578.332210,,,UDP,1500,"1779594578.332210 IP (tos 0x0, ttl 64, id 34640, offset 0, flags [+], proto UDP (17), length 1500)"
1779594578.333079,,,UDP,31,"1779594578.333079 IP (tos 0x0, ttl 64, id 42628, offset 0, flags [DF], proto UDP (17), length 31)"
1779594578.333331,,,UDP,1500,"1779594578.333331 IP (tos 0x0, ttl 64, id 34641, offset 0, flags [+], proto UDP (17), length 1500)"
1779594578.334522,,,UDP,1500,"1779594578.334522 IP (tos 0x0, ttl 64, id 34642, offset 0, flags [+], proto UDP (17), length 1500)"
1779594578.335549,,,UDP,1500,"1779594578.335549 IP (tos 0x0, ttl 64, id 34643, offset 0, flags [+], proto UDP (17), length 1500)"
1779594578.429727,,,UDP,31,"1779594578.429727 IP (tos 0x0, ttl 64, id 42635, offset 0, flags [DF], proto UDP (17), length 31)"
1779594578.431636,,,UDP,1500,"1779594578.431636 IP (tos 0x0, ttl 64, id 34653, offset 0, flags [+], proto UDP (17), length 1500)"
1779594578.432137,,,UDP,31,"1779594578.432137 IP (tos 0x0, ttl 64, id 42637, offset 0, flags [DF], proto UDP (17), length 31)"
1779594578.432830,,,UDP,1500,"1779594578.432830 IP (tos 0x0, ttl 64, id 34654, offset 0, flags [+], proto UDP (17), length 1500)"
1779594578.433942,,,UDP,1500,"1779594578.433942 IP (tos 0x0, ttl 64, id 34655, offset 0, flags [+], proto UDP (17), length 1500)"
1779594578.434504,,,UDP,31,"1779594578.434504 IP (tos 0x0, ttl 64, id 42639, offset 0, flags [DF], proto UDP (17), length 31)"
1779594578.435443,,,UDP,31,"1779594578.435443 IP (tos 0x0, ttl 64, id 42640, offset 0, flags [DF], proto UDP (17), length 31)"
1779594578.435613,,,UDP,1500,"1779594578.435613 IP (tos 0x0, ttl 64, id 34656, offset 0, flags [+], proto UDP (17), length 1500)"
1779594578.436512,,,UDP,31,"1779594578.436512 IP (tos 0x0, ttl 64, id 42641, offset 0, flags [DF], proto UDP (17), length 31)"
1779594578.436721,,,UDP,1500,"1779594578.436721 IP (tos 0x0, ttl 64, id 34657, offset 0, flags [+], proto UDP (17), length 1500)"
1779594578.437570,,,UDP,1500,"1779594578.437570 IP (tos 0x0, ttl 64, id 34658, offset 0, flags [+], proto UDP (17), length 1500)"
1779594578.438388,,,UDP,1500,"1779594578.438388 IP (tos 0x0, ttl 64, id 34659, offset 0, flags [+], proto UDP (17), length 1500)"
1779594578.439274,,,UDP,1500,"1779594578.439274 IP (tos 0x0, ttl 64, id 34660, offset 0, flags [+], proto UDP (17), length 1500)"
1779594578.533121,,,UDP,31,"1779594578.533121 IP (tos 0x0, ttl 64, id 42664, offset 0, flags [DF], proto UDP (17), length 31)"
1779594578.534276,,,UDP,31,"1779594578.534276 IP (tos 0x0, ttl 64, id 42665, offset 0, flags [DF], proto UDP (17), length 31)"
1779594578.534759,,,UDP,1500,"1779594578.534759 IP (tos 0x0, ttl 64, id 34661, offset 0, flags [+], proto UDP (17), length 1500)"
1779594578.535306,,,UDP,31,"1779594578.535306 IP (tos 0x0, ttl 64, id 42666, offset 0, flags [DF], proto UDP (17), length 31)"
1779594578.536522,,,UDP,1500,"1779594578.536522 IP (tos 0x0, ttl 64, id 34662, offset 0, flags [+], proto UDP (17), length 1500)"
1779594578.536740,,,UDP,31,"1779594578.536740 IP (tos 0x0, ttl 64, id 42667, offset 0, flags [DF], proto UDP (17), length 31)"
1779594578.537535,,,UDP,31,"1779594578.537535 IP (tos 0x0, ttl 64, id 42668, offset 0, flags [DF], proto UDP (17), length 31)"
1779594578.537902,,,UDP,1500,"1779594578.537902 IP (tos 0x0, ttl 64, id 34663, offset 0, flags [+], proto UDP (17), length 1500)"
1779594578.538879,,,UDP,1500,"1779594578.538879 IP (tos 0x0, ttl 64, id 34664, offset 0, flags [+], proto UDP (17), length 1500)"
1779594578.539130,,,UDP,31,"1779594578.539130 IP (tos 0x0, ttl 64, id 42670, offset 0, flags [DF], proto UDP (17), length 31)"
1779594578.539857,,,UDP,31,"1779594578.539857 IP (tos 0x0, ttl 64, id 42671, offset 0, flags [DF], proto UDP (17), length 31)"
1779594578.539871,,,UDP,1500,"1779594578.539871 IP (tos 0x0, ttl 64, id 34665, offset 0, flags [+], proto UDP (17), length 1500)"
1779594578.540844,,,UDP,1500,"1779594578.540844 IP (tos 0x0, ttl 64, id 34666, offset 0, flags [+], proto UDP (17), length 1500)"
1779594578.541378,,,UDP,1500,"1779594578.541378 IP (tos 0x0, ttl 64, id 34667, offset 0, flags [+], proto UDP (17), length 1500)"
1779594578.541991,,,UDP,1500,"1779594578.541991 IP (tos 0x0, ttl 64, id 34668, offset 0, flags [+], proto UDP (17), length 1500)"
1779594578.636436,,,UDP,31,"1779594578.636436 IP (tos 0x0, ttl 64, id 42676, offset 0, flags [DF], proto UDP (17), length 31)"
1779594578.637357,,,UDP,1500,"1779594578.637357 IP (tos 0x0, ttl 64, id 34671, offset 0, flags [+], proto UDP (17), length 1500)"
1779594578.638649,,,UDP,31,"1779594578.638649 IP (tos 0x0, ttl 64, id 42678, offset 0, flags [DF], proto UDP (17), length 31)"
1779594578.639800,,,UDP,1500,"1779594578.639800 IP (tos 0x0, ttl 64, id 34672, offset 0, flags [+], proto UDP (17), length 1500)"
1779594578.639938,,,UDP,31,"1779594578.639938 IP (tos 0x0, ttl 64, id 42679, offset 0, flags [DF], proto UDP (17), length 31)"
1779594578.640720,,,UDP,1500,"1779594578.640720 IP (tos 0x0, ttl 64, id 34673, offset 0, flags [+], proto UDP (17), length 1500)"
1779594578.641368,,,UDP,31,"1779594578.641368 IP (tos 0x0, ttl 64, id 42681, offset 0, flags [DF], proto UDP (17), length 31)"
1779594578.641466,,,UDP,1500,"1779594578.641466 IP (tos 0x0, ttl 64, id 34674, offset 0, flags [+], proto UDP (17), length 1500)"
1779594578.642200,,,UDP,1500,"1779594578.642200 IP (tos 0x0, ttl 64, id 34675, offset 0, flags [+], proto UDP (17), length 1500)"
1779594578.642550,,,UDP,31,"1779594578.642550 IP (tos 0x0, ttl 64, id 42683, offset 0, flags [DF], proto UDP (17), length 31)"
1779594578.643014,,,UDP,1500,"1779594578.643014 IP (tos 0x0, ttl 64, id 34676, offset 0, flags [+], proto UDP (17), length 1500)"
1779594578.643649,,,UDP,1500,"1779594578.643649 IP (tos 0x0, ttl 64, id 34677, offset 0, flags [+], proto UDP (17), length 1500)"
1779594578.644227,,,UDP,1500,"1779594578.644227 IP (tos 0x0, ttl 64, id 34678, offset 0, flags [+], proto UDP (17), length 1500)"
1779594578.738479,,,UDP,31,"1779594578.738479 IP (tos 0x0, ttl 64, id 42688, offset 0, flags [DF], proto UDP (17), length 31)"
1779594578.740039,,,UDP,1500,"1779594578.740039 IP (tos 0x0, ttl 64, id 34699, offset 0, flags [+], proto UDP (17), length 1500)"
1779594578.740764,,,UDP,31,"1779594578.740764 IP (tos 0x0, ttl 64, id 42689, offset 0, flags [DF], proto UDP (17), length 31)"
1779594578.742080,,,UDP,1500,"1779594578.742080 IP (tos 0x0, ttl 64, id 34700, offset 0, flags [+], proto UDP (17), length 1500)"
1779594578.742907,,,UDP,31,"1779594578.742907 IP (tos 0x0, ttl 64, id 42692, offset 0, flags [DF], proto UDP (17), length 31)"
1779594578.743610,,,UDP,31,"1779594578.743610 IP (tos 0x0, ttl 64, id 42693, offset 0, flags [DF], proto UDP (17), length 31)"
1779594578.744052,,,UDP,1500,"1779594578.744052 IP (tos 0x0, ttl 64, id 34701, offset 0, flags [+], proto UDP (17), length 1500)"
1779594578.744164,,,UDP,31,"1779594578.744164 IP (tos 0x0, ttl 64, id 42694, offset 0, flags [DF], proto UDP (17), length 31)"
1779594578.745043,,,UDP,1500,"1779594578.745043 IP (tos 0x0, ttl 64, id 34702, offset 0, flags [+], proto UDP (17), length 1500)"
1779594578.746024,,,UDP,1500,"1779594578.746024 IP (tos 0x0, ttl 64, id 34703, offset 0, flags [+], proto UDP (17), length 1500)"
1779594578.746901,,,UDP,1500,"1779594578.746901 IP (tos 0x0, ttl 64, id 34704, offset 0, flags [+], proto UDP (17), length 1500)"
1779594578.747829,,,UDP,1500,"1779594578.747829 IP (tos 0x0, ttl 64, id 34705, offset 0, flags [+], proto UDP (17), length 1500)"
1779594578.841477,,,UDP,31,"1779594578.841477 IP (tos 0x0, ttl 64, id 42700, offset 0, flags [DF], proto UDP (17), length 31)"
1779594578.843332,,,UDP,1500,"1779594578.843332 IP (tos 0x0, ttl 64, id 34712, offset 0, flags [+], proto UDP (17), length 1500)"
1779594578.843355,,,UDP,31,"1779594578.843355 IP (tos 0x0, ttl 64, id 42701, offset 0, flags [DF], proto UDP (17), length 31)"
1779594578.844586,,,UDP,1500,"1779594578.844586 IP (tos 0x0, ttl 64, id 34713, offset 0, flags [+], proto UDP (17), length 1500)"
1779594578.845157,,,UDP,31,"1779594578.845157 IP (tos 0x0, ttl 64, id 42702, offset 0, flags [DF], proto UDP (17), length 31)"
1779594578.845798,,,UDP,1500,"1779594578.845798 IP (tos 0x0, ttl 64, id 34714, offset 0, flags [+], proto UDP (17), length 1500)"
1779594578.845942,,,UDP,31,"1779594578.845942 IP (tos 0x0, ttl 64, id 42703, offset 0, flags [DF], proto UDP (17), length 31)"
1779594578.846781,,,UDP,31,"1779594578.846781 IP (tos 0x0, ttl 64, id 42704, offset 0, flags [DF], proto UDP (17), length 31)"
1779594578.846907,,,UDP,1500,"1779594578.846907 IP (tos 0x0, ttl 64, id 34715, offset 0, flags [+], proto UDP (17), length 1500)"
1779594578.847843,,,UDP,1500,"1779594578.847843 IP (tos 0x0, ttl 64, id 34716, offset 0, flags [+], proto UDP (17), length 1500)"
1779594578.848595,,,UDP,1500,"1779594578.848595 IP (tos 0x0, ttl 64, id 34717, offset 0, flags [+], proto UDP (17), length 1500)"
1779594578.848631,,,UDP,31,"1779594578.848631 IP (tos 0x0, ttl 64, id 42706, offset 0, flags [DF], proto UDP (17), length 31)"
1779594578.849485,,,UDP,1500,"1779594578.849485 IP (tos 0x0, ttl 64, id 34718, offset 0, flags [+], proto UDP (17), length 1500)"
1779594578.850384,,,UDP,1500,"1779594578.850384 IP (tos 0x0, ttl 64, id 34719, offset 0, flags [+], proto UDP (17), length 1500)"
1779594578.944895,,,UDP,31,"1779594578.944895 IP (tos 0x0, ttl 64, id 42727, offset 0, flags [DF], proto UDP (17), length 31)"
1779594578.946618,,,UDP,1500,"1779594578.946618 IP (tos 0x0, ttl 64, id 34721, offset 0, flags [+], proto UDP (17), length 1500)"
1779594578.947078,,,UDP,31,"1779594578.947078 IP (tos 0x0, ttl 64, id 42729, offset 0, flags [DF], proto UDP (17), length 31)"
1779594578.948010,,,UDP,31,"1779594578.948010 IP (tos 0x0, ttl 64, id 42730, offset 0, flags [DF], proto UDP (17), length 31)"
1779594578.948438,,,UDP,1500,"1779594578.948438 IP (tos 0x0, ttl 64, id 34722, offset 0, flags [+], proto UDP (17), length 1500)"
1779594578.948514,,,UDP,31,"1779594578.948514 IP (tos 0x0, ttl 64, id 42731, offset 0, flags [DF], proto UDP (17), length 31)"
1779594578.949440,,,UDP,31,"1779594578.949440 IP (tos 0x0, ttl 64, id 42732, offset 0, flags [DF], proto UDP (17), length 31)"
1779594578.949518,,,UDP,1500,"1779594578.949518 IP (tos 0x0, ttl 64, id 34723, offset 0, flags [+], proto UDP (17), length 1500)"
1779594578.951032,,,UDP,1500,"1779594578.951032 IP (tos 0x0, ttl 64, id 34724, offset 0, flags [+], proto UDP (17), length 1500)"
1779594578.951111,,,UDP,31,"1779594578.951111 IP (tos 0x0, ttl 64, id 42734, offset 0, flags [DF], proto UDP (17), length 31)"
1779594578.952442,,,UDP,1500,"1779594578.952442 IP (tos 0x0, ttl 64, id 34725, offset 0, flags [+], proto UDP (17), length 1500)"
1779594578.953482,,,UDP,1500,"1779594578.953482 IP (tos 0x0, ttl 64, id 34726, offset 0, flags [+], proto UDP (17), length 1500)"
1779594578.954407,,,UDP,1500,"1779594578.954407 IP (tos 0x0, ttl 64, id 34727, offset 0, flags [+], proto UDP (17), length 1500)"
1779594578.955111,,,UDP,1500,"1779594578.955111 IP (tos 0x0, ttl 64, id 34728, offset 0, flags [+], proto UDP (17), length 1500)"
1779594579.048142,,,UDP,31,"1779594579.048142 IP (tos 0x0, ttl 64, id 42737, offset 0, flags [DF], proto UDP (17), length 31)"
1779594579.049127,,,UDP,1500,"1779594579.049127 IP (tos 0x0, ttl 64, id 34733, offset 0, flags [+], proto UDP (17), length 1500)"
1779594579.049550,,,UDP,31,"1779594579.049550 IP (tos 0x0, ttl 64, id 42738, offset 0, flags [DF], proto UDP (17), length 31)"
1779594579.050491,,,UDP,1500,"1779594579.050491 IP (tos 0x0, ttl 64, id 34734, offset 0, flags [+], proto UDP (17), length 1500)"
1779594579.050766,,,UDP,31,"1779594579.050766 IP (tos 0x0, ttl 64, id 42739, offset 0, flags [DF], proto UDP (17), length 31)"
1779594579.051546,,,UDP,1500,"1779594579.051546 IP (tos 0x0, ttl 64, id 34735, offset 0, flags [+], proto UDP (17), length 1500)"
1779594579.053363,,,UDP,31,"1779594579.053363 IP (tos 0x0, ttl 64, id 42741, offset 0, flags [DF], proto UDP (17), length 31)"
1779594579.054298,,,UDP,1500,"1779594579.054298 IP (tos 0x0, ttl 64, id 34736, offset 0, flags [+], proto UDP (17), length 1500)"
1779594579.055108,,,UDP,1500,"1779594579.055108 IP (tos 0x0, ttl 64, id 34737, offset 0, flags [+], proto UDP (17), length 1500)"
1779594579.055681,,,UDP,31,"1779594579.055681 IP (tos 0x0, ttl 64, id 42744, offset 0, flags [DF], proto UDP (17), length 31)"
1779594579.056535,,,UDP,1500,"1779594579.056535 IP (tos 0x0, ttl 64, id 34738, offset 0, flags [+], proto UDP (17), length 1500)"
1779594579.057252,,,UDP,1500,"1779594579.057252 IP (tos 0x0, ttl 64, id 34739, offset 0, flags [+], proto UDP (17), length 1500)"
1779594579.057956,,,UDP,1500,"1779594579.057956 IP (tos 0x0, ttl 64, id 34740, offset 0, flags [+], proto UDP (17), length 1500)"
1779594579.150082,,,UDP,31,"1779594579.150082 IP (tos 0x0, ttl 64, id 42751, offset 0, flags [DF], proto UDP (17), length 31)"
1779594579.151241,,,UDP,31,"1779594579.151241 IP (tos 0x0, ttl 64, id 42752, offset 0, flags [DF], proto UDP (17), length 31)"
1779594579.151348,,,UDP,1500,"1779594579.151348 IP (tos 0x0, ttl 64, id 34744, offset 0, flags [+], proto UDP (17), length 1500)"
1779594579.151973,,,UDP,1500,"1779594579.151973 IP (tos 0x0, ttl 64, id 34745, offset 0, flags [+], proto UDP (17), length 1500)"
1779594579.152102,,,UDP,31,"1779594579.152102 IP (tos 0x0, ttl 64, id 42753, offset 0, flags [DF], proto UDP (17), length 31)"
1779594579.152921,,,UDP,1500,"1779594579.152921 IP (tos 0x0, ttl 64, id 34746, offset 0, flags [+], proto UDP (17), length 1500)"
1779594579.155146,,,UDP,31,"1779594579.155146 IP (tos 0x0, ttl 64, id 42754, offset 0, flags [DF], proto UDP (17), length 31)"
1779594579.155732,,,UDP,31,"1779594579.155732 IP (tos 0x0, ttl 64, id 42755, offset 0, flags [DF], proto UDP (17), length 31)"
1779594579.155964,,,UDP,1500,"1779594579.155964 IP (tos 0x0, ttl 64, id 34747, offset 0, flags [+], proto UDP (17), length 1500)"
1779594579.156839,,,UDP,1500,"1779594579.156839 IP (tos 0x0, ttl 64, id 34748, offset 0, flags [+], proto UDP (17), length 1500)"
1779594579.157896,,,UDP,31,"1779594579.157896 IP (tos 0x0, ttl 64, id 42757, offset 0, flags [DF], proto UDP (17), length 31)"
1779594579.158527,,,UDP,31,"1779594579.158527 IP (tos 0x0, ttl 64, id 42758, offset 0, flags [DF], proto UDP (17), length 31)"
1779594579.158679,,,UDP,1500,"1779594579.158679 IP (tos 0x0, ttl 64, id 34749, offset 0, flags [+], proto UDP (17), length 1500)"
1779594579.159134,,,UDP,1500,"1779594579.159134 IP (tos 0x0, ttl 64, id 34750, offset 0, flags [+], proto UDP (17), length 1500)"
1779594579.159834,,,UDP,1500,"1779594579.159834 IP (tos 0x0, ttl 64, id 34751, offset 0, flags [+], proto UDP (17), length 1500)"
1779594579.253951,,,UDP,31,"1779594579.253951 IP (tos 0x0, ttl 64, id 42777, offset 0, flags [DF], proto UDP (17), length 31)"
1779594579.255949,,,UDP,1500,"1779594579.255949 IP (tos 0x0, ttl 64, id 34771, offset 0, flags [+], proto UDP (17), length 1500)"
1779594579.256798,,,UDP,31,"1779594579.256798 IP (tos 0x0, ttl 64, id 42778, offset 0, flags [DF], proto UDP (17), length 31)"
1779594579.257350,,,UDP,1500,"1779594579.257350 IP (tos 0x0, ttl 64, id 34772, offset 0, flags [+], proto UDP (17), length 1500)"
1779594579.258704,,,UDP,1500,"1779594579.258704 IP (tos 0x0, ttl 64, id 34773, offset 0, flags [+], proto UDP (17), length 1500)"
1779594579.259549,,,UDP,31,"1779594579.259549 IP (tos 0x0, ttl 64, id 42780, offset 0, flags [DF], proto UDP (17), length 31)"
1779594579.260147,,,UDP,31,"1779594579.260147 IP (tos 0x0, ttl 64, id 42781, offset 0, flags [DF], proto UDP (17), length 31)"
1779594579.260191,,,UDP,1500,"1779594579.260191 IP (tos 0x0, ttl 64, id 34774, offset 0, flags [+], proto UDP (17), length 1500)"
1779594579.260798,,,UDP,31,"1779594579.260798 IP (tos 0x0, ttl 64, id 42782, offset 0, flags [DF], proto UDP (17), length 31)"
1779594579.261385,,,UDP,1500,"1779594579.261385 IP (tos 0x0, ttl 64, id 34775, offset 0, flags [+], proto UDP (17), length 1500)"
1779594579.262483,,,UDP,1500,"1779594579.262483 IP (tos 0x0, ttl 64, id 34776, offset 0, flags [+], proto UDP (17), length 1500)"
1779594579.263829,,,UDP,1500,"1779594579.263829 IP (tos 0x0, ttl 64, id 34777, offset 0, flags [+], proto UDP (17), length 1500)"
1779594579.264711,,,UDP,1500,"1779594579.264711 IP (tos 0x0, ttl 64, id 34778, offset 0, flags [+], proto UDP (17), length 1500)"
1779594579.357533,,,UDP,31,"1779594579.357533 IP (tos 0x0, ttl 64, id 42790, offset 0, flags [DF], proto UDP (17), length 31)"
1779594579.358565,,,UDP,31,"1779594579.358565 IP (tos 0x0, ttl 64, id 42791, offset 0, flags [DF], proto UDP (17), length 31)"
1779594579.359426,,,UDP,1500,"1779594579.359426 IP (tos 0x0, ttl 64, id 34783, offset 0, flags [+], proto UDP (17), length 1500)"
1779594579.359982,,,UDP,31,"1779594579.359982 IP (tos 0x0, ttl 64, id 42792, offset 0, flags [DF], proto UDP (17), length 31)"
1779594579.360858,,,UDP,1500,"1779594579.360858 IP (tos 0x0, ttl 64, id 34784, offset 0, flags [+], proto UDP (17), length 1500)"
1779594579.361538,,,UDP,31,"1779594579.361538 IP (tos 0x0, ttl 64, id 42793, offset 0, flags [DF], proto UDP (17), length 31)"
1779594579.362060,,,UDP,1500,"1779594579.362060 IP (tos 0x0, ttl 64, id 34785, offset 0, flags [+], proto UDP (17), length 1500)"
1779594579.362589,,,UDP,31,"1779594579.362589 IP (tos 0x0, ttl 64, id 42794, offset 0, flags [DF], proto UDP (17), length 31)"
1779594579.363430,,,UDP,1500,"1779594579.363430 IP (tos 0x0, ttl 64, id 34786, offset 0, flags [+], proto UDP (17), length 1500)"
1779594579.363608,,,UDP,31,"1779594579.363608 IP (tos 0x0, ttl 64, id 42795, offset 0, flags [DF], proto UDP (17), length 31)"
1779594579.364732,,,UDP,31,"1779594579.364732 IP (tos 0x0, ttl 64, id 42796, offset 0, flags [DF], proto UDP (17), length 31)"
1779594579.364788,,,UDP,1500,"1779594579.364788 IP (tos 0x0, ttl 64, id 34787, offset 0, flags [+], proto UDP (17), length 1500)"
1779594579.366079,,,UDP,1500,"1779594579.366079 IP (tos 0x0, ttl 64, id 34788, offset 0, flags [+], proto UDP (17), length 1500)"
1779594579.367081,,,UDP,1500,"1779594579.367081 IP (tos 0x0, ttl 64, id 34789, offset 0, flags [+], proto UDP (17), length 1500)"
1779594579.461272,,,UDP,31,"1779594579.461272 IP (tos 0x0, ttl 64, id 42815, offset 0, flags [DF], proto UDP (17), length 31)"
1779594579.462027,,,UDP,31,"1779594579.462027 IP (tos 0x0, ttl 64, id 42816, offset 0, flags [DF], proto UDP (17), length 31)"
1779594579.462773,,,UDP,1500,"1779594579.462773 IP (tos 0x0, ttl 64, id 34791, offset 0, flags [+], proto UDP (17), length 1500)"
1779594579.463147,,,UDP,31,"1779594579.463147 IP (tos 0x0, ttl 64, id 42817, offset 0, flags [DF], proto UDP (17), length 31)"
1779594579.463723,,,UDP,1500,"1779594579.463723 IP (tos 0x0, ttl 64, id 34792, offset 0, flags [+], proto UDP (17), length 1500)"
1779594579.464581,,,UDP,1500,"1779594579.464581 IP (tos 0x0, ttl 64, id 34793, offset 0, flags [+], proto UDP (17), length 1500)"
1779594579.464764,,,UDP,31,"1779594579.464764 IP (tos 0x0, ttl 64, id 42818, offset 0, flags [DF], proto UDP (17), length 31)"
1779594579.465482,,,UDP,1500,"1779594579.465482 IP (tos 0x0, ttl 64, id 34794, offset 0, flags [+], proto UDP (17), length 1500)"
1779594579.465892,,,UDP,31,"1779594579.465892 IP (tos 0x0, ttl 64, id 42819, offset 0, flags [DF], proto UDP (17), length 31)"
1779594579.466469,,,UDP,1500,"1779594579.466469 IP (tos 0x0, ttl 64, id 34795, offset 0, flags [+], proto UDP (17), length 1500)"
1779594579.467124,,,UDP,31,"1779594579.467124 IP (tos 0x0, ttl 64, id 42820, offset 0, flags [DF], proto UDP (17), length 31)"
1779594579.467226,,,UDP,1500,"1779594579.467226 IP (tos 0x0, ttl 64, id 34796, offset 0, flags [+], proto UDP (17), length 1500)"
1779594579.467989,,,UDP,31,"1779594579.467989 IP (tos 0x0, ttl 64, id 42821, offset 0, flags [DF], proto UDP (17), length 31)"
1779594579.467998,,,UDP,1500,"1779594579.467998 IP (tos 0x0, ttl 64, id 34797, offset 0, flags [+], proto UDP (17), length 1500)"
1779594579.468538,,,UDP,1500,"1779594579.468538 IP (tos 0x0, ttl 64, id 34798, offset 0, flags [+], proto UDP (17), length 1500)"
1779594579.564201,,,UDP,31,"1779594579.564201 IP (tos 0x0, ttl 64, id 42828, offset 0, flags [DF], proto UDP (17), length 31)"
1779594579.564382,,,UDP,31,"1779594579.564382 IP (tos 0x0, ttl 64, id 42829, offset 0, flags [DF], proto UDP (17), length 31)"
1779594579.565509,,,UDP,31,"1779594579.565509 IP (tos 0x0, ttl 64, id 42830, offset 0, flags [DF], proto UDP (17), length 31)"
1779594579.566124,,,UDP,1500,"1779594579.566124 IP (tos 0x0, ttl 64, id 34816, offset 0, flags [+], proto UDP (17), length 1500)"
1779594579.566594,,,UDP,31,"1779594579.566594 IP (tos 0x0, ttl 64, id 42831, offset 0, flags [DF], proto UDP (17), length 31)"
1779594579.567270,,,UDP,31,"1779594579.567270 IP (tos 0x0, ttl 64, id 42832, offset 0, flags [DF], proto UDP (17), length 31)"
1779594579.567384,,,UDP,1500,"1779594579.567384 IP (tos 0x0, ttl 64, id 34817, offset 0, flags [+], proto UDP (17), length 1500)"
1779594579.567973,,,UDP,31,"1779594579.567973 IP (tos 0x0, ttl 64, id 42833, offset 0, flags [DF], proto UDP (17), length 31)"
1779594579.568500,,,UDP,1500,"1779594579.568500 IP (tos 0x0, ttl 64, id 34818, offset 0, flags [+], proto UDP (17), length 1500)"
1779594579.568597,,,UDP,31,"1779594579.568597 IP (tos 0x0, ttl 64, id 42834, offset 0, flags [DF], proto UDP (17), length 31)"
1779594579.569184,,,UDP,31,"1779594579.569184 IP (tos 0x0, ttl 64, id 42835, offset 0, flags [DF], proto UDP (17), length 31)"
1779594579.569611,,,UDP,1500,"1779594579.569611 IP (tos 0x0, ttl 64, id 34819, offset 0, flags [+], proto UDP (17), length 1500)"
1779594579.570835,,,UDP,1500,"1779594579.570835 IP (tos 0x0, ttl 64, id 34820, offset 0, flags [+], proto UDP (17), length 1500)"
1779594579.572098,,,UDP,1500,"1779594579.572098 IP (tos 0x0, ttl 64, id 34821, offset 0, flags [+], proto UDP (17), length 1500)"
1779594579.573025,,,UDP,1500,"1779594579.573025 IP (tos 0x0, ttl 64, id 34822, offset 0, flags [+], proto UDP (17), length 1500)"
1779594579.573916,,,UDP,1500,"1779594579.573916 IP (tos 0x0, ttl 64, id 34823, offset 0, flags [+], proto UDP (17), length 1500)"
1779594579.668669,,,UDP,31,"1779594579.668669 IP (tos 0x0, ttl 64, id 42840, offset 0, flags [DF], proto UDP (17), length 31)"
1779594579.669665,,,UDP,31,"1779594579.669665 IP (tos 0x0, ttl 64, id 42841, offset 0, flags [DF], proto UDP (17), length 31)"
1779594579.670368,,,UDP,1500,"1779594579.670368 IP (tos 0x0, ttl 64, id 34831, offset 0, flags [+], proto UDP (17), length 1500)"
1779594579.671771,,,UDP,1500,"1779594579.671771 IP (tos 0x0, ttl 64, id 34832, offset 0, flags [+], proto UDP (17), length 1500)"
1779594579.672971,,,UDP,1500,"1779594579.672971 IP (tos 0x0, ttl 64, id 34833, offset 0, flags [+], proto UDP (17), length 1500)"
1779594579.673103,,,UDP,31,"1779594579.673103 IP (tos 0x0, ttl 64, id 42844, offset 0, flags [DF], proto UDP (17), length 31)"
1779594579.674022,,,UDP,31,"1779594579.674022 IP (tos 0x0, ttl 64, id 42845, offset 0, flags [DF], proto UDP (17), length 31)"
1779594579.674459,,,UDP,1500,"1779594579.674459 IP (tos 0x0, ttl 64, id 34834, offset 0, flags [+], proto UDP (17), length 1500)"
1779594579.674884,,,UDP,31,"1779594579.674884 IP (tos 0x0, ttl 64, id 42846, offset 0, flags [DF], proto UDP (17), length 31)"
1779594579.675752,,,UDP,1500,"1779594579.675752 IP (tos 0x0, ttl 64, id 34835, offset 0, flags [+], proto UDP (17), length 1500)"
1779594579.677041,,,UDP,1500,"1779594579.677041 IP (tos 0x0, ttl 64, id 34836, offset 0, flags [+], proto UDP (17), length 1500)"
1779594579.678454,,,UDP,1500,"1779594579.678454 IP (tos 0x0, ttl 64, id 34837, offset 0, flags [+], proto UDP (17), length 1500)"
1779594579.679630,,,UDP,1500,"1779594579.679630 IP (tos 0x0, ttl 64, id 34838, offset 0, flags [+], proto UDP (17), length 1500)"
1779594579.771871,,,UDP,31,"1779594579.771871 IP (tos 0x0, ttl 64, id 42865, offset 0, flags [DF], proto UDP (17), length 31)"
1779594579.772977,,,UDP,31,"1779594579.772977 IP (tos 0x0, ttl 64, id 42866, offset 0, flags [DF], proto UDP (17), length 31)"
1779594579.773171,,,UDP,1500,"1779594579.773171 IP (tos 0x0, ttl 64, id 34861, offset 0, flags [+], proto UDP (17), length 1500)"
1779594579.774076,,,UDP,1500,"1779594579.774076 IP (tos 0x0, ttl 64, id 34862, offset 0, flags [+], proto UDP (17), length 1500)"
1779594579.774270,,,UDP,31,"1779594579.774270 IP (tos 0x0, ttl 64, id 42867, offset 0, flags [DF], proto UDP (17), length 31)"
1779594579.775047,,,UDP,1500,"1779594579.775047 IP (tos 0x0, ttl 64, id 34863, offset 0, flags [+], proto UDP (17), length 1500)"
1779594579.775555,,,UDP,31,"1779594579.775555 IP (tos 0x0, ttl 64, id 42868, offset 0, flags [DF], proto UDP (17), length 31)"
1779594579.776257,,,UDP,1500,"1779594579.776257 IP (tos 0x0, ttl 64, id 34864, offset 0, flags [+], proto UDP (17), length 1500)"
1779594579.777132,,,UDP,31,"1779594579.777132 IP (tos 0x0, ttl 64, id 42869, offset 0, flags [DF], proto UDP (17), length 31)"
1779594579.777814,,,UDP,1500,"1779594579.777814 IP (tos 0x0, ttl 64, id 34865, offset 0, flags [+], proto UDP (17), length 1500)"
1779594579.780653,,,UDP,31,"1779594579.780653 IP (tos 0x0, ttl 64, id 42872, offset 0, flags [DF], proto UDP (17), length 31)"
1779594579.781175,,,UDP,1500,"1779594579.781175 IP (tos 0x0, ttl 64, id 34866, offset 0, flags [+], proto UDP (17), length 1500)"
1779594579.781631,,,UDP,1500,"1779594579.781631 IP (tos 0x0, ttl 64, id 34867, offset 0, flags [+], proto UDP (17), length 1500)"
1779594579.782114,,,UDP,1500,"1779594579.782114 IP (tos 0x0, ttl 64, id 34868, offset 0, flags [+], proto UDP (17), length 1500)"
1779594579.874370,,,UDP,31,"1779594579.874370 IP (tos 0x0, ttl 64, id 42883, offset 0, flags [DF], proto UDP (17), length 31)"
1779594579.874791,,,UDP,31,"1779594579.874791 IP (tos 0x0, ttl 64, id 42884, offset 0, flags [DF], proto UDP (17), length 31)"
1779594579.875788,,,UDP,31,"1779594579.875788 IP (tos 0x0, ttl 64, id 42885, offset 0, flags [DF], proto UDP (17), length 31)"
1779594579.876187,,,UDP,1500,"1779594579.876187 IP (tos 0x0, ttl 64, id 34880, offset 0, flags [+], proto UDP (17), length 1500)"
1779594579.876937,,,UDP,31,"1779594579.876937 IP (tos 0x0, ttl 64, id 42886, offset 0, flags [DF], proto UDP (17), length 31)"
1779594579.877223,,,UDP,1500,"1779594579.877223 IP (tos 0x0, ttl 64, id 34881, offset 0, flags [+], proto UDP (17), length 1500)"
1779594579.878033,,,UDP,1500,"1779594579.878033 IP (tos 0x0, ttl 64, id 34882, offset 0, flags [+], proto UDP (17), length 1500)"
1779594579.878496,,,UDP,31,"1779594579.878496 IP (tos 0x0, ttl 64, id 42887, offset 0, flags [DF], proto UDP (17), length 31)"
1779594579.878863,,,UDP,1500,"1779594579.878863 IP (tos 0x0, ttl 64, id 34883, offset 0, flags [+], proto UDP (17), length 1500)"
1779594579.879827,,,UDP,1500,"1779594579.879827 IP (tos 0x0, ttl 64, id 34884, offset 0, flags [+], proto UDP (17), length 1500)"
1779594579.881881,,,UDP,31,"1779594579.881881 IP (tos 0x0, ttl 64, id 42888, offset 0, flags [DF], proto UDP (17), length 31)"
1779594579.882157,,,UDP,31,"1779594579.882157 IP (tos 0x0, ttl 64, id 42889, offset 0, flags [DF], proto UDP (17), length 31)"
1779594579.882728,,,UDP,31,"1779594579.882728 IP (tos 0x0, ttl 64, id 42890, offset 0, flags [DF], proto UDP (17), length 31)"
1779594579.883054,,,UDP,1500,"1779594579.883054 IP (tos 0x0, ttl 64, id 34885, offset 0, flags [+], proto UDP (17), length 1500)"
1779594579.883946,,,UDP,1500,"1779594579.883946 IP (tos 0x0, ttl 64, id 34886, offset 0, flags [+], proto UDP (17), length 1500)"
1779594579.884675,,,UDP,1500,"1779594579.884675 IP (tos 0x0, ttl 64, id 34887, offset 0, flags [+], proto UDP (17), length 1500)"
1779594579.977744,,,UDP,31,"1779594579.977744 IP (tos 0x0, ttl 64, id 42909, offset 0, flags [DF], proto UDP (17), length 31)"
1779594579.978360,,,UDP,31,"1779594579.978360 IP (tos 0x0, ttl 64, id 42910, offset 0, flags [DF], proto UDP (17), length 31)"
1779594579.978920,,,UDP,31,"1779594579.978920 IP (tos 0x0, ttl 64, id 42911, offset 0, flags [DF], proto UDP (17), length 31)"
1779594579.979889,,,UDP,1500,"1779594579.979889 IP (tos 0x0, ttl 64, id 34902, offset 0, flags [+], proto UDP (17), length 1500)"
1779594579.979939,,,UDP,31,"1779594579.979939 IP (tos 0x0, ttl 64, id 42912, offset 0, flags [DF], proto UDP (17), length 31)"
1779594579.980608,,,UDP,31,"1779594579.980608 IP (tos 0x0, ttl 64, id 42913, offset 0, flags [DF], proto UDP (17), length 31)"
1779594579.981389,,,UDP,1500,"1779594579.981389 IP (tos 0x0, ttl 64, id 34903, offset 0, flags [+], proto UDP (17), length 1500)"
1779594579.982551,,,UDP,1500,"1779594579.982551 IP (tos 0x0, ttl 64, id 34904, offset 0, flags [+], proto UDP (17), length 1500)"
1779594579.983664,,,UDP,1500,"1779594579.983664 IP (tos 0x0, ttl 64, id 34905, offset 0, flags [+], proto UDP (17), length 1500)"
1779594579.983994,,,UDP,31,"1779594579.983994 IP (tos 0x0, ttl 64, id 42914, offset 0, flags [DF], proto UDP (17), length 31)"
1779594579.984578,,,UDP,31,"1779594579.984578 IP (tos 0x0, ttl 64, id 42915, offset 0, flags [DF], proto UDP (17), length 31)"
1779594579.985596,,,UDP,31,"1779594579.985596 IP (tos 0x0, ttl 64, id 42916, offset 0, flags [DF], proto UDP (17), length 31)"
1779594580.081312,,,UDP,31,"1779594580.081312 IP (tos 0x0, ttl 64, id 42934, offset 0, flags [DF], proto UDP (17), length 31)"
1779594580.082699,,,UDP,31,"1779594580.082699 IP (tos 0x0, ttl 64, id 42935, offset 0, flags [DF], proto UDP (17), length 31)"
1779594580.083683,,,UDP,31,"1779594580.083683 IP (tos 0x0, ttl 64, id 42936, offset 0, flags [DF], proto UDP (17), length 31)"
1779594580.084748,,,UDP,31,"1779594580.084748 IP (tos 0x0, ttl 64, id 42937, offset 0, flags [DF], proto UDP (17), length 31)"
1779594580.086522,,,UDP,34,"1779594580.086522 IP (tos 0x0, ttl 64, id 34918, offset 0, flags [DF], proto UDP (17), length 34)"
1779594580.187161,,,UDP,35,"1779594580.187161 IP (tos 0x0, ttl 64, id 42941, offset 0, flags [DF], proto UDP (17), length 35)"
1779594580.307387,,,UDP,63,"1779594580.307387 IP (tos 0x0, ttl 64, id 34965, offset 0, flags [DF], proto UDP (17), length 63)"
1779594580.407662,,,UDP,36,"1779594580.407662 IP (tos 0x0, ttl 64, id 42986, offset 0, flags [DF], proto UDP (17), length 36)"
1779594580.408791,,,UDP,1500,"1779594580.408791 IP (tos 0x0, ttl 64, id 34990, offset 0, flags [+], proto UDP (17), length 1500)"
1779594580.409641,,,UDP,1500,"1779594580.409641 IP (tos 0x0, ttl 64, id 34991, offset 0, flags [+], proto UDP (17), length 1500)"
1779594580.410547,,,UDP,1500,"1779594580.410547 IP (tos 0x0, ttl 64, id 34992, offset 0, flags [+], proto UDP (17), length 1500)"
1779594580.411216,,,UDP,1500,"1779594580.411216 IP (tos 0x0, ttl 64, id 34993, offset 0, flags [+], proto UDP (17), length 1500)"
1779594580.411870,,,UDP,1500,"1779594580.411870 IP (tos 0x0, ttl 64, id 34994, offset 0, flags [+], proto UDP (17), length 1500)"
1779594580.512251,,,UDP,29,"1779594580.512251 IP (tos 0x0, ttl 64, id 43006, offset 0, flags [DF], proto UDP (17), length 29)"
1779594580.512439,,,UDP,1500,"1779594580.512439 IP (tos 0x0, ttl 64, id 35013, offset 0, flags [+], proto UDP (17), length 1500)"
1779594580.513951,,,UDP,1500,"1779594580.513951 IP (tos 0x0, ttl 64, id 35014, offset 0, flags [+], proto UDP (17), length 1500)"
1779594580.515058,,,UDP,1500,"1779594580.515058 IP (tos 0x0, ttl 64, id 35015, offset 0, flags [+], proto UDP (17), length 1500)"
1779594580.516340,,,UDP,1500,"1779594580.516340 IP (tos 0x0, ttl 64, id 35016, offset 0, flags [+], proto UDP (17), length 1500)"
1779594580.527889,,,UDP,29,"1779594580.527889 IP (tos 0x0, ttl 64, id 43009, offset 0, flags [DF], proto UDP (17), length 29)"
1779594580.528428,,,UDP,29,"1779594580.528428 IP (tos 0x0, ttl 64, id 43010, offset 0, flags [DF], proto UDP (17), length 29)"
1779594580.528835,,,UDP,29,"1779594580.528835 IP (tos 0x0, ttl 64, id 43011, offset 0, flags [DF], proto UDP (17), length 29)"
1779594580.529305,,,UDP,1500,"1779594580.529305 IP (tos 0x0, ttl 64, id 35017, offset 0, flags [+], proto UDP (17), length 1500)"
1779594580.529326,,,UDP,29,"1779594580.529326 IP (tos 0x0, ttl 64, id 43012, offset 0, flags [DF], proto UDP (17), length 29)"
1779594580.530476,,,UDP,1500,"1779594580.530476 IP (tos 0x0, ttl 64, id 35018, offset 0, flags [+], proto UDP (17), length 1500)"
1779594580.531613,,,UDP,1500,"1779594580.531613 IP (tos 0x0, ttl 64, id 35019, offset 0, flags [+], proto UDP (17), length 1500)"
1779594580.532679,,,UDP,1500,"1779594580.532679 IP (tos 0x0, ttl 64, id 35020, offset 0, flags [+], proto UDP (17), length 1500)"
1779594580.613653,,,UDP,29,"1779594580.613653 IP (tos 0x0, ttl 64, id 43024, offset 0, flags [DF], proto UDP (17), length 29)"
1779594580.615552,,,UDP,1500,"1779594580.615552 IP (tos 0x0, ttl 64, id 35026, offset 0, flags [+], proto UDP (17), length 1500)"
1779594580.615957,,,UDP,29,"1779594580.615957 IP (tos 0x0, ttl 64, id 43026, offset 0, flags [DF], proto UDP (17), length 29)"
1779594580.617644,,,UDP,1500,"1779594580.617644 IP (tos 0x0, ttl 64, id 35027, offset 0, flags [+], proto UDP (17), length 1500)"
1779594580.619274,,,UDP,1500,"1779594580.619274 IP (tos 0x0, ttl 64, id 35028, offset 0, flags [+], proto UDP (17), length 1500)"
1779594580.631395,,,UDP,30,"1779594580.631395 IP (tos 0x0, ttl 64, id 43031, offset 0, flags [DF], proto UDP (17), length 30)"
1779594580.632481,,,UDP,30,"1779594580.632481 IP (tos 0x0, ttl 64, id 43032, offset 0, flags [DF], proto UDP (17), length 30)"
1779594580.632747,,,UDP,1500,"1779594580.632747 IP (tos 0x0, ttl 64, id 35029, offset 0, flags [+], proto UDP (17), length 1500)"
1779594580.633499,,,UDP,30,"1779594580.633499 IP (tos 0x0, ttl 64, id 43033, offset 0, flags [DF], proto UDP (17), length 30)"
1779594580.633769,,,UDP,1500,"1779594580.633769 IP (tos 0x0, ttl 64, id 35030, offset 0, flags [+], proto UDP (17), length 1500)"
1779594580.634625,,,UDP,1500,"1779594580.634625 IP (tos 0x0, ttl 64, id 35031, offset 0, flags [+], proto UDP (17), length 1500)"
1779594580.635617,,,UDP,1500,"1779594580.635617 IP (tos 0x0, ttl 64, id 35032, offset 0, flags [+], proto UDP (17), length 1500)"
1779594580.636591,,,UDP,1500,"1779594580.636591 IP (tos 0x0, ttl 64, id 35033, offset 0, flags [+], proto UDP (17), length 1500)"
1779594580.716933,,,UDP,30,"1779594580.716933 IP (tos 0x0, ttl 64, id 43046, offset 0, flags [DF], proto UDP (17), length 30)"
1779594580.717983,,,UDP,1500,"1779594580.717983 IP (tos 0x0, ttl 64, id 35052, offset 0, flags [+], proto UDP (17), length 1500)"
1779594580.718763,,,UDP,30,"1779594580.718763 IP (tos 0x0, ttl 64, id 43047, offset 0, flags [DF], proto UDP (17), length 30)"
1779594580.719581,,,UDP,1500,"1779594580.719581 IP (tos 0x0, ttl 64, id 35053, offset 0, flags [+], proto UDP (17), length 1500)"
1779594580.720407,,,UDP,30,"1779594580.720407 IP (tos 0x0, ttl 64, id 43048, offset 0, flags [DF], proto UDP (17), length 30)"
1779594580.721223,,,UDP,1500,"1779594580.721223 IP (tos 0x0, ttl 64, id 35054, offset 0, flags [+], proto UDP (17), length 1500)"
1779594580.733802,,,UDP,30,"1779594580.733802 IP (tos 0x0, ttl 64, id 43049, offset 0, flags [DF], proto UDP (17), length 30)"
1779594580.734423,,,UDP,30,"1779594580.734423 IP (tos 0x0, ttl 64, id 43050, offset 0, flags [DF], proto UDP (17), length 30)"
1779594580.734729,,,UDP,1500,"1779594580.734729 IP (tos 0x0, ttl 64, id 35055, offset 0, flags [+], proto UDP (17), length 1500)"
1779594580.735447,,,UDP,30,"1779594580.735447 IP (tos 0x0, ttl 64, id 43051, offset 0, flags [DF], proto UDP (17), length 30)"
1779594580.735689,,,UDP,1500,"1779594580.735689 IP (tos 0x0, ttl 64, id 35056, offset 0, flags [+], proto UDP (17), length 1500)"
1779594580.736402,,,UDP,30,"1779594580.736402 IP (tos 0x0, ttl 64, id 43052, offset 0, flags [DF], proto UDP (17), length 30)"
1779594580.736527,,,UDP,1500,"1779594580.736527 IP (tos 0x0, ttl 64, id 35057, offset 0, flags [+], proto UDP (17), length 1500)"
1779594580.737392,,,UDP,30,"1779594580.737392 IP (tos 0x0, ttl 64, id 43053, offset 0, flags [DF], proto UDP (17), length 30)"
1779594580.737457,,,UDP,1500,"1779594580.737457 IP (tos 0x0, ttl 64, id 35058, offset 0, flags [+], proto UDP (17), length 1500)"
1779594580.738270,,,UDP,1500,"1779594580.738270 IP (tos 0x0, ttl 64, id 35059, offset 0, flags [+], proto UDP (17), length 1500)"
1779594580.818907,,,UDP,30,"1779594580.818907 IP (tos 0x0, ttl 64, id 43058, offset 0, flags [DF], proto UDP (17), length 30)"
1779594580.820132,,,UDP,1500,"1779594580.820132 IP (tos 0x0, ttl 64, id 35063, offset 0, flags [+], proto UDP (17), length 1500)"
1779594580.820163,,,UDP,30,"1779594580.820163 IP (tos 0x0, ttl 64, id 43059, offset 0, flags [DF], proto UDP (17), length 30)"
1779594580.820664,,,UDP,1500,"1779594580.820664 IP (tos 0x0, ttl 64, id 35064, offset 0, flags [+], proto UDP (17), length 1500)"
1779594580.821804,,,UDP,30,"1779594580.821804 IP (tos 0x0, ttl 64, id 43060, offset 0, flags [DF], proto UDP (17), length 30)"
1779594580.822440,,,UDP,1500,"1779594580.822440 IP (tos 0x0, ttl 64, id 35065, offset 0, flags [+], proto UDP (17), length 1500)"
1779594580.835669,,,UDP,30,"1779594580.835669 IP (tos 0x0, ttl 64, id 43063, offset 0, flags [DF], proto UDP (17), length 30)"
1779594580.836274,,,UDP,30,"1779594580.836274 IP (tos 0x0, ttl 64, id 43064, offset 0, flags [DF], proto UDP (17), length 30)"
1779594580.836504,,,UDP,1500,"1779594580.836504 IP (tos 0x0, ttl 64, id 35067, offset 0, flags [+], proto UDP (17), length 1500)"
1779594580.836971,,,UDP,1500,"1779594580.836971 IP (tos 0x0, ttl 64, id 35068, offset 0, flags [+], proto UDP (17), length 1500)"
1779594580.837226,,,UDP,30,"1779594580.837226 IP (tos 0x0, ttl 64, id 43065, offset 0, flags [DF], proto UDP (17), length 30)"
1779594580.837819,,,UDP,1500,"1779594580.837819 IP (tos 0x0, ttl 64, id 35069, offset 0, flags [+], proto UDP (17), length 1500)"
1779594580.838085,,,UDP,30,"1779594580.838085 IP (tos 0x0, ttl 64, id 43066, offset 0, flags [DF], proto UDP (17), length 30)"
1779594580.838516,,,UDP,1500,"1779594580.838516 IP (tos 0x0, ttl 64, id 35070, offset 0, flags [+], proto UDP (17), length 1500)"
1779594580.838880,,,UDP,30,"1779594580.838880 IP (tos 0x0, ttl 64, id 43067, offset 0, flags [DF], proto UDP (17), length 30)"
1779594580.839661,,,UDP,1500,"1779594580.839661 IP (tos 0x0, ttl 64, id 35071, offset 0, flags [+], proto UDP (17), length 1500)"
1779594580.920926,,,UDP,30,"1779594580.920926 IP (tos 0x0, ttl 64, id 43076, offset 0, flags [DF], proto UDP (17), length 30)"
1779594580.922168,,,UDP,1500,"1779594580.922168 IP (tos 0x0, ttl 64, id 35085, offset 0, flags [+], proto UDP (17), length 1500)"
1779594580.923022,,,UDP,30,"1779594580.923022 IP (tos 0x0, ttl 64, id 43078, offset 0, flags [DF], proto UDP (17), length 30)"
1779594580.924000,,,UDP,1500,"1779594580.924000 IP (tos 0x0, ttl 64, id 35086, offset 0, flags [+], proto UDP (17), length 1500)"
1779594580.924795,,,UDP,1500,"1779594580.924795 IP (tos 0x0, ttl 64, id 35087, offset 0, flags [+], proto UDP (17), length 1500)"
1779594580.937078,,,UDP,30,"1779594580.937078 IP (tos 0x0, ttl 64, id 43081, offset 0, flags [DF], proto UDP (17), length 30)"
1779594580.937427,,,UDP,30,"1779594580.937427 IP (tos 0x0, ttl 64, id 43082, offset 0, flags [DF], proto UDP (17), length 30)"
1779594580.937890,,,UDP,1500,"1779594580.937890 IP (tos 0x0, ttl 64, id 35088, offset 0, flags [+], proto UDP (17), length 1500)"
1779594580.938337,,,UDP,30,"1779594580.938337 IP (tos 0x0, ttl 64, id 43083, offset 0, flags [DF], proto UDP (17), length 30)"
1779594580.938473,,,UDP,1500,"1779594580.938473 IP (tos 0x0, ttl 64, id 35089, offset 0, flags [+], proto UDP (17), length 1500)"
1779594580.938970,,,UDP,1500,"1779594580.938970 IP (tos 0x0, ttl 64, id 35090, offset 0, flags [+], proto UDP (17), length 1500)"
1779594580.939043,,,UDP,30,"1779594580.939043 IP (tos 0x0, ttl 64, id 43084, offset 0, flags [DF], proto UDP (17), length 30)"
1779594580.939943,,,UDP,1500,"1779594580.939943 IP (tos 0x0, ttl 64, id 35091, offset 0, flags [+], proto UDP (17), length 1500)"
1779594581.023421,,,UDP,30,"1779594581.023421 IP (tos 0x0, ttl 64, id 43087, offset 0, flags [DF], proto UDP (17), length 30)"
1779594581.024975,,,UDP,30,"1779594581.024975 IP (tos 0x0, ttl 64, id 43088, offset 0, flags [DF], proto UDP (17), length 30)"
1779594581.025153,,,UDP,1500,"1779594581.025153 IP (tos 0x0, ttl 64, id 35108, offset 0, flags [+], proto UDP (17), length 1500)"
1779594581.025500,,,UDP,30,"1779594581.025500 IP (tos 0x0, ttl 64, id 43089, offset 0, flags [DF], proto UDP (17), length 30)"
1779594581.026230,,,UDP,1500,"1779594581.026230 IP (tos 0x0, ttl 64, id 35109, offset 0, flags [+], proto UDP (17), length 1500)"
1779594581.027493,,,UDP,1500,"1779594581.027493 IP (tos 0x0, ttl 64, id 35110, offset 0, flags [+], proto UDP (17), length 1500)"
1779594581.028534,,,UDP,1500,"1779594581.028534 IP (tos 0x0, ttl 64, id 35111, offset 0, flags [+], proto UDP (17), length 1500)"
1779594581.038936,,,UDP,30,"1779594581.038936 IP (tos 0x0, ttl 64, id 43091, offset 0, flags [DF], proto UDP (17), length 30)"
1779594581.039290,,,UDP,30,"1779594581.039290 IP (tos 0x0, ttl 64, id 43092, offset 0, flags [DF], proto UDP (17), length 30)"
1779594581.039752,,,UDP,30,"1779594581.039752 IP (tos 0x0, ttl 64, id 43093, offset 0, flags [DF], proto UDP (17), length 30)"
1779594581.040475,,,UDP,1500,"1779594581.040475 IP (tos 0x0, ttl 64, id 35113, offset 0, flags [+], proto UDP (17), length 1500)"
1779594581.041449,,,UDP,1500,"1779594581.041449 IP (tos 0x0, ttl 64, id 35114, offset 0, flags [+], proto UDP (17), length 1500)"
1779594581.042287,,,UDP,1500,"1779594581.042287 IP (tos 0x0, ttl 64, id 35115, offset 0, flags [+], proto UDP (17), length 1500)"
1779594581.126543,,,UDP,30,"1779594581.126543 IP (tos 0x0, ttl 64, id 43102, offset 0, flags [DF], proto UDP (17), length 30)"
1779594581.127601,,,UDP,1500,"1779594581.127601 IP (tos 0x0, ttl 64, id 35136, offset 0, flags [+], proto UDP (17), length 1500)"
1779594581.127680,,,UDP,30,"1779594581.127680 IP (tos 0x0, ttl 64, id 43103, offset 0, flags [DF], proto UDP (17), length 30)"
1779594581.128317,,,UDP,1500,"1779594581.128317 IP (tos 0x0, ttl 64, id 35137, offset 0, flags [+], proto UDP (17), length 1500)"
1779594581.128510,,,UDP,30,"1779594581.128510 IP (tos 0x0, ttl 64, id 43104, offset 0, flags [DF], proto UDP (17), length 30)"
1779594581.128986,,,UDP,1500,"1779594581.128986 IP (tos 0x0, ttl 64, id 35138, offset 0, flags [+], proto UDP (17), length 1500)"
1779594581.129605,,,UDP,30,"1779594581.129605 IP (tos 0x0, ttl 64, id 43105, offset 0, flags [DF], proto UDP (17), length 30)"
1779594581.129806,,,UDP,1500,"1779594581.129806 IP (tos 0x0, ttl 64, id 35139, offset 0, flags [+], proto UDP (17), length 1500)"
1779594581.130486,,,UDP,1500,"1779594581.130486 IP (tos 0x0, ttl 64, id 35140, offset 0, flags [+], proto UDP (17), length 1500)"
1779594581.142334,,,UDP,30,"1779594581.142334 IP (tos 0x0, ttl 64, id 43108, offset 0, flags [DF], proto UDP (17), length 30)"
1779594581.143089,,,UDP,1500,"1779594581.143089 IP (tos 0x0, ttl 64, id 35143, offset 0, flags [+], proto UDP (17), length 1500)"
1779594581.143621,,,UDP,1500,"1779594581.143621 IP (tos 0x0, ttl 64, id 35144, offset 0, flags [+], proto UDP (17), length 1500)"
1779594581.228609,,,UDP,30,"1779594581.228609 IP (tos 0x0, ttl 64, id 43119, offset 0, flags [DF], proto UDP (17), length 30)"
1779594581.228949,,,UDP,30,"1779594581.228949 IP (tos 0x0, ttl 64, id 43120, offset 0, flags [DF], proto UDP (17), length 30)"
1779594581.229783,,,UDP,30,"1779594581.229783 IP (tos 0x0, ttl 64, id 43121, offset 0, flags [DF], proto UDP (17), length 30)"
1779594581.230370,,,UDP,30,"1779594581.230370 IP (tos 0x0, ttl 64, id 43122, offset 0, flags [DF], proto UDP (17), length 30)"
1779594581.230444,,,UDP,1500,"1779594581.230444 IP (tos 0x0, ttl 64, id 35159, offset 0, flags [+], proto UDP (17), length 1500)"
1779594581.231187,,,UDP,30,"1779594581.231187 IP (tos 0x0, ttl 64, id 43123, offset 0, flags [DF], proto UDP (17), length 30)"
1779594581.231846,,,UDP,1500,"1779594581.231846 IP (tos 0x0, ttl 64, id 35160, offset 0, flags [+], proto UDP (17), length 1500)"
1779594581.232901,,,UDP,1500,"1779594581.232901 IP (tos 0x0, ttl 64, id 35161, offset 0, flags [+], proto UDP (17), length 1500)"
1779594581.234347,,,UDP,1500,"1779594581.234347 IP (tos 0x0, ttl 64, id 35162, offset 0, flags [+], proto UDP (17), length 1500)"
1779594581.235367,,,UDP,1500,"1779594581.235367 IP (tos 0x0, ttl 64, id 35163, offset 0, flags [+], proto UDP (17), length 1500)"
1779594581.236454,,,UDP,1500,"1779594581.236454 IP (tos 0x0, ttl 64, id 35164, offset 0, flags [+], proto UDP (17), length 1500)"
1779594581.243810,,,UDP,30,"1779594581.243810 IP (tos 0x0, ttl 64, id 43125, offset 0, flags [DF], proto UDP (17), length 30)"
1779594581.244108,,,UDP,30,"1779594581.244108 IP (tos 0x0, ttl 64, id 43126, offset 0, flags [DF], proto UDP (17), length 30)"
1779594581.245309,,,UDP,1500,"1779594581.245309 IP (tos 0x0, ttl 64, id 35165, offset 0, flags [+], proto UDP (17), length 1500)"
1779594581.246251,,,UDP,1500,"1779594581.246251 IP (tos 0x0, ttl 64, id 35166, offset 0, flags [+], proto UDP (17), length 1500)"
1779594581.331743,,,UDP,30,"1779594581.331743 IP (tos 0x0, ttl 64, id 43142, offset 0, flags [DF], proto UDP (17), length 30)"
1779594581.332942,,,UDP,1500,"1779594581.332942 IP (tos 0x0, ttl 64, id 35180, offset 0, flags [+], proto UDP (17), length 1500)"
1779594581.333993,,,UDP,30,"1779594581.333993 IP (tos 0x0, ttl 64, id 43144, offset 0, flags [DF], proto UDP (17), length 30)"
1779594581.335179,,,UDP,1500,"1779594581.335179 IP (tos 0x0, ttl 64, id 35181, offset 0, flags [+], proto UDP (17), length 1500)"
1779594581.335310,,,UDP,30,"1779594581.335310 IP (tos 0x0, ttl 64, id 43145, offset 0, flags [DF], proto UDP (17), length 30)"
1779594581.335860,,,UDP,1500,"1779594581.335860 IP (tos 0x0, ttl 64, id 35182, offset 0, flags [+], proto UDP (17), length 1500)"
1779594581.336574,,,UDP,1500,"1779594581.336574 IP (tos 0x0, ttl 64, id 35183, offset 0, flags [+], proto UDP (17), length 1500)"
1779594581.337187,,,UDP,30,"1779594581.337187 IP (tos 0x0, ttl 64, id 43147, offset 0, flags [DF], proto UDP (17), length 30)"
1779594581.337864,,,UDP,1500,"1779594581.337864 IP (tos 0x0, ttl 64, id 35184, offset 0, flags [+], proto UDP (17), length 1500)"
1779594581.338519,,,UDP,1500,"1779594581.338519 IP (tos 0x0, ttl 64, id 35185, offset 0, flags [+], proto UDP (17), length 1500)"
1779594581.346376,,,UDP,30,"1779594581.346376 IP (tos 0x0, ttl 64, id 43149, offset 0, flags [DF], proto UDP (17), length 30)"
1779594581.346910,,,UDP,30,"1779594581.346910 IP (tos 0x0, ttl 64, id 43150, offset 0, flags [DF], proto UDP (17), length 30)"
1779594581.346956,,,UDP,1500,"1779594581.346956 IP (tos 0x0, ttl 64, id 35187, offset 0, flags [+], proto UDP (17), length 1500)"
1779594581.347497,,,UDP,1500,"1779594581.347497 IP (tos 0x0, ttl 64, id 35188, offset 0, flags [+], proto UDP (17), length 1500)"
1779594581.433928,,,UDP,30,"1779594581.433928 IP (tos 0x0, ttl 64, id 43154, offset 0, flags [DF], proto UDP (17), length 30)"
1779594581.435166,,,UDP,1500,"1779594581.435166 IP (tos 0x0, ttl 64, id 35194, offset 0, flags [+], proto UDP (17), length 1500)"
1779594581.436092,,,UDP,30,"1779594581.436092 IP (tos 0x0, ttl 64, id 43155, offset 0, flags [DF], proto UDP (17), length 30)"
1779594581.436533,,,UDP,30,"1779594581.436533 IP (tos 0x0, ttl 64, id 43156, offset 0, flags [DF], proto UDP (17), length 30)"
1779594581.437139,,,UDP,1500,"1779594581.437139 IP (tos 0x0, ttl 64, id 35195, offset 0, flags [+], proto UDP (17), length 1500)"
1779594581.437168,,,UDP,30,"1779594581.437168 IP (tos 0x0, ttl 64, id 43157, offset 0, flags [DF], proto UDP (17), length 30)"
1779594581.437825,,,UDP,1500,"1779594581.437825 IP (tos 0x0, ttl 64, id 35196, offset 0, flags [+], proto UDP (17), length 1500)"
1779594581.438419,,,UDP,1500,"1779594581.438419 IP (tos 0x0, ttl 64, id 35197, offset 0, flags [+], proto UDP (17), length 1500)"
1779594581.438455,,,UDP,30,"1779594581.438455 IP (tos 0x0, ttl 64, id 43158, offset 0, flags [DF], proto UDP (17), length 30)"
1779594581.439031,,,UDP,30,"1779594581.439031 IP (tos 0x0, ttl 64, id 43159, offset 0, flags [DF], proto UDP (17), length 30)"
1779594581.439064,,,UDP,1500,"1779594581.439064 IP (tos 0x0, ttl 64, id 35198, offset 0, flags [+], proto UDP (17), length 1500)"
1779594581.439683,,,UDP,1500,"1779594581.439683 IP (tos 0x0, ttl 64, id 35199, offset 0, flags [+], proto UDP (17), length 1500)"
1779594581.447469,,,UDP,30,"1779594581.447469 IP (tos 0x0, ttl 64, id 43162, offset 0, flags [DF], proto UDP (17), length 30)"
1779594581.448207,,,UDP,1500,"1779594581.448207 IP (tos 0x0, ttl 64, id 35201, offset 0, flags [+], proto UDP (17), length 1500)"
1779594581.448373,,,UDP,30,"1779594581.448373 IP (tos 0x0, ttl 64, id 43163, offset 0, flags [DF], proto UDP (17), length 30)"
1779594581.449305,,,UDP,1500,"1779594581.449305 IP (tos 0x0, ttl 64, id 35202, offset 0, flags [+], proto UDP (17), length 1500)"
1779594581.536020,,,UDP,30,"1779594581.536020 IP (tos 0x0, ttl 64, id 43183, offset 0, flags [DF], proto UDP (17), length 30)"
1779594581.537577,,,UDP,1500,"1779594581.537577 IP (tos 0x0, ttl 64, id 35208, offset 0, flags [+], proto UDP (17), length 1500)"
1779594581.537795,,,UDP,30,"1779594581.537795 IP (tos 0x0, ttl 64, id 43184, offset 0, flags [DF], proto UDP (17), length 30)"
1779594581.538478,,,UDP,30,"1779594581.538478 IP (tos 0x0, ttl 64, id 43185, offset 0, flags [DF], proto UDP (17), length 30)"
1779594581.538868,,,UDP,1500,"1779594581.538868 IP (tos 0x0, ttl 64, id 35209, offset 0, flags [+], proto UDP (17), length 1500)"
1779594581.538953,,,UDP,30,"1779594581.538953 IP (tos 0x0, ttl 64, id 43186, offset 0, flags [DF], proto UDP (17), length 30)"
1779594581.539653,,,UDP,30,"1779594581.539653 IP (tos 0x0, ttl 64, id 43187, offset 0, flags [DF], proto UDP (17), length 30)"
1779594581.539724,,,UDP,1500,"1779594581.539724 IP (tos 0x0, ttl 64, id 35210, offset 0, flags [+], proto UDP (17), length 1500)"
1779594581.540438,,,UDP,30,"1779594581.540438 IP (tos 0x0, ttl 64, id 43188, offset 0, flags [DF], proto UDP (17), length 30)"
1779594581.540544,,,UDP,1500,"1779594581.540544 IP (tos 0x0, ttl 64, id 35211, offset 0, flags [+], proto UDP (17), length 1500)"
1779594581.541547,,,UDP,1500,"1779594581.541547 IP (tos 0x0, ttl 64, id 35212, offset 0, flags [+], proto UDP (17), length 1500)"
1779594581.542333,,,UDP,1500,"1779594581.542333 IP (tos 0x0, ttl 64, id 35213, offset 0, flags [+], proto UDP (17), length 1500)"
1779594581.549500,,,UDP,30,"1779594581.549500 IP (tos 0x0, ttl 64, id 43190, offset 0, flags [DF], proto UDP (17), length 30)"
1779594581.551299,,,UDP,1500,"1779594581.551299 IP (tos 0x0, ttl 64, id 35216, offset 0, flags [+], proto UDP (17), length 1500)"
1779594581.638922,,,UDP,30,"1779594581.638922 IP (tos 0x0, ttl 64, id 43201, offset 0, flags [DF], proto UDP (17), length 30)"
1779594581.639890,,,UDP,30,"1779594581.639890 IP (tos 0x0, ttl 64, id 43202, offset 0, flags [DF], proto UDP (17), length 30)"
1779594581.640341,,,UDP,1500,"1779594581.640341 IP (tos 0x0, ttl 64, id 35229, offset 0, flags [+], proto UDP (17), length 1500)"
1779594581.641270,,,UDP,1500,"1779594581.641270 IP (tos 0x0, ttl 64, id 35230, offset 0, flags [+], proto UDP (17), length 1500)"
1779594581.641943,,,UDP,1500,"1779594581.641943 IP (tos 0x0, ttl 64, id 35231, offset 0, flags [+], proto UDP (17), length 1500)"
1779594581.642341,,,UDP,30,"1779594581.642341 IP (tos 0x0, ttl 64, id 43205, offset 0, flags [DF], proto UDP (17), length 30)"
1779594581.642892,,,UDP,30,"1779594581.642892 IP (tos 0x0, ttl 64, id 43206, offset 0, flags [DF], proto UDP (17), length 30)"
1779594581.643173,,,UDP,1500,"1779594581.643173 IP (tos 0x0, ttl 64, id 35232, offset 0, flags [+], proto UDP (17), length 1500)"
1779594581.643939,,,UDP,1500,"1779594581.643939 IP (tos 0x0, ttl 64, id 35233, offset 0, flags [+], proto UDP (17), length 1500)"
1779594581.644516,,,UDP,1500,"1779594581.644516 IP (tos 0x0, ttl 64, id 35234, offset 0, flags [+], proto UDP (17), length 1500)"
1779594581.645192,,,UDP,1500,"1779594581.645192 IP (tos 0x0, ttl 64, id 35235, offset 0, flags [+], proto UDP (17), length 1500)"
1779594581.652196,,,UDP,30,"1779594581.652196 IP (tos 0x0, ttl 64, id 43209, offset 0, flags [DF], proto UDP (17), length 30)"
1779594581.652872,,,UDP,1500,"1779594581.652872 IP (tos 0x0, ttl 64, id 35237, offset 0, flags [+], proto UDP (17), length 1500)"
1779594581.741507,,,UDP,30,"1779594581.741507 IP (tos 0x0, ttl 64, id 43228, offset 0, flags [DF], proto UDP (17), length 30)"
1779594581.741970,,,UDP,30,"1779594581.741970 IP (tos 0x0, ttl 64, id 43229, offset 0, flags [DF], proto UDP (17), length 30)"
1779594581.742512,,,UDP,30,"1779594581.742512 IP (tos 0x0, ttl 64, id 43230, offset 0, flags [DF], proto UDP (17), length 30)"
1779594581.743884,,,UDP,1500,"1779594581.743884 IP (tos 0x0, ttl 64, id 35256, offset 0, flags [+], proto UDP (17), length 1500)"
1779594581.744587,,,UDP,30,"1779594581.744587 IP (tos 0x0, ttl 64, id 43232, offset 0, flags [DF], proto UDP (17), length 30)"
1779594581.745163,,,UDP,30,"1779594581.745163 IP (tos 0x0, ttl 64, id 43233, offset 0, flags [DF], proto UDP (17), length 30)"
1779594581.745799,,,UDP,30,"1779594581.745799 IP (tos 0x0, ttl 64, id 43234, offset 0, flags [DF], proto UDP (17), length 30)"
1779594581.745877,,,UDP,1500,"1779594581.745877 IP (tos 0x0, ttl 64, id 35257, offset 0, flags [+], proto UDP (17), length 1500)"
1779594581.747551,,,UDP,1500,"1779594581.747551 IP (tos 0x0, ttl 64, id 35258, offset 0, flags [+], proto UDP (17), length 1500)"
1779594581.749004,,,UDP,1500,"1779594581.749004 IP (tos 0x0, ttl 64, id 35259, offset 0, flags [+], proto UDP (17), length 1500)"
1779594581.750288,,,UDP,1500,"1779594581.750288 IP (tos 0x0, ttl 64, id 35260, offset 0, flags [+], proto UDP (17), length 1500)"
1779594581.751400,,,UDP,1500,"1779594581.751400 IP (tos 0x0, ttl 64, id 35261, offset 0, flags [+], proto UDP (17), length 1500)"
1779594581.752353,,,UDP,1500,"1779594581.752353 IP (tos 0x0, ttl 64, id 35262, offset 0, flags [+], proto UDP (17), length 1500)"
1779594581.845693,,,UDP,30,"1779594581.845693 IP (tos 0x0, ttl 64, id 43251, offset 0, flags [DF], proto UDP (17), length 30)"
1779594581.847344,,,UDP,30,"1779594581.847344 IP (tos 0x0, ttl 64, id 43252, offset 0, flags [DF], proto UDP (17), length 30)"
1779594581.847521,,,UDP,1500,"1779594581.847521 IP (tos 0x0, ttl 64, id 35275, offset 0, flags [+], proto UDP (17), length 1500)"
1779594581.848674,,,UDP,30,"1779594581.848674 IP (tos 0x0, ttl 64, id 43253, offset 0, flags [DF], proto UDP (17), length 30)"
1779594581.848784,,,UDP,1500,"1779594581.848784 IP (tos 0x0, ttl 64, id 35276, offset 0, flags [+], proto UDP (17), length 1500)"
1779594581.849766,,,UDP,1500,"1779594581.849766 IP (tos 0x0, ttl 64, id 35277, offset 0, flags [+], proto UDP (17), length 1500)"
1779594581.850056,,,UDP,31,"1779594581.850056 IP (tos 0x0, ttl 64, id 43254, offset 0, flags [DF], proto UDP (17), length 31)"
1779594581.850522,,,UDP,1500,"1779594581.850522 IP (tos 0x0, ttl 64, id 35278, offset 0, flags [+], proto UDP (17), length 1500)"
1779594581.850966,,,UDP,31,"1779594581.850966 IP (tos 0x0, ttl 64, id 43255, offset 0, flags [DF], proto UDP (17), length 31)"
1779594581.851416,,,UDP,1500,"1779594581.851416 IP (tos 0x0, ttl 64, id 35279, offset 0, flags [+], proto UDP (17), length 1500)"
1779594581.852112,,,UDP,31,"1779594581.852112 IP (tos 0x0, ttl 64, id 43256, offset 0, flags [DF], proto UDP (17), length 31)"
1779594581.852194,,,UDP,1500,"1779594581.852194 IP (tos 0x0, ttl 64, id 35280, offset 0, flags [+], proto UDP (17), length 1500)"
1779594581.852750,,,UDP,1500,"1779594581.852750 IP (tos 0x0, ttl 64, id 35281, offset 0, flags [+], proto UDP (17), length 1500)"
1779594581.852981,,,UDP,31,"1779594581.852981 IP (tos 0x0, ttl 64, id 43257, offset 0, flags [DF], proto UDP (17), length 31)"
1779594581.853575,,,UDP,1500,"1779594581.853575 IP (tos 0x0, ttl 64, id 35282, offset 0, flags [+], proto UDP (17), length 1500)"
1779594581.949040,,,UDP,31,"1779594581.949040 IP (tos 0x0, ttl 64, id 43272, offset 0, flags [DF], proto UDP (17), length 31)"
1779594581.951300,,,UDP,1500,"1779594581.951300 IP (tos 0x0, ttl 64, id 35284, offset 0, flags [+], proto UDP (17), length 1500)"
1779594581.951513,,,UDP,31,"1779594581.951513 IP (tos 0x0, ttl 64, id 43275, offset 0, flags [DF], proto UDP (17), length 31)"
1779594581.952307,,,UDP,31,"1779594581.952307 IP (tos 0x0, ttl 64, id 43276, offset 0, flags [DF], proto UDP (17), length 31)"
1779594581.953079,,,UDP,1500,"1779594581.953079 IP (tos 0x0, ttl 64, id 35285, offset 0, flags [+], proto UDP (17), length 1500)"
1779594581.953307,,,UDP,31,"1779594581.953307 IP (tos 0x0, ttl 64, id 43278, offset 0, flags [DF], proto UDP (17), length 31)"
1779594581.954137,,,UDP,31,"1779594581.954137 IP (tos 0x0, ttl 64, id 43279, offset 0, flags [DF], proto UDP (17), length 31)"
1779594581.954348,,,UDP,1500,"1779594581.954348 IP (tos 0x0, ttl 64, id 35286, offset 0, flags [+], proto UDP (17), length 1500)"
1779594581.955706,,,UDP,1500,"1779594581.955706 IP (tos 0x0, ttl 64, id 35287, offset 0, flags [+], proto UDP (17), length 1500)"
1779594581.956396,,,UDP,1500,"1779594581.956396 IP (tos 0x0, ttl 64, id 35288, offset 0, flags [+], proto UDP (17), length 1500)"
1779594581.957265,,,UDP,1500,"1779594581.957265 IP (tos 0x0, ttl 64, id 35289, offset 0, flags [+], proto UDP (17), length 1500)"
1779594581.958444,,,UDP,1500,"1779594581.958444 IP (tos 0x0, ttl 64, id 35290, offset 0, flags [+], proto UDP (17), length 1500)"
1779594581.959883,,,UDP,1500,"1779594581.959883 IP (tos 0x0, ttl 64, id 35291, offset 0, flags [+], proto UDP (17), length 1500)"
1779594582.052622,,,UDP,31,"1779594582.052622 IP (tos 0x0, ttl 64, id 43291, offset 0, flags [DF], proto UDP (17), length 31)"
1779594582.054216,,,UDP,31,"1779594582.054216 IP (tos 0x0, ttl 64, id 43292, offset 0, flags [DF], proto UDP (17), length 31)"
1779594582.054309,,,UDP,1500,"1779594582.054309 IP (tos 0x0, ttl 64, id 35298, offset 0, flags [+], proto UDP (17), length 1500)"
1779594582.055386,,,UDP,31,"1779594582.055386 IP (tos 0x0, ttl 64, id 43293, offset 0, flags [DF], proto UDP (17), length 31)"
1779594582.055678,,,UDP,1500,"1779594582.055678 IP (tos 0x0, ttl 64, id 35299, offset 0, flags [+], proto UDP (17), length 1500)"
1779594582.056504,,,UDP,31,"1779594582.056504 IP (tos 0x0, ttl 64, id 43294, offset 0, flags [DF], proto UDP (17), length 31)"
1779594582.057109,,,UDP,31,"1779594582.057109 IP (tos 0x0, ttl 64, id 43295, offset 0, flags [DF], proto UDP (17), length 31)"
1779594582.057226,,,UDP,1500,"1779594582.057226 IP (tos 0x0, ttl 64, id 35300, offset 0, flags [+], proto UDP (17), length 1500)"
1779594582.058447,,,UDP,1500,"1779594582.058447 IP (tos 0x0, ttl 64, id 35301, offset 0, flags [+], proto UDP (17), length 1500)"
1779594582.059480,,,UDP,31,"1779594582.059480 IP (tos 0x0, ttl 64, id 43297, offset 0, flags [DF], proto UDP (17), length 31)"
1779594582.059561,,,UDP,1500,"1779594582.059561 IP (tos 0x0, ttl 64, id 35302, offset 0, flags [+], proto UDP (17), length 1500)"
1779594582.060578,,,UDP,31,"1779594582.060578 IP (tos 0x0, ttl 64, id 43298, offset 0, flags [DF], proto UDP (17), length 31)"
1779594582.060827,,,UDP,1500,"1779594582.060827 IP (tos 0x0, ttl 64, id 35303, offset 0, flags [+], proto UDP (17), length 1500)"
1779594582.061967,,,UDP,1500,"1779594582.061967 IP (tos 0x0, ttl 64, id 35304, offset 0, flags [+], proto UDP (17), length 1500)"
1779594582.063002,,,UDP,1500,"1779594582.063002 IP (tos 0x0, ttl 64, id 35305, offset 0, flags [+], proto UDP (17), length 1500)"
1779594582.155825,,,UDP,31,"1779594582.155825 IP (tos 0x0, ttl 64, id 43318, offset 0, flags [DF], proto UDP (17), length 31)"
1779594582.157545,,,UDP,1500,"1779594582.157545 IP (tos 0x0, ttl 64, id 35323, offset 0, flags [+], proto UDP (17), length 1500)"
1779594582.158404,,,UDP,31,"1779594582.158404 IP (tos 0x0, ttl 64, id 43320, offset 0, flags [DF], proto UDP (17), length 31)"
1779594582.159666,,,UDP,31,"1779594582.159666 IP (tos 0x0, ttl 64, id 43321, offset 0, flags [DF], proto UDP (17), length 31)"
1779594582.159901,,,UDP,1500,"1779594582.159901 IP (tos 0x0, ttl 64, id 35324, offset 0, flags [+], proto UDP (17), length 1500)"
1779594582.160761,,,UDP,31,"1779594582.160761 IP (tos 0x0, ttl 64, id 43322, offset 0, flags [DF], proto UDP (17), length 31)"
1779594582.161149,,,UDP,1500,"1779594582.161149 IP (tos 0x0, ttl 64, id 35325, offset 0, flags [+], proto UDP (17), length 1500)"
1779594582.161946,,,UDP,31,"1779594582.161946 IP (tos 0x0, ttl 64, id 43323, offset 0, flags [DF], proto UDP (17), length 31)"
1779594582.162428,,,UDP,1500,"1779594582.162428 IP (tos 0x0, ttl 64, id 35326, offset 0, flags [+], proto UDP (17), length 1500)"
1779594582.162964,,,UDP,31,"1779594582.162964 IP (tos 0x0, ttl 64, id 43324, offset 0, flags [DF], proto UDP (17), length 31)"
1779594582.163849,,,UDP,1500,"1779594582.163849 IP (tos 0x0, ttl 64, id 35327, offset 0, flags [+], proto UDP (17), length 1500)"
1779594582.164042,,,UDP,31,"1779594582.164042 IP (tos 0x0, ttl 64, id 43325, offset 0, flags [DF], proto UDP (17), length 31)"
1779594582.165301,,,UDP,1500,"1779594582.165301 IP (tos 0x0, ttl 64, id 35328, offset 0, flags [+], proto UDP (17), length 1500)"
1779594582.166663,,,UDP,1500,"1779594582.166663 IP (tos 0x0, ttl 64, id 35329, offset 0, flags [+], proto UDP (17), length 1500)"
1779594582.167768,,,UDP,1500,"1779594582.167768 IP (tos 0x0, ttl 64, id 35330, offset 0, flags [+], proto UDP (17), length 1500)"
1779594582.259192,,,UDP,31,"1779594582.259192 IP (tos 0x0, ttl 64, id 43334, offset 0, flags [DF], proto UDP (17), length 31)"
1779594582.261047,,,UDP,31,"1779594582.261047 IP (tos 0x0, ttl 64, id 43335, offset 0, flags [DF], proto UDP (17), length 31)"
1779594582.261071,,,UDP,1500,"1779594582.261071 IP (tos 0x0, ttl 64, id 35331, offset 0, flags [+], proto UDP (17), length 1500)"
1779594582.262199,,,UDP,1500,"1779594582.262199 IP (tos 0x0, ttl 64, id 35332, offset 0, flags [+], proto UDP (17), length 1500)"
1779594582.262247,,,UDP,31,"1779594582.262247 IP (tos 0x0, ttl 64, id 43336, offset 0, flags [DF], proto UDP (17), length 31)"
1779594582.263331,,,UDP,31,"1779594582.263331 IP (tos 0x0, ttl 64, id 43337, offset 0, flags [DF], proto UDP (17), length 31)"
1779594582.263709,,,UDP,1500,"1779594582.263709 IP (tos 0x0, ttl 64, id 35333, offset 0, flags [+], proto UDP (17), length 1500)"
1779594582.264791,,,UDP,1500,"1779594582.264791 IP (tos 0x0, ttl 64, id 35334, offset 0, flags [+], proto UDP (17), length 1500)"
1779594582.265329,,,UDP,31,"1779594582.265329 IP (tos 0x0, ttl 64, id 43338, offset 0, flags [DF], proto UDP (17), length 31)"
1779594582.266472,,,UDP,31,"1779594582.266472 IP (tos 0x0, ttl 64, id 43339, offset 0, flags [DF], proto UDP (17), length 31)"
1779594582.266526,,,UDP,1500,"1779594582.266526 IP (tos 0x0, ttl 64, id 35335, offset 0, flags [+], proto UDP (17), length 1500)"
1779594582.267593,,,UDP,31,"1779594582.267593 IP (tos 0x0, ttl 64, id 43340, offset 0, flags [DF], proto UDP (17), length 31)"
1779594582.267751,,,UDP,1500,"1779594582.267751 IP (tos 0x0, ttl 64, id 35336, offset 0, flags [+], proto UDP (17), length 1500)"
1779594582.268880,,,UDP,1500,"1779594582.268880 IP (tos 0x0, ttl 64, id 35337, offset 0, flags [+], proto UDP (17), length 1500)"
1779594582.362574,,,UDP,31,"1779594582.362574 IP (tos 0x0, ttl 64, id 43357, offset 0, flags [DF], proto UDP (17), length 31)"
1779594582.363213,,,UDP,31,"1779594582.363213 IP (tos 0x0, ttl 64, id 43358, offset 0, flags [DF], proto UDP (17), length 31)"
1779594582.364485,,,UDP,1500,"1779594582.364485 IP (tos 0x0, ttl 64, id 35350, offset 0, flags [+], proto UDP (17), length 1500)"
1779594582.364764,,,UDP,31,"1779594582.364764 IP (tos 0x0, ttl 64, id 43359, offset 0, flags [DF], proto UDP (17), length 31)"
1779594582.365762,,,UDP,1500,"1779594582.365762 IP (tos 0x0, ttl 64, id 35351, offset 0, flags [+], proto UDP (17), length 1500)"
1779594582.365870,,,UDP,31,"1779594582.365870 IP (tos 0x0, ttl 64, id 43360, offset 0, flags [DF], proto UDP (17), length 31)"
1779594582.366930,,,UDP,1500,"1779594582.366930 IP (tos 0x0, ttl 64, id 35352, offset 0, flags [+], proto UDP (17), length 1500)"
1779594582.367759,,,UDP,31,"1779594582.367759 IP (tos 0x0, ttl 64, id 43361, offset 0, flags [DF], proto UDP (17), length 31)"
1779594582.368226,,,UDP,1500,"1779594582.368226 IP (tos 0x0, ttl 64, id 35353, offset 0, flags [+], proto UDP (17), length 1500)"
1779594582.368838,,,UDP,31,"1779594582.368838 IP (tos 0x0, ttl 64, id 43362, offset 0, flags [DF], proto UDP (17), length 31)"
1779594582.369605,,,UDP,1500,"1779594582.369605 IP (tos 0x0, ttl 64, id 35354, offset 0, flags [+], proto UDP (17), length 1500)"
1779594582.369876,,,UDP,31,"1779594582.369876 IP (tos 0x0, ttl 64, id 43363, offset 0, flags [DF], proto UDP (17), length 31)"
1779594582.370667,,,UDP,1500,"1779594582.370667 IP (tos 0x0, ttl 64, id 35355, offset 0, flags [+], proto UDP (17), length 1500)"
1779594582.372192,,,UDP,1500,"1779594582.372192 IP (tos 0x0, ttl 64, id 35356, offset 0, flags [+], proto UDP (17), length 1500)"
1779594582.373356,,,UDP,1500,"1779594582.373356 IP (tos 0x0, ttl 64, id 35357, offset 0, flags [+], proto UDP (17), length 1500)"
1779594582.465949,,,UDP,31,"1779594582.465949 IP (tos 0x0, ttl 64, id 43370, offset 0, flags [DF], proto UDP (17), length 31)"
1779594582.467216,,,UDP,31,"1779594582.467216 IP (tos 0x0, ttl 64, id 43371, offset 0, flags [DF], proto UDP (17), length 31)"
1779594582.467786,,,UDP,1500,"1779594582.467786 IP (tos 0x0, ttl 64, id 35363, offset 0, flags [+], proto UDP (17), length 1500)"
1779594582.468040,,,UDP,31,"1779594582.468040 IP (tos 0x0, ttl 64, id 43372, offset 0, flags [DF], proto UDP (17), length 31)"
1779594582.469130,,,UDP,1500,"1779594582.469130 IP (tos 0x0, ttl 64, id 35364, offset 0, flags [+], proto UDP (17), length 1500)"
1779594582.469222,,,UDP,31,"1779594582.469222 IP (tos 0x0, ttl 64, id 43373, offset 0, flags [DF], proto UDP (17), length 31)"
1779594582.470102,,,UDP,1500,"1779594582.470102 IP (tos 0x0, ttl 64, id 35365, offset 0, flags [+], proto UDP (17), length 1500)"
1779594582.470701,,,UDP,31,"1779594582.470701 IP (tos 0x0, ttl 64, id 43374, offset 0, flags [DF], proto UDP (17), length 31)"
1779594582.471064,,,UDP,1500,"1779594582.471064 IP (tos 0x0, ttl 64, id 35366, offset 0, flags [+], proto UDP (17), length 1500)"
1779594582.472006,,,UDP,1500,"1779594582.472006 IP (tos 0x0, ttl 64, id 35367, offset 0, flags [+], proto UDP (17), length 1500)"
1779594582.473359,,,UDP,31,"1779594582.473359 IP (tos 0x0, ttl 64, id 43376, offset 0, flags [DF], proto UDP (17), length 31)"
1779594582.474390,,,UDP,31,"1779594582.474390 IP (tos 0x0, ttl 64, id 43377, offset 0, flags [DF], proto UDP (17), length 31)"
1779594582.474531,,,UDP,1500,"1779594582.474531 IP (tos 0x0, ttl 64, id 35368, offset 0, flags [+], proto UDP (17), length 1500)"
1779594582.475373,,,UDP,1500,"1779594582.475373 IP (tos 0x0, ttl 64, id 35369, offset 0, flags [+], proto UDP (17), length 1500)"
1779594582.475897,,,UDP,1500,"1779594582.475897 IP (tos 0x0, ttl 64, id 35370, offset 0, flags [+], proto UDP (17), length 1500)"
1779594582.569400,,,UDP,31,"1779594582.569400 IP (tos 0x0, ttl 64, id 43401, offset 0, flags [DF], proto UDP (17), length 31)"
1779594582.570271,,,UDP,31,"1779594582.570271 IP (tos 0x0, ttl 64, id 43402, offset 0, flags [DF], proto UDP (17), length 31)"
1779594582.570987,,,UDP,31,"1779594582.570987 IP (tos 0x0, ttl 64, id 43403, offset 0, flags [DF], proto UDP (17), length 31)"
1779594582.571326,,,UDP,1500,"1779594582.571326 IP (tos 0x0, ttl 64, id 35386, offset 0, flags [+], proto UDP (17), length 1500)"
1779594582.572081,,,UDP,31,"1779594582.572081 IP (tos 0x0, ttl 64, id 43404, offset 0, flags [DF], proto UDP (17), length 31)"
1779594582.572637,,,UDP,1500,"1779594582.572637 IP (tos 0x0, ttl 64, id 35387, offset 0, flags [+], proto UDP (17), length 1500)"
1779594582.572839,,,UDP,31,"1779594582.572839 IP (tos 0x0, ttl 64, id 43405, offset 0, flags [DF], proto UDP (17), length 31)"
1779594582.573983,,,UDP,1500,"1779594582.573983 IP (tos 0x0, ttl 64, id 35388, offset 0, flags [+], proto UDP (17), length 1500)"
1779594582.575281,,,UDP,1500,"1779594582.575281 IP (tos 0x0, ttl 64, id 35389, offset 0, flags [+], proto UDP (17), length 1500)"
1779594582.575469,,,UDP,31,"1779594582.575469 IP (tos 0x0, ttl 64, id 43406, offset 0, flags [DF], proto UDP (17), length 31)"
1779594582.576100,,,UDP,1500,"1779594582.576100 IP (tos 0x0, ttl 64, id 35390, offset 0, flags [+], proto UDP (17), length 1500)"
1779594582.576268,,,UDP,31,"1779594582.576268 IP (tos 0x0, ttl 64, id 43408, offset 0, flags [DF], proto UDP (17), length 31)"
1779594582.576806,,,UDP,1500,"1779594582.576806 IP (tos 0x0, ttl 64, id 35391, offset 0, flags [+], proto UDP (17), length 1500)"
1779594582.577725,,,UDP,1500,"1779594582.577725 IP (tos 0x0, ttl 64, id 35392, offset 0, flags [+], proto UDP (17), length 1500)"
1779594582.578538,,,UDP,1500,"1779594582.578538 IP (tos 0x0, ttl 64, id 35393, offset 0, flags [+], proto UDP (17), length 1500)"
1779594582.672895,,,UDP,31,"1779594582.672895 IP (tos 0x0, ttl 64, id 43432, offset 0, flags [DF], proto UDP (17), length 31)"
1779594582.674021,,,UDP,31,"1779594582.674021 IP (tos 0x0, ttl 64, id 43433, offset 0, flags [DF], proto UDP (17), length 31)"
1779594582.674693,,,UDP,1500,"1779594582.674693 IP (tos 0x0, ttl 64, id 35403, offset 0, flags [+], proto UDP (17), length 1500)"
1779594582.675052,,,UDP,31,"1779594582.675052 IP (tos 0x0, ttl 64, id 43434, offset 0, flags [DF], proto UDP (17), length 31)"
1779594582.675986,,,UDP,1500,"1779594582.675986 IP (tos 0x0, ttl 64, id 35404, offset 0, flags [+], proto UDP (17), length 1500)"
1779594582.676204,,,UDP,31,"1779594582.676204 IP (tos 0x0, ttl 64, id 43435, offset 0, flags [DF], proto UDP (17), length 31)"
1779594582.676865,,,UDP,31,"1779594582.676865 IP (tos 0x0, ttl 64, id 43436, offset 0, flags [DF], proto UDP (17), length 31)"
1779594582.677115,,,UDP,1500,"1779594582.677115 IP (tos 0x0, ttl 64, id 35405, offset 0, flags [+], proto UDP (17), length 1500)"
1779594582.677725,,,UDP,31,"1779594582.677725 IP (tos 0x0, ttl 64, id 43437, offset 0, flags [DF], proto UDP (17), length 31)"
1779594582.678309,,,UDP,1500,"1779594582.678309 IP (tos 0x0, ttl 64, id 35406, offset 0, flags [+], proto UDP (17), length 1500)"
1779594582.678511,,,UDP,31,"1779594582.678511 IP (tos 0x0, ttl 64, id 43438, offset 0, flags [DF], proto UDP (17), length 31)"
1779594582.679646,,,UDP,1500,"1779594582.679646 IP (tos 0x0, ttl 64, id 35407, offset 0, flags [+], proto UDP (17), length 1500)"
1779594582.680637,,,UDP,1500,"1779594582.680637 IP (tos 0x0, ttl 64, id 35408, offset 0, flags [+], proto UDP (17), length 1500)"
1779594582.681653,,,UDP,1500,"1779594582.681653 IP (tos 0x0, ttl 64, id 35409, offset 0, flags [+], proto UDP (17), length 1500)"
1779594582.777408,,,UDP,31,"1779594582.777408 IP (tos 0x0, ttl 64, id 43441, offset 0, flags [DF], proto UDP (17), length 31)"
1779594582.778328,,,UDP,31,"1779594582.778328 IP (tos 0x0, ttl 64, id 43442, offset 0, flags [DF], proto UDP (17), length 31)"
1779594582.779418,,,UDP,1500,"1779594582.779418 IP (tos 0x0, ttl 64, id 35419, offset 0, flags [+], proto UDP (17), length 1500)"
1779594582.779733,,,UDP,31,"1779594582.779733 IP (tos 0x0, ttl 64, id 43443, offset 0, flags [DF], proto UDP (17), length 31)"
1779594582.780540,,,UDP,31,"1779594582.780540 IP (tos 0x0, ttl 64, id 43444, offset 0, flags [DF], proto UDP (17), length 31)"
1779594582.780724,,,UDP,1500,"1779594582.780724 IP (tos 0x0, ttl 64, id 35420, offset 0, flags [+], proto UDP (17), length 1500)"
1779594582.781698,,,UDP,31,"1779594582.781698 IP (tos 0x0, ttl 64, id 43445, offset 0, flags [DF], proto UDP (17), length 31)"
1779594582.781970,,,UDP,1500,"1779594582.781970 IP (tos 0x0, ttl 64, id 35421, offset 0, flags [+], proto UDP (17), length 1500)"
1779594582.783351,,,UDP,1500,"1779594582.783351 IP (tos 0x0, ttl 64, id 35422, offset 0, flags [+], proto UDP (17), length 1500)"
1779594582.784583,,,UDP,1500,"1779594582.784583 IP (tos 0x0, ttl 64, id 35423, offset 0, flags [+], proto UDP (17), length 1500)"
1779594582.785633,,,UDP,1500,"1779594582.785633 IP (tos 0x0, ttl 64, id 35424, offset 0, flags [+], proto UDP (17), length 1500)"
1779594582.786835,,,UDP,1500,"1779594582.786835 IP (tos 0x0, ttl 64, id 35425, offset 0, flags [+], proto UDP (17), length 1500)"
1779594582.881033,,,UDP,31,"1779594582.881033 IP (tos 0x0, ttl 64, id 43471, offset 0, flags [DF], proto UDP (17), length 31)"
1779594582.882085,,,UDP,31,"1779594582.882085 IP (tos 0x0, ttl 64, id 43472, offset 0, flags [DF], proto UDP (17), length 31)"
1779594582.882375,,,UDP,1500,"1779594582.882375 IP (tos 0x0, ttl 64, id 35438, offset 0, flags [+], proto UDP (17), length 1500)"
1779594582.883026,,,UDP,31,"1779594582.883026 IP (tos 0x0, ttl 64, id 43473, offset 0, flags [DF], proto UDP (17), length 31)"
1779594582.883387,,,UDP,1500,"1779594582.883387 IP (tos 0x0, ttl 64, id 35439, offset 0, flags [+], proto UDP (17), length 1500)"
1779594582.884342,,,UDP,1500,"1779594582.884342 IP (tos 0x0, ttl 64, id 35440, offset 0, flags [+], proto UDP (17), length 1500)"
1779594582.884547,,,UDP,31,"1779594582.884547 IP (tos 0x0, ttl 64, id 43474, offset 0, flags [DF], proto UDP (17), length 31)"
1779594582.885486,,,UDP,1500,"1779594582.885486 IP (tos 0x0, ttl 64, id 35441, offset 0, flags [+], proto UDP (17), length 1500)"
1779594582.886335,,,UDP,1500,"1779594582.886335 IP (tos 0x0, ttl 64, id 35442, offset 0, flags [+], proto UDP (17), length 1500)"
1779594582.886751,,,UDP,31,"1779594582.886751 IP (tos 0x0, ttl 64, id 43476, offset 0, flags [DF], proto UDP (17), length 31)"
1779594582.887477,,,UDP,1500,"1779594582.887477 IP (tos 0x0, ttl 64, id 35443, offset 0, flags [+], proto UDP (17), length 1500)"
1779594582.887705,,,UDP,31,"1779594582.887705 IP (tos 0x0, ttl 64, id 43477, offset 0, flags [DF], proto UDP (17), length 31)"
1779594582.888142,,,UDP,1500,"1779594582.888142 IP (tos 0x0, ttl 64, id 35444, offset 0, flags [+], proto UDP (17), length 1500)"
1779594582.888980,,,UDP,1500,"1779594582.888980 IP (tos 0x0, ttl 64, id 35445, offset 0, flags [+], proto UDP (17), length 1500)"
1779594582.983635,,,UDP,31,"1779594582.983635 IP (tos 0x0, ttl 64, id 43485, offset 0, flags [DF], proto UDP (17), length 31)"
1779594582.984460,,,UDP,31,"1779594582.984460 IP (tos 0x0, ttl 64, id 43486, offset 0, flags [DF], proto UDP (17), length 31)"
1779594582.985241,,,UDP,1500,"1779594582.985241 IP (tos 0x0, ttl 64, id 35446, offset 0, flags [+], proto UDP (17), length 1500)"
1779594582.985274,,,UDP,31,"1779594582.985274 IP (tos 0x0, ttl 64, id 43487, offset 0, flags [DF], proto UDP (17), length 31)"
1779594582.986397,,,UDP,31,"1779594582.986397 IP (tos 0x0, ttl 64, id 43488, offset 0, flags [DF], proto UDP (17), length 31)"
1779594582.986408,,,UDP,1500,"1779594582.986408 IP (tos 0x0, ttl 64, id 35447, offset 0, flags [+], proto UDP (17), length 1500)"
1779594582.987132,,,UDP,31,"1779594582.987132 IP (tos 0x0, ttl 64, id 43489, offset 0, flags [DF], proto UDP (17), length 31)"
1779594582.987552,,,UDP,1500,"1779594582.987552 IP (tos 0x0, ttl 64, id 35448, offset 0, flags [+], proto UDP (17), length 1500)"
1779594582.988119,,,UDP,31,"1779594582.988119 IP (tos 0x0, ttl 64, id 43490, offset 0, flags [DF], proto UDP (17), length 31)"
1779594582.988425,,,UDP,1500,"1779594582.988425 IP (tos 0x0, ttl 64, id 35449, offset 0, flags [+], proto UDP (17), length 1500)"
1779594582.988857,,,UDP,31,"1779594582.988857 IP (tos 0x0, ttl 64, id 43491, offset 0, flags [DF], proto UDP (17), length 31)"
1779594582.989411,,,UDP,1500,"1779594582.989411 IP (tos 0x0, ttl 64, id 35450, offset 0, flags [+], proto UDP (17), length 1500)"
1779594582.989730,,,UDP,31,"1779594582.989730 IP (tos 0x0, ttl 64, id 43492, offset 0, flags [DF], proto UDP (17), length 31)"
1779594582.990394,,,UDP,1500,"1779594582.990394 IP (tos 0x0, ttl 64, id 35451, offset 0, flags [+], proto UDP (17), length 1500)"
1779594582.991277,,,UDP,1500,"1779594582.991277 IP (tos 0x0, ttl 64, id 35452, offset 0, flags [+], proto UDP (17), length 1500)"
1779594582.991970,,,UDP,1500,"1779594582.991970 IP (tos 0x0, ttl 64, id 35453, offset 0, flags [+], proto UDP (17), length 1500)"
1779594583.086759,,,UDP,31,"1779594583.086759 IP (tos 0x0, ttl 64, id 43508, offset 0, flags [DF], proto UDP (17), length 31)"
1779594583.087418,,,UDP,31,"1779594583.087418 IP (tos 0x0, ttl 64, id 43509, offset 0, flags [DF], proto UDP (17), length 31)"
1779594583.088510,,,UDP,31,"1779594583.088510 IP (tos 0x0, ttl 64, id 43510, offset 0, flags [DF], proto UDP (17), length 31)"
1779594583.088518,,,UDP,1500,"1779594583.088518 IP (tos 0x0, ttl 64, id 35457, offset 0, flags [+], proto UDP (17), length 1500)"
1779594583.089197,,,UDP,31,"1779594583.089197 IP (tos 0x0, ttl 64, id 43511, offset 0, flags [DF], proto UDP (17), length 31)"
1779594583.089729,,,UDP,1500,"1779594583.089729 IP (tos 0x0, ttl 64, id 35458, offset 0, flags [+], proto UDP (17), length 1500)"
1779594583.090419,,,UDP,31,"1779594583.090419 IP (tos 0x0, ttl 64, id 43512, offset 0, flags [DF], proto UDP (17), length 31)"
1779594583.091176,,,UDP,31,"1779594583.091176 IP (tos 0x0, ttl 64, id 43513, offset 0, flags [DF], proto UDP (17), length 31)"
1779594583.091277,,,UDP,1500,"1779594583.091277 IP (tos 0x0, ttl 64, id 35459, offset 0, flags [+], proto UDP (17), length 1500)"
1779594583.092024,,,UDP,31,"1779594583.092024 IP (tos 0x0, ttl 64, id 43514, offset 0, flags [DF], proto UDP (17), length 31)"
1779594583.092471,,,UDP,1500,"1779594583.092471 IP (tos 0x0, ttl 64, id 35460, offset 0, flags [+], proto UDP (17), length 1500)"
1779594583.092771,,,UDP,31,"1779594583.092771 IP (tos 0x0, ttl 64, id 43515, offset 0, flags [DF], proto UDP (17), length 31)"
1779594583.093577,,,UDP,1500,"1779594583.093577 IP (tos 0x0, ttl 64, id 35461, offset 0, flags [+], proto UDP (17), length 1500)"
1779594583.095029,,,UDP,1500,"1779594583.095029 IP (tos 0x0, ttl 64, id 35462, offset 0, flags [+], proto UDP (17), length 1500)"
1779594583.096209,,,UDP,1500,"1779594583.096209 IP (tos 0x0, ttl 64, id 35463, offset 0, flags [+], proto UDP (17), length 1500)"
1779594583.097271,,,UDP,1500,"1779594583.097271 IP (tos 0x0, ttl 64, id 35464, offset 0, flags [+], proto UDP (17), length 1500)"
1779594583.189981,,,UDP,31,"1779594583.189981 IP (tos 0x0, ttl 64, id 43517, offset 0, flags [DF], proto UDP (17), length 31)"
1779594583.190814,,,UDP,31,"1779594583.190814 IP (tos 0x0, ttl 64, id 43518, offset 0, flags [DF], proto UDP (17), length 31)"
1779594583.191754,,,UDP,1500,"1779594583.191754 IP (tos 0x0, ttl 64, id 35485, offset 0, flags [+], proto UDP (17), length 1500)"
1779594583.192487,,,UDP,31,"1779594583.192487 IP (tos 0x0, ttl 64, id 43519, offset 0, flags [DF], proto UDP (17), length 31)"
1779594583.193040,,,UDP,1500,"1779594583.193040 IP (tos 0x0, ttl 64, id 35486, offset 0, flags [+], proto UDP (17), length 1500)"
1779594583.193586,,,UDP,31,"1779594583.193586 IP (tos 0x0, ttl 64, id 43520, offset 0, flags [DF], proto UDP (17), length 31)"
1779594583.194241,,,UDP,1500,"1779594583.194241 IP (tos 0x0, ttl 64, id 35487, offset 0, flags [+], proto UDP (17), length 1500)"
1779594583.194744,,,UDP,31,"1779594583.194744 IP (tos 0x0, ttl 64, id 43521, offset 0, flags [DF], proto UDP (17), length 31)"
1779594583.195463,,,UDP,1500,"1779594583.195463 IP (tos 0x0, ttl 64, id 35488, offset 0, flags [+], proto UDP (17), length 1500)"
1779594583.196216,,,UDP,31,"1779594583.196216 IP (tos 0x0, ttl 64, id 43522, offset 0, flags [DF], proto UDP (17), length 31)"
1779594583.196544,,,UDP,1500,"1779594583.196544 IP (tos 0x0, ttl 64, id 35489, offset 0, flags [+], proto UDP (17), length 1500)"
1779594583.197277,,,UDP,31,"1779594583.197277 IP (tos 0x0, ttl 64, id 43523, offset 0, flags [DF], proto UDP (17), length 31)"
1779594583.197616,,,UDP,1500,"1779594583.197616 IP (tos 0x0, ttl 64, id 35490, offset 0, flags [+], proto UDP (17), length 1500)"
1779594583.198333,,,UDP,31,"1779594583.198333 IP (tos 0x0, ttl 64, id 43524, offset 0, flags [DF], proto UDP (17), length 31)"
1779594583.198889,,,UDP,1500,"1779594583.198889 IP (tos 0x0, ttl 64, id 35491, offset 0, flags [+], proto UDP (17), length 1500)"
1779594583.200019,,,UDP,1500,"1779594583.200019 IP (tos 0x0, ttl 64, id 35492, offset 0, flags [+], proto UDP (17), length 1500)"
1779594583.294387,,,UDP,31,"1779594583.294387 IP (tos 0x0, ttl 64, id 43528, offset 0, flags [DF], proto UDP (17), length 31)"
1779594583.296036,,,UDP,1500,"1779594583.296036 IP (tos 0x0, ttl 64, id 35498, offset 0, flags [+], proto UDP (17), length 1500)"
1779594583.296688,,,UDP,31,"1779594583.296688 IP (tos 0x0, ttl 64, id 43530, offset 0, flags [DF], proto UDP (17), length 31)"
1779594583.297359,,,UDP,1500,"1779594583.297359 IP (tos 0x0, ttl 64, id 35499, offset 0, flags [+], proto UDP (17), length 1500)"
1779594583.297740,,,UDP,31,"1779594583.297740 IP (tos 0x0, ttl 64, id 43531, offset 0, flags [DF], proto UDP (17), length 31)"
1779594583.298457,,,UDP,1500,"1779594583.298457 IP (tos 0x0, ttl 64, id 35500, offset 0, flags [+], proto UDP (17), length 1500)"
1779594583.298802,,,UDP,31,"1779594583.298802 IP (tos 0x0, ttl 64, id 43532, offset 0, flags [DF], proto UDP (17), length 31)"
1779594583.299843,,,UDP,1500,"1779594583.299843 IP (tos 0x0, ttl 64, id 35501, offset 0, flags [+], proto UDP (17), length 1500)"
1779594583.300076,,,UDP,31,"1779594583.300076 IP (tos 0x0, ttl 64, id 43533, offset 0, flags [DF], proto UDP (17), length 31)"
1779594583.300773,,,UDP,31,"1779594583.300773 IP (tos 0x0, ttl 64, id 43534, offset 0, flags [DF], proto UDP (17), length 31)"
1779594583.301047,,,UDP,1500,"1779594583.301047 IP (tos 0x0, ttl 64, id 35502, offset 0, flags [+], proto UDP (17), length 1500)"
1779594583.302248,,,UDP,1500,"1779594583.302248 IP (tos 0x0, ttl 64, id 35503, offset 0, flags [+], proto UDP (17), length 1500)"
1779594583.303443,,,UDP,1500,"1779594583.303443 IP (tos 0x0, ttl 64, id 35504, offset 0, flags [+], proto UDP (17), length 1500)"
1779594583.304450,,,UDP,1500,"1779594583.304450 IP (tos 0x0, ttl 64, id 35505, offset 0, flags [+], proto UDP (17), length 1500)"
1779594583.397282,,,UDP,31,"1779594583.397282 IP (tos 0x0, ttl 64, id 43536, offset 0, flags [DF], proto UDP (17), length 31)"
1779594583.398090,,,UDP,1500,"1779594583.398090 IP (tos 0x0, ttl 64, id 35514, offset 0, flags [+], proto UDP (17), length 1500)"
1779594583.398464,,,UDP,31,"1779594583.398464 IP (tos 0x0, ttl 64, id 43537, offset 0, flags [DF], proto UDP (17), length 31)"
1779594583.399226,,,UDP,1500,"1779594583.399226 IP (tos 0x0, ttl 64, id 35515, offset 0, flags [+], proto UDP (17), length 1500)"
1779594583.399514,,,UDP,31,"1779594583.399514 IP (tos 0x0, ttl 64, id 43538, offset 0, flags [DF], proto UDP (17), length 31)"
1779594583.400243,,,UDP,1500,"1779594583.400243 IP (tos 0x0, ttl 64, id 35516, offset 0, flags [+], proto UDP (17), length 1500)"
1779594583.400931,,,UDP,31,"1779594583.400931 IP (tos 0x0, ttl 64, id 43539, offset 0, flags [DF], proto UDP (17), length 31)"
1779594583.401650,,,UDP,1500,"1779594583.401650 IP (tos 0x0, ttl 64, id 35517, offset 0, flags [+], proto UDP (17), length 1500)"
1779594583.402055,,,UDP,31,"1779594583.402055 IP (tos 0x0, ttl 64, id 43540, offset 0, flags [DF], proto UDP (17), length 31)"
1779594583.402700,,,UDP,1500,"1779594583.402700 IP (tos 0x0, ttl 64, id 35518, offset 0, flags [+], proto UDP (17), length 1500)"
1779594583.403172,,,UDP,31,"1779594583.403172 IP (tos 0x0, ttl 64, id 43541, offset 0, flags [DF], proto UDP (17), length 31)"
1779594583.404053,,,UDP,1500,"1779594583.404053 IP (tos 0x0, ttl 64, id 35519, offset 0, flags [+], proto UDP (17), length 1500)"
1779594583.405287,,,UDP,31,"1779594583.405287 IP (tos 0x0, ttl 64, id 43543, offset 0, flags [DF], proto UDP (17), length 31)"
1779594583.406205,,,UDP,1500,"1779594583.406205 IP (tos 0x0, ttl 64, id 35520, offset 0, flags [+], proto UDP (17), length 1500)"
1779594583.406986,,,UDP,1500,"1779594583.406986 IP (tos 0x0, ttl 64, id 35521, offset 0, flags [+], proto UDP (17), length 1500)"
1779594583.498821,,,UDP,31,"1779594583.498821 IP (tos 0x0, ttl 64, id 43548, offset 0, flags [DF], proto UDP (17), length 31)"
1779594583.499895,,,UDP,31,"1779594583.499895 IP (tos 0x0, ttl 64, id 43549, offset 0, flags [DF], proto UDP (17), length 31)"
1779594583.500359,,,UDP,1500,"1779594583.500359 IP (tos 0x0, ttl 64, id 35532, offset 0, flags [+], proto UDP (17), length 1500)"
1779594583.500889,,,UDP,31,"1779594583.500889 IP (tos 0x0, ttl 64, id 43550, offset 0, flags [DF], proto UDP (17), length 31)"
1779594583.501596,,,UDP,1500,"1779594583.501596 IP (tos 0x0, ttl 64, id 35533, offset 0, flags [+], proto UDP (17), length 1500)"
1779594583.502233,,,UDP,31,"1779594583.502233 IP (tos 0x0, ttl 64, id 43551, offset 0, flags [DF], proto UDP (17), length 31)"
1779594583.502676,,,UDP,1500,"1779594583.502676 IP (tos 0x0, ttl 64, id 35534, offset 0, flags [+], proto UDP (17), length 1500)"
1779594583.503790,,,UDP,1500,"1779594583.503790 IP (tos 0x0, ttl 64, id 35535, offset 0, flags [+], proto UDP (17), length 1500)"
1779594583.504764,,,UDP,31,"1779594583.504764 IP (tos 0x0, ttl 64, id 43553, offset 0, flags [DF], proto UDP (17), length 31)"
1779594583.505933,,,UDP,1500,"1779594583.505933 IP (tos 0x0, ttl 64, id 35536, offset 0, flags [+], proto UDP (17), length 1500)"
1779594583.506828,,,UDP,31,"1779594583.506828 IP (tos 0x0, ttl 64, id 43554, offset 0, flags [DF], proto UDP (17), length 31)"
1779594583.506949,,,UDP,1500,"1779594583.506949 IP (tos 0x0, ttl 64, id 35537, offset 0, flags [+], proto UDP (17), length 1500)"
1779594583.507602,,,UDP,31,"1779594583.507602 IP (tos 0x0, ttl 64, id 43555, offset 0, flags [DF], proto UDP (17), length 31)"
1779594583.507934,,,UDP,1500,"1779594583.507934 IP (tos 0x0, ttl 64, id 35538, offset 0, flags [+], proto UDP (17), length 1500)"
1779594583.509064,,,UDP,1500,"1779594583.509064 IP (tos 0x0, ttl 64, id 35539, offset 0, flags [+], proto UDP (17), length 1500)"
1779594583.601772,,,UDP,31,"1779594583.601772 IP (tos 0x0, ttl 64, id 43571, offset 0, flags [DF], proto UDP (17), length 31)"
1779594583.603040,,,UDP,31,"1779594583.603040 IP (tos 0x0, ttl 64, id 43572, offset 0, flags [DF], proto UDP (17), length 31)"
1779594583.603658,,,UDP,1500,"1779594583.603658 IP (tos 0x0, ttl 64, id 35554, offset 0, flags [+], proto UDP (17), length 1500)"
1779594583.605012,,,UDP,1500,"1779594583.605012 IP (tos 0x0, ttl 64, id 35555, offset 0, flags [+], proto UDP (17), length 1500)"
1779594583.605081,,,UDP,31,"1779594583.605081 IP (tos 0x0, ttl 64, id 43574, offset 0, flags [DF], proto UDP (17), length 31)"
1779594583.606456,,,UDP,1500,"1779594583.606456 IP (tos 0x0, ttl 64, id 35556, offset 0, flags [+], proto UDP (17), length 1500)"
1779594583.607755,,,UDP,1500,"1779594583.607755 IP (tos 0x0, ttl 64, id 35557, offset 0, flags [+], proto UDP (17), length 1500)"
1779594583.607910,,,UDP,31,"1779594583.607910 IP (tos 0x0, ttl 64, id 43576, offset 0, flags [DF], proto UDP (17), length 31)"
1779594583.609031,,,UDP,31,"1779594583.609031 IP (tos 0x0, ttl 64, id 43577, offset 0, flags [DF], proto UDP (17), length 31)"
1779594583.609249,,,UDP,1500,"1779594583.609249 IP (tos 0x0, ttl 64, id 35558, offset 0, flags [+], proto UDP (17), length 1500)"
1779594583.610075,,,UDP,31,"1779594583.610075 IP (tos 0x0, ttl 64, id 43578, offset 0, flags [DF], proto UDP (17), length 31)"
1779594583.610382,,,UDP,1500,"1779594583.610382 IP (tos 0x0, ttl 64, id 35559, offset 0, flags [+], proto UDP (17), length 1500)"
1779594583.611969,,,UDP,1500,"1779594583.611969 IP (tos 0x0, ttl 64, id 35560, offset 0, flags [+], proto UDP (17), length 1500)"
1779594583.613198,,,UDP,1500,"1779594583.613198 IP (tos 0x0, ttl 64, id 35561, offset 0, flags [+], proto UDP (17), length 1500)"
1779594583.705094,,,UDP,31,"1779594583.705094 IP (tos 0x0, ttl 64, id 43595, offset 0, flags [DF], proto UDP (17), length 31)"
1779594583.706362,,,UDP,31,"1779594583.706362 IP (tos 0x0, ttl 64, id 43596, offset 0, flags [DF], proto UDP (17), length 31)"
1779594583.707385,,,UDP,1500,"1779594583.707385 IP (tos 0x0, ttl 64, id 35567, offset 0, flags [+], proto UDP (17), length 1500)"
1779594583.707860,,,UDP,31,"1779594583.707860 IP (tos 0x0, ttl 64, id 43597, offset 0, flags [DF], proto UDP (17), length 31)"
1779594583.708897,,,UDP,31,"1779594583.708897 IP (tos 0x0, ttl 64, id 43598, offset 0, flags [DF], proto UDP (17), length 31)"
1779594583.709294,,,UDP,1500,"1779594583.709294 IP (tos 0x0, ttl 64, id 35568, offset 0, flags [+], proto UDP (17), length 1500)"
1779594583.710378,,,UDP,31,"1779594583.710378 IP (tos 0x0, ttl 64, id 43599, offset 0, flags [DF], proto UDP (17), length 31)"
1779594583.710623,,,UDP,1500,"1779594583.710623 IP (tos 0x0, ttl 64, id 35569, offset 0, flags [+], proto UDP (17), length 1500)"
1779594583.711710,,,UDP,31,"1779594583.711710 IP (tos 0x0, ttl 64, id 43600, offset 0, flags [DF], proto UDP (17), length 31)"
1779594583.711832,,,UDP,1500,"1779594583.711832 IP (tos 0x0, ttl 64, id 35570, offset 0, flags [+], proto UDP (17), length 1500)"
1779594583.712309,,,UDP,1500,"1779594583.712309 IP (tos 0x0, ttl 64, id 35571, offset 0, flags [+], proto UDP (17), length 1500)"
1779594583.713106,,,UDP,1500,"1779594583.713106 IP (tos 0x0, ttl 64, id 35572, offset 0, flags [+], proto UDP (17), length 1500)"
1779594583.809089,,,UDP,31,"1779594583.809089 IP (tos 0x0, ttl 64, id 43616, offset 0, flags [DF], proto UDP (17), length 31)"
1779594583.810118,,,UDP,1500,"1779594583.810118 IP (tos 0x0, ttl 64, id 35578, offset 0, flags [+], proto UDP (17), length 1500)"
1779594583.810978,,,UDP,1500,"1779594583.810978 IP (tos 0x0, ttl 64, id 35579, offset 0, flags [+], proto UDP (17), length 1500)"
1779594583.811742,,,UDP,31,"1779594583.811742 IP (tos 0x0, ttl 64, id 43618, offset 0, flags [DF], proto UDP (17), length 31)"
1779594583.811832,,,UDP,1500,"1779594583.811832 IP (tos 0x0, ttl 64, id 35580, offset 0, flags [+], proto UDP (17), length 1500)"
1779594583.812391,,,UDP,31,"1779594583.812391 IP (tos 0x0, ttl 64, id 43619, offset 0, flags [DF], proto UDP (17), length 31)"
1779594583.812529,,,UDP,1500,"1779594583.812529 IP (tos 0x0, ttl 64, id 35581, offset 0, flags [+], proto UDP (17), length 1500)"
1779594583.813019,,,UDP,31,"1779594583.813019 IP (tos 0x0, ttl 64, id 43620, offset 0, flags [DF], proto UDP (17), length 31)"
1779594583.813150,,,UDP,1500,"1779594583.813150 IP (tos 0x0, ttl 64, id 35582, offset 0, flags [+], proto UDP (17), length 1500)"
1779594583.813911,,,UDP,31,"1779594583.813911 IP (tos 0x0, ttl 64, id 43621, offset 0, flags [DF], proto UDP (17), length 31)"
1779594583.910827,,,UDP,31,"1779594583.910827 IP (tos 0x0, ttl 64, id 43628, offset 0, flags [DF], proto UDP (17), length 31)"
1779594583.911769,,,UDP,31,"1779594583.911769 IP (tos 0x0, ttl 64, id 43629, offset 0, flags [DF], proto UDP (17), length 31)"
1779594583.912515,,,UDP,31,"1779594583.912515 IP (tos 0x0, ttl 64, id 43630, offset 0, flags [DF], proto UDP (17), length 31)"
1779594583.913065,,,UDP,31,"1779594583.913065 IP (tos 0x0, ttl 64, id 43631, offset 0, flags [DF], proto UDP (17), length 31)"
1779594584.415575,,,UDP,1500,"1779594584.415575 IP (tos 0x0, ttl 64, id 35599, offset 0, flags [+], proto UDP (17), length 1500)"
1779594584.516190,,,UDP,31,"1779594584.516190 IP (tos 0x0, ttl 64, id 43653, offset 0, flags [DF], proto UDP (17), length 31)"
1779594584.517985,,,UDP,34,"1779594584.517985 IP (tos 0x0, ttl 64, id 35621, offset 0, flags [DF], proto UDP (17), length 34)"
1779594584.618744,,,UDP,35,"1779594584.618744 IP (tos 0x0, ttl 64, id 43662, offset 0, flags [DF], proto UDP (17), length 35)"
1779594584.756202,,,UDP,63,"1779594584.756202 IP (tos 0x0, ttl 64, id 35661, offset 0, flags [DF], proto UDP (17), length 63)"
1779594585.258717,,,UDP,63,"1779594585.258717 IP (tos 0x0, ttl 64, id 35687, offset 0, flags [DF], proto UDP (17), length 63)"
1779594585.359281,,,UDP,36,"1779594585.359281 IP (tos 0x0, ttl 64, id 43745, offset 0, flags [DF], proto UDP (17), length 36)"
1779594585.361074,,,UDP,1500,"1779594585.361074 IP (tos 0x0, ttl 64, id 35697, offset 0, flags [+], proto UDP (17), length 1500)"
1779594585.363070,,,UDP,1500,"1779594585.363070 IP (tos 0x0, ttl 64, id 35698, offset 0, flags [+], proto UDP (17), length 1500)"
1779594585.364739,,,UDP,1500,"1779594585.364739 IP (tos 0x0, ttl 64, id 35699, offset 0, flags [+], proto UDP (17), length 1500)"
1779594585.365971,,,UDP,1500,"1779594585.365971 IP (tos 0x0, ttl 64, id 35700, offset 0, flags [+], proto UDP (17), length 1500)"
1779594585.367006,,,UDP,1500,"1779594585.367006 IP (tos 0x0, ttl 64, id 35701, offset 0, flags [+], proto UDP (17), length 1500)"
1779594585.367869,,,UDP,1500,"1779594585.367869 IP (tos 0x0, ttl 64, id 35702, offset 0, flags [+], proto UDP (17), length 1500)"
1779594585.368598,,,UDP,1500,"1779594585.368598 IP (tos 0x0, ttl 64, id 35703, offset 0, flags [+], proto UDP (17), length 1500)"
1779594585.369260,,,UDP,1500,"1779594585.369260 IP (tos 0x0, ttl 64, id 35704, offset 0, flags [+], proto UDP (17), length 1500)"
1779594585.461682,,,UDP,29,"1779594585.461682 IP (tos 0x0, ttl 64, id 43761, offset 0, flags [DF], proto UDP (17), length 29)"
1779594585.462742,,,UDP,1500,"1779594585.462742 IP (tos 0x0, ttl 64, id 35710, offset 0, flags [+], proto UDP (17), length 1500)"
1779594585.464659,,,UDP,29,"1779594585.464659 IP (tos 0x0, ttl 64, id 43762, offset 0, flags [DF], proto UDP (17), length 29)"
1779594585.465664,,,UDP,29,"1779594585.465664 IP (tos 0x0, ttl 64, id 43763, offset 0, flags [DF], proto UDP (17), length 29)"
1779594585.465668,,,UDP,1500,"1779594585.465668 IP (tos 0x0, ttl 64, id 35711, offset 0, flags [+], proto UDP (17), length 1500)"
1779594585.466478,,,UDP,1500,"1779594585.466478 IP (tos 0x0, ttl 64, id 35712, offset 0, flags [+], proto UDP (17), length 1500)"
1779594585.467036,,,UDP,29,"1779594585.467036 IP (tos 0x0, ttl 64, id 43764, offset 0, flags [DF], proto UDP (17), length 29)"
1779594585.467928,,,UDP,29,"1779594585.467928 IP (tos 0x0, ttl 64, id 43765, offset 0, flags [DF], proto UDP (17), length 29)"
1779594585.467929,,,UDP,1500,"1779594585.467929 IP (tos 0x0, ttl 64, id 35713, offset 0, flags [+], proto UDP (17), length 1500)"
1779594585.468470,,,UDP,29,"1779594585.468470 IP (tos 0x0, ttl 64, id 43766, offset 0, flags [DF], proto UDP (17), length 29)"
1779594585.468783,,,UDP,1500,"1779594585.468783 IP (tos 0x0, ttl 64, id 35714, offset 0, flags [+], proto UDP (17), length 1500)"
1779594585.469253,,,UDP,29,"1779594585.469253 IP (tos 0x0, ttl 64, id 43767, offset 0, flags [DF], proto UDP (17), length 29)"
1779594585.469520,,,UDP,1500,"1779594585.469520 IP (tos 0x0, ttl 64, id 35715, offset 0, flags [+], proto UDP (17), length 1500)"
1779594585.469702,,,UDP,29,"1779594585.469702 IP (tos 0x0, ttl 64, id 43768, offset 0, flags [DF], proto UDP (17), length 29)"
1779594585.470285,,,UDP,1500,"1779594585.470285 IP (tos 0x0, ttl 64, id 35716, offset 0, flags [+], proto UDP (17), length 1500)"
1779594585.470970,,,UDP,1500,"1779594585.470970 IP (tos 0x0, ttl 64, id 35717, offset 0, flags [+], proto UDP (17), length 1500)"
1779594585.563892,,,UDP,29,"1779594585.563892 IP (tos 0x0, ttl 64, id 43791, offset 0, flags [DF], proto UDP (17), length 29)"
1779594585.564967,,,UDP,1500,"1779594585.564967 IP (tos 0x0, ttl 64, id 35741, offset 0, flags [+], proto UDP (17), length 1500)"
1779594585.566300,,,UDP,29,"1779594585.566300 IP (tos 0x0, ttl 64, id 43792, offset 0, flags [DF], proto UDP (17), length 29)"
1779594585.567068,,,UDP,1500,"1779594585.567068 IP (tos 0x0, ttl 64, id 35742, offset 0, flags [+], proto UDP (17), length 1500)"
1779594585.567196,,,UDP,30,"1779594585.567196 IP (tos 0x0, ttl 64, id 43793, offset 0, flags [DF], proto UDP (17), length 30)"
1779594585.567949,,,UDP,1500,"1779594585.567949 IP (tos 0x0, ttl 64, id 35743, offset 0, flags [+], proto UDP (17), length 1500)"
1779594585.568739,,,UDP,30,"1779594585.568739 IP (tos 0x0, ttl 64, id 43794, offset 0, flags [DF], proto UDP (17), length 30)"
1779594585.569341,,,UDP,1500,"1779594585.569341 IP (tos 0x0, ttl 64, id 35744, offset 0, flags [+], proto UDP (17), length 1500)"
1779594585.569342,,,UDP,30,"1779594585.569342 IP (tos 0x0, ttl 64, id 43795, offset 0, flags [DF], proto UDP (17), length 30)"
1779594585.569976,,,UDP,1500,"1779594585.569976 IP (tos 0x0, ttl 64, id 35745, offset 0, flags [+], proto UDP (17), length 1500)"
1779594585.570844,,,UDP,30,"1779594585.570844 IP (tos 0x0, ttl 64, id 43797, offset 0, flags [DF], proto UDP (17), length 30)"
1779594585.571481,,,UDP,30,"1779594585.571481 IP (tos 0x0, ttl 64, id 43798, offset 0, flags [DF], proto UDP (17), length 30)"
1779594585.571553,,,UDP,1500,"1779594585.571553 IP (tos 0x0, ttl 64, id 35746, offset 0, flags [+], proto UDP (17), length 1500)"
1779594585.572191,,,UDP,1500,"1779594585.572191 IP (tos 0x0, ttl 64, id 35747, offset 0, flags [+], proto UDP (17), length 1500)"
1779594585.572797,,,UDP,1500,"1779594585.572797 IP (tos 0x0, ttl 64, id 35748, offset 0, flags [+], proto UDP (17), length 1500)"
1779594585.665984,,,UDP,30,"1779594585.665984 IP (tos 0x0, ttl 64, id 43813, offset 0, flags [DF], proto UDP (17), length 30)"
1779594585.667396,,,UDP,1500,"1779594585.667396 IP (tos 0x0, ttl 64, id 35753, offset 0, flags [+], proto UDP (17), length 1500)"
1779594585.667844,,,UDP,30,"1779594585.667844 IP (tos 0x0, ttl 64, id 43814, offset 0, flags [DF], proto UDP (17), length 30)"
1779594585.668939,,,UDP,1500,"1779594585.668939 IP (tos 0x0, ttl 64, id 35754, offset 0, flags [+], proto UDP (17), length 1500)"
1779594585.669915,,,UDP,30,"1779594585.669915 IP (tos 0x0, ttl 64, id 43816, offset 0, flags [DF], proto UDP (17), length 30)"
1779594585.670599,,,UDP,30,"1779594585.670599 IP (tos 0x0, ttl 64, id 43817, offset 0, flags [DF], proto UDP (17), length 30)"
1779594585.671018,,,UDP,1500,"1779594585.671018 IP (tos 0x0, ttl 64, id 35755, offset 0, flags [+], proto UDP (17), length 1500)"
1779594585.672052,,,UDP,1500,"1779594585.672052 IP (tos 0x0, ttl 64, id 35756, offset 0, flags [+], proto UDP (17), length 1500)"
1779594585.672671,,,UDP,30,"1779594585.672671 IP (tos 0x0, ttl 64, id 43819, offset 0, flags [DF], proto UDP (17), length 30)"
1779594585.672896,,,UDP,1500,"1779594585.672896 IP (tos 0x0, ttl 64, id 35757, offset 0, flags [+], proto UDP (17), length 1500)"
1779594585.673493,,,UDP,30,"1779594585.673493 IP (tos 0x0, ttl 64, id 43820, offset 0, flags [DF], proto UDP (17), length 30)"
1779594585.673610,,,UDP,1500,"1779594585.673610 IP (tos 0x0, ttl 64, id 35758, offset 0, flags [+], proto UDP (17), length 1500)"
1779594585.674258,,,UDP,1500,"1779594585.674258 IP (tos 0x0, ttl 64, id 35759, offset 0, flags [+], proto UDP (17), length 1500)"
1779594585.674975,,,UDP,1500,"1779594585.674975 IP (tos 0x0, ttl 64, id 35760, offset 0, flags [+], proto UDP (17), length 1500)"
1779594585.768747,,,UDP,30,"1779594585.768747 IP (tos 0x0, ttl 64, id 43844, offset 0, flags [DF], proto UDP (17), length 30)"
1779594585.770379,,,UDP,1500,"1779594585.770379 IP (tos 0x0, ttl 64, id 35774, offset 0, flags [+], proto UDP (17), length 1500)"
1779594585.773911,,,UDP,30,"1779594585.773911 IP (tos 0x0, ttl 64, id 43848, offset 0, flags [DF], proto UDP (17), length 30)"
1779594585.774356,,,UDP,30,"1779594585.774356 IP (tos 0x0, ttl 64, id 43849, offset 0, flags [DF], proto UDP (17), length 30)"
1779594585.775053,,,UDP,30,"1779594585.775053 IP (tos 0x0, ttl 64, id 43850, offset 0, flags [DF], proto UDP (17), length 30)"
1779594585.775650,,,UDP,1500,"1779594585.775650 IP (tos 0x0, ttl 64, id 35775, offset 0, flags [+], proto UDP (17), length 1500)"
1779594585.775784,,,UDP,30,"1779594585.775784 IP (tos 0x0, ttl 64, id 43851, offset 0, flags [DF], proto UDP (17), length 30)"
1779594585.776677,,,UDP,1500,"1779594585.776677 IP (tos 0x0, ttl 64, id 35776, offset 0, flags [+], proto UDP (17), length 1500)"
1779594585.777587,,,UDP,1500,"1779594585.777587 IP (tos 0x0, ttl 64, id 35777, offset 0, flags [+], proto UDP (17), length 1500)"
1779594585.778500,,,UDP,1500,"1779594585.778500 IP (tos 0x0, ttl 64, id 35778, offset 0, flags [+], proto UDP (17), length 1500)"
1779594585.779935,,,UDP,1500,"1779594585.779935 IP (tos 0x0, ttl 64, id 35779, offset 0, flags [+], proto UDP (17), length 1500)"
1779594585.780907,,,UDP,1500,"1779594585.780907 IP (tos 0x0, ttl 64, id 35780, offset 0, flags [+], proto UDP (17), length 1500)"
1779594585.781866,,,UDP,1500,"1779594585.781866 IP (tos 0x0, ttl 64, id 35781, offset 0, flags [+], proto UDP (17), length 1500)"
1779594585.871890,,,UDP,30,"1779594585.871890 IP (tos 0x0, ttl 64, id 43854, offset 0, flags [DF], proto UDP (17), length 30)"
1779594585.873599,,,UDP,1500,"1779594585.873599 IP (tos 0x0, ttl 64, id 35801, offset 0, flags [+], proto UDP (17), length 1500)"
1779594585.876901,,,UDP,30,"1779594585.876901 IP (tos 0x0, ttl 64, id 43855, offset 0, flags [DF], proto UDP (17), length 30)"
1779594585.877538,,,UDP,30,"1779594585.877538 IP (tos 0x0, ttl 64, id 43856, offset 0, flags [DF], proto UDP (17), length 30)"
1779594585.878300,,,UDP,1500,"1779594585.878300 IP (tos 0x0, ttl 64, id 35802, offset 0, flags [+], proto UDP (17), length 1500)"
1779594585.878395,,,UDP,30,"1779594585.878395 IP (tos 0x0, ttl 64, id 43857, offset 0, flags [DF], proto UDP (17), length 30)"
1779594585.879523,,,UDP,30,"1779594585.879523 IP (tos 0x0, ttl 64, id 43858, offset 0, flags [DF], proto UDP (17), length 30)"
1779594585.879816,,,UDP,1500,"1779594585.879816 IP (tos 0x0, ttl 64, id 35803, offset 0, flags [+], proto UDP (17), length 1500)"
1779594585.880718,,,UDP,30,"1779594585.880718 IP (tos 0x0, ttl 64, id 43859, offset 0, flags [DF], proto UDP (17), length 30)"
1779594585.881250,,,UDP,1500,"1779594585.881250 IP (tos 0x0, ttl 64, id 35804, offset 0, flags [+], proto UDP (17), length 1500)"
1779594585.881838,,,UDP,30,"1779594585.881838 IP (tos 0x0, ttl 64, id 43860, offset 0, flags [DF], proto UDP (17), length 30)"
1779594585.882266,,,UDP,1500,"1779594585.882266 IP (tos 0x0, ttl 64, id 35805, offset 0, flags [+], proto UDP (17), length 1500)"
1779594585.882532,,,UDP,30,"1779594585.882532 IP (tos 0x0, ttl 64, id 43861, offset 0, flags [DF], proto UDP (17), length 30)"
1779594585.882943,,,UDP,1500,"1779594585.882943 IP (tos 0x0, ttl 64, id 35806, offset 0, flags [+], proto UDP (17), length 1500)"
1779594585.883636,,,UDP,1500,"1779594585.883636 IP (tos 0x0, ttl 64, id 35807, offset 0, flags [+], proto UDP (17), length 1500)"
1779594585.884367,,,UDP,1500,"1779594585.884367 IP (tos 0x0, ttl 64, id 35808, offset 0, flags [+], proto UDP (17), length 1500)"
1779594585.974906,,,UDP,30,"1779594585.974906 IP (tos 0x0, ttl 64, id 43868, offset 0, flags [DF], proto UDP (17), length 30)"
1779594585.975815,,,UDP,1500,"1779594585.975815 IP (tos 0x0, ttl 64, id 35829, offset 0, flags [+], proto UDP (17), length 1500)"
1779594585.979544,,,UDP,30,"1779594585.979544 IP (tos 0x0, ttl 64, id 43869, offset 0, flags [DF], proto UDP (17), length 30)"
1779594585.980525,,,UDP,1500,"1779594585.980525 IP (tos 0x0, ttl 64, id 35830, offset 0, flags [+], proto UDP (17), length 1500)"
1779594585.982212,,,UDP,30,"1779594585.982212 IP (tos 0x0, ttl 64, id 43871, offset 0, flags [DF], proto UDP (17), length 30)"
1779594585.983392,,,UDP,1500,"1779594585.983392 IP (tos 0x0, ttl 64, id 35831, offset 0, flags [+], proto UDP (17), length 1500)"
1779594585.984076,,,UDP,1500,"1779594585.984076 IP (tos 0x0, ttl 64, id 35832, offset 0, flags [+], proto UDP (17), length 1500)"
1779594585.984286,,,UDP,30,"1779594585.984286 IP (tos 0x0, ttl 64, id 43874, offset 0, flags [DF], proto UDP (17), length 30)"
1779594585.984853,,,UDP,30,"1779594585.984853 IP (tos 0x0, ttl 64, id 43875, offset 0, flags [DF], proto UDP (17), length 30)"
1779594585.984957,,,UDP,1500,"1779594585.984957 IP (tos 0x0, ttl 64, id 35833, offset 0, flags [+], proto UDP (17), length 1500)"
1779594585.985565,,,UDP,1500,"1779594585.985565 IP (tos 0x0, ttl 64, id 35834, offset 0, flags [+], proto UDP (17), length 1500)"
1779594585.986174,,,UDP,1500,"1779594585.986174 IP (tos 0x0, ttl 64, id 35835, offset 0, flags [+], proto UDP (17), length 1500)"
1779594585.986679,,,UDP,1500,"1779594585.986679 IP (tos 0x0, ttl 64, id 35836, offset 0, flags [+], proto UDP (17), length 1500)"
1779594586.076831,,,UDP,30,"1779594586.076831 IP (tos 0x0, ttl 64, id 43897, offset 0, flags [DF], proto UDP (17), length 30)"
1779594586.078395,,,UDP,1500,"1779594586.078395 IP (tos 0x0, ttl 64, id 35851, offset 0, flags [+], proto UDP (17), length 1500)"
1779594586.081331,,,UDP,30,"1779594586.081331 IP (tos 0x0, ttl 64, id 43898, offset 0, flags [DF], proto UDP (17), length 30)"
1779594586.082854,,,UDP,1500,"1779594586.082854 IP (tos 0x0, ttl 64, id 35852, offset 0, flags [+], proto UDP (17), length 1500)"
1779594586.085070,,,UDP,30,"1779594586.085070 IP (tos 0x0, ttl 64, id 43900, offset 0, flags [DF], proto UDP (17), length 30)"
1779594586.086230,,,UDP,30,"1779594586.086230 IP (tos 0x0, ttl 64, id 43902, offset 0, flags [DF], proto UDP (17), length 30)"
1779594586.086378,,,UDP,1500,"1779594586.086378 IP (tos 0x0, ttl 64, id 35853, offset 0, flags [+], proto UDP (17), length 1500)"
1779594586.086532,,,UDP,30,"1779594586.086532 IP (tos 0x0, ttl 64, id 43903, offset 0, flags [DF], proto UDP (17), length 30)"
1779594586.087250,,,UDP,30,"1779594586.087250 IP (tos 0x0, ttl 64, id 43904, offset 0, flags [DF], proto UDP (17), length 30)"
1779594586.087299,,,UDP,1500,"1779594586.087299 IP (tos 0x0, ttl 64, id 35854, offset 0, flags [+], proto UDP (17), length 1500)"
1779594586.088000,,,UDP,1500,"1779594586.088000 IP (tos 0x0, ttl 64, id 35855, offset 0, flags [+], proto UDP (17), length 1500)"
1779594586.088758,,,UDP,1500,"1779594586.088758 IP (tos 0x0, ttl 64, id 35856, offset 0, flags [+], proto UDP (17), length 1500)"
1779594586.089379,,,UDP,1500,"1779594586.089379 IP (tos 0x0, ttl 64, id 35857, offset 0, flags [+], proto UDP (17), length 1500)"
1779594586.089895,,,UDP,1500,"1779594586.089895 IP (tos 0x0, ttl 64, id 35858, offset 0, flags [+], proto UDP (17), length 1500)"
1779594586.180006,,,UDP,30,"1779594586.180006 IP (tos 0x0, ttl 64, id 43917, offset 0, flags [DF], proto UDP (17), length 30)"
1779594586.181709,,,UDP,1500,"1779594586.181709 IP (tos 0x0, ttl 64, id 35868, offset 0, flags [+], proto UDP (17), length 1500)"
1779594586.187367,,,UDP,30,"1779594586.187367 IP (tos 0x0, ttl 64, id 43919, offset 0, flags [DF], proto UDP (17), length 30)"
1779594586.188001,,,UDP,30,"1779594586.188001 IP (tos 0x0, ttl 64, id 43920, offset 0, flags [DF], proto UDP (17), length 30)"
1779594586.188059,,,UDP,1500,"1779594586.188059 IP (tos 0x0, ttl 64, id 35869, offset 0, flags [+], proto UDP (17), length 1500)"
1779594586.188638,,,UDP,1500,"1779594586.188638 IP (tos 0x0, ttl 64, id 35870, offset 0, flags [+], proto UDP (17), length 1500)"
1779594586.188766,,,UDP,30,"1779594586.188766 IP (tos 0x0, ttl 64, id 43921, offset 0, flags [DF], proto UDP (17), length 30)"
1779594586.189200,,,UDP,1500,"1779594586.189200 IP (tos 0x0, ttl 64, id 35871, offset 0, flags [+], proto UDP (17), length 1500)"
1779594586.189376,,,UDP,30,"1779594586.189376 IP (tos 0x0, ttl 64, id 43922, offset 0, flags [DF], proto UDP (17), length 30)"
1779594586.189741,,,UDP,1500,"1779594586.189741 IP (tos 0x0, ttl 64, id 35872, offset 0, flags [+], proto UDP (17), length 1500)"
1779594586.189986,,,UDP,30,"1779594586.189986 IP (tos 0x0, ttl 64, id 43923, offset 0, flags [DF], proto UDP (17), length 30)"
1779594586.190249,,,UDP,1500,"1779594586.190249 IP (tos 0x0, ttl 64, id 35873, offset 0, flags [+], proto UDP (17), length 1500)"
1779594586.190412,,,UDP,30,"1779594586.190412 IP (tos 0x0, ttl 64, id 43924, offset 0, flags [DF], proto UDP (17), length 30)"
1779594586.191064,,,UDP,1500,"1779594586.191064 IP (tos 0x0, ttl 64, id 35874, offset 0, flags [+], proto UDP (17), length 1500)"
1779594586.191676,,,UDP,1500,"1779594586.191676 IP (tos 0x0, ttl 64, id 35875, offset 0, flags [+], proto UDP (17), length 1500)"
1779594586.283268,,,UDP,30,"1779594586.283268 IP (tos 0x0, ttl 64, id 43933, offset 0, flags [DF], proto UDP (17), length 30)"
1779594586.285038,,,UDP,1500,"1779594586.285038 IP (tos 0x0, ttl 64, id 35895, offset 0, flags [+], proto UDP (17), length 1500)"
1779594586.288803,,,UDP,30,"1779594586.288803 IP (tos 0x0, ttl 64, id 43934, offset 0, flags [DF], proto UDP (17), length 30)"
1779594586.289231,,,UDP,30,"1779594586.289231 IP (tos 0x0, ttl 64, id 43935, offset 0, flags [DF], proto UDP (17), length 30)"
1779594586.290306,,,UDP,30,"1779594586.290306 IP (tos 0x0, ttl 64, id 43937, offset 0, flags [DF], proto UDP (17), length 30)"
1779594586.290668,,,UDP,1500,"1779594586.290668 IP (tos 0x0, ttl 64, id 35896, offset 0, flags [+], proto UDP (17), length 1500)"
1779594586.291595,,,UDP,30,"1779594586.291595 IP (tos 0x0, ttl 64, id 43939, offset 0, flags [DF], proto UDP (17), length 30)"
1779594586.291909,,,UDP,1500,"1779594586.291909 IP (tos 0x0, ttl 64, id 35897, offset 0, flags [+], proto UDP (17), length 1500)"
1779594586.293104,,,UDP,1500,"1779594586.293104 IP (tos 0x0, ttl 64, id 35898, offset 0, flags [+], proto UDP (17), length 1500)"
1779594586.294319,,,UDP,1500,"1779594586.294319 IP (tos 0x0, ttl 64, id 35899, offset 0, flags [+], proto UDP (17), length 1500)"
1779594586.295375,,,UDP,1500,"1779594586.295375 IP (tos 0x0, ttl 64, id 35900, offset 0, flags [+], proto UDP (17), length 1500)"
1779594586.296449,,,UDP,1500,"1779594586.296449 IP (tos 0x0, ttl 64, id 35901, offset 0, flags [+], proto UDP (17), length 1500)"
1779594586.386573,,,UDP,30,"1779594586.386573 IP (tos 0x0, ttl 64, id 43941, offset 0, flags [DF], proto UDP (17), length 30)"
1779594586.388393,,,UDP,1500,"1779594586.388393 IP (tos 0x0, ttl 64, id 35909, offset 0, flags [+], proto UDP (17), length 1500)"
1779594586.389575,,,UDP,1500,"1779594586.389575 IP (tos 0x0, ttl 64, id 35910, offset 0, flags [+], proto UDP (17), length 1500)"
1779594586.393348,,,UDP,30,"1779594586.393348 IP (tos 0x0, ttl 64, id 43943, offset 0, flags [DF], proto UDP (17), length 30)"
1779594586.394184,,,UDP,30,"1779594586.394184 IP (tos 0x0, ttl 64, id 43944, offset 0, flags [DF], proto UDP (17), length 30)"
1779594586.395383,,,UDP,30,"1779594586.395383 IP (tos 0x0, ttl 64, id 43945, offset 0, flags [DF], proto UDP (17), length 30)"
1779594586.395493,,,UDP,1500,"1779594586.395493 IP (tos 0x0, ttl 64, id 35911, offset 0, flags [+], proto UDP (17), length 1500)"
1779594586.396573,,,UDP,30,"1779594586.396573 IP (tos 0x0, ttl 64, id 43946, offset 0, flags [DF], proto UDP (17), length 30)"
1779594586.397055,,,UDP,1500,"1779594586.397055 IP (tos 0x0, ttl 64, id 35912, offset 0, flags [+], proto UDP (17), length 1500)"
1779594586.397558,,,UDP,30,"1779594586.397558 IP (tos 0x0, ttl 64, id 43947, offset 0, flags [DF], proto UDP (17), length 30)"
1779594586.398552,,,UDP,1500,"1779594586.398552 IP (tos 0x0, ttl 64, id 35913, offset 0, flags [+], proto UDP (17), length 1500)"
1779594586.399961,,,UDP,1500,"1779594586.399961 IP (tos 0x0, ttl 64, id 35914, offset 0, flags [+], proto UDP (17), length 1500)"
1779594586.400542,,,UDP,1500,"1779594586.400542 IP (tos 0x0, ttl 64, id 35915, offset 0, flags [+], proto UDP (17), length 1500)"
1779594586.401429,,,UDP,1500,"1779594586.401429 IP (tos 0x0, ttl 64, id 35916, offset 0, flags [+], proto UDP (17), length 1500)"
1779594586.489996,,,UDP,30,"1779594586.489996 IP (tos 0x0, ttl 64, id 43948, offset 0, flags [DF], proto UDP (17), length 30)"
1779594586.490776,,,UDP,30,"1779594586.490776 IP (tos 0x0, ttl 64, id 43949, offset 0, flags [DF], proto UDP (17), length 30)"
1779594586.491603,,,UDP,1500,"1779594586.491603 IP (tos 0x0, ttl 64, id 35923, offset 0, flags [+], proto UDP (17), length 1500)"
1779594586.492798,,,UDP,1500,"1779594586.492798 IP (tos 0x0, ttl 64, id 35924, offset 0, flags [+], proto UDP (17), length 1500)"
1779594586.497304,,,UDP,30,"1779594586.497304 IP (tos 0x0, ttl 64, id 43951, offset 0, flags [DF], proto UDP (17), length 30)"
1779594586.498612,,,UDP,30,"1779594586.498612 IP (tos 0x0, ttl 64, id 43952, offset 0, flags [DF], proto UDP (17), length 30)"
1779594586.498802,,,UDP,1500,"1779594586.498802 IP (tos 0x0, ttl 64, id 35925, offset 0, flags [+], proto UDP (17), length 1500)"
1779594586.500304,,,UDP,1500,"1779594586.500304 IP (tos 0x0, ttl 64, id 35926, offset 0, flags [+], proto UDP (17), length 1500)"
1779594586.500669,,,UDP,30,"1779594586.500669 IP (tos 0x0, ttl 64, id 43954, offset 0, flags [DF], proto UDP (17), length 30)"
1779594586.501853,,,UDP,1500,"1779594586.501853 IP (tos 0x0, ttl 64, id 35927, offset 0, flags [+], proto UDP (17), length 1500)"
1779594586.502263,,,UDP,30,"1779594586.502263 IP (tos 0x0, ttl 64, id 43956, offset 0, flags [DF], proto UDP (17), length 30)"
1779594586.502919,,,UDP,1500,"1779594586.502919 IP (tos 0x0, ttl 64, id 35928, offset 0, flags [+], proto UDP (17), length 1500)"
1779594586.503832,,,UDP,1500,"1779594586.503832 IP (tos 0x0, ttl 64, id 35929, offset 0, flags [+], proto UDP (17), length 1500)"
1779594586.504719,,,UDP,1500,"1779594586.504719 IP (tos 0x0, ttl 64, id 35930, offset 0, flags [+], proto UDP (17), length 1500)"
1779594586.593047,,,UDP,30,"1779594586.593047 IP (tos 0x0, ttl 64, id 43973, offset 0, flags [DF], proto UDP (17), length 30)"
1779594586.594710,,,UDP,1500,"1779594586.594710 IP (tos 0x0, ttl 64, id 35934, offset 0, flags [+], proto UDP (17), length 1500)"
1779594586.601516,,,UDP,30,"1779594586.601516 IP (tos 0x0, ttl 64, id 43977, offset 0, flags [DF], proto UDP (17), length 30)"
1779594586.602916,,,UDP,30,"1779594586.602916 IP (tos 0x0, ttl 64, id 43978, offset 0, flags [DF], proto UDP (17), length 30)"
1779594586.603118,,,UDP,1500,"1779594586.603118 IP (tos 0x0, ttl 64, id 35935, offset 0, flags [+], proto UDP (17), length 1500)"
1779594586.603790,,,UDP,30,"1779594586.603790 IP (tos 0x0, ttl 64, id 43979, offset 0, flags [DF], proto UDP (17), length 30)"
1779594586.604455,,,UDP,1500,"1779594586.604455 IP (tos 0x0, ttl 64, id 35936, offset 0, flags [+], proto UDP (17), length 1500)"
1779594586.604665,,,UDP,30,"1779594586.604665 IP (tos 0x0, ttl 64, id 43980, offset 0, flags [DF], proto UDP (17), length 30)"
1779594586.605430,,,UDP,30,"1779594586.605430 IP (tos 0x0, ttl 64, id 43981, offset 0, flags [DF], proto UDP (17), length 30)"
1779594586.605745,,,UDP,1500,"1779594586.605745 IP (tos 0x0, ttl 64, id 35937, offset 0, flags [+], proto UDP (17), length 1500)"
1779594586.607033,,,UDP,1500,"1779594586.607033 IP (tos 0x0, ttl 64, id 35938, offset 0, flags [+], proto UDP (17), length 1500)"
1779594586.608369,,,UDP,1500,"1779594586.608369 IP (tos 0x0, ttl 64, id 35939, offset 0, flags [+], proto UDP (17), length 1500)"
1779594586.609466,,,UDP,1500,"1779594586.609466 IP (tos 0x0, ttl 64, id 35940, offset 0, flags [+], proto UDP (17), length 1500)"
1779594586.610398,,,UDP,1500,"1779594586.610398 IP (tos 0x0, ttl 64, id 35941, offset 0, flags [+], proto UDP (17), length 1500)"
1779594586.697257,,,UDP,30,"1779594586.697257 IP (tos 0x0, ttl 64, id 43986, offset 0, flags [DF], proto UDP (17), length 30)"
1779594586.698939,,,UDP,1500,"1779594586.698939 IP (tos 0x0, ttl 64, id 35958, offset 0, flags [+], proto UDP (17), length 1500)"
1779594586.704550,,,UDP,30,"1779594586.704550 IP (tos 0x0, ttl 64, id 43987, offset 0, flags [DF], proto UDP (17), length 30)"
1779594586.705794,,,UDP,30,"1779594586.705794 IP (tos 0x0, ttl 64, id 43988, offset 0, flags [DF], proto UDP (17), length 30)"
1779594586.706277,,,UDP,1500,"1779594586.706277 IP (tos 0x0, ttl 64, id 35960, offset 0, flags [+], proto UDP (17), length 1500)"
1779594586.706766,,,UDP,30,"1779594586.706766 IP (tos 0x0, ttl 64, id 43989, offset 0, flags [DF], proto UDP (17), length 30)"
1779594586.707854,,,UDP,1500,"1779594586.707854 IP (tos 0x0, ttl 64, id 35961, offset 0, flags [+], proto UDP (17), length 1500)"
1779594586.708032,,,UDP,30,"1779594586.708032 IP (tos 0x0, ttl 64, id 43990, offset 0, flags [DF], proto UDP (17), length 30)"
1779594586.709121,,,UDP,1500,"1779594586.709121 IP (tos 0x0, ttl 64, id 35962, offset 0, flags [+], proto UDP (17), length 1500)"
1779594586.709447,,,UDP,31,"1779594586.709447 IP (tos 0x0, ttl 64, id 43991, offset 0, flags [DF], proto UDP (17), length 31)"
1779594586.710370,,,UDP,31,"1779594586.710370 IP (tos 0x0, ttl 64, id 43992, offset 0, flags [DF], proto UDP (17), length 31)"
1779594586.710458,,,UDP,1500,"1779594586.710458 IP (tos 0x0, ttl 64, id 35963, offset 0, flags [+], proto UDP (17), length 1500)"
1779594586.711202,,,UDP,31,"1779594586.711202 IP (tos 0x0, ttl 64, id 43993, offset 0, flags [DF], proto UDP (17), length 31)"
1779594586.711666,,,UDP,1500,"1779594586.711666 IP (tos 0x0, ttl 64, id 35964, offset 0, flags [+], proto UDP (17), length 1500)"
1779594586.712806,,,UDP,1500,"1779594586.712806 IP (tos 0x0, ttl 64, id 35965, offset 0, flags [+], proto UDP (17), length 1500)"
1779594586.713684,,,UDP,1500,"1779594586.713684 IP (tos 0x0, ttl 64, id 35966, offset 0, flags [+], proto UDP (17), length 1500)"
1779594586.807807,,,UDP,31,"1779594586.807807 IP (tos 0x0, ttl 64, id 44001, offset 0, flags [DF], proto UDP (17), length 31)"
1779594586.809051,,,UDP,31,"1779594586.809051 IP (tos 0x0, ttl 64, id 44002, offset 0, flags [DF], proto UDP (17), length 31)"
1779594586.809519,,,UDP,1500,"1779594586.809519 IP (tos 0x0, ttl 64, id 35990, offset 0, flags [+], proto UDP (17), length 1500)"
1779594586.810273,,,UDP,31,"1779594586.810273 IP (tos 0x0, ttl 64, id 44003, offset 0, flags [DF], proto UDP (17), length 31)"
1779594586.810790,,,UDP,1500,"1779594586.810790 IP (tos 0x0, ttl 64, id 35991, offset 0, flags [+], proto UDP (17), length 1500)"
1779594586.811439,,,UDP,31,"1779594586.811439 IP (tos 0x0, ttl 64, id 44004, offset 0, flags [DF], proto UDP (17), length 31)"
1779594586.811938,,,UDP,1500,"1779594586.811938 IP (tos 0x0, ttl 64, id 35992, offset 0, flags [+], proto UDP (17), length 1500)"
1779594586.813121,,,UDP,1500,"1779594586.813121 IP (tos 0x0, ttl 64, id 35993, offset 0, flags [+], proto UDP (17), length 1500)"
1779594586.813827,,,UDP,31,"1779594586.813827 IP (tos 0x0, ttl 64, id 44006, offset 0, flags [DF], proto UDP (17), length 31)"
1779594586.814455,,,UDP,1500,"1779594586.814455 IP (tos 0x0, ttl 64, id 35994, offset 0, flags [+], proto UDP (17), length 1500)"
1779594586.815717,,,UDP,1500,"1779594586.815717 IP (tos 0x0, ttl 64, id 35995, offset 0, flags [+], proto UDP (17), length 1500)"
1779594586.816735,,,UDP,1500,"1779594586.816735 IP (tos 0x0, ttl 64, id 35996, offset 0, flags [+], proto UDP (17), length 1500)"
1779594586.911012,,,UDP,31,"1779594586.911012 IP (tos 0x0, ttl 64, id 44019, offset 0, flags [DF], proto UDP (17), length 31)"
1779594586.911832,,,UDP,31,"1779594586.911832 IP (tos 0x0, ttl 64, id 44020, offset 0, flags [DF], proto UDP (17), length 31)"
1779594586.912508,,,UDP,1500,"1779594586.912508 IP (tos 0x0, ttl 64, id 36010, offset 0, flags [+], proto UDP (17), length 1500)"
1779594586.913247,,,UDP,31,"1779594586.913247 IP (tos 0x0, ttl 64, id 44021, offset 0, flags [DF], proto UDP (17), length 31)"
1779594586.913701,,,UDP,1500,"1779594586.913701 IP (tos 0x0, ttl 64, id 36011, offset 0, flags [+], proto UDP (17), length 1500)"
1779594586.914317,,,UDP,31,"1779594586.914317 IP (tos 0x0, ttl 64, id 44022, offset 0, flags [DF], proto UDP (17), length 31)"
1779594586.914851,,,UDP,1500,"1779594586.914851 IP (tos 0x0, ttl 64, id 36012, offset 0, flags [+], proto UDP (17), length 1500)"
1779594586.915652,,,UDP,31,"1779594586.915652 IP (tos 0x0, ttl 64, id 44023, offset 0, flags [DF], proto UDP (17), length 31)"
1779594586.915780,,,UDP,1500,"1779594586.915780 IP (tos 0x0, ttl 64, id 36013, offset 0, flags [+], proto UDP (17), length 1500)"
1779594586.916615,,,UDP,1500,"1779594586.916615 IP (tos 0x0, ttl 64, id 36014, offset 0, flags [+], proto UDP (17), length 1500)"
1779594586.916681,,,UDP,31,"1779594586.916681 IP (tos 0x0, ttl 64, id 44024, offset 0, flags [DF], proto UDP (17), length 31)"
1779594586.917483,,,UDP,1500,"1779594586.917483 IP (tos 0x0, ttl 64, id 36015, offset 0, flags [+], proto UDP (17), length 1500)"
1779594586.918522,,,UDP,1500,"1779594586.918522 IP (tos 0x0, ttl 64, id 36016, offset 0, flags [+], proto UDP (17), length 1500)"
1779594587.013675,,,UDP,31,"1779594587.013675 IP (tos 0x0, ttl 64, id 44047, offset 0, flags [DF], proto UDP (17), length 31)"
1779594587.014481,,,UDP,1500,"1779594587.014481 IP (tos 0x0, ttl 64, id 36021, offset 0, flags [+], proto UDP (17), length 1500)"
1779594587.014992,,,UDP,1500,"1779594587.014992 IP (tos 0x0, ttl 64, id 36022, offset 0, flags [+], proto UDP (17), length 1500)"
1779594587.015740,,,UDP,31,"1779594587.015740 IP (tos 0x0, ttl 64, id 44049, offset 0, flags [DF], proto UDP (17), length 31)"
1779594587.016224,,,UDP,1500,"1779594587.016224 IP (tos 0x0, ttl 64, id 36023, offset 0, flags [+], proto UDP (17), length 1500)"
1779594587.016663,,,UDP,1500,"1779594587.016663 IP (tos 0x0, ttl 64, id 36024, offset 0, flags [+], proto UDP (17), length 1500)"
1779594587.017385,,,UDP,31,"1779594587.017385 IP (tos 0x0, ttl 64, id 44051, offset 0, flags [DF], proto UDP (17), length 31)"
1779594587.017939,,,UDP,1500,"1779594587.017939 IP (tos 0x0, ttl 64, id 36025, offset 0, flags [+], proto UDP (17), length 1500)"
1779594587.018261,,,UDP,31,"1779594587.018261 IP (tos 0x0, ttl 64, id 44052, offset 0, flags [DF], proto UDP (17), length 31)"
1779594587.018506,,,UDP,1500,"1779594587.018506 IP (tos 0x0, ttl 64, id 36026, offset 0, flags [+], proto UDP (17), length 1500)"
1779594587.019085,,,UDP,1500,"1779594587.019085 IP (tos 0x0, ttl 64, id 36027, offset 0, flags [+], proto UDP (17), length 1500)"
1779594587.019149,,,UDP,31,"1779594587.019149 IP (tos 0x0, ttl 64, id 44053, offset 0, flags [DF], proto UDP (17), length 31)"
1779594587.019902,,,UDP,1500,"1779594587.019902 IP (tos 0x0, ttl 64, id 36028, offset 0, flags [+], proto UDP (17), length 1500)"
1779594587.115368,,,UDP,31,"1779594587.115368 IP (tos 0x0, ttl 64, id 44067, offset 0, flags [DF], proto UDP (17), length 31)"
1779594587.115851,,,UDP,31,"1779594587.115851 IP (tos 0x0, ttl 64, id 44068, offset 0, flags [DF], proto UDP (17), length 31)"
1779594587.117284,,,UDP,1500,"1779594587.117284 IP (tos 0x0, ttl 64, id 36044, offset 0, flags [+], proto UDP (17), length 1500)"
1779594587.117379,,,UDP,31,"1779594587.117379 IP (tos 0x0, ttl 64, id 44070, offset 0, flags [DF], proto UDP (17), length 31)"
1779594587.118523,,,UDP,31,"1779594587.118523 IP (tos 0x0, ttl 64, id 44071, offset 0, flags [DF], proto UDP (17), length 31)"
1779594587.118588,,,UDP,1500,"1779594587.118588 IP (tos 0x0, ttl 64, id 36045, offset 0, flags [+], proto UDP (17), length 1500)"
1779594587.119221,,,UDP,31,"1779594587.119221 IP (tos 0x0, ttl 64, id 44072, offset 0, flags [DF], proto UDP (17), length 31)"
1779594587.120038,,,UDP,1500,"1779594587.120038 IP (tos 0x0, ttl 64, id 36046, offset 0, flags [+], proto UDP (17), length 1500)"
1779594587.120333,,,UDP,31,"1779594587.120333 IP (tos 0x0, ttl 64, id 44074, offset 0, flags [DF], proto UDP (17), length 31)"
1779594587.121350,,,UDP,1500,"1779594587.121350 IP (tos 0x0, ttl 64, id 36047, offset 0, flags [+], proto UDP (17), length 1500)"
1779594587.122561,,,UDP,1500,"1779594587.122561 IP (tos 0x0, ttl 64, id 36048, offset 0, flags [+], proto UDP (17), length 1500)"
1779594587.123885,,,UDP,1500,"1779594587.123885 IP (tos 0x0, ttl 64, id 36049, offset 0, flags [+], proto UDP (17), length 1500)"
1779594587.125044,,,UDP,1500,"1779594587.125044 IP (tos 0x0, ttl 64, id 36050, offset 0, flags [+], proto UDP (17), length 1500)"
1779594587.125990,,,UDP,1500,"1779594587.125990 IP (tos 0x0, ttl 64, id 36051, offset 0, flags [+], proto UDP (17), length 1500)"
1779594587.219600,,,UDP,31,"1779594587.219600 IP (tos 0x0, ttl 64, id 44083, offset 0, flags [DF], proto UDP (17), length 31)"
1779594587.220898,,,UDP,1500,"1779594587.220898 IP (tos 0x0, ttl 64, id 36062, offset 0, flags [+], proto UDP (17), length 1500)"
1779594587.221347,,,UDP,31,"1779594587.221347 IP (tos 0x0, ttl 64, id 44084, offset 0, flags [DF], proto UDP (17), length 31)"
1779594587.221664,,,UDP,1500,"1779594587.221664 IP (tos 0x0, ttl 64, id 36063, offset 0, flags [+], proto UDP (17), length 1500)"
1779594587.222206,,,UDP,1500,"1779594587.222206 IP (tos 0x0, ttl 64, id 36064, offset 0, flags [+], proto UDP (17), length 1500)"
1779594587.222643,,,UDP,31,"1779594587.222643 IP (tos 0x0, ttl 64, id 44085, offset 0, flags [DF], proto UDP (17), length 31)"
1779594587.223499,,,UDP,31,"1779594587.223499 IP (tos 0x0, ttl 64, id 44086, offset 0, flags [DF], proto UDP (17), length 31)"
1779594587.223583,,,UDP,1500,"1779594587.223583 IP (tos 0x0, ttl 64, id 36065, offset 0, flags [+], proto UDP (17), length 1500)"
1779594587.224596,,,UDP,1500,"1779594587.224596 IP (tos 0x0, ttl 64, id 36066, offset 0, flags [+], proto UDP (17), length 1500)"
1779594587.225011,,,UDP,31,"1779594587.225011 IP (tos 0x0, ttl 64, id 44087, offset 0, flags [DF], proto UDP (17), length 31)"
1779594587.225834,,,UDP,1500,"1779594587.225834 IP (tos 0x0, ttl 64, id 36067, offset 0, flags [+], proto UDP (17), length 1500)"
1779594587.225879,,,UDP,31,"1779594587.225879 IP (tos 0x0, ttl 64, id 44088, offset 0, flags [DF], proto UDP (17), length 31)"
1779594587.226457,,,UDP,1500,"1779594587.226457 IP (tos 0x0, ttl 64, id 36068, offset 0, flags [+], proto UDP (17), length 1500)"
1779594587.227090,,,UDP,31,"1779594587.227090 IP (tos 0x0, ttl 64, id 44089, offset 0, flags [DF], proto UDP (17), length 31)"
1779594587.227835,,,UDP,1500,"1779594587.227835 IP (tos 0x0, ttl 64, id 36069, offset 0, flags [+], proto UDP (17), length 1500)"
1779594587.321839,,,UDP,31,"1779594587.321839 IP (tos 0x0, ttl 64, id 44107, offset 0, flags [DF], proto UDP (17), length 31)"
1779594587.322304,,,UDP,31,"1779594587.322304 IP (tos 0x0, ttl 64, id 44108, offset 0, flags [DF], proto UDP (17), length 31)"
1779594587.323068,,,UDP,31,"1779594587.323068 IP (tos 0x0, ttl 64, id 44109, offset 0, flags [DF], proto UDP (17), length 31)"
1779594587.323540,,,UDP,1500,"1779594587.323540 IP (tos 0x0, ttl 64, id 36091, offset 0, flags [+], proto UDP (17), length 1500)"
1779594587.324128,,,UDP,1500,"1779594587.324128 IP (tos 0x0, ttl 64, id 36092, offset 0, flags [+], proto UDP (17), length 1500)"
1779594587.324490,,,UDP,31,"1779594587.324490 IP (tos 0x0, ttl 64, id 44110, offset 0, flags [DF], proto UDP (17), length 31)"
1779594587.324670,,,UDP,1500,"1779594587.324670 IP (tos 0x0, ttl 64, id 36093, offset 0, flags [+], proto UDP (17), length 1500)"
1779594587.325256,,,UDP,31,"1779594587.325256 IP (tos 0x0, ttl 64, id 44111, offset 0, flags [DF], proto UDP (17), length 31)"
1779594587.325421,,,UDP,1500,"1779594587.325421 IP (tos 0x0, ttl 64, id 36094, offset 0, flags [+], proto UDP (17), length 1500)"
1779594587.326077,,,UDP,1500,"1779594587.326077 IP (tos 0x0, ttl 64, id 36095, offset 0, flags [+], proto UDP (17), length 1500)"
1779594587.326525,,,UDP,31,"1779594587.326525 IP (tos 0x0, ttl 64, id 44112, offset 0, flags [DF], proto UDP (17), length 31)"
1779594587.327201,,,UDP,31,"1779594587.327201 IP (tos 0x0, ttl 64, id 44113, offset 0, flags [DF], proto UDP (17), length 31)"
1779594587.327483,,,UDP,1500,"1779594587.327483 IP (tos 0x0, ttl 64, id 36096, offset 0, flags [+], proto UDP (17), length 1500)"
1779594587.328039,,,UDP,1500,"1779594587.328039 IP (tos 0x0, ttl 64, id 36097, offset 0, flags [+], proto UDP (17), length 1500)"
1779594587.328538,,,UDP,31,"1779594587.328538 IP (tos 0x0, ttl 64, id 44114, offset 0, flags [DF], proto UDP (17), length 31)"
1779594587.329287,,,UDP,1500,"1779594587.329287 IP (tos 0x0, ttl 64, id 36098, offset 0, flags [+], proto UDP (17), length 1500)"
1779594587.424426,,,UDP,31,"1779594587.424426 IP (tos 0x0, ttl 64, id 44119, offset 0, flags [DF], proto UDP (17), length 31)"
1779594587.425439,,,UDP,31,"1779594587.425439 IP (tos 0x0, ttl 64, id 44121, offset 0, flags [DF], proto UDP (17), length 31)"
1779594587.426265,,,UDP,1500,"1779594587.426265 IP (tos 0x0, ttl 64, id 36108, offset 0, flags [+], proto UDP (17), length 1500)"
1779594587.426583,,,UDP,31,"1779594587.426583 IP (tos 0x0, ttl 64, id 44123, offset 0, flags [DF], proto UDP (17), length 31)"
1779594587.427750,,,UDP,1500,"1779594587.427750 IP (tos 0x0, ttl 64, id 36109, offset 0, flags [+], proto UDP (17), length 1500)"
1779594587.428235,,,UDP,31,"1779594587.428235 IP (tos 0x0, ttl 64, id 44124, offset 0, flags [DF], proto UDP (17), length 31)"
1779594587.429148,,,UDP,1500,"1779594587.429148 IP (tos 0x0, ttl 64, id 36110, offset 0, flags [+], proto UDP (17), length 1500)"
1779594587.429988,,,UDP,31,"1779594587.429988 IP (tos 0x0, ttl 64, id 44126, offset 0, flags [DF], proto UDP (17), length 31)"
1779594587.430562,,,UDP,1500,"1779594587.430562 IP (tos 0x0, ttl 64, id 36111, offset 0, flags [+], proto UDP (17), length 1500)"
1779594587.431762,,,UDP,1500,"1779594587.431762 IP (tos 0x0, ttl 64, id 36112, offset 0, flags [+], proto UDP (17), length 1500)"
1779594587.432484,,,UDP,1500,"1779594587.432484 IP (tos 0x0, ttl 64, id 36113, offset 0, flags [+], proto UDP (17), length 1500)"
1779594587.433091,,,UDP,1500,"1779594587.433091 IP (tos 0x0, ttl 64, id 36114, offset 0, flags [+], proto UDP (17), length 1500)"
1779594587.433634,,,UDP,1500,"1779594587.433634 IP (tos 0x0, ttl 64, id 36115, offset 0, flags [+], proto UDP (17), length 1500)"
1779594587.527894,,,UDP,31,"1779594587.527894 IP (tos 0x0, ttl 64, id 44146, offset 0, flags [DF], proto UDP (17), length 31)"
1779594587.528791,,,UDP,1500,"1779594587.528791 IP (tos 0x0, ttl 64, id 36135, offset 0, flags [+], proto UDP (17), length 1500)"
1779594587.528851,,,UDP,31,"1779594587.528851 IP (tos 0x0, ttl 64, id 44147, offset 0, flags [DF], proto UDP (17), length 31)"
1779594587.529507,,,UDP,1500,"1779594587.529507 IP (tos 0x0, ttl 64, id 36136, offset 0, flags [+], proto UDP (17), length 1500)"
1779594587.530698,,,UDP,31,"1779594587.530698 IP (tos 0x0, ttl 64, id 44148, offset 0, flags [DF], proto UDP (17), length 31)"
1779594587.531590,,,UDP,1500,"1779594587.531590 IP (tos 0x0, ttl 64, id 36137, offset 0, flags [+], proto UDP (17), length 1500)"
1779594587.532405,,,UDP,31,"1779594587.532405 IP (tos 0x0, ttl 64, id 44150, offset 0, flags [DF], proto UDP (17), length 31)"
1779594587.533194,,,UDP,1500,"1779594587.533194 IP (tos 0x0, ttl 64, id 36138, offset 0, flags [+], proto UDP (17), length 1500)"
1779594587.533770,,,UDP,31,"1779594587.533770 IP (tos 0x0, ttl 64, id 44152, offset 0, flags [DF], proto UDP (17), length 31)"
1779594587.533989,,,UDP,1500,"1779594587.533989 IP (tos 0x0, ttl 64, id 36139, offset 0, flags [+], proto UDP (17), length 1500)"
1779594587.534841,,,UDP,1500,"1779594587.534841 IP (tos 0x0, ttl 64, id 36140, offset 0, flags [+], proto UDP (17), length 1500)"
1779594587.535764,,,UDP,1500,"1779594587.535764 IP (tos 0x0, ttl 64, id 36141, offset 0, flags [+], proto UDP (17), length 1500)"
1779594587.629630,,,UDP,31,"1779594587.629630 IP (tos 0x0, ttl 64, id 44155, offset 0, flags [DF], proto UDP (17), length 31)"
1779594587.630792,,,UDP,1500,"1779594587.630792 IP (tos 0x0, ttl 64, id 36153, offset 0, flags [+], proto UDP (17), length 1500)"
1779594587.631520,,,UDP,1500,"1779594587.631520 IP (tos 0x0, ttl 64, id 36154, offset 0, flags [+], proto UDP (17), length 1500)"
1779594587.632119,,,UDP,31,"1779594587.632119 IP (tos 0x0, ttl 64, id 44157, offset 0, flags [DF], proto UDP (17), length 31)"
1779594587.632872,,,UDP,1500,"1779594587.632872 IP (tos 0x0, ttl 64, id 36155, offset 0, flags [+], proto UDP (17), length 1500)"
1779594587.633493,,,UDP,1500,"1779594587.633493 IP (tos 0x0, ttl 64, id 36156, offset 0, flags [+], proto UDP (17), length 1500)"
1779594587.633958,,,UDP,31,"1779594587.633958 IP (tos 0x0, ttl 64, id 44158, offset 0, flags [DF], proto UDP (17), length 31)"
1779594587.634593,,,UDP,1500,"1779594587.634593 IP (tos 0x0, ttl 64, id 36157, offset 0, flags [+], proto UDP (17), length 1500)"
1779594587.635590,,,UDP,31,"1779594587.635590 IP (tos 0x0, ttl 64, id 44160, offset 0, flags [DF], proto UDP (17), length 31)"
1779594587.636173,,,UDP,1500,"1779594587.636173 IP (tos 0x0, ttl 64, id 36158, offset 0, flags [+], proto UDP (17), length 1500)"
1779594587.636805,,,UDP,1500,"1779594587.636805 IP (tos 0x0, ttl 64, id 36159, offset 0, flags [+], proto UDP (17), length 1500)"
1779594587.731650,,,UDP,31,"1779594587.731650 IP (tos 0x0, ttl 64, id 44168, offset 0, flags [DF], proto UDP (17), length 31)"
1779594587.732301,,,UDP,31,"1779594587.732301 IP (tos 0x0, ttl 64, id 44169, offset 0, flags [DF], proto UDP (17), length 31)"
1779594587.732628,,,UDP,1500,"1779594587.732628 IP (tos 0x0, ttl 64, id 36176, offset 0, flags [+], proto UDP (17), length 1500)"
1779594587.733360,,,UDP,1500,"1779594587.733360 IP (tos 0x0, ttl 64, id 36177, offset 0, flags [+], proto UDP (17), length 1500)"
1779594587.733495,,,UDP,31,"1779594587.733495 IP (tos 0x0, ttl 64, id 44170, offset 0, flags [DF], proto UDP (17), length 31)"
1779594587.734126,,,UDP,1500,"1779594587.734126 IP (tos 0x0, ttl 64, id 36178, offset 0, flags [+], proto UDP (17), length 1500)"
1779594587.734135,,,UDP,31,"1779594587.734135 IP (tos 0x0, ttl 64, id 44171, offset 0, flags [DF], proto UDP (17), length 31)"
1779594587.734772,,,UDP,1500,"1779594587.734772 IP (tos 0x0, ttl 64, id 36179, offset 0, flags [+], proto UDP (17), length 1500)"
1779594587.735314,,,UDP,31,"1779594587.735314 IP (tos 0x0, ttl 64, id 44172, offset 0, flags [DF], proto UDP (17), length 31)"
1779594587.735551,,,UDP,1500,"1779594587.735551 IP (tos 0x0, ttl 64, id 36180, offset 0, flags [+], proto UDP (17), length 1500)"
1779594587.736280,,,UDP,1500,"1779594587.736280 IP (tos 0x0, ttl 64, id 36181, offset 0, flags [+], proto UDP (17), length 1500)"
1779594587.736804,,,UDP,31,"1779594587.736804 IP (tos 0x0, ttl 64, id 44173, offset 0, flags [DF], proto UDP (17), length 31)"
1779594587.737510,,,UDP,31,"1779594587.737510 IP (tos 0x0, ttl 64, id 44174, offset 0, flags [DF], proto UDP (17), length 31)"
1779594587.737566,,,UDP,1500,"1779594587.737566 IP (tos 0x0, ttl 64, id 36182, offset 0, flags [+], proto UDP (17), length 1500)"
1779594587.738327,,,UDP,1500,"1779594587.738327 IP (tos 0x0, ttl 64, id 36183, offset 0, flags [+], proto UDP (17), length 1500)"
1779594587.834337,,,UDP,31,"1779594587.834337 IP (tos 0x0, ttl 64, id 44179, offset 0, flags [DF], proto UDP (17), length 31)"
1779594587.834776,,,UDP,31,"1779594587.834776 IP (tos 0x0, ttl 64, id 44180, offset 0, flags [DF], proto UDP (17), length 31)"
1779594587.835471,,,UDP,31,"1779594587.835471 IP (tos 0x0, ttl 64, id 44181, offset 0, flags [DF], proto UDP (17), length 31)"
1779594587.836398,,,UDP,1500,"1779594587.836398 IP (tos 0x0, ttl 64, id 36202, offset 0, flags [+], proto UDP (17), length 1500)"
1779594587.836518,,,UDP,31,"1779594587.836518 IP (tos 0x0, ttl 64, id 44182, offset 0, flags [DF], proto UDP (17), length 31)"
1779594587.837044,,,UDP,31,"1779594587.837044 IP (tos 0x0, ttl 64, id 44183, offset 0, flags [DF], proto UDP (17), length 31)"
1779594587.837673,,,UDP,1500,"1779594587.837673 IP (tos 0x0, ttl 64, id 36203, offset 0, flags [+], proto UDP (17), length 1500)"
1779594587.839113,,,UDP,1500,"1779594587.839113 IP (tos 0x0, ttl 64, id 36204, offset 0, flags [+], proto UDP (17), length 1500)"
1779594587.840442,,,UDP,1500,"1779594587.840442 IP (tos 0x0, ttl 64, id 36205, offset 0, flags [+], proto UDP (17), length 1500)"
1779594587.841445,,,UDP,1500,"1779594587.841445 IP (tos 0x0, ttl 64, id 36206, offset 0, flags [+], proto UDP (17), length 1500)"
1779594587.842687,,,UDP,1500,"1779594587.842687 IP (tos 0x0, ttl 64, id 36207, offset 0, flags [+], proto UDP (17), length 1500)"
1779594587.937893,,,UDP,31,"1779594587.937893 IP (tos 0x0, ttl 64, id 44186, offset 0, flags [DF], proto UDP (17), length 31)"
1779594587.939362,,,UDP,31,"1779594587.939362 IP (tos 0x0, ttl 64, id 44187, offset 0, flags [DF], proto UDP (17), length 31)"
1779594587.939947,,,UDP,1500,"1779594587.939947 IP (tos 0x0, ttl 64, id 36212, offset 0, flags [+], proto UDP (17), length 1500)"
1779594587.940195,,,UDP,31,"1779594587.940195 IP (tos 0x0, ttl 64, id 44188, offset 0, flags [DF], proto UDP (17), length 31)"
1779594587.941331,,,UDP,1500,"1779594587.941331 IP (tos 0x0, ttl 64, id 36213, offset 0, flags [+], proto UDP (17), length 1500)"
1779594587.941557,,,UDP,31,"1779594587.941557 IP (tos 0x0, ttl 64, id 44189, offset 0, flags [DF], proto UDP (17), length 31)"
1779594587.942432,,,UDP,1500,"1779594587.942432 IP (tos 0x0, ttl 64, id 36214, offset 0, flags [+], proto UDP (17), length 1500)"
1779594587.942539,,,UDP,31,"1779594587.942539 IP (tos 0x0, ttl 64, id 44190, offset 0, flags [DF], proto UDP (17), length 31)"
1779594587.943878,,,UDP,31,"1779594587.943878 IP (tos 0x0, ttl 64, id 44191, offset 0, flags [DF], proto UDP (17), length 31)"
1779594587.944235,,,UDP,1500,"1779594587.944235 IP (tos 0x0, ttl 64, id 36215, offset 0, flags [+], proto UDP (17), length 1500)"
1779594587.945700,,,UDP,1500,"1779594587.945700 IP (tos 0x0, ttl 64, id 36216, offset 0, flags [+], proto UDP (17), length 1500)"
1779594587.947005,,,UDP,1500,"1779594587.947005 IP (tos 0x0, ttl 64, id 36217, offset 0, flags [+], proto UDP (17), length 1500)"
1779594587.948173,,,UDP,1500,"1779594587.948173 IP (tos 0x0, ttl 64, id 36218, offset 0, flags [+], proto UDP (17), length 1500)"
1779594587.948961,,,UDP,1500,"1779594587.948961 IP (tos 0x0, ttl 64, id 36219, offset 0, flags [+], proto UDP (17), length 1500)"
1779594588.041174,,,UDP,31,"1779594588.041174 IP (tos 0x0, ttl 64, id 44214, offset 0, flags [DF], proto UDP (17), length 31)"
1779594588.041898,,,UDP,1500,"1779594588.041898 IP (tos 0x0, ttl 64, id 36234, offset 0, flags [+], proto UDP (17), length 1500)"
1779594588.042661,,,UDP,31,"1779594588.042661 IP (tos 0x0, ttl 64, id 44215, offset 0, flags [DF], proto UDP (17), length 31)"
1779594588.043244,,,UDP,1500,"1779594588.043244 IP (tos 0x0, ttl 64, id 36235, offset 0, flags [+], proto UDP (17), length 1500)"
1779594588.043452,,,UDP,31,"1779594588.043452 IP (tos 0x0, ttl 64, id 44216, offset 0, flags [DF], proto UDP (17), length 31)"
1779594588.043954,,,UDP,1500,"1779594588.043954 IP (tos 0x0, ttl 64, id 36236, offset 0, flags [+], proto UDP (17), length 1500)"
1779594588.045515,,,UDP,31,"1779594588.045515 IP (tos 0x0, ttl 64, id 44217, offset 0, flags [DF], proto UDP (17), length 31)"
1779594588.046024,,,UDP,1500,"1779594588.046024 IP (tos 0x0, ttl 64, id 36237, offset 0, flags [+], proto UDP (17), length 1500)"
1779594588.047905,,,UDP,31,"1779594588.047905 IP (tos 0x0, ttl 64, id 44219, offset 0, flags [DF], proto UDP (17), length 31)"
1779594588.048400,,,UDP,1500,"1779594588.048400 IP (tos 0x0, ttl 64, id 36238, offset 0, flags [+], proto UDP (17), length 1500)"
1779594588.048894,,,UDP,1500,"1779594588.048894 IP (tos 0x0, ttl 64, id 36239, offset 0, flags [+], proto UDP (17), length 1500)"
1779594588.049700,,,UDP,31,"1779594588.049700 IP (tos 0x0, ttl 64, id 44221, offset 0, flags [DF], proto UDP (17), length 31)"
1779594588.050179,,,UDP,1500,"1779594588.050179 IP (tos 0x0, ttl 64, id 36240, offset 0, flags [+], proto UDP (17), length 1500)"
1779594588.050577,,,UDP,1500,"1779594588.050577 IP (tos 0x0, ttl 64, id 36241, offset 0, flags [+], proto UDP (17), length 1500)"
1779594588.142731,,,UDP,31,"1779594588.142731 IP (tos 0x0, ttl 64, id 44225, offset 0, flags [DF], proto UDP (17), length 31)"
1779594588.143762,,,UDP,31,"1779594588.143762 IP (tos 0x0, ttl 64, id 44226, offset 0, flags [DF], proto UDP (17), length 31)"
1779594588.144442,,,UDP,31,"1779594588.144442 IP (tos 0x0, ttl 64, id 44227, offset 0, flags [DF], proto UDP (17), length 31)"
1779594588.144563,,,UDP,1500,"1779594588.144563 IP (tos 0x0, ttl 64, id 36246, offset 0, flags [+], proto UDP (17), length 1500)"
1779594588.145726,,,UDP,1500,"1779594588.145726 IP (tos 0x0, ttl 64, id 36247, offset 0, flags [+], proto UDP (17), length 1500)"
1779594588.146952,,,UDP,1500,"1779594588.146952 IP (tos 0x0, ttl 64, id 36248, offset 0, flags [+], proto UDP (17), length 1500)"
1779594588.149231,,,UDP,31,"1779594588.149231 IP (tos 0x0, ttl 64, id 44229, offset 0, flags [DF], proto UDP (17), length 31)"
1779594588.150586,,,UDP,31,"1779594588.150586 IP (tos 0x0, ttl 64, id 44231, offset 0, flags [DF], proto UDP (17), length 31)"
1779594588.150952,,,UDP,31,"1779594588.150952 IP (tos 0x0, ttl 64, id 44232, offset 0, flags [DF], proto UDP (17), length 31)"
1779594588.151026,,,UDP,1500,"1779594588.151026 IP (tos 0x0, ttl 64, id 36249, offset 0, flags [+], proto UDP (17), length 1500)"
1779594588.152092,,,UDP,1500,"1779594588.152092 IP (tos 0x0, ttl 64, id 36250, offset 0, flags [+], proto UDP (17), length 1500)"
1779594588.153191,,,UDP,1500,"1779594588.153191 IP (tos 0x0, ttl 64, id 36251, offset 0, flags [+], proto UDP (17), length 1500)"
1779594588.154346,,,UDP,1500,"1779594588.154346 IP (tos 0x0, ttl 64, id 36252, offset 0, flags [+], proto UDP (17), length 1500)"
1779594588.155468,,,UDP,1500,"1779594588.155468 IP (tos 0x0, ttl 64, id 36253, offset 0, flags [+], proto UDP (17), length 1500)"
1779594588.248209,,,UDP,31,"1779594588.248209 IP (tos 0x0, ttl 64, id 44252, offset 0, flags [DF], proto UDP (17), length 31)"
1779594588.250128,,,UDP,1500,"1779594588.250128 IP (tos 0x0, ttl 64, id 36263, offset 0, flags [+], proto UDP (17), length 1500)"
1779594588.251630,,,UDP,1500,"1779594588.251630 IP (tos 0x0, ttl 64, id 36264, offset 0, flags [+], proto UDP (17), length 1500)"
1779594588.252420,,,UDP,31,"1779594588.252420 IP (tos 0x0, ttl 64, id 44253, offset 0, flags [DF], proto UDP (17), length 31)"
1779594588.253156,,,UDP,1500,"1779594588.253156 IP (tos 0x0, ttl 64, id 36265, offset 0, flags [+], proto UDP (17), length 1500)"
1779594588.254228,,,UDP,31,"1779594588.254228 IP (tos 0x0, ttl 64, id 44255, offset 0, flags [DF], proto UDP (17), length 31)"
1779594588.254458,,,UDP,1500,"1779594588.254458 IP (tos 0x0, ttl 64, id 36266, offset 0, flags [+], proto UDP (17), length 1500)"
1779594588.255321,,,UDP,31,"1779594588.255321 IP (tos 0x0, ttl 64, id 44256, offset 0, flags [DF], proto UDP (17), length 31)"
1779594588.255897,,,UDP,1500,"1779594588.255897 IP (tos 0x0, ttl 64, id 36267, offset 0, flags [+], proto UDP (17), length 1500)"
1779594588.256655,,,UDP,31,"1779594588.256655 IP (tos 0x0, ttl 64, id 44257, offset 0, flags [DF], proto UDP (17), length 31)"
1779594588.257291,,,UDP,1500,"1779594588.257291 IP (tos 0x0, ttl 64, id 36268, offset 0, flags [+], proto UDP (17), length 1500)"
1779594588.258325,,,UDP,1500,"1779594588.258325 IP (tos 0x0, ttl 64, id 36269, offset 0, flags [+], proto UDP (17), length 1500)"
1779594588.259486,,,UDP,1500,"1779594588.259486 IP (tos 0x0, ttl 64, id 36270, offset 0, flags [+], proto UDP (17), length 1500)"
1779594588.353115,,,UDP,31,"1779594588.353115 IP (tos 0x0, ttl 64, id 44271, offset 0, flags [DF], proto UDP (17), length 31)"
1779594588.354734,,,UDP,31,"1779594588.354734 IP (tos 0x0, ttl 64, id 44272, offset 0, flags [DF], proto UDP (17), length 31)"
1779594588.354940,,,UDP,1500,"1779594588.354940 IP (tos 0x0, ttl 64, id 36285, offset 0, flags [+], proto UDP (17), length 1500)"
1779594588.356286,,,UDP,1500,"1779594588.356286 IP (tos 0x0, ttl 64, id 36286, offset 0, flags [+], proto UDP (17), length 1500)"
1779594588.356899,,,UDP,31,"1779594588.356899 IP (tos 0x0, ttl 64, id 44274, offset 0, flags [DF], proto UDP (17), length 31)"
1779594588.357711,,,UDP,1500,"1779594588.357711 IP (tos 0x0, ttl 64, id 36287, offset 0, flags [+], proto UDP (17), length 1500)"
1779594588.358472,,,UDP,31,"1779594588.358472 IP (tos 0x0, ttl 64, id 44275, offset 0, flags [DF], proto UDP (17), length 31)"
1779594588.359230,,,UDP,1500,"1779594588.359230 IP (tos 0x0, ttl 64, id 36288, offset 0, flags [+], proto UDP (17), length 1500)"
1779594588.360228,,,UDP,31,"1779594588.360228 IP (tos 0x0, ttl 64, id 44277, offset 0, flags [DF], proto UDP (17), length 31)"
1779594588.360516,,,UDP,1500,"1779594588.360516 IP (tos 0x0, ttl 64, id 36289, offset 0, flags [+], proto UDP (17), length 1500)"
1779594588.361913,,,UDP,1500,"1779594588.361913 IP (tos 0x0, ttl 64, id 36290, offset 0, flags [+], proto UDP (17), length 1500)"
1779594588.363121,,,UDP,1500,"1779594588.363121 IP (tos 0x0, ttl 64, id 36291, offset 0, flags [+], proto UDP (17), length 1500)"
1779594588.364302,,,UDP,1500,"1779594588.364302 IP (tos 0x0, ttl 64, id 36292, offset 0, flags [+], proto UDP (17), length 1500)"
1779594588.456456,,,UDP,31,"1779594588.456456 IP (tos 0x0, ttl 64, id 44286, offset 0, flags [DF], proto UDP (17), length 31)"
1779594588.457492,,,UDP,1500,"1779594588.457492 IP (tos 0x0, ttl 64, id 36313, offset 0, flags [+], proto UDP (17), length 1500)"
1779594588.457522,,,UDP,31,"1779594588.457522 IP (tos 0x0, ttl 64, id 44287, offset 0, flags [DF], proto UDP (17), length 31)"
1779594588.458571,,,UDP,1500,"1779594588.458571 IP (tos 0x0, ttl 64, id 36314, offset 0, flags [+], proto UDP (17), length 1500)"
1779594588.458994,,,UDP,31,"1779594588.458994 IP (tos 0x0, ttl 64, id 44288, offset 0, flags [DF], proto UDP (17), length 31)"
1779594588.460213,,,UDP,1500,"1779594588.460213 IP (tos 0x0, ttl 64, id 36315, offset 0, flags [+], proto UDP (17), length 1500)"
1779594588.460379,,,UDP,31,"1779594588.460379 IP (tos 0x0, ttl 64, id 44289, offset 0, flags [DF], proto UDP (17), length 31)"
1779594588.461311,,,UDP,1500,"1779594588.461311 IP (tos 0x0, ttl 64, id 36316, offset 0, flags [+], proto UDP (17), length 1500)"
1779594588.461789,,,UDP,31,"1779594588.461789 IP (tos 0x0, ttl 64, id 44290, offset 0, flags [DF], proto UDP (17), length 31)"
1779594588.462420,,,UDP,1500,"1779594588.462420 IP (tos 0x0, ttl 64, id 36317, offset 0, flags [+], proto UDP (17), length 1500)"
1779594588.463127,,,UDP,31,"1779594588.463127 IP (tos 0x0, ttl 64, id 44291, offset 0, flags [DF], proto UDP (17), length 31)"
1779594588.463730,,,UDP,1500,"1779594588.463730 IP (tos 0x0, ttl 64, id 36318, offset 0, flags [+], proto UDP (17), length 1500)"
1779594588.464111,,,UDP,31,"1779594588.464111 IP (tos 0x0, ttl 64, id 44292, offset 0, flags [DF], proto UDP (17), length 31)"
1779594588.464597,,,UDP,1500,"1779594588.464597 IP (tos 0x0, ttl 64, id 36319, offset 0, flags [+], proto UDP (17), length 1500)"
1779594588.465210,,,UDP,31,"1779594588.465210 IP (tos 0x0, ttl 64, id 44293, offset 0, flags [DF], proto UDP (17), length 31)"
1779594588.466008,,,UDP,1500,"1779594588.466008 IP (tos 0x0, ttl 64, id 36320, offset 0, flags [+], proto UDP (17), length 1500)"
1779594588.559524,,,UDP,31,"1779594588.559524 IP (tos 0x0, ttl 64, id 44297, offset 0, flags [DF], proto UDP (17), length 31)"
1779594588.561192,,,UDP,31,"1779594588.561192 IP (tos 0x0, ttl 64, id 44298, offset 0, flags [DF], proto UDP (17), length 31)"
1779594588.561385,,,UDP,1500,"1779594588.561385 IP (tos 0x0, ttl 64, id 36343, offset 0, flags [+], proto UDP (17), length 1500)"
1779594588.561982,,,UDP,31,"1779594588.561982 IP (tos 0x0, ttl 64, id 44299, offset 0, flags [DF], proto UDP (17), length 31)"
1779594588.562545,,,UDP,1500,"1779594588.562545 IP (tos 0x0, ttl 64, id 36344, offset 0, flags [+], proto UDP (17), length 1500)"
1779594588.563187,,,UDP,31,"1779594588.563187 IP (tos 0x0, ttl 64, id 44300, offset 0, flags [DF], proto UDP (17), length 31)"
1779594588.563886,,,UDP,1500,"1779594588.563886 IP (tos 0x0, ttl 64, id 36345, offset 0, flags [+], proto UDP (17), length 1500)"
1779594588.564441,,,UDP,31,"1779594588.564441 IP (tos 0x0, ttl 64, id 44301, offset 0, flags [DF], proto UDP (17), length 31)"
1779594588.565056,,,UDP,31,"1779594588.565056 IP (tos 0x0, ttl 64, id 44302, offset 0, flags [DF], proto UDP (17), length 31)"
1779594588.565237,,,UDP,1500,"1779594588.565237 IP (tos 0x0, ttl 64, id 36346, offset 0, flags [+], proto UDP (17), length 1500)"
1779594588.566474,,,UDP,1500,"1779594588.566474 IP (tos 0x0, ttl 64, id 36347, offset 0, flags [+], proto UDP (17), length 1500)"
1779594588.566697,,,UDP,31,"1779594588.566697 IP (tos 0x0, ttl 64, id 44303, offset 0, flags [DF], proto UDP (17), length 31)"
1779594588.567905,,,UDP,1500,"1779594588.567905 IP (tos 0x0, ttl 64, id 36348, offset 0, flags [+], proto UDP (17), length 1500)"
1779594588.568996,,,UDP,1500,"1779594588.568996 IP (tos 0x0, ttl 64, id 36349, offset 0, flags [+], proto UDP (17), length 1500)"
1779594588.570164,,,UDP,1500,"1779594588.570164 IP (tos 0x0, ttl 64, id 36350, offset 0, flags [+], proto UDP (17), length 1500)"
1779594588.665432,,,UDP,31,"1779594588.665432 IP (tos 0x0, ttl 64, id 44312, offset 0, flags [DF], proto UDP (17), length 31)"
1779594588.667373,,,UDP,1500,"1779594588.667373 IP (tos 0x0, ttl 64, id 36362, offset 0, flags [+], proto UDP (17), length 1500)"
1779594588.668675,,,UDP,1500,"1779594588.668675 IP (tos 0x0, ttl 64, id 36363, offset 0, flags [+], proto UDP (17), length 1500)"
1779594588.668988,,,UDP,31,"1779594588.668988 IP (tos 0x0, ttl 64, id 44315, offset 0, flags [DF], proto UDP (17), length 31)"
1779594588.669930,,,UDP,1500,"1779594588.669930 IP (tos 0x0, ttl 64, id 36364, offset 0, flags [+], proto UDP (17), length 1500)"
1779594588.671162,,,UDP,31,"1779594588.671162 IP (tos 0x0, ttl 64, id 44317, offset 0, flags [DF], proto UDP (17), length 31)"
1779594588.671320,,,UDP,1500,"1779594588.671320 IP (tos 0x0, ttl 64, id 36365, offset 0, flags [+], proto UDP (17), length 1500)"
1779594588.672416,,,UDP,1500,"1779594588.672416 IP (tos 0x0, ttl 64, id 36366, offset 0, flags [+], proto UDP (17), length 1500)"
1779594588.673552,,,UDP,1500,"1779594588.673552 IP (tos 0x0, ttl 64, id 36367, offset 0, flags [+], proto UDP (17), length 1500)"
1779594588.674709,,,UDP,1500,"1779594588.674709 IP (tos 0x0, ttl 64, id 36368, offset 0, flags [+], proto UDP (17), length 1500)"
1779594588.768909,,,UDP,31,"1779594588.768909 IP (tos 0x0, ttl 64, id 44338, offset 0, flags [DF], proto UDP (17), length 31)"
1779594588.770126,,,UDP,31,"1779594588.770126 IP (tos 0x0, ttl 64, id 44339, offset 0, flags [DF], proto UDP (17), length 31)"
1779594588.771214,,,UDP,31,"1779594588.771214 IP (tos 0x0, ttl 64, id 44340, offset 0, flags [DF], proto UDP (17), length 31)"
1779594588.772496,,,UDP,31,"1779594588.772496 IP (tos 0x0, ttl 64, id 44341, offset 0, flags [DF], proto UDP (17), length 31)"
1779594588.774865,,,UDP,31,"1779594588.774865 IP (tos 0x0, ttl 64, id 44343, offset 0, flags [DF], proto UDP (17), length 31)"
1779594588.775903,,,UDP,31,"1779594588.775903 IP (tos 0x0, ttl 64, id 44344, offset 0, flags [DF], proto UDP (17), length 31)"
1779594588.777781,,,UDP,34,"1779594588.777781 IP (tos 0x0, ttl 64, id 36369, offset 0, flags [DF], proto UDP (17), length 34)"
1779594588.878385,,,UDP,35,"1779594588.878385 IP (tos 0x0, ttl 64, id 44345, offset 0, flags [DF], proto UDP (17), length 35)"
1779594588.995057,,,UDP,63,"1779594588.995057 IP (tos 0x0, ttl 64, id 36385, offset 0, flags [DF], proto UDP (17), length 63)"
1779594589.095372,,,UDP,36,"1779594589.095372 IP (tos 0x0, ttl 64, id 44353, offset 0, flags [DF], proto UDP (17), length 36)"
1779594589.096200,,,UDP,1500,"1779594589.096200 IP (tos 0x0, ttl 64, id 36401, offset 0, flags [+], proto UDP (17), length 1500)"
1779594589.096733,,,UDP,1500,"1779594589.096733 IP (tos 0x0, ttl 64, id 36402, offset 0, flags [+], proto UDP (17), length 1500)"
1779594589.097478,,,UDP,1500,"1779594589.097478 IP (tos 0x0, ttl 64, id 36403, offset 0, flags [+], proto UDP (17), length 1500)"
1779594589.098089,,,UDP,1500,"1779594589.098089 IP (tos 0x0, ttl 64, id 36404, offset 0, flags [+], proto UDP (17), length 1500)"
1779594589.098661,,,UDP,1500,"1779594589.098661 IP (tos 0x0, ttl 64, id 36405, offset 0, flags [+], proto UDP (17), length 1500)"
1779594589.099199,,,UDP,1500,"1779594589.099199 IP (tos 0x0, ttl 64, id 36406, offset 0, flags [+], proto UDP (17), length 1500)"
1779594589.099705,,,UDP,1500,"1779594589.099705 IP (tos 0x0, ttl 64, id 36407, offset 0, flags [+], proto UDP (17), length 1500)"
1779594589.100126,,,UDP,1500,"1779594589.100126 IP (tos 0x0, ttl 64, id 36408, offset 0, flags [+], proto UDP (17), length 1500)"
1779594589.196731,,,UDP,29,"1779594589.196731 IP (tos 0x0, ttl 64, id 44376, offset 0, flags [DF], proto UDP (17), length 29)"
1779594589.197534,,,UDP,29,"1779594589.197534 IP (tos 0x0, ttl 64, id 44377, offset 0, flags [DF], proto UDP (17), length 29)"
1779594589.198006,,,UDP,29,"1779594589.198006 IP (tos 0x0, ttl 64, id 44378, offset 0, flags [DF], proto UDP (17), length 29)"
1779594589.198521,,,UDP,1500,"1779594589.198521 IP (tos 0x0, ttl 64, id 36409, offset 0, flags [+], proto UDP (17), length 1500)"
1779594589.198530,,,UDP,29,"1779594589.198530 IP (tos 0x0, ttl 64, id 44379, offset 0, flags [DF], proto UDP (17), length 29)"
1779594589.199208,,,UDP,29,"1779594589.199208 IP (tos 0x0, ttl 64, id 44380, offset 0, flags [DF], proto UDP (17), length 29)"
1779594589.199625,,,UDP,1500,"1779594589.199625 IP (tos 0x0, ttl 64, id 36410, offset 0, flags [+], proto UDP (17), length 1500)"
1779594589.199685,,,UDP,29,"1779594589.199685 IP (tos 0x0, ttl 64, id 44381, offset 0, flags [DF], proto UDP (17), length 29)"
1779594589.200179,,,UDP,29,"1779594589.200179 IP (tos 0x0, ttl 64, id 44382, offset 0, flags [DF], proto UDP (17), length 29)"
1779594589.200444,,,UDP,1500,"1779594589.200444 IP (tos 0x0, ttl 64, id 36411, offset 0, flags [+], proto UDP (17), length 1500)"
1779594589.201231,,,UDP,1500,"1779594589.201231 IP (tos 0x0, ttl 64, id 36412, offset 0, flags [+], proto UDP (17), length 1500)"
1779594589.202003,,,UDP,1500,"1779594589.202003 IP (tos 0x0, ttl 64, id 36413, offset 0, flags [+], proto UDP (17), length 1500)"
1779594589.202703,,,UDP,1500,"1779594589.202703 IP (tos 0x0, ttl 64, id 36414, offset 0, flags [+], proto UDP (17), length 1500)"
1779594589.203316,,,UDP,1500,"1779594589.203316 IP (tos 0x0, ttl 64, id 36415, offset 0, flags [+], proto UDP (17), length 1500)"
1779594589.299823,,,UDP,29,"1779594589.299823 IP (tos 0x0, ttl 64, id 44399, offset 0, flags [DF], proto UDP (17), length 29)"
1779594589.300448,,,UDP,29,"1779594589.300448 IP (tos 0x0, ttl 64, id 44400, offset 0, flags [DF], proto UDP (17), length 29)"
1779594589.301226,,,UDP,30,"1779594589.301226 IP (tos 0x0, ttl 64, id 44401, offset 0, flags [DF], proto UDP (17), length 30)"
1779594589.301480,,,UDP,1500,"1779594589.301480 IP (tos 0x0, ttl 64, id 36430, offset 0, flags [+], proto UDP (17), length 1500)"
1779594589.302037,,,UDP,30,"1779594589.302037 IP (tos 0x0, ttl 64, id 44402, offset 0, flags [DF], proto UDP (17), length 30)"
1779594589.302647,,,UDP,30,"1779594589.302647 IP (tos 0x0, ttl 64, id 44403, offset 0, flags [DF], proto UDP (17), length 30)"
1779594589.302721,,,UDP,1500,"1779594589.302721 IP (tos 0x0, ttl 64, id 36431, offset 0, flags [+], proto UDP (17), length 1500)"
1779594589.303827,,,UDP,1500,"1779594589.303827 IP (tos 0x0, ttl 64, id 36432, offset 0, flags [+], proto UDP (17), length 1500)"
1779594589.303903,,,UDP,30,"1779594589.303903 IP (tos 0x0, ttl 64, id 44405, offset 0, flags [DF], proto UDP (17), length 30)"
1779594589.305090,,,UDP,1500,"1779594589.305090 IP (tos 0x0, ttl 64, id 36433, offset 0, flags [+], proto UDP (17), length 1500)"
1779594589.307010,,,UDP,1500,"1779594589.307010 IP (tos 0x0, ttl 64, id 36434, offset 0, flags [+], proto UDP (17), length 1500)"
1779594589.308620,,,UDP,1500,"1779594589.308620 IP (tos 0x0, ttl 64, id 36435, offset 0, flags [+], proto UDP (17), length 1500)"
1779594589.309582,,,UDP,1500,"1779594589.309582 IP (tos 0x0, ttl 64, id 36436, offset 0, flags [+], proto UDP (17), length 1500)"
1779594589.310576,,,UDP,1500,"1779594589.310576 IP (tos 0x0, ttl 64, id 36437, offset 0, flags [+], proto UDP (17), length 1500)"
1779594589.403881,,,UDP,30,"1779594589.403881 IP (tos 0x0, ttl 64, id 44413, offset 0, flags [DF], proto UDP (17), length 30)"
1779594589.404913,,,UDP,30,"1779594589.404913 IP (tos 0x0, ttl 64, id 44414, offset 0, flags [DF], proto UDP (17), length 30)"
1779594589.405585,,,UDP,1500,"1779594589.405585 IP (tos 0x0, ttl 64, id 36438, offset 0, flags [+], proto UDP (17), length 1500)"
1779594589.406524,,,UDP,30,"1779594589.406524 IP (tos 0x0, ttl 64, id 44415, offset 0, flags [DF], proto UDP (17), length 30)"
1779594589.406569,,,UDP,1500,"1779594589.406569 IP (tos 0x0, ttl 64, id 36439, offset 0, flags [+], proto UDP (17), length 1500)"
1779594589.407366,,,UDP,1500,"1779594589.407366 IP (tos 0x0, ttl 64, id 36440, offset 0, flags [+], proto UDP (17), length 1500)"
1779594589.408211,,,UDP,1500,"1779594589.408211 IP (tos 0x0, ttl 64, id 36441, offset 0, flags [+], proto UDP (17), length 1500)"
1779594589.408307,,,UDP,30,"1779594589.408307 IP (tos 0x0, ttl 64, id 44416, offset 0, flags [DF], proto UDP (17), length 30)"
1779594589.409294,,,UDP,1500,"1779594589.409294 IP (tos 0x0, ttl 64, id 36442, offset 0, flags [+], proto UDP (17), length 1500)"
1779594589.409546,,,UDP,30,"1779594589.409546 IP (tos 0x0, ttl 64, id 44417, offset 0, flags [DF], proto UDP (17), length 30)"
1779594589.410502,,,UDP,30,"1779594589.410502 IP (tos 0x0, ttl 64, id 44418, offset 0, flags [DF], proto UDP (17), length 30)"
1779594589.410631,,,UDP,1500,"1779594589.410631 IP (tos 0x0, ttl 64, id 36443, offset 0, flags [+], proto UDP (17), length 1500)"
1779594589.411370,,,UDP,1500,"1779594589.411370 IP (tos 0x0, ttl 64, id 36444, offset 0, flags [+], proto UDP (17), length 1500)"
1779594589.411432,,,UDP,30,"1779594589.411432 IP (tos 0x0, ttl 64, id 44419, offset 0, flags [DF], proto UDP (17), length 30)"
1779594589.412229,,,UDP,1500,"1779594589.412229 IP (tos 0x0, ttl 64, id 36445, offset 0, flags [+], proto UDP (17), length 1500)"
1779594589.506701,,,UDP,30,"1779594589.506701 IP (tos 0x0, ttl 64, id 44426, offset 0, flags [DF], proto UDP (17), length 30)"
1779594589.507262,,,UDP,30,"1779594589.507262 IP (tos 0x0, ttl 64, id 44427, offset 0, flags [DF], proto UDP (17), length 30)"
1779594589.507936,,,UDP,1500,"1779594589.507936 IP (tos 0x0, ttl 64, id 36455, offset 0, flags [+], proto UDP (17), length 1500)"
1779594589.508808,,,UDP,1500,"1779594589.508808 IP (tos 0x0, ttl 64, id 36456, offset 0, flags [+], proto UDP (17), length 1500)"
1779594589.509047,,,UDP,30,"1779594589.509047 IP (tos 0x0, ttl 64, id 44429, offset 0, flags [DF], proto UDP (17), length 30)"
1779594589.509916,,,UDP,1500,"1779594589.509916 IP (tos 0x0, ttl 64, id 36457, offset 0, flags [+], proto UDP (17), length 1500)"
1779594589.510228,,,UDP,30,"1779594589.510228 IP (tos 0x0, ttl 64, id 44430, offset 0, flags [DF], proto UDP (17), length 30)"
1779594589.510548,,,UDP,1500,"1779594589.510548 IP (tos 0x0, ttl 64, id 36458, offset 0, flags [+], proto UDP (17), length 1500)"
1779594589.511260,,,UDP,1500,"1779594589.511260 IP (tos 0x0, ttl 64, id 36459, offset 0, flags [+], proto UDP (17), length 1500)"
1779594589.512330,,,UDP,30,"1779594589.512330 IP (tos 0x0, ttl 64, id 44432, offset 0, flags [DF], proto UDP (17), length 30)"
1779594589.512948,,,UDP,1500,"1779594589.512948 IP (tos 0x0, ttl 64, id 36460, offset 0, flags [+], proto UDP (17), length 1500)"
1779594589.513654,,,UDP,1500,"1779594589.513654 IP (tos 0x0, ttl 64, id 36461, offset 0, flags [+], proto UDP (17), length 1500)"
1779594589.608883,,,UDP,30,"1779594589.608883 IP (tos 0x0, ttl 64, id 44444, offset 0, flags [DF], proto UDP (17), length 30)"
1779594589.609504,,,UDP,30,"1779594589.609504 IP (tos 0x0, ttl 64, id 44445, offset 0, flags [DF], proto UDP (17), length 30)"
1779594589.610238,,,UDP,1500,"1779594589.610238 IP (tos 0x0, ttl 64, id 36468, offset 0, flags [+], proto UDP (17), length 1500)"
1779594589.610400,,,UDP,30,"1779594589.610400 IP (tos 0x0, ttl 64, id 44446, offset 0, flags [DF], proto UDP (17), length 30)"
1779594589.611199,,,UDP,30,"1779594589.611199 IP (tos 0x0, ttl 64, id 44447, offset 0, flags [DF], proto UDP (17), length 30)"
1779594589.611305,,,UDP,1500,"1779594589.611305 IP (tos 0x0, ttl 64, id 36469, offset 0, flags [+], proto UDP (17), length 1500)"
1779594589.611900,,,UDP,30,"1779594589.611900 IP (tos 0x0, ttl 64, id 44448, offset 0, flags [DF], proto UDP (17), length 30)"
1779594589.612029,,,UDP,1500,"1779594589.612029 IP (tos 0x0, ttl 64, id 36470, offset 0, flags [+], proto UDP (17), length 1500)"
1779594589.612766,,,UDP,1500,"1779594589.612766 IP (tos 0x0, ttl 64, id 36471, offset 0, flags [+], proto UDP (17), length 1500)"
1779594589.613463,,,UDP,1500,"1779594589.613463 IP (tos 0x0, ttl 64, id 36472, offset 0, flags [+], proto UDP (17), length 1500)"
1779594589.613680,,,UDP,30,"1779594589.613680 IP (tos 0x0, ttl 64, id 44449, offset 0, flags [DF], proto UDP (17), length 30)"
1779594589.614095,,,UDP,1500,"1779594589.614095 IP (tos 0x0, ttl 64, id 36473, offset 0, flags [+], proto UDP (17), length 1500)"
1779594589.614614,,,UDP,1500,"1779594589.614614 IP (tos 0x0, ttl 64, id 36474, offset 0, flags [+], proto UDP (17), length 1500)"
1779594589.712149,,,UDP,30,"1779594589.712149 IP (tos 0x0, ttl 64, id 44458, offset 0, flags [DF], proto UDP (17), length 30)"
1779594589.712670,,,UDP,30,"1779594589.712670 IP (tos 0x0, ttl 64, id 44459, offset 0, flags [DF], proto UDP (17), length 30)"
1779594589.713569,,,UDP,1500,"1779594589.713569 IP (tos 0x0, ttl 64, id 36475, offset 0, flags [+], proto UDP (17), length 1500)"
1779594589.714639,,,UDP,1500,"1779594589.714639 IP (tos 0x0, ttl 64, id 36476, offset 0, flags [+], proto UDP (17), length 1500)"
1779594589.715628,,,UDP,1500,"1779594589.715628 IP (tos 0x0, ttl 64, id 36477, offset 0, flags [+], proto UDP (17), length 1500)"
1779594589.716548,,,UDP,1500,"1779594589.716548 IP (tos 0x0, ttl 64, id 36478, offset 0, flags [+], proto UDP (17), length 1500)"
1779594589.814694,,,UDP,30,"1779594589.814694 IP (tos 0x0, ttl 64, id 44488, offset 0, flags [DF], proto UDP (17), length 30)"
1779594589.815616,,,UDP,30,"1779594589.815616 IP (tos 0x0, ttl 64, id 44489, offset 0, flags [DF], proto UDP (17), length 30)"
1779594589.815626,,,UDP,1500,"1779594589.815626 IP (tos 0x0, ttl 64, id 36496, offset 0, flags [+], proto UDP (17), length 1500)"
1779594589.816491,,,UDP,1500,"1779594589.816491 IP (tos 0x0, ttl 64, id 36497, offset 0, flags [+], proto UDP (17), length 1500)"
1779594589.816530,,,UDP,30,"1779594589.816530 IP (tos 0x0, ttl 64, id 44490, offset 0, flags [DF], proto UDP (17), length 30)"
1779594589.817282,,,UDP,1500,"1779594589.817282 IP (tos 0x0, ttl 64, id 36498, offset 0, flags [+], proto UDP (17), length 1500)"
1779594589.817357,,,UDP,30,"1779594589.817357 IP (tos 0x0, ttl 64, id 44491, offset 0, flags [DF], proto UDP (17), length 30)"
1779594589.818128,,,UDP,1500,"1779594589.818128 IP (tos 0x0, ttl 64, id 36499, offset 0, flags [+], proto UDP (17), length 1500)"
1779594589.818926,,,UDP,1500,"1779594589.818926 IP (tos 0x0, ttl 64, id 36500, offset 0, flags [+], proto UDP (17), length 1500)"
1779594589.819687,,,UDP,1500,"1779594589.819687 IP (tos 0x0, ttl 64, id 36501, offset 0, flags [+], proto UDP (17), length 1500)"
1779594589.820460,,,UDP,1500,"1779594589.820460 IP (tos 0x0, ttl 64, id 36502, offset 0, flags [+], proto UDP (17), length 1500)"
1779594589.821182,,,UDP,1500,"1779594589.821182 IP (tos 0x0, ttl 64, id 36503, offset 0, flags [+], proto UDP (17), length 1500)"
1779594589.916434,,,UDP,30,"1779594589.916434 IP (tos 0x0, ttl 64, id 44512, offset 0, flags [DF], proto UDP (17), length 30)"
1779594589.917355,,,UDP,30,"1779594589.917355 IP (tos 0x0, ttl 64, id 44513, offset 0, flags [DF], proto UDP (17), length 30)"
1779594589.917934,,,UDP,1500,"1779594589.917934 IP (tos 0x0, ttl 64, id 36519, offset 0, flags [+], proto UDP (17), length 1500)"
1779594589.917954,,,UDP,30,"1779594589.917954 IP (tos 0x0, ttl 64, id 44514, offset 0, flags [DF], proto UDP (17), length 30)"
1779594589.918876,,,UDP,30,"1779594589.918876 IP (tos 0x0, ttl 64, id 44515, offset 0, flags [DF], proto UDP (17), length 30)"
1779594589.918916,,,UDP,1500,"1779594589.918916 IP (tos 0x0, ttl 64, id 36520, offset 0, flags [+], proto UDP (17), length 1500)"
1779594589.919656,,,UDP,30,"1779594589.919656 IP (tos 0x0, ttl 64, id 44516, offset 0, flags [DF], proto UDP (17), length 30)"
1779594589.919921,,,UDP,1500,"1779594589.919921 IP (tos 0x0, ttl 64, id 36521, offset 0, flags [+], proto UDP (17), length 1500)"
1779594589.920373,,,UDP,30,"1779594589.920373 IP (tos 0x0, ttl 64, id 44517, offset 0, flags [DF], proto UDP (17), length 30)"
1779594589.920654,,,UDP,1500,"1779594589.920654 IP (tos 0x0, ttl 64, id 36522, offset 0, flags [+], proto UDP (17), length 1500)"
1779594589.921096,,,UDP,30,"1779594589.921096 IP (tos 0x0, ttl 64, id 44518, offset 0, flags [DF], proto UDP (17), length 30)"
1779594589.921270,,,UDP,1500,"1779594589.921270 IP (tos 0x0, ttl 64, id 36523, offset 0, flags [+], proto UDP (17), length 1500)"
1779594589.921792,,,UDP,30,"1779594589.921792 IP (tos 0x0, ttl 64, id 44519, offset 0, flags [DF], proto UDP (17), length 30)"
1779594589.921874,,,UDP,1500,"1779594589.921874 IP (tos 0x0, ttl 64, id 36524, offset 0, flags [+], proto UDP (17), length 1500)"
1779594589.922402,,,UDP,1500,"1779594589.922402 IP (tos 0x0, ttl 64, id 36525, offset 0, flags [+], proto UDP (17), length 1500)"
1779594589.922950,,,UDP,1500,"1779594589.922950 IP (tos 0x0, ttl 64, id 36526, offset 0, flags [+], proto UDP (17), length 1500)"
1779594590.018844,,,UDP,30,"1779594590.018844 IP (tos 0x0, ttl 64, id 44539, offset 0, flags [DF], proto UDP (17), length 30)"
1779594590.019900,,,UDP,30,"1779594590.019900 IP (tos 0x0, ttl 64, id 44540, offset 0, flags [DF], proto UDP (17), length 30)"
1779594590.020134,,,UDP,1500,"1779594590.020134 IP (tos 0x0, ttl 64, id 36549, offset 0, flags [+], proto UDP (17), length 1500)"
1779594590.020705,,,UDP,30,"1779594590.020705 IP (tos 0x0, ttl 64, id 44541, offset 0, flags [DF], proto UDP (17), length 30)"
1779594590.021099,,,UDP,1500,"1779594590.021099 IP (tos 0x0, ttl 64, id 36550, offset 0, flags [+], proto UDP (17), length 1500)"
1779594590.021805,,,UDP,30,"1779594590.021805 IP (tos 0x0, ttl 64, id 44543, offset 0, flags [DF], proto UDP (17), length 30)"
1779594590.021955,,,UDP,1500,"1779594590.021955 IP (tos 0x0, ttl 64, id 36551, offset 0, flags [+], proto UDP (17), length 1500)"
1779594590.022368,,,UDP,30,"1779594590.022368 IP (tos 0x0, ttl 64, id 44544, offset 0, flags [DF], proto UDP (17), length 30)"
1779594590.022801,,,UDP,1500,"1779594590.022801 IP (tos 0x0, ttl 64, id 36552, offset 0, flags [+], proto UDP (17), length 1500)"
1779594590.022992,,,UDP,30,"1779594590.022992 IP (tos 0x0, ttl 64, id 44545, offset 0, flags [DF], proto UDP (17), length 30)"
1779594590.023457,,,UDP,30,"1779594590.023457 IP (tos 0x0, ttl 64, id 44546, offset 0, flags [DF], proto UDP (17), length 30)"
1779594590.023817,,,UDP,1500,"1779594590.023817 IP (tos 0x0, ttl 64, id 36553, offset 0, flags [+], proto UDP (17), length 1500)"
1779594590.024567,,,UDP,1500,"1779594590.024567 IP (tos 0x0, ttl 64, id 36554, offset 0, flags [+], proto UDP (17), length 1500)"
1779594590.025593,,,UDP,1500,"1779594590.025593 IP (tos 0x0, ttl 64, id 36555, offset 0, flags [+], proto UDP (17), length 1500)"
1779594590.026494,,,UDP,1500,"1779594590.026494 IP (tos 0x0, ttl 64, id 36556, offset 0, flags [+], proto UDP (17), length 1500)"
1779594590.121170,,,UDP,30,"1779594590.121170 IP (tos 0x0, ttl 64, id 44559, offset 0, flags [DF], proto UDP (17), length 30)"
1779594590.121968,,,UDP,30,"1779594590.121968 IP (tos 0x0, ttl 64, id 44560, offset 0, flags [DF], proto UDP (17), length 30)"
1779594590.122147,,,UDP,1500,"1779594590.122147 IP (tos 0x0, ttl 64, id 36558, offset 0, flags [+], proto UDP (17), length 1500)"
1779594590.122878,,,UDP,1500,"1779594590.122878 IP (tos 0x0, ttl 64, id 36559, offset 0, flags [+], proto UDP (17), length 1500)"
1779594590.123502,,,UDP,30,"1779594590.123502 IP (tos 0x0, ttl 64, id 44562, offset 0, flags [DF], proto UDP (17), length 30)"
1779594590.124347,,,UDP,1500,"1779594590.124347 IP (tos 0x0, ttl 64, id 36560, offset 0, flags [+], proto UDP (17), length 1500)"
1779594590.124529,,,UDP,30,"1779594590.124529 IP (tos 0x0, ttl 64, id 44563, offset 0, flags [DF], proto UDP (17), length 30)"
1779594590.125118,,,UDP,1500,"1779594590.125118 IP (tos 0x0, ttl 64, id 36561, offset 0, flags [+], proto UDP (17), length 1500)"
1779594590.126178,,,UDP,1500,"1779594590.126178 IP (tos 0x0, ttl 64, id 36562, offset 0, flags [+], proto UDP (17), length 1500)"
1779594590.223876,,,UDP,30,"1779594590.223876 IP (tos 0x0, ttl 64, id 44579, offset 0, flags [DF], proto UDP (17), length 30)"
1779594590.225044,,,UDP,30,"1779594590.225044 IP (tos 0x0, ttl 64, id 44580, offset 0, flags [DF], proto UDP (17), length 30)"
1779594590.225982,,,UDP,1500,"1779594590.225982 IP (tos 0x0, ttl 64, id 36575, offset 0, flags [+], proto UDP (17), length 1500)"
1779594590.225985,,,UDP,30,"1779594590.225985 IP (tos 0x0, ttl 64, id 44581, offset 0, flags [DF], proto UDP (17), length 30)"
1779594590.226858,,,UDP,30,"1779594590.226858 IP (tos 0x0, ttl 64, id 44582, offset 0, flags [DF], proto UDP (17), length 30)"
1779594590.227807,,,UDP,1500,"1779594590.227807 IP (tos 0x0, ttl 64, id 36576, offset 0, flags [+], proto UDP (17), length 1500)"
1779594590.229085,,,UDP,1500,"1779594590.229085 IP (tos 0x0, ttl 64, id 36577, offset 0, flags [+], proto UDP (17), length 1500)"
1779594590.230164,,,UDP,1500,"1779594590.230164 IP (tos 0x0, ttl 64, id 36578, offset 0, flags [+], proto UDP (17), length 1500)"
1779594590.230942,,,UDP,1500,"1779594590.230942 IP (tos 0x0, ttl 64, id 36579, offset 0, flags [+], proto UDP (17), length 1500)"
1779594590.231693,,,UDP,1500,"1779594590.231693 IP (tos 0x0, ttl 64, id 36580, offset 0, flags [+], proto UDP (17), length 1500)"
1779594590.232376,,,UDP,1500,"1779594590.232376 IP (tos 0x0, ttl 64, id 36581, offset 0, flags [+], proto UDP (17), length 1500)"
1779594590.233026,,,UDP,1500,"1779594590.233026 IP (tos 0x0, ttl 64, id 36582, offset 0, flags [+], proto UDP (17), length 1500)"
1779594590.327585,,,UDP,30,"1779594590.327585 IP (tos 0x0, ttl 64, id 44598, offset 0, flags [DF], proto UDP (17), length 30)"
1779594590.329205,,,UDP,30,"1779594590.329205 IP (tos 0x0, ttl 64, id 44599, offset 0, flags [DF], proto UDP (17), length 30)"
1779594590.329320,,,UDP,1500,"1779594590.329320 IP (tos 0x0, ttl 64, id 36601, offset 0, flags [+], proto UDP (17), length 1500)"
1779594590.330170,,,UDP,30,"1779594590.330170 IP (tos 0x0, ttl 64, id 44600, offset 0, flags [DF], proto UDP (17), length 30)"
1779594590.330671,,,UDP,1500,"1779594590.330671 IP (tos 0x0, ttl 64, id 36602, offset 0, flags [+], proto UDP (17), length 1500)"
1779594590.331133,,,UDP,30,"1779594590.331133 IP (tos 0x0, ttl 64, id 44601, offset 0, flags [DF], proto UDP (17), length 30)"
1779594590.331565,,,UDP,30,"1779594590.331565 IP (tos 0x0, ttl 64, id 44602, offset 0, flags [DF], proto UDP (17), length 30)"
1779594590.332094,,,UDP,1500,"1779594590.332094 IP (tos 0x0, ttl 64, id 36603, offset 0, flags [+], proto UDP (17), length 1500)"
1779594590.332414,,,UDP,30,"1779594590.332414 IP (tos 0x0, ttl 64, id 44603, offset 0, flags [DF], proto UDP (17), length 30)"
1779594590.333255,,,UDP,1500,"1779594590.333255 IP (tos 0x0, ttl 64, id 36604, offset 0, flags [+], proto UDP (17), length 1500)"
1779594590.333258,,,UDP,30,"1779594590.333258 IP (tos 0x0, ttl 64, id 44604, offset 0, flags [DF], proto UDP (17), length 30)"
1779594590.333729,,,UDP,30,"1779594590.333729 IP (tos 0x0, ttl 64, id 44605, offset 0, flags [DF], proto UDP (17), length 30)"
1779594590.334206,,,UDP,1500,"1779594590.334206 IP (tos 0x0, ttl 64, id 36605, offset 0, flags [+], proto UDP (17), length 1500)"
1779594590.335218,,,UDP,1500,"1779594590.335218 IP (tos 0x0, ttl 64, id 36606, offset 0, flags [+], proto UDP (17), length 1500)"
1779594590.336114,,,UDP,1500,"1779594590.336114 IP (tos 0x0, ttl 64, id 36607, offset 0, flags [+], proto UDP (17), length 1500)"
1779594590.336890,,,UDP,1500,"1779594590.336890 IP (tos 0x0, ttl 64, id 36608, offset 0, flags [+], proto UDP (17), length 1500)"
1779594590.430843,,,UDP,30,"1779594590.430843 IP (tos 0x0, ttl 64, id 44612, offset 0, flags [DF], proto UDP (17), length 30)"
1779594590.431968,,,UDP,30,"1779594590.431968 IP (tos 0x0, ttl 64, id 44613, offset 0, flags [DF], proto UDP (17), length 30)"
1779594590.432551,,,UDP,1500,"1779594590.432551 IP (tos 0x0, ttl 64, id 36619, offset 0, flags [+], proto UDP (17), length 1500)"
1779594590.434007,,,UDP,1500,"1779594590.434007 IP (tos 0x0, ttl 64, id 36620, offset 0, flags [+], proto UDP (17), length 1500)"
1779594590.434299,,,UDP,30,"1779594590.434299 IP (tos 0x0, ttl 64, id 44615, offset 0, flags [DF], proto UDP (17), length 30)"
1779594590.435919,,,UDP,1500,"1779594590.435919 IP (tos 0x0, ttl 64, id 36621, offset 0, flags [+], proto UDP (17), length 1500)"
1779594590.436135,,,UDP,30,"1779594590.436135 IP (tos 0x0, ttl 64, id 44617, offset 0, flags [DF], proto UDP (17), length 30)"
1779594590.437140,,,UDP,1500,"1779594590.437140 IP (tos 0x0, ttl 64, id 36622, offset 0, flags [+], proto UDP (17), length 1500)"
1779594590.437682,,,UDP,30,"1779594590.437682 IP (tos 0x0, ttl 64, id 44619, offset 0, flags [DF], proto UDP (17), length 30)"
1779594590.438261,,,UDP,1500,"1779594590.438261 IP (tos 0x0, ttl 64, id 36623, offset 0, flags [+], proto UDP (17), length 1500)"
1779594590.439299,,,UDP,1500,"1779594590.439299 IP (tos 0x0, ttl 64, id 36624, offset 0, flags [+], proto UDP (17), length 1500)"
1779594590.440182,,,UDP,1500,"1779594590.440182 IP (tos 0x0, ttl 64, id 36625, offset 0, flags [+], proto UDP (17), length 1500)"
1779594590.440995,,,UDP,1500,"1779594590.440995 IP (tos 0x0, ttl 64, id 36626, offset 0, flags [+], proto UDP (17), length 1500)"
1779594590.534067,,,UDP,30,"1779594590.534067 IP (tos 0x0, ttl 64, id 44626, offset 0, flags [DF], proto UDP (17), length 30)"
1779594590.535437,,,UDP,30,"1779594590.535437 IP (tos 0x0, ttl 64, id 44627, offset 0, flags [DF], proto UDP (17), length 30)"
1779594590.535879,,,UDP,1500,"1779594590.535879 IP (tos 0x0, ttl 64, id 36627, offset 0, flags [+], proto UDP (17), length 1500)"
1779594590.537040,,,UDP,30,"1779594590.537040 IP (tos 0x0, ttl 64, id 44628, offset 0, flags [DF], proto UDP (17), length 30)"
1779594590.537084,,,UDP,1500,"1779594590.537084 IP (tos 0x0, ttl 64, id 36628, offset 0, flags [+], proto UDP (17), length 1500)"
1779594590.538183,,,UDP,1500,"1779594590.538183 IP (tos 0x0, ttl 64, id 36629, offset 0, flags [+], proto UDP (17), length 1500)"
1779594590.538227,,,UDP,30,"1779594590.538227 IP (tos 0x0, ttl 64, id 44629, offset 0, flags [DF], proto UDP (17), length 30)"
1779594590.539275,,,UDP,1500,"1779594590.539275 IP (tos 0x0, ttl 64, id 36630, offset 0, flags [+], proto UDP (17), length 1500)"
1779594590.539283,,,UDP,30,"1779594590.539283 IP (tos 0x0, ttl 64, id 44630, offset 0, flags [DF], proto UDP (17), length 30)"
1779594590.540265,,,UDP,30,"1779594590.540265 IP (tos 0x0, ttl 64, id 44631, offset 0, flags [DF], proto UDP (17), length 30)"
1779594590.540414,,,UDP,1500,"1779594590.540414 IP (tos 0x0, ttl 64, id 36631, offset 0, flags [+], proto UDP (17), length 1500)"
1779594590.540894,,,UDP,31,"1779594590.540894 IP (tos 0x0, ttl 64, id 44632, offset 0, flags [DF], proto UDP (17), length 31)"
1779594590.541654,,,UDP,31,"1779594590.541654 IP (tos 0x0, ttl 64, id 44633, offset 0, flags [DF], proto UDP (17), length 31)"
1779594590.541688,,,UDP,1500,"1779594590.541688 IP (tos 0x0, ttl 64, id 36632, offset 0, flags [+], proto UDP (17), length 1500)"
1779594590.542706,,,UDP,1500,"1779594590.542706 IP (tos 0x0, ttl 64, id 36633, offset 0, flags [+], proto UDP (17), length 1500)"
1779594590.543714,,,UDP,1500,"1779594590.543714 IP (tos 0x0, ttl 64, id 36634, offset 0, flags [+], proto UDP (17), length 1500)"
1779594590.638415,,,UDP,31,"1779594590.638415 IP (tos 0x0, ttl 64, id 44655, offset 0, flags [DF], proto UDP (17), length 31)"
1779594590.639342,,,UDP,31,"1779594590.639342 IP (tos 0x0, ttl 64, id 44656, offset 0, flags [DF], proto UDP (17), length 31)"
1779594590.640276,,,UDP,1500,"1779594590.640276 IP (tos 0x0, ttl 64, id 36645, offset 0, flags [+], proto UDP (17), length 1500)"
1779594590.640410,,,UDP,31,"1779594590.640410 IP (tos 0x0, ttl 64, id 44657, offset 0, flags [DF], proto UDP (17), length 31)"
1779594590.641433,,,UDP,31,"1779594590.641433 IP (tos 0x0, ttl 64, id 44658, offset 0, flags [DF], proto UDP (17), length 31)"
1779594590.641941,,,UDP,1500,"1779594590.641941 IP (tos 0x0, ttl 64, id 36646, offset 0, flags [+], proto UDP (17), length 1500)"
1779594590.643697,,,UDP,31,"1779594590.643697 IP (tos 0x0, ttl 64, id 44660, offset 0, flags [DF], proto UDP (17), length 31)"
1779594590.643890,,,UDP,1500,"1779594590.643890 IP (tos 0x0, ttl 64, id 36647, offset 0, flags [+], proto UDP (17), length 1500)"
1779594590.644375,,,UDP,31,"1779594590.644375 IP (tos 0x0, ttl 64, id 44661, offset 0, flags [DF], proto UDP (17), length 31)"
1779594590.645285,,,UDP,1500,"1779594590.645285 IP (tos 0x0, ttl 64, id 36648, offset 0, flags [+], proto UDP (17), length 1500)"
1779594590.646013,,,UDP,1500,"1779594590.646013 IP (tos 0x0, ttl 64, id 36649, offset 0, flags [+], proto UDP (17), length 1500)"
1779594590.646486,,,UDP,1500,"1779594590.646486 IP (tos 0x0, ttl 64, id 36650, offset 0, flags [+], proto UDP (17), length 1500)"
1779594590.647217,,,UDP,1500,"1779594590.647217 IP (tos 0x0, ttl 64, id 36651, offset 0, flags [+], proto UDP (17), length 1500)"
1779594590.647817,,,UDP,1500,"1779594590.647817 IP (tos 0x0, ttl 64, id 36652, offset 0, flags [+], proto UDP (17), length 1500)"
1779594590.741879,,,UDP,31,"1779594590.741879 IP (tos 0x0, ttl 64, id 44663, offset 0, flags [DF], proto UDP (17), length 31)"
1779594590.743473,,,UDP,1500,"1779594590.743473 IP (tos 0x0, ttl 64, id 36670, offset 0, flags [+], proto UDP (17), length 1500)"
1779594590.745305,,,UDP,31,"1779594590.745305 IP (tos 0x0, ttl 64, id 44665, offset 0, flags [DF], proto UDP (17), length 31)"
1779594590.746571,,,UDP,31,"1779594590.746571 IP (tos 0x0, ttl 64, id 44667, offset 0, flags [DF], proto UDP (17), length 31)"
1779594590.746988,,,UDP,1500,"1779594590.746988 IP (tos 0x0, ttl 64, id 36671, offset 0, flags [+], proto UDP (17), length 1500)"
1779594590.747220,,,UDP,31,"1779594590.747220 IP (tos 0x0, ttl 64, id 44668, offset 0, flags [DF], proto UDP (17), length 31)"
1779594590.748251,,,UDP,31,"1779594590.748251 IP (tos 0x0, ttl 64, id 44670, offset 0, flags [DF], proto UDP (17), length 31)"
1779594590.748484,,,UDP,1500,"1779594590.748484 IP (tos 0x0, ttl 64, id 36672, offset 0, flags [+], proto UDP (17), length 1500)"
1779594590.749623,,,UDP,1500,"1779594590.749623 IP (tos 0x0, ttl 64, id 36673, offset 0, flags [+], proto UDP (17), length 1500)"
1779594590.750795,,,UDP,1500,"1779594590.750795 IP (tos 0x0, ttl 64, id 36674, offset 0, flags [+], proto UDP (17), length 1500)"
1779594590.752022,,,UDP,1500,"1779594590.752022 IP (tos 0x0, ttl 64, id 36675, offset 0, flags [+], proto UDP (17), length 1500)"
1779594590.753004,,,UDP,1500,"1779594590.753004 IP (tos 0x0, ttl 64, id 36676, offset 0, flags [+], proto UDP (17), length 1500)"
1779594590.753947,,,UDP,1500,"1779594590.753947 IP (tos 0x0, ttl 64, id 36677, offset 0, flags [+], proto UDP (17), length 1500)"
1779594590.844913,,,UDP,31,"1779594590.844913 IP (tos 0x0, ttl 64, id 44672, offset 0, flags [DF], proto UDP (17), length 31)"
1779594590.846798,,,UDP,1500,"1779594590.846798 IP (tos 0x0, ttl 64, id 36679, offset 0, flags [+], proto UDP (17), length 1500)"
1779594590.848184,,,UDP,31,"1779594590.848184 IP (tos 0x0, ttl 64, id 44673, offset 0, flags [DF], proto UDP (17), length 31)"
1779594590.849561,,,UDP,31,"1779594590.849561 IP (tos 0x0, ttl 64, id 44674, offset 0, flags [DF], proto UDP (17), length 31)"
1779594590.849763,,,UDP,1500,"1779594590.849763 IP (tos 0x0, ttl 64, id 36680, offset 0, flags [+], proto UDP (17), length 1500)"
1779594590.850773,,,UDP,31,"1779594590.850773 IP (tos 0x0, ttl 64, id 44675, offset 0, flags [DF], proto UDP (17), length 31)"
1779594590.850939,,,UDP,1500,"1779594590.850939 IP (tos 0x0, ttl 64, id 36681, offset 0, flags [+], proto UDP (17), length 1500)"
1779594590.852124,,,UDP,1500,"1779594590.852124 IP (tos 0x0, ttl 64, id 36682, offset 0, flags [+], proto UDP (17), length 1500)"
1779594590.854030,,,UDP,31,"1779594590.854030 IP (tos 0x0, ttl 64, id 44678, offset 0, flags [DF], proto UDP (17), length 31)"
1779594590.855823,,,UDP,1500,"1779594590.855823 IP (tos 0x0, ttl 64, id 36683, offset 0, flags [+], proto UDP (17), length 1500)"
1779594590.856856,,,UDP,1500,"1779594590.856856 IP (tos 0x0, ttl 64, id 36684, offset 0, flags [+], proto UDP (17), length 1500)"
1779594590.857910,,,UDP,1500,"1779594590.857910 IP (tos 0x0, ttl 64, id 36685, offset 0, flags [+], proto UDP (17), length 1500)"
1779594590.951147,,,UDP,31,"1779594590.951147 IP (tos 0x0, ttl 64, id 44696, offset 0, flags [DF], proto UDP (17), length 31)"
1779594590.952313,,,UDP,1500,"1779594590.952313 IP (tos 0x0, ttl 64, id 36699, offset 0, flags [+], proto UDP (17), length 1500)"
1779594590.953073,,,UDP,1500,"1779594590.953073 IP (tos 0x0, ttl 64, id 36700, offset 0, flags [+], proto UDP (17), length 1500)"
1779594590.953687,,,UDP,1500,"1779594590.953687 IP (tos 0x0, ttl 64, id 36701, offset 0, flags [+], proto UDP (17), length 1500)"
1779594590.957939,,,UDP,31,"1779594590.957939 IP (tos 0x0, ttl 64, id 44700, offset 0, flags [DF], proto UDP (17), length 31)"
1779594590.958671,,,UDP,31,"1779594590.958671 IP (tos 0x0, ttl 64, id 44701, offset 0, flags [DF], proto UDP (17), length 31)"
1779594590.959130,,,UDP,1500,"1779594590.959130 IP (tos 0x0, ttl 64, id 36702, offset 0, flags [+], proto UDP (17), length 1500)"
1779594590.959890,,,UDP,1500,"1779594590.959890 IP (tos 0x0, ttl 64, id 36703, offset 0, flags [+], proto UDP (17), length 1500)"
1779594590.960406,,,UDP,1500,"1779594590.960406 IP (tos 0x0, ttl 64, id 36704, offset 0, flags [+], proto UDP (17), length 1500)"
1779594590.960845,,,UDP,1500,"1779594590.960845 IP (tos 0x0, ttl 64, id 36705, offset 0, flags [+], proto UDP (17), length 1500)"
1779594590.961518,,,UDP,1500,"1779594590.961518 IP (tos 0x0, ttl 64, id 36706, offset 0, flags [+], proto UDP (17), length 1500)"
1779594591.053374,,,UDP,31,"1779594591.053374 IP (tos 0x0, ttl 64, id 44722, offset 0, flags [DF], proto UDP (17), length 31)"
1779594591.053545,,,UDP,31,"1779594591.053545 IP (tos 0x0, ttl 64, id 44723, offset 0, flags [DF], proto UDP (17), length 31)"
1779594591.054312,,,UDP,31,"1779594591.054312 IP (tos 0x0, ttl 64, id 44724, offset 0, flags [DF], proto UDP (17), length 31)"
1779594591.055187,,,UDP,1500,"1779594591.055187 IP (tos 0x0, ttl 64, id 36708, offset 0, flags [+], proto UDP (17), length 1500)"
1779594591.056378,,,UDP,1500,"1779594591.056378 IP (tos 0x0, ttl 64, id 36709, offset 0, flags [+], proto UDP (17), length 1500)"
1779594591.057859,,,UDP,1500,"1779594591.057859 IP (tos 0x0, ttl 64, id 36710, offset 0, flags [+], proto UDP (17), length 1500)"
1779594591.059897,,,UDP,31,"1779594591.059897 IP (tos 0x0, ttl 64, id 44726, offset 0, flags [DF], proto UDP (17), length 31)"
1779594591.060874,,,UDP,31,"1779594591.060874 IP (tos 0x0, ttl 64, id 44728, offset 0, flags [DF], proto UDP (17), length 31)"
1779594591.061197,,,UDP,31,"1779594591.061197 IP (tos 0x0, ttl 64, id 44729, offset 0, flags [DF], proto UDP (17), length 31)"
1779594591.061285,,,UDP,1500,"1779594591.061285 IP (tos 0x0, ttl 64, id 36711, offset 0, flags [+], proto UDP (17), length 1500)"
1779594591.062136,,,UDP,31,"1779594591.062136 IP (tos 0x0, ttl 64, id 44730, offset 0, flags [DF], proto UDP (17), length 31)"
1779594591.062328,,,UDP,1500,"1779594591.062328 IP (tos 0x0, ttl 64, id 36712, offset 0, flags [+], proto UDP (17), length 1500)"
1779594591.063253,,,UDP,1500,"1779594591.063253 IP (tos 0x0, ttl 64, id 36713, offset 0, flags [+], proto UDP (17), length 1500)"
1779594591.064081,,,UDP,1500,"1779594591.064081 IP (tos 0x0, ttl 64, id 36714, offset 0, flags [+], proto UDP (17), length 1500)"
1779594591.064707,,,UDP,1500,"1779594591.064707 IP (tos 0x0, ttl 64, id 36715, offset 0, flags [+], proto UDP (17), length 1500)"
1779594591.157553,,,UDP,31,"1779594591.157553 IP (tos 0x0, ttl 64, id 44749, offset 0, flags [DF], proto UDP (17), length 31)"
1779594591.158528,,,UDP,1500,"1779594591.158528 IP (tos 0x0, ttl 64, id 36725, offset 0, flags [+], proto UDP (17), length 1500)"
1779594591.159378,,,UDP,1500,"1779594591.159378 IP (tos 0x0, ttl 64, id 36726, offset 0, flags [+], proto UDP (17), length 1500)"
1779594591.162395,,,UDP,31,"1779594591.162395 IP (tos 0x0, ttl 64, id 44751, offset 0, flags [DF], proto UDP (17), length 31)"
1779594591.163394,,,UDP,1500,"1779594591.163394 IP (tos 0x0, ttl 64, id 36727, offset 0, flags [+], proto UDP (17), length 1500)"
1779594591.164097,,,UDP,31,"1779594591.164097 IP (tos 0x0, ttl 64, id 44753, offset 0, flags [DF], proto UDP (17), length 31)"
1779594591.164156,,,UDP,1500,"1779594591.164156 IP (tos 0x0, ttl 64, id 36728, offset 0, flags [+], proto UDP (17), length 1500)"
1779594591.164614,,,UDP,31,"1779594591.164614 IP (tos 0x0, ttl 64, id 44754, offset 0, flags [DF], proto UDP (17), length 31)"
1779594591.164615,,,UDP,1500,"1779594591.164615 IP (tos 0x0, ttl 64, id 36729, offset 0, flags [+], proto UDP (17), length 1500)"
1779594591.165008,,,UDP,1500,"1779594591.165008 IP (tos 0x0, ttl 64, id 36730, offset 0, flags [+], proto UDP (17), length 1500)"
1779594591.165339,,,UDP,31,"1779594591.165339 IP (tos 0x0, ttl 64, id 44755, offset 0, flags [DF], proto UDP (17), length 31)"
1779594591.165480,,,UDP,1500,"1779594591.165480 IP (tos 0x0, ttl 64, id 36731, offset 0, flags [+], proto UDP (17), length 1500)"
1779594591.166029,,,UDP,1500,"1779594591.166029 IP (tos 0x0, ttl 64, id 36732, offset 0, flags [+], proto UDP (17), length 1500)"
1779594591.264371,,,UDP,31,"1779594591.264371 IP (tos 0x0, ttl 64, id 44765, offset 0, flags [DF], proto UDP (17), length 31)"
1779594591.264753,,,UDP,31,"1779594591.264753 IP (tos 0x0, ttl 64, id 44766, offset 0, flags [DF], proto UDP (17), length 31)"
1779594591.265004,,,UDP,31,"1779594591.265004 IP (tos 0x0, ttl 64, id 44767, offset 0, flags [DF], proto UDP (17), length 31)"
1779594591.265560,,,UDP,31,"1779594591.265560 IP (tos 0x0, ttl 64, id 44768, offset 0, flags [DF], proto UDP (17), length 31)"
1779594591.266124,,,UDP,31,"1779594591.266124 IP (tos 0x0, ttl 64, id 44769, offset 0, flags [DF], proto UDP (17), length 31)"
1779594591.266427,,,UDP,1500,"1779594591.266427 IP (tos 0x0, ttl 64, id 36737, offset 0, flags [+], proto UDP (17), length 1500)"
1779594591.266651,,,UDP,31,"1779594591.266651 IP (tos 0x0, ttl 64, id 44770, offset 0, flags [DF], proto UDP (17), length 31)"
1779594591.267993,,,UDP,1500,"1779594591.267993 IP (tos 0x0, ttl 64, id 36738, offset 0, flags [+], proto UDP (17), length 1500)"
1779594591.268858,,,UDP,1500,"1779594591.268858 IP (tos 0x0, ttl 64, id 36739, offset 0, flags [+], proto UDP (17), length 1500)"
1779594591.269361,,,UDP,1500,"1779594591.269361 IP (tos 0x0, ttl 64, id 36740, offset 0, flags [+], proto UDP (17), length 1500)"
1779594591.270356,,,UDP,1500,"1779594591.270356 IP (tos 0x0, ttl 64, id 36741, offset 0, flags [+], proto UDP (17), length 1500)"
1779594591.271303,,,UDP,1500,"1779594591.271303 IP (tos 0x0, ttl 64, id 36742, offset 0, flags [+], proto UDP (17), length 1500)"
1779594591.272144,,,UDP,1500,"1779594591.272144 IP (tos 0x0, ttl 64, id 36743, offset 0, flags [+], proto UDP (17), length 1500)"
1779594591.272828,,,UDP,1500,"1779594591.272828 IP (tos 0x0, ttl 64, id 36744, offset 0, flags [+], proto UDP (17), length 1500)"
1779594591.368009,,,UDP,31,"1779594591.368009 IP (tos 0x0, ttl 64, id 44787, offset 0, flags [DF], proto UDP (17), length 31)"
1779594591.368870,,,UDP,31,"1779594591.368870 IP (tos 0x0, ttl 64, id 44788, offset 0, flags [DF], proto UDP (17), length 31)"
1779594591.369461,,,UDP,31,"1779594591.369461 IP (tos 0x0, ttl 64, id 44789, offset 0, flags [DF], proto UDP (17), length 31)"
1779594591.370079,,,UDP,1500,"1779594591.370079 IP (tos 0x0, ttl 64, id 36756, offset 0, flags [+], proto UDP (17), length 1500)"
1779594591.371362,,,UDP,31,"1779594591.371362 IP (tos 0x0, ttl 64, id 44791, offset 0, flags [DF], proto UDP (17), length 31)"
1779594591.371594,,,UDP,1500,"1779594591.371594 IP (tos 0x0, ttl 64, id 36757, offset 0, flags [+], proto UDP (17), length 1500)"
1779594591.372351,,,UDP,31,"1779594591.372351 IP (tos 0x0, ttl 64, id 44792, offset 0, flags [DF], proto UDP (17), length 31)"
1779594591.372724,,,UDP,31,"1779594591.372724 IP (tos 0x0, ttl 64, id 44793, offset 0, flags [DF], proto UDP (17), length 31)"
1779594591.373155,,,UDP,1500,"1779594591.373155 IP (tos 0x0, ttl 64, id 36758, offset 0, flags [+], proto UDP (17), length 1500)"
1779594591.373629,,,UDP,31,"1779594591.373629 IP (tos 0x0, ttl 64, id 44794, offset 0, flags [DF], proto UDP (17), length 31)"
1779594591.374799,,,UDP,1500,"1779594591.374799 IP (tos 0x0, ttl 64, id 36759, offset 0, flags [+], proto UDP (17), length 1500)"
1779594591.376151,,,UDP,1500,"1779594591.376151 IP (tos 0x0, ttl 64, id 36760, offset 0, flags [+], proto UDP (17), length 1500)"
1779594591.377200,,,UDP,1500,"1779594591.377200 IP (tos 0x0, ttl 64, id 36761, offset 0, flags [+], proto UDP (17), length 1500)"
1779594591.378278,,,UDP,1500,"1779594591.378278 IP (tos 0x0, ttl 64, id 36762, offset 0, flags [+], proto UDP (17), length 1500)"
1779594591.379250,,,UDP,1500,"1779594591.379250 IP (tos 0x0, ttl 64, id 36763, offset 0, flags [+], proto UDP (17), length 1500)"
1779594591.471721,,,UDP,31,"1779594591.471721 IP (tos 0x0, ttl 64, id 44801, offset 0, flags [DF], proto UDP (17), length 31)"
1779594591.473122,,,UDP,1500,"1779594591.473122 IP (tos 0x0, ttl 64, id 36783, offset 0, flags [+], proto UDP (17), length 1500)"
1779594591.476194,,,UDP,31,"1779594591.476194 IP (tos 0x0, ttl 64, id 44804, offset 0, flags [DF], proto UDP (17), length 31)"
1779594591.477071,,,UDP,31,"1779594591.477071 IP (tos 0x0, ttl 64, id 44805, offset 0, flags [DF], proto UDP (17), length 31)"
1779594591.477517,,,UDP,1500,"1779594591.477517 IP (tos 0x0, ttl 64, id 36784, offset 0, flags [+], proto UDP (17), length 1500)"
1779594591.478248,,,UDP,31,"1779594591.478248 IP (tos 0x0, ttl 64, id 44806, offset 0, flags [DF], proto UDP (17), length 31)"
1779594591.478357,,,UDP,1500,"1779594591.478357 IP (tos 0x0, ttl 64, id 36785, offset 0, flags [+], proto UDP (17), length 1500)"
1779594591.479016,,,UDP,31,"1779594591.479016 IP (tos 0x0, ttl 64, id 44807, offset 0, flags [DF], proto UDP (17), length 31)"
1779594591.479194,,,UDP,1500,"1779594591.479194 IP (tos 0x0, ttl 64, id 36786, offset 0, flags [+], proto UDP (17), length 1500)"
1779594591.479979,,,UDP,1500,"1779594591.479979 IP (tos 0x0, ttl 64, id 36787, offset 0, flags [+], proto UDP (17), length 1500)"
1779594591.479986,,,UDP,31,"1779594591.479986 IP (tos 0x0, ttl 64, id 44808, offset 0, flags [DF], proto UDP (17), length 31)"
1779594591.480768,,,UDP,1500,"1779594591.480768 IP (tos 0x0, ttl 64, id 36788, offset 0, flags [+], proto UDP (17), length 1500)"
1779594591.481375,,,UDP,1500,"1779594591.481375 IP (tos 0x0, ttl 64, id 36789, offset 0, flags [+], proto UDP (17), length 1500)"
1779594591.481906,,,UDP,1500,"1779594591.481906 IP (tos 0x0, ttl 64, id 36790, offset 0, flags [+], proto UDP (17), length 1500)"
1779594591.574314,,,UDP,31,"1779594591.574314 IP (tos 0x0, ttl 64, id 44825, offset 0, flags [DF], proto UDP (17), length 31)"
1779594591.576183,,,UDP,1500,"1779594591.576183 IP (tos 0x0, ttl 64, id 36795, offset 0, flags [+], proto UDP (17), length 1500)"
1779594591.578573,,,UDP,31,"1779594591.578573 IP (tos 0x0, ttl 64, id 44826, offset 0, flags [DF], proto UDP (17), length 31)"
1779594591.579255,,,UDP,31,"1779594591.579255 IP (tos 0x0, ttl 64, id 44827, offset 0, flags [DF], proto UDP (17), length 31)"
1779594591.580351,,,UDP,1500,"1779594591.580351 IP (tos 0x0, ttl 64, id 36796, offset 0, flags [+], proto UDP (17), length 1500)"
1779594591.580613,,,UDP,31,"1779594591.580613 IP (tos 0x0, ttl 64, id 44829, offset 0, flags [DF], proto UDP (17), length 31)"
1779594591.581406,,,UDP,1500,"1779594591.581406 IP (tos 0x0, ttl 64, id 36797, offset 0, flags [+], proto UDP (17), length 1500)"
1779594591.581452,,,UDP,31,"1779594591.581452 IP (tos 0x0, ttl 64, id 44830, offset 0, flags [DF], proto UDP (17), length 31)"
1779594591.581899,,,UDP,31,"1779594591.581899 IP (tos 0x0, ttl 64, id 44831, offset 0, flags [DF], proto UDP (17), length 31)"
1779594591.582644,,,UDP,1500,"1779594591.582644 IP (tos 0x0, ttl 64, id 36798, offset 0, flags [+], proto UDP (17), length 1500)"
1779594591.583887,,,UDP,1500,"1779594591.583887 IP (tos 0x0, ttl 64, id 36799, offset 0, flags [+], proto UDP (17), length 1500)"
1779594591.584893,,,UDP,1500,"1779594591.584893 IP (tos 0x0, ttl 64, id 36800, offset 0, flags [+], proto UDP (17), length 1500)"
1779594591.585793,,,UDP,1500,"1779594591.585793 IP (tos 0x0, ttl 64, id 36801, offset 0, flags [+], proto UDP (17), length 1500)"
1779594591.681925,,,UDP,31,"1779594591.681925 IP (tos 0x0, ttl 64, id 44840, offset 0, flags [DF], proto UDP (17), length 31)"
1779594591.682727,,,UDP,31,"1779594591.682727 IP (tos 0x0, ttl 64, id 44841, offset 0, flags [DF], proto UDP (17), length 31)"
1779594591.683277,,,UDP,1500,"1779594591.683277 IP (tos 0x0, ttl 64, id 36823, offset 0, flags [+], proto UDP (17), length 1500)"
1779594591.683835,,,UDP,31,"1779594591.683835 IP (tos 0x0, ttl 64, id 44842, offset 0, flags [DF], proto UDP (17), length 31)"
1779594591.684423,,,UDP,1500,"1779594591.684423 IP (tos 0x0, ttl 64, id 36824, offset 0, flags [+], proto UDP (17), length 1500)"
1779594591.684721,,,UDP,31,"1779594591.684721 IP (tos 0x0, ttl 64, id 44843, offset 0, flags [DF], proto UDP (17), length 31)"
1779594591.685245,,,UDP,1500,"1779594591.685245 IP (tos 0x0, ttl 64, id 36825, offset 0, flags [+], proto UDP (17), length 1500)"
1779594591.685766,,,UDP,31,"1779594591.685766 IP (tos 0x0, ttl 64, id 44844, offset 0, flags [DF], proto UDP (17), length 31)"
1779594591.685944,,,UDP,1500,"1779594591.685944 IP (tos 0x0, ttl 64, id 36826, offset 0, flags [+], proto UDP (17), length 1500)"
1779594591.686558,,,UDP,1500,"1779594591.686558 IP (tos 0x0, ttl 64, id 36827, offset 0, flags [+], proto UDP (17), length 1500)"
1779594591.686629,,,UDP,31,"1779594591.686629 IP (tos 0x0, ttl 64, id 44845, offset 0, flags [DF], proto UDP (17), length 31)"
1779594591.687237,,,UDP,1500,"1779594591.687237 IP (tos 0x0, ttl 64, id 36828, offset 0, flags [+], proto UDP (17), length 1500)"
1779594591.687808,,,UDP,1500,"1779594591.687808 IP (tos 0x0, ttl 64, id 36829, offset 0, flags [+], proto UDP (17), length 1500)"
1779594591.688372,,,UDP,1500,"1779594591.688372 IP (tos 0x0, ttl 64, id 36830, offset 0, flags [+], proto UDP (17), length 1500)"
1779594591.784234,,,UDP,31,"1779594591.784234 IP (tos 0x0, ttl 64, id 44848, offset 0, flags [DF], proto UDP (17), length 31)"
1779594591.785022,,,UDP,1500,"1779594591.785022 IP (tos 0x0, ttl 64, id 36844, offset 0, flags [+], proto UDP (17), length 1500)"
1779594591.785115,,,UDP,31,"1779594591.785115 IP (tos 0x0, ttl 64, id 44849, offset 0, flags [DF], proto UDP (17), length 31)"
1779594591.785733,,,UDP,1500,"1779594591.785733 IP (tos 0x0, ttl 64, id 36845, offset 0, flags [+], proto UDP (17), length 1500)"
1779594591.785847,,,UDP,31,"1779594591.785847 IP (tos 0x0, ttl 64, id 44850, offset 0, flags [DF], proto UDP (17), length 31)"
1779594591.786410,,,UDP,31,"1779594591.786410 IP (tos 0x0, ttl 64, id 44851, offset 0, flags [DF], proto UDP (17), length 31)"
1779594591.786410,,,UDP,1500,"1779594591.786410 IP (tos 0x0, ttl 64, id 36846, offset 0, flags [+], proto UDP (17), length 1500)"
1779594591.786987,,,UDP,1500,"1779594591.786987 IP (tos 0x0, ttl 64, id 36847, offset 0, flags [+], proto UDP (17), length 1500)"
1779594591.787035,,,UDP,31,"1779594591.787035 IP (tos 0x0, ttl 64, id 44852, offset 0, flags [DF], proto UDP (17), length 31)"
1779594591.787635,,,UDP,1500,"1779594591.787635 IP (tos 0x0, ttl 64, id 36848, offset 0, flags [+], proto UDP (17), length 1500)"
1779594591.787735,,,UDP,31,"1779594591.787735 IP (tos 0x0, ttl 64, id 44853, offset 0, flags [DF], proto UDP (17), length 31)"
1779594591.788236,,,UDP,31,"1779594591.788236 IP (tos 0x0, ttl 64, id 44854, offset 0, flags [DF], proto UDP (17), length 31)"
1779594591.788276,,,UDP,1500,"1779594591.788276 IP (tos 0x0, ttl 64, id 36849, offset 0, flags [+], proto UDP (17), length 1500)"
1779594591.788745,,,UDP,31,"1779594591.788745 IP (tos 0x0, ttl 64, id 44855, offset 0, flags [DF], proto UDP (17), length 31)"
1779594591.788788,,,UDP,1500,"1779594591.788788 IP (tos 0x0, ttl 64, id 36850, offset 0, flags [+], proto UDP (17), length 1500)"
1779594591.789254,,,UDP,1500,"1779594591.789254 IP (tos 0x0, ttl 64, id 36851, offset 0, flags [+], proto UDP (17), length 1500)"
1779594591.885783,,,UDP,31,"1779594591.885783 IP (tos 0x0, ttl 64, id 44863, offset 0, flags [DF], proto UDP (17), length 31)"
1779594591.886297,,,UDP,31,"1779594591.886297 IP (tos 0x0, ttl 64, id 44864, offset 0, flags [DF], proto UDP (17), length 31)"
1779594591.886637,,,UDP,1500,"1779594591.886637 IP (tos 0x0, ttl 64, id 36857, offset 0, flags [+], proto UDP (17), length 1500)"
1779594591.886774,,,UDP,31,"1779594591.886774 IP (tos 0x0, ttl 64, id 44865, offset 0, flags [DF], proto UDP (17), length 31)"
1779594591.887224,,,UDP,1500,"1779594591.887224 IP (tos 0x0, ttl 64, id 36858, offset 0, flags [+], proto UDP (17), length 1500)"
1779594591.887489,,,UDP,31,"1779594591.887489 IP (tos 0x0, ttl 64, id 44866, offset 0, flags [DF], proto UDP (17), length 31)"
1779594591.887758,,,UDP,1500,"1779594591.887758 IP (tos 0x0, ttl 64, id 36859, offset 0, flags [+], proto UDP (17), length 1500)"
1779594591.888110,,,UDP,31,"1779594591.888110 IP (tos 0x0, ttl 64, id 44867, offset 0, flags [DF], proto UDP (17), length 31)"
1779594591.888398,,,UDP,1500,"1779594591.888398 IP (tos 0x0, ttl 64, id 36860, offset 0, flags [+], proto UDP (17), length 1500)"
1779594591.888733,,,UDP,31,"1779594591.888733 IP (tos 0x0, ttl 64, id 44868, offset 0, flags [DF], proto UDP (17), length 31)"
1779594591.888927,,,UDP,1500,"1779594591.888927 IP (tos 0x0, ttl 64, id 36861, offset 0, flags [+], proto UDP (17), length 1500)"
1779594591.889200,,,UDP,31,"1779594591.889200 IP (tos 0x0, ttl 64, id 44869, offset 0, flags [DF], proto UDP (17), length 31)"
1779594591.889398,,,UDP,1500,"1779594591.889398 IP (tos 0x0, ttl 64, id 36862, offset 0, flags [+], proto UDP (17), length 1500)"
1779594591.889843,,,UDP,1500,"1779594591.889843 IP (tos 0x0, ttl 64, id 36863, offset 0, flags [+], proto UDP (17), length 1500)"
1779594591.987636,,,UDP,31,"1779594591.987636 IP (tos 0x0, ttl 64, id 44887, offset 0, flags [DF], proto UDP (17), length 31)"
1779594591.987658,,,UDP,31,"1779594591.987658 IP (tos 0x0, ttl 64, id 44888, offset 0, flags [DF], proto UDP (17), length 31)"
1779594591.988467,,,UDP,31,"1779594591.988467 IP (tos 0x0, ttl 64, id 44889, offset 0, flags [DF], proto UDP (17), length 31)"
1779594591.988776,,,UDP,31,"1779594591.988776 IP (tos 0x0, ttl 64, id 44890, offset 0, flags [DF], proto UDP (17), length 31)"
1779594591.989390,,,UDP,31,"1779594591.989390 IP (tos 0x0, ttl 64, id 44891, offset 0, flags [DF], proto UDP (17), length 31)"
1779594591.989526,,,UDP,1500,"1779594591.989526 IP (tos 0x0, ttl 64, id 36868, offset 0, flags [+], proto UDP (17), length 1500)"
1779594591.989985,,,UDP,31,"1779594591.989985 IP (tos 0x0, ttl 64, id 44892, offset 0, flags [DF], proto UDP (17), length 31)"
1779594591.990215,,,UDP,31,"1779594591.990215 IP (tos 0x0, ttl 64, id 44893, offset 0, flags [DF], proto UDP (17), length 31)"
1779594591.990716,,,UDP,1500,"1779594591.990716 IP (tos 0x0, ttl 64, id 36869, offset 0, flags [+], proto UDP (17), length 1500)"
1779594591.992208,,,UDP,1500,"1779594591.992208 IP (tos 0x0, ttl 64, id 36870, offset 0, flags [+], proto UDP (17), length 1500)"
1779594591.993360,,,UDP,1500,"1779594591.993360 IP (tos 0x0, ttl 64, id 36871, offset 0, flags [+], proto UDP (17), length 1500)"
1779594591.994492,,,UDP,1500,"1779594591.994492 IP (tos 0x0, ttl 64, id 36872, offset 0, flags [+], proto UDP (17), length 1500)"
1779594591.995832,,,UDP,1500,"1779594591.995832 IP (tos 0x0, ttl 64, id 36873, offset 0, flags [+], proto UDP (17), length 1500)"
1779594591.996960,,,UDP,1500,"1779594591.996960 IP (tos 0x0, ttl 64, id 36874, offset 0, flags [+], proto UDP (17), length 1500)"
1779594591.998027,,,UDP,1500,"1779594591.998027 IP (tos 0x0, ttl 64, id 36875, offset 0, flags [+], proto UDP (17), length 1500)"
1779594592.090986,,,UDP,31,"1779594592.090986 IP (tos 0x0, ttl 64, id 44897, offset 0, flags [DF], proto UDP (17), length 31)"
1779594592.091827,,,UDP,31,"1779594592.091827 IP (tos 0x0, ttl 64, id 44898, offset 0, flags [DF], proto UDP (17), length 31)"
1779594592.092768,,,UDP,1500,"1779594592.092768 IP (tos 0x0, ttl 64, id 36881, offset 0, flags [+], proto UDP (17), length 1500)"
1779594592.093527,,,UDP,31,"1779594592.093527 IP (tos 0x0, ttl 64, id 44899, offset 0, flags [DF], proto UDP (17), length 31)"
1779594592.094071,,,UDP,1500,"1779594592.094071 IP (tos 0x0, ttl 64, id 36882, offset 0, flags [+], proto UDP (17), length 1500)"
1779594592.094605,,,UDP,31,"1779594592.094605 IP (tos 0x0, ttl 64, id 44900, offset 0, flags [DF], proto UDP (17), length 31)"
1779594592.095345,,,UDP,1500,"1779594592.095345 IP (tos 0x0, ttl 64, id 36883, offset 0, flags [+], proto UDP (17), length 1500)"
1779594592.095545,,,UDP,31,"1779594592.095545 IP (tos 0x0, ttl 64, id 44901, offset 0, flags [DF], proto UDP (17), length 31)"
1779594592.096432,,,UDP,1500,"1779594592.096432 IP (tos 0x0, ttl 64, id 36884, offset 0, flags [+], proto UDP (17), length 1500)"
1779594592.097495,,,UDP,1500,"1779594592.097495 IP (tos 0x0, ttl 64, id 36885, offset 0, flags [+], proto UDP (17), length 1500)"
1779594592.099032,,,UDP,31,"1779594592.099032 IP (tos 0x0, ttl 64, id 44904, offset 0, flags [DF], proto UDP (17), length 31)"
1779594592.100427,,,UDP,1500,"1779594592.100427 IP (tos 0x0, ttl 64, id 36886, offset 0, flags [+], proto UDP (17), length 1500)"
1779594592.101821,,,UDP,1500,"1779594592.101821 IP (tos 0x0, ttl 64, id 36887, offset 0, flags [+], proto UDP (17), length 1500)"
1779594592.103385,,,UDP,1500,"1779594592.103385 IP (tos 0x0, ttl 64, id 36888, offset 0, flags [+], proto UDP (17), length 1500)"
1779594592.194064,,,UDP,31,"1779594592.194064 IP (tos 0x0, ttl 64, id 44908, offset 0, flags [DF], proto UDP (17), length 31)"
1779594592.195213,,,UDP,31,"1779594592.195213 IP (tos 0x0, ttl 64, id 44909, offset 0, flags [DF], proto UDP (17), length 31)"
1779594592.195215,,,UDP,1500,"1779594592.195215 IP (tos 0x0, ttl 64, id 36890, offset 0, flags [+], proto UDP (17), length 1500)"
1779594592.195858,,,UDP,1500,"1779594592.195858 IP (tos 0x0, ttl 64, id 36891, offset 0, flags [+], proto UDP (17), length 1500)"
1779594592.196475,,,UDP,31,"1779594592.196475 IP (tos 0x0, ttl 64, id 44910, offset 0, flags [DF], proto UDP (17), length 31)"
1779594592.197306,,,UDP,1500,"1779594592.197306 IP (tos 0x0, ttl 64, id 36892, offset 0, flags [+], proto UDP (17), length 1500)"
1779594592.197427,,,UDP,31,"1779594592.197427 IP (tos 0x0, ttl 64, id 44911, offset 0, flags [DF], proto UDP (17), length 31)"
1779594592.198123,,,UDP,1500,"1779594592.198123 IP (tos 0x0, ttl 64, id 36893, offset 0, flags [+], proto UDP (17), length 1500)"
1779594592.198633,,,UDP,31,"1779594592.198633 IP (tos 0x0, ttl 64, id 44912, offset 0, flags [DF], proto UDP (17), length 31)"
1779594592.199508,,,UDP,1500,"1779594592.199508 IP (tos 0x0, ttl 64, id 36894, offset 0, flags [+], proto UDP (17), length 1500)"
1779594592.201834,,,UDP,31,"1779594592.201834 IP (tos 0x0, ttl 64, id 44913, offset 0, flags [DF], proto UDP (17), length 31)"
1779594592.202339,,,UDP,1500,"1779594592.202339 IP (tos 0x0, ttl 64, id 36895, offset 0, flags [+], proto UDP (17), length 1500)"
1779594592.203361,,,UDP,31,"1779594592.203361 IP (tos 0x0, ttl 64, id 44914, offset 0, flags [DF], proto UDP (17), length 31)"
1779594592.203918,,,UDP,1500,"1779594592.203918 IP (tos 0x0, ttl 64, id 36896, offset 0, flags [+], proto UDP (17), length 1500)"
1779594592.204374,,,UDP,31,"1779594592.204374 IP (tos 0x0, ttl 64, id 44915, offset 0, flags [DF], proto UDP (17), length 31)"
1779594592.204966,,,UDP,1500,"1779594592.204966 IP (tos 0x0, ttl 64, id 36897, offset 0, flags [+], proto UDP (17), length 1500)"
1779594592.296105,,,UDP,31,"1779594592.296105 IP (tos 0x0, ttl 64, id 44938, offset 0, flags [DF], proto UDP (17), length 31)"
1779594592.296787,,,UDP,31,"1779594592.296787 IP (tos 0x0, ttl 64, id 44939, offset 0, flags [DF], proto UDP (17), length 31)"
1779594592.297758,,,UDP,1500,"1779594592.297758 IP (tos 0x0, ttl 64, id 36913, offset 0, flags [+], proto UDP (17), length 1500)"
1779594592.297966,,,UDP,31,"1779594592.297966 IP (tos 0x0, ttl 64, id 44940, offset 0, flags [DF], proto UDP (17), length 31)"
1779594592.298852,,,UDP,1500,"1779594592.298852 IP (tos 0x0, ttl 64, id 36914, offset 0, flags [+], proto UDP (17), length 1500)"
1779594592.298991,,,UDP,31,"1779594592.298991 IP (tos 0x0, ttl 64, id 44941, offset 0, flags [DF], proto UDP (17), length 31)"
1779594592.300315,,,UDP,1500,"1779594592.300315 IP (tos 0x0, ttl 64, id 36915, offset 0, flags [+], proto UDP (17), length 1500)"
1779594592.300534,,,UDP,31,"1779594592.300534 IP (tos 0x0, ttl 64, id 44942, offset 0, flags [DF], proto UDP (17), length 31)"
1779594592.301649,,,UDP,1500,"1779594592.301649 IP (tos 0x0, ttl 64, id 36916, offset 0, flags [+], proto UDP (17), length 1500)"
1779594592.302786,,,UDP,1500,"1779594592.302786 IP (tos 0x0, ttl 64, id 36917, offset 0, flags [+], proto UDP (17), length 1500)"
1779594592.303166,,,UDP,31,"1779594592.303166 IP (tos 0x0, ttl 64, id 44943, offset 0, flags [DF], proto UDP (17), length 31)"
1779594592.304429,,,UDP,1500,"1779594592.304429 IP (tos 0x0, ttl 64, id 36918, offset 0, flags [+], proto UDP (17), length 1500)"
1779594592.304636,,,UDP,31,"1779594592.304636 IP (tos 0x0, ttl 64, id 44944, offset 0, flags [DF], proto UDP (17), length 31)"
1779594592.305962,,,UDP,1500,"1779594592.305962 IP (tos 0x0, ttl 64, id 36919, offset 0, flags [+], proto UDP (17), length 1500)"
1779594592.399125,,,UDP,31,"1779594592.399125 IP (tos 0x0, ttl 64, id 44948, offset 0, flags [DF], proto UDP (17), length 31)"
1779594592.400124,,,UDP,31,"1779594592.400124 IP (tos 0x0, ttl 64, id 44949, offset 0, flags [DF], proto UDP (17), length 31)"
1779594592.401042,,,UDP,1500,"1779594592.401042 IP (tos 0x0, ttl 64, id 36941, offset 0, flags [+], proto UDP (17), length 1500)"
1779594592.401743,,,UDP,31,"1779594592.401743 IP (tos 0x0, ttl 64, id 44950, offset 0, flags [DF], proto UDP (17), length 31)"
1779594592.402468,,,UDP,1500,"1779594592.402468 IP (tos 0x0, ttl 64, id 36942, offset 0, flags [+], proto UDP (17), length 1500)"
1779594592.402668,,,UDP,31,"1779594592.402668 IP (tos 0x0, ttl 64, id 44951, offset 0, flags [DF], proto UDP (17), length 31)"
1779594592.403783,,,UDP,1500,"1779594592.403783 IP (tos 0x0, ttl 64, id 36943, offset 0, flags [+], proto UDP (17), length 1500)"
1779594592.403913,,,UDP,31,"1779594592.403913 IP (tos 0x0, ttl 64, id 44952, offset 0, flags [DF], proto UDP (17), length 31)"
1779594592.404670,,,UDP,1500,"1779594592.404670 IP (tos 0x0, ttl 64, id 36944, offset 0, flags [+], proto UDP (17), length 1500)"
1779594592.405593,,,UDP,31,"1779594592.405593 IP (tos 0x0, ttl 64, id 44953, offset 0, flags [DF], proto UDP (17), length 31)"
1779594592.405612,,,UDP,1500,"1779594592.405612 IP (tos 0x0, ttl 64, id 36945, offset 0, flags [+], proto UDP (17), length 1500)"
1779594592.406395,,,UDP,1500,"1779594592.406395 IP (tos 0x0, ttl 64, id 36946, offset 0, flags [+], proto UDP (17), length 1500)"
1779594592.407178,,,UDP,31,"1779594592.407178 IP (tos 0x0, ttl 64, id 44954, offset 0, flags [DF], proto UDP (17), length 31)"
1779594592.407566,,,UDP,1500,"1779594592.407566 IP (tos 0x0, ttl 64, id 36947, offset 0, flags [+], proto UDP (17), length 1500)"
1779594592.408138,,,UDP,1500,"1779594592.408138 IP (tos 0x0, ttl 64, id 36948, offset 0, flags [+], proto UDP (17), length 1500)"
1779594592.503967,,,UDP,31,"1779594592.503967 IP (tos 0x0, ttl 64, id 44966, offset 0, flags [DF], proto UDP (17), length 31)"
1779594592.504775,,,UDP,31,"1779594592.504775 IP (tos 0x0, ttl 64, id 44967, offset 0, flags [DF], proto UDP (17), length 31)"
1779594592.505358,,,UDP,31,"1779594592.505358 IP (tos 0x0, ttl 64, id 44968, offset 0, flags [DF], proto UDP (17), length 31)"
1779594592.505882,,,UDP,1500,"1779594592.505882 IP (tos 0x0, ttl 64, id 36970, offset 0, flags [+], proto UDP (17), length 1500)"
1779594592.506239,,,UDP,31,"1779594592.506239 IP (tos 0x0, ttl 64, id 44969, offset 0, flags [DF], proto UDP (17), length 31)"
1779594592.507203,,,UDP,1500,"1779594592.507203 IP (tos 0x0, ttl 64, id 36971, offset 0, flags [+], proto UDP (17), length 1500)"
1779594592.508079,,,UDP,31,"1779594592.508079 IP (tos 0x0, ttl 64, id 44971, offset 0, flags [DF], proto UDP (17), length 31)"
1779594592.508523,,,UDP,1500,"1779594592.508523 IP (tos 0x0, ttl 64, id 36972, offset 0, flags [+], proto UDP (17), length 1500)"
1779594592.508765,,,UDP,31,"1779594592.508765 IP (tos 0x0, ttl 64, id 44972, offset 0, flags [DF], proto UDP (17), length 31)"
1779594592.509724,,,UDP,1500,"1779594592.509724 IP (tos 0x0, ttl 64, id 36973, offset 0, flags [+], proto UDP (17), length 1500)"
1779594592.510714,,,UDP,1500,"1779594592.510714 IP (tos 0x0, ttl 64, id 36974, offset 0, flags [+], proto UDP (17), length 1500)"
1779594592.511759,,,UDP,1500,"1779594592.511759 IP (tos 0x0, ttl 64, id 36975, offset 0, flags [+], proto UDP (17), length 1500)"
1779594592.608394,,,UDP,31,"1779594592.608394 IP (tos 0x0, ttl 64, id 44994, offset 0, flags [DF], proto UDP (17), length 31)"
1779594592.609947,,,UDP,31,"1779594592.609947 IP (tos 0x0, ttl 64, id 44995, offset 0, flags [DF], proto UDP (17), length 31)"
1779594592.611059,,,UDP,31,"1779594592.611059 IP (tos 0x0, ttl 64, id 44996, offset 0, flags [DF], proto UDP (17), length 31)"
1779594592.611869,,,UDP,31,"1779594592.611869 IP (tos 0x0, ttl 64, id 44997, offset 0, flags [DF], proto UDP (17), length 31)"
1779594592.612810,,,UDP,31,"1779594592.612810 IP (tos 0x0, ttl 64, id 44998, offset 0, flags [DF], proto UDP (17), length 31)"
1779594592.614470,,,UDP,34,"1779594592.614470 IP (tos 0x0, ttl 64, id 36998, offset 0, flags [DF], proto UDP (17), length 34)"
1779594592.715004,,,UDP,35,"1779594592.715004 IP (tos 0x0, ttl 64, id 45007, offset 0, flags [DF], proto UDP (17), length 35)"
1779594592.853447,,,UDP,63,"1779594592.853447 IP (tos 0x0, ttl 64, id 37000, offset 0, flags [DF], proto UDP (17), length 63)"
1779594592.953755,,,UDP,36,"1779594592.953755 IP (tos 0x0, ttl 64, id 45049, offset 0, flags [DF], proto UDP (17), length 36)"
1779594592.954926,,,UDP,1500,"1779594592.954926 IP (tos 0x0, ttl 64, id 37014, offset 0, flags [+], proto UDP (17), length 1500)"
1779594592.956577,,,UDP,1500,"1779594592.956577 IP (tos 0x0, ttl 64, id 37015, offset 0, flags [+], proto UDP (17), length 1500)"
1779594592.957382,,,UDP,1500,"1779594592.957382 IP (tos 0x0, ttl 64, id 37016, offset 0, flags [+], proto UDP (17), length 1500)"
1779594592.958113,,,UDP,1500,"1779594592.958113 IP (tos 0x0, ttl 64, id 37017, offset 0, flags [+], proto UDP (17), length 1500)"
1779594592.958940,,,UDP,1500,"1779594592.958940 IP (tos 0x0, ttl 64, id 37018, offset 0, flags [+], proto UDP (17), length 1500)"
1779594592.959581,,,UDP,1500,"1779594592.959581 IP (tos 0x0, ttl 64, id 37019, offset 0, flags [+], proto UDP (17), length 1500)"
1779594592.960063,,,UDP,1500,"1779594592.960063 IP (tos 0x0, ttl 64, id 37020, offset 0, flags [+], proto UDP (17), length 1500)"
1779594592.960523,,,UDP,1500,"1779594592.960523 IP (tos 0x0, ttl 64, id 37021, offset 0, flags [+], proto UDP (17), length 1500)"
1779594593.055438,,,UDP,29,"1779594593.055438 IP (tos 0x0, ttl 64, id 45071, offset 0, flags [DF], proto UDP (17), length 29)"
1779594593.057063,,,UDP,1500,"1779594593.057063 IP (tos 0x0, ttl 64, id 37037, offset 0, flags [+], proto UDP (17), length 1500)"
1779594593.057301,,,UDP,29,"1779594593.057301 IP (tos 0x0, ttl 64, id 45072, offset 0, flags [DF], proto UDP (17), length 29)"
1779594593.058039,,,UDP,29,"1779594593.058039 IP (tos 0x0, ttl 64, id 45073, offset 0, flags [DF], proto UDP (17), length 29)"
1779594593.058447,,,UDP,1500,"1779594593.058447 IP (tos 0x0, ttl 64, id 37038, offset 0, flags [+], proto UDP (17), length 1500)"
1779594593.058769,,,UDP,29,"1779594593.058769 IP (tos 0x0, ttl 64, id 45074, offset 0, flags [DF], proto UDP (17), length 29)"
1779594593.059583,,,UDP,29,"1779594593.059583 IP (tos 0x0, ttl 64, id 45075, offset 0, flags [DF], proto UDP (17), length 29)"
1779594593.059748,,,UDP,1500,"1779594593.059748 IP (tos 0x0, ttl 64, id 37039, offset 0, flags [+], proto UDP (17), length 1500)"
1779594593.060154,,,UDP,29,"1779594593.060154 IP (tos 0x0, ttl 64, id 45076, offset 0, flags [DF], proto UDP (17), length 29)"
1779594593.060469,,,UDP,29,"1779594593.060469 IP (tos 0x0, ttl 64, id 45077, offset 0, flags [DF], proto UDP (17), length 29)"
1779594593.060815,,,UDP,1500,"1779594593.060815 IP (tos 0x0, ttl 64, id 37040, offset 0, flags [+], proto UDP (17), length 1500)"
1779594593.061003,,,UDP,29,"1779594593.061003 IP (tos 0x0, ttl 64, id 45078, offset 0, flags [DF], proto UDP (17), length 29)"
1779594593.061755,,,UDP,1500,"1779594593.061755 IP (tos 0x0, ttl 64, id 37041, offset 0, flags [+], proto UDP (17), length 1500)"
1779594593.062791,,,UDP,1500,"1779594593.062791 IP (tos 0x0, ttl 64, id 37042, offset 0, flags [+], proto UDP (17), length 1500)"
1779594593.063943,,,UDP,1500,"1779594593.063943 IP (tos 0x0, ttl 64, id 37043, offset 0, flags [+], proto UDP (17), length 1500)"
1779594593.064929,,,UDP,1500,"1779594593.064929 IP (tos 0x0, ttl 64, id 37044, offset 0, flags [+], proto UDP (17), length 1500)"
1779594593.158425,,,UDP,29,"1779594593.158425 IP (tos 0x0, ttl 64, id 45081, offset 0, flags [DF], proto UDP (17), length 29)"
1779594593.159958,,,UDP,1500,"1779594593.159958 IP (tos 0x0, ttl 64, id 37050, offset 0, flags [+], proto UDP (17), length 1500)"
1779594593.160833,,,UDP,30,"1779594593.160833 IP (tos 0x0, ttl 64, id 45083, offset 0, flags [DF], proto UDP (17), length 30)"
1779594593.161871,,,UDP,1500,"1779594593.161871 IP (tos 0x0, ttl 64, id 37051, offset 0, flags [+], proto UDP (17), length 1500)"
1779594593.162781,,,UDP,30,"1779594593.162781 IP (tos 0x0, ttl 64, id 45085, offset 0, flags [DF], proto UDP (17), length 30)"
1779594593.162920,,,UDP,1500,"1779594593.162920 IP (tos 0x0, ttl 64, id 37052, offset 0, flags [+], proto UDP (17), length 1500)"
1779594593.163753,,,UDP,1500,"1779594593.163753 IP (tos 0x0, ttl 64, id 37053, offset 0, flags [+], proto UDP (17), length 1500)"
1779594593.163815,,,UDP,30,"1779594593.163815 IP (tos 0x0, ttl 64, id 45086, offset 0, flags [DF], proto UDP (17), length 30)"
1779594593.164534,,,UDP,1500,"1779594593.164534 IP (tos 0x0, ttl 64, id 37054, offset 0, flags [+], proto UDP (17), length 1500)"
1779594593.165259,,,UDP,1500,"1779594593.165259 IP (tos 0x0, ttl 64, id 37055, offset 0, flags [+], proto UDP (17), length 1500)"
1779594593.165887,,,UDP,30,"1779594593.165887 IP (tos 0x0, ttl 64, id 45088, offset 0, flags [DF], proto UDP (17), length 30)"
1779594593.166718,,,UDP,1500,"1779594593.166718 IP (tos 0x0, ttl 64, id 37056, offset 0, flags [+], proto UDP (17), length 1500)"
1779594593.167474,,,UDP,1500,"1779594593.167474 IP (tos 0x0, ttl 64, id 37057, offset 0, flags [+], proto UDP (17), length 1500)"
1779594593.261248,,,UDP,30,"1779594593.261248 IP (tos 0x0, ttl 64, id 45093, offset 0, flags [DF], proto UDP (17), length 30)"
1779594593.262463,,,UDP,1500,"1779594593.262463 IP (tos 0x0, ttl 64, id 37073, offset 0, flags [+], proto UDP (17), length 1500)"
1779594593.262936,,,UDP,30,"1779594593.262936 IP (tos 0x0, ttl 64, id 45094, offset 0, flags [DF], proto UDP (17), length 30)"
1779594593.263713,,,UDP,30,"1779594593.263713 IP (tos 0x0, ttl 64, id 45095, offset 0, flags [DF], proto UDP (17), length 30)"
1779594593.264050,,,UDP,1500,"1779594593.264050 IP (tos 0x0, ttl 64, id 37074, offset 0, flags [+], proto UDP (17), length 1500)"
1779594593.264476,,,UDP,30,"1779594593.264476 IP (tos 0x0, ttl 64, id 45096, offset 0, flags [DF], proto UDP (17), length 30)"
1779594593.264643,,,UDP,1500,"1779594593.264643 IP (tos 0x0, ttl 64, id 37075, offset 0, flags [+], proto UDP (17), length 1500)"
1779594593.265320,,,UDP,1500,"1779594593.265320 IP (tos 0x0, ttl 64, id 37076, offset 0, flags [+], proto UDP (17), length 1500)"
1779594593.265404,,,UDP,30,"1779594593.265404 IP (tos 0x0, ttl 64, id 45097, offset 0, flags [DF], proto UDP (17), length 30)"
1779594593.265893,,,UDP,30,"1779594593.265893 IP (tos 0x0, ttl 64, id 45098, offset 0, flags [DF], proto UDP (17), length 30)"
1779594593.266108,,,UDP,1500,"1779594593.266108 IP (tos 0x0, ttl 64, id 37077, offset 0, flags [+], proto UDP (17), length 1500)"
1779594593.266556,,,UDP,1500,"1779594593.266556 IP (tos 0x0, ttl 64, id 37078, offset 0, flags [+], proto UDP (17), length 1500)"
1779594593.267495,,,UDP,30,"1779594593.267495 IP (tos 0x0, ttl 64, id 45099, offset 0, flags [DF], proto UDP (17), length 30)"
1779594593.267953,,,UDP,1500,"1779594593.267953 IP (tos 0x0, ttl 64, id 37079, offset 0, flags [+], proto UDP (17), length 1500)"
1779594593.268119,,,UDP,30,"1779594593.268119 IP (tos 0x0, ttl 64, id 45100, offset 0, flags [DF], proto UDP (17), length 30)"
1779594593.268693,,,UDP,1500,"1779594593.268693 IP (tos 0x0, ttl 64, id 37080, offset 0, flags [+], proto UDP (17), length 1500)"
1779594593.363936,,,UDP,30,"1779594593.363936 IP (tos 0x0, ttl 64, id 45106, offset 0, flags [DF], proto UDP (17), length 30)"
1779594593.364767,,,UDP,30,"1779594593.364767 IP (tos 0x0, ttl 64, id 45107, offset 0, flags [DF], proto UDP (17), length 30)"
1779594593.365432,,,UDP,30,"1779594593.365432 IP (tos 0x0, ttl 64, id 45108, offset 0, flags [DF], proto UDP (17), length 30)"
1779594593.365912,,,UDP,1500,"1779594593.365912 IP (tos 0x0, ttl 64, id 37090, offset 0, flags [+], proto UDP (17), length 1500)"
1779594593.366054,,,UDP,30,"1779594593.366054 IP (tos 0x0, ttl 64, id 45109, offset 0, flags [DF], proto UDP (17), length 30)"
1779594593.366673,,,UDP,30,"1779594593.366673 IP (tos 0x0, ttl 64, id 45110, offset 0, flags [DF], proto UDP (17), length 30)"
1779594593.367149,,,UDP,30,"1779594593.367149 IP (tos 0x0, ttl 64, id 45111, offset 0, flags [DF], proto UDP (17), length 30)"
1779594593.367388,,,UDP,1500,"1779594593.367388 IP (tos 0x0, ttl 64, id 37091, offset 0, flags [+], proto UDP (17), length 1500)"
1779594593.368450,,,UDP,30,"1779594593.368450 IP (tos 0x0, ttl 64, id 45112, offset 0, flags [DF], proto UDP (17), length 30)"
1779594593.368517,,,UDP,1500,"1779594593.368517 IP (tos 0x0, ttl 64, id 37092, offset 0, flags [+], proto UDP (17), length 1500)"
1779594593.369256,,,UDP,30,"1779594593.369256 IP (tos 0x0, ttl 64, id 45113, offset 0, flags [DF], proto UDP (17), length 30)"
1779594593.370011,,,UDP,1500,"1779594593.370011 IP (tos 0x0, ttl 64, id 37093, offset 0, flags [+], proto UDP (17), length 1500)"
1779594593.371155,,,UDP,1500,"1779594593.371155 IP (tos 0x0, ttl 64, id 37094, offset 0, flags [+], proto UDP (17), length 1500)"
1779594593.372260,,,UDP,1500,"1779594593.372260 IP (tos 0x0, ttl 64, id 37095, offset 0, flags [+], proto UDP (17), length 1500)"
1779594593.373314,,,UDP,1500,"1779594593.373314 IP (tos 0x0, ttl 64, id 37096, offset 0, flags [+], proto UDP (17), length 1500)"
1779594593.374501,,,UDP,1500,"1779594593.374501 IP (tos 0x0, ttl 64, id 37097, offset 0, flags [+], proto UDP (17), length 1500)"
1779594593.467670,,,UDP,30,"1779594593.467670 IP (tos 0x0, ttl 64, id 45131, offset 0, flags [DF], proto UDP (17), length 30)"
1779594593.468666,,,UDP,30,"1779594593.468666 IP (tos 0x0, ttl 64, id 45132, offset 0, flags [DF], proto UDP (17), length 30)"
1779594593.469996,,,UDP,1500,"1779594593.469996 IP (tos 0x0, ttl 64, id 37100, offset 0, flags [+], proto UDP (17), length 1500)"
1779594593.471198,,,UDP,30,"1779594593.471198 IP (tos 0x0, ttl 64, id 45134, offset 0, flags [DF], proto UDP (17), length 30)"
1779594593.471277,,,UDP,1500,"1779594593.471277 IP (tos 0x0, ttl 64, id 37101, offset 0, flags [+], proto UDP (17), length 1500)"
1779594593.472197,,,UDP,30,"1779594593.472197 IP (tos 0x0, ttl 64, id 45135, offset 0, flags [DF], proto UDP (17), length 30)"
1779594593.472689,,,UDP,1500,"1779594593.472689 IP (tos 0x0, ttl 64, id 37102, offset 0, flags [+], proto UDP (17), length 1500)"
1779594593.473357,,,UDP,30,"1779594593.473357 IP (tos 0x0, ttl 64, id 45136, offset 0, flags [DF], proto UDP (17), length 30)"
1779594593.473873,,,UDP,1500,"1779594593.473873 IP (tos 0x0, ttl 64, id 37103, offset 0, flags [+], proto UDP (17), length 1500)"
1779594593.474776,,,UDP,1500,"1779594593.474776 IP (tos 0x0, ttl 64, id 37104, offset 0, flags [+], proto UDP (17), length 1500)"
1779594593.475415,,,UDP,30,"1779594593.475415 IP (tos 0x0, ttl 64, id 45138, offset 0, flags [DF], proto UDP (17), length 30)"
1779594593.475524,,,UDP,1500,"1779594593.475524 IP (tos 0x0, ttl 64, id 37105, offset 0, flags [+], proto UDP (17), length 1500)"
1779594593.476344,,,UDP,1500,"1779594593.476344 IP (tos 0x0, ttl 64, id 37106, offset 0, flags [+], proto UDP (17), length 1500)"
1779594593.476989,,,UDP,1500,"1779594593.476989 IP (tos 0x0, ttl 64, id 37107, offset 0, flags [+], proto UDP (17), length 1500)"
1779594593.571612,,,UDP,30,"1779594593.571612 IP (tos 0x0, ttl 64, id 45142, offset 0, flags [DF], proto UDP (17), length 30)"
1779594593.572648,,,UDP,30,"1779594593.572648 IP (tos 0x0, ttl 64, id 45143, offset 0, flags [DF], proto UDP (17), length 30)"
1779594593.573672,,,UDP,30,"1779594593.573672 IP (tos 0x0, ttl 64, id 45144, offset 0, flags [DF], proto UDP (17), length 30)"
1779594593.573988,,,UDP,1500,"1779594593.573988 IP (tos 0x0, ttl 64, id 37117, offset 0, flags [+], proto UDP (17), length 1500)"
1779594593.574792,,,UDP,30,"1779594593.574792 IP (tos 0x0, ttl 64, id 45145, offset 0, flags [DF], proto UDP (17), length 30)"
1779594593.575584,,,UDP,1500,"1779594593.575584 IP (tos 0x0, ttl 64, id 37118, offset 0, flags [+], proto UDP (17), length 1500)"
1779594593.575725,,,UDP,30,"1779594593.575725 IP (tos 0x0, ttl 64, id 45146, offset 0, flags [DF], proto UDP (17), length 30)"
1779594593.576222,,,UDP,30,"1779594593.576222 IP (tos 0x0, ttl 64, id 45147, offset 0, flags [DF], proto UDP (17), length 30)"
1779594593.576959,,,UDP,30,"1779594593.576959 IP (tos 0x0, ttl 64, id 45148, offset 0, flags [DF], proto UDP (17), length 30)"
1779594593.576969,,,UDP,1500,"1779594593.576969 IP (tos 0x0, ttl 64, id 37119, offset 0, flags [+], proto UDP (17), length 1500)"
1779594593.578056,,,UDP,1500,"1779594593.578056 IP (tos 0x0, ttl 64, id 37120, offset 0, flags [+], proto UDP (17), length 1500)"
1779594593.578985,,,UDP,1500,"1779594593.578985 IP (tos 0x0, ttl 64, id 37121, offset 0, flags [+], proto UDP (17), length 1500)"
1779594593.579977,,,UDP,1500,"1779594593.579977 IP (tos 0x0, ttl 64, id 37122, offset 0, flags [+], proto UDP (17), length 1500)"
1779594593.580728,,,UDP,1500,"1779594593.580728 IP (tos 0x0, ttl 64, id 37123, offset 0, flags [+], proto UDP (17), length 1500)"
1779594593.675510,,,UDP,30,"1779594593.675510 IP (tos 0x0, ttl 64, id 45156, offset 0, flags [DF], proto UDP (17), length 30)"
1779594593.677155,,,UDP,1500,"1779594593.677155 IP (tos 0x0, ttl 64, id 37139, offset 0, flags [+], proto UDP (17), length 1500)"
1779594593.677202,,,UDP,30,"1779594593.677202 IP (tos 0x0, ttl 64, id 45157, offset 0, flags [DF], proto UDP (17), length 30)"
1779594593.678417,,,UDP,1500,"1779594593.678417 IP (tos 0x0, ttl 64, id 37140, offset 0, flags [+], proto UDP (17), length 1500)"
1779594593.679754,,,UDP,1500,"1779594593.679754 IP (tos 0x0, ttl 64, id 37141, offset 0, flags [+], proto UDP (17), length 1500)"
1779594593.679937,,,UDP,30,"1779594593.679937 IP (tos 0x0, ttl 64, id 45160, offset 0, flags [DF], proto UDP (17), length 30)"
1779594593.680783,,,UDP,30,"1779594593.680783 IP (tos 0x0, ttl 64, id 45161, offset 0, flags [DF], proto UDP (17), length 30)"
1779594593.681077,,,UDP,1500,"1779594593.681077 IP (tos 0x0, ttl 64, id 37142, offset 0, flags [+], proto UDP (17), length 1500)"
1779594593.681352,,,UDP,30,"1779594593.681352 IP (tos 0x0, ttl 64, id 45162, offset 0, flags [DF], proto UDP (17), length 30)"
1779594593.682086,,,UDP,1500,"1779594593.682086 IP (tos 0x0, ttl 64, id 37143, offset 0, flags [+], proto UDP (17), length 1500)"
1779594593.683009,,,UDP,1500,"1779594593.683009 IP (tos 0x0, ttl 64, id 37144, offset 0, flags [+], proto UDP (17), length 1500)"
1779594593.683898,,,UDP,1500,"1779594593.683898 IP (tos 0x0, ttl 64, id 37145, offset 0, flags [+], proto UDP (17), length 1500)"
1779594593.684672,,,UDP,1500,"1779594593.684672 IP (tos 0x0, ttl 64, id 37146, offset 0, flags [+], proto UDP (17), length 1500)"
1779594593.778313,,,UDP,30,"1779594593.778313 IP (tos 0x0, ttl 64, id 45185, offset 0, flags [DF], proto UDP (17), length 30)"
1779594593.779239,,,UDP,1500,"1779594593.779239 IP (tos 0x0, ttl 64, id 37161, offset 0, flags [+], proto UDP (17), length 1500)"
1779594593.779492,,,UDP,30,"1779594593.779492 IP (tos 0x0, ttl 64, id 45186, offset 0, flags [DF], proto UDP (17), length 30)"
1779594593.780162,,,UDP,1500,"1779594593.780162 IP (tos 0x0, ttl 64, id 37162, offset 0, flags [+], proto UDP (17), length 1500)"
1779594593.780931,,,UDP,30,"1779594593.780931 IP (tos 0x0, ttl 64, id 45187, offset 0, flags [DF], proto UDP (17), length 30)"
1779594593.781791,,,UDP,1500,"1779594593.781791 IP (tos 0x0, ttl 64, id 37163, offset 0, flags [+], proto UDP (17), length 1500)"
1779594593.781963,,,UDP,30,"1779594593.781963 IP (tos 0x0, ttl 64, id 45188, offset 0, flags [DF], proto UDP (17), length 30)"
1779594593.782777,,,UDP,1500,"1779594593.782777 IP (tos 0x0, ttl 64, id 37164, offset 0, flags [+], proto UDP (17), length 1500)"
1779594593.782814,,,UDP,30,"1779594593.782814 IP (tos 0x0, ttl 64, id 45189, offset 0, flags [DF], proto UDP (17), length 30)"
1779594593.783499,,,UDP,1500,"1779594593.783499 IP (tos 0x0, ttl 64, id 37165, offset 0, flags [+], proto UDP (17), length 1500)"
1779594593.783668,,,UDP,30,"1779594593.783668 IP (tos 0x0, ttl 64, id 45190, offset 0, flags [DF], proto UDP (17), length 30)"
1779594593.784388,,,UDP,1500,"1779594593.784388 IP (tos 0x0, ttl 64, id 37166, offset 0, flags [+], proto UDP (17), length 1500)"
1779594593.784587,,,UDP,30,"1779594593.784587 IP (tos 0x0, ttl 64, id 45191, offset 0, flags [DF], proto UDP (17), length 30)"
1779594593.785222,,,UDP,1500,"1779594593.785222 IP (tos 0x0, ttl 64, id 37167, offset 0, flags [+], proto UDP (17), length 1500)"
1779594593.785229,,,UDP,30,"1779594593.785229 IP (tos 0x0, ttl 64, id 45192, offset 0, flags [DF], proto UDP (17), length 30)"
1779594593.785802,,,UDP,1500,"1779594593.785802 IP (tos 0x0, ttl 64, id 37168, offset 0, flags [+], proto UDP (17), length 1500)"
1779594593.879918,,,UDP,30,"1779594593.879918 IP (tos 0x0, ttl 64, id 45199, offset 0, flags [DF], proto UDP (17), length 30)"
1779594593.880499,,,UDP,1500,"1779594593.880499 IP (tos 0x0, ttl 64, id 37180, offset 0, flags [+], proto UDP (17), length 1500)"
1779594593.880587,,,UDP,30,"1779594593.880587 IP (tos 0x0, ttl 64, id 45200, offset 0, flags [DF], proto UDP (17), length 30)"
1779594593.881095,,,UDP,1500,"1779594593.881095 IP (tos 0x0, ttl 64, id 37181, offset 0, flags [+], proto UDP (17), length 1500)"
1779594593.882406,,,UDP,30,"1779594593.882406 IP (tos 0x0, ttl 64, id 45201, offset 0, flags [DF], proto UDP (17), length 30)"
1779594593.882956,,,UDP,1500,"1779594593.882956 IP (tos 0x0, ttl 64, id 37182, offset 0, flags [+], proto UDP (17), length 1500)"
1779594593.883322,,,UDP,30,"1779594593.883322 IP (tos 0x0, ttl 64, id 45202, offset 0, flags [DF], proto UDP (17), length 30)"
1779594593.883841,,,UDP,1500,"1779594593.883841 IP (tos 0x0, ttl 64, id 37183, offset 0, flags [+], proto UDP (17), length 1500)"
1779594593.884022,,,UDP,30,"1779594593.884022 IP (tos 0x0, ttl 64, id 45203, offset 0, flags [DF], proto UDP (17), length 30)"
1779594593.884707,,,UDP,1500,"1779594593.884707 IP (tos 0x0, ttl 64, id 37184, offset 0, flags [+], proto UDP (17), length 1500)"
1779594593.884841,,,UDP,30,"1779594593.884841 IP (tos 0x0, ttl 64, id 45204, offset 0, flags [DF], proto UDP (17), length 30)"
1779594593.885429,,,UDP,1500,"1779594593.885429 IP (tos 0x0, ttl 64, id 37185, offset 0, flags [+], proto UDP (17), length 1500)"
1779594593.885681,,,UDP,30,"1779594593.885681 IP (tos 0x0, ttl 64, id 45205, offset 0, flags [DF], proto UDP (17), length 30)"
1779594593.886193,,,UDP,30,"1779594593.886193 IP (tos 0x0, ttl 64, id 45206, offset 0, flags [DF], proto UDP (17), length 30)"
1779594593.886500,,,UDP,1500,"1779594593.886500 IP (tos 0x0, ttl 64, id 37186, offset 0, flags [+], proto UDP (17), length 1500)"
1779594593.887236,,,UDP,1500,"1779594593.887236 IP (tos 0x0, ttl 64, id 37187, offset 0, flags [+], proto UDP (17), length 1500)"
1779594594.061196,,,UDP,30,"1779594594.061196 IP (tos 0x0, ttl 64, id 45230, offset 0, flags [DF], proto UDP (17), length 30)"
1779594594.061763,,,UDP,30,"1779594594.061763 IP (tos 0x0, ttl 64, id 45231, offset 0, flags [DF], proto UDP (17), length 30)"
1779594594.062211,,,UDP,30,"1779594594.062211 IP (tos 0x0, ttl 64, id 45232, offset 0, flags [DF], proto UDP (17), length 30)"
1779594594.062580,,,UDP,30,"1779594594.062580 IP (tos 0x0, ttl 64, id 45233, offset 0, flags [DF], proto UDP (17), length 30)"
1779594594.062733,,,UDP,1500,"1779594594.062733 IP (tos 0x0, ttl 64, id 37194, offset 0, flags [+], proto UDP (17), length 1500)"
1779594594.062890,,,UDP,30,"1779594594.062890 IP (tos 0x0, ttl 64, id 45234, offset 0, flags [DF], proto UDP (17), length 30)"
1779594594.063320,,,UDP,30,"1779594594.063320 IP (tos 0x0, ttl 64, id 45235, offset 0, flags [DF], proto UDP (17), length 30)"
1779594594.063889,,,UDP,1500,"1779594594.063889 IP (tos 0x0, ttl 64, id 37195, offset 0, flags [+], proto UDP (17), length 1500)"
1779594594.064944,,,UDP,1500,"1779594594.064944 IP (tos 0x0, ttl 64, id 37196, offset 0, flags [+], proto UDP (17), length 1500)"
1779594594.065933,,,UDP,1500,"1779594594.065933 IP (tos 0x0, ttl 64, id 37197, offset 0, flags [+], proto UDP (17), length 1500)"
1779594594.066865,,,UDP,1500,"1779594594.066865 IP (tos 0x0, ttl 64, id 37198, offset 0, flags [+], proto UDP (17), length 1500)"
1779594594.067990,,,UDP,1500,"1779594594.067990 IP (tos 0x0, ttl 64, id 37199, offset 0, flags [+], proto UDP (17), length 1500)"
1779594594.069066,,,UDP,1500,"1779594594.069066 IP (tos 0x0, ttl 64, id 37200, offset 0, flags [+], proto UDP (17), length 1500)"
1779594594.069971,,,UDP,1500,"1779594594.069971 IP (tos 0x0, ttl 64, id 37201, offset 0, flags [+], proto UDP (17), length 1500)"
1779594594.164258,,,UDP,30,"1779594594.164258 IP (tos 0x0, ttl 64, id 45255, offset 0, flags [DF], proto UDP (17), length 30)"
1779594594.164979,,,UDP,30,"1779594594.164979 IP (tos 0x0, ttl 64, id 45256, offset 0, flags [DF], proto UDP (17), length 30)"
1779594594.165881,,,UDP,30,"1779594594.165881 IP (tos 0x0, ttl 64, id 45257, offset 0, flags [DF], proto UDP (17), length 30)"
1779594594.166030,,,UDP,1500,"1779594594.166030 IP (tos 0x0, ttl 64, id 37202, offset 0, flags [+], proto UDP (17), length 1500)"
1779594594.166747,,,UDP,30,"1779594594.166747 IP (tos 0x0, ttl 64, id 45258, offset 0, flags [DF], proto UDP (17), length 30)"
1779594594.167274,,,UDP,1500,"1779594594.167274 IP (tos 0x0, ttl 64, id 37203, offset 0, flags [+], proto UDP (17), length 1500)"
1779594594.167939,,,UDP,30,"1779594594.167939 IP (tos 0x0, ttl 64, id 45259, offset 0, flags [DF], proto UDP (17), length 30)"
1779594594.168429,,,UDP,1500,"1779594594.168429 IP (tos 0x0, ttl 64, id 37204, offset 0, flags [+], proto UDP (17), length 1500)"
1779594594.168927,,,UDP,30,"1779594594.168927 IP (tos 0x0, ttl 64, id 45260, offset 0, flags [DF], proto UDP (17), length 30)"
1779594594.169449,,,UDP,1500,"1779594594.169449 IP (tos 0x0, ttl 64, id 37205, offset 0, flags [+], proto UDP (17), length 1500)"
1779594594.170119,,,UDP,30,"1779594594.170119 IP (tos 0x0, ttl 64, id 45261, offset 0, flags [DF], proto UDP (17), length 30)"
1779594594.170788,,,UDP,1500,"1779594594.170788 IP (tos 0x0, ttl 64, id 37206, offset 0, flags [+], proto UDP (17), length 1500)"
1779594594.170790,,,UDP,30,"1779594594.170790 IP (tos 0x0, ttl 64, id 45262, offset 0, flags [DF], proto UDP (17), length 30)"
1779594594.172484,,,UDP,1500,"1779594594.172484 IP (tos 0x0, ttl 64, id 37207, offset 0, flags [+], proto UDP (17), length 1500)"
1779594594.173996,,,UDP,1500,"1779594594.173996 IP (tos 0x0, ttl 64, id 37208, offset 0, flags [+], proto UDP (17), length 1500)"
1779594594.175747,,,UDP,1500,"1779594594.175747 IP (tos 0x0, ttl 64, id 37209, offset 0, flags [+], proto UDP (17), length 1500)"
1779594594.267499,,,UDP,30,"1779594594.267499 IP (tos 0x0, ttl 64, id 45285, offset 0, flags [DF], proto UDP (17), length 30)"
1779594594.268389,,,UDP,30,"1779594594.268389 IP (tos 0x0, ttl 64, id 45286, offset 0, flags [DF], proto UDP (17), length 30)"
1779594594.268416,,,UDP,1500,"1779594594.268416 IP (tos 0x0, ttl 64, id 37217, offset 0, flags [+], proto UDP (17), length 1500)"
1779594594.269194,,,UDP,1500,"1779594594.269194 IP (tos 0x0, ttl 64, id 37218, offset 0, flags [+], proto UDP (17), length 1500)"
1779594594.269390,,,UDP,30,"1779594594.269390 IP (tos 0x0, ttl 64, id 45287, offset 0, flags [DF], proto UDP (17), length 30)"
1779594594.270136,,,UDP,1500,"1779594594.270136 IP (tos 0x0, ttl 64, id 37219, offset 0, flags [+], proto UDP (17), length 1500)"
1779594594.270955,,,UDP,30,"1779594594.270955 IP (tos 0x0, ttl 64, id 45288, offset 0, flags [DF], proto UDP (17), length 30)"
1779594594.271690,,,UDP,1500,"1779594594.271690 IP (tos 0x0, ttl 64, id 37220, offset 0, flags [+], proto UDP (17), length 1500)"
1779594594.272712,,,UDP,30,"1779594594.272712 IP (tos 0x0, ttl 64, id 45289, offset 0, flags [DF], proto UDP (17), length 30)"
1779594594.273246,,,UDP,1500,"1779594594.273246 IP (tos 0x0, ttl 64, id 37221, offset 0, flags [+], proto UDP (17), length 1500)"
1779594594.273627,,,UDP,30,"1779594594.273627 IP (tos 0x0, ttl 64, id 45290, offset 0, flags [DF], proto UDP (17), length 30)"
1779594594.274089,,,UDP,1500,"1779594594.274089 IP (tos 0x0, ttl 64, id 37222, offset 0, flags [+], proto UDP (17), length 1500)"
1779594594.369911,,,UDP,30,"1779594594.369911 IP (tos 0x0, ttl 64, id 45299, offset 0, flags [DF], proto UDP (17), length 30)"
1779594594.371809,,,UDP,1500,"1779594594.371809 IP (tos 0x0, ttl 64, id 37247, offset 0, flags [+], proto UDP (17), length 1500)"
1779594594.372271,,,UDP,30,"1779594594.372271 IP (tos 0x0, ttl 64, id 45301, offset 0, flags [DF], proto UDP (17), length 30)"
1779594594.373218,,,UDP,1500,"1779594594.373218 IP (tos 0x0, ttl 64, id 37248, offset 0, flags [+], proto UDP (17), length 1500)"
1779594594.373633,,,UDP,30,"1779594594.373633 IP (tos 0x0, ttl 64, id 45302, offset 0, flags [DF], proto UDP (17), length 30)"
1779594594.374323,,,UDP,1500,"1779594594.374323 IP (tos 0x0, ttl 64, id 37249, offset 0, flags [+], proto UDP (17), length 1500)"
1779594594.375345,,,UDP,1500,"1779594594.375345 IP (tos 0x0, ttl 64, id 37250, offset 0, flags [+], proto UDP (17), length 1500)"
1779594594.376522,,,UDP,1500,"1779594594.376522 IP (tos 0x0, ttl 64, id 37251, offset 0, flags [+], proto UDP (17), length 1500)"
1779594594.377819,,,UDP,1500,"1779594594.377819 IP (tos 0x0, ttl 64, id 37252, offset 0, flags [+], proto UDP (17), length 1500)"
1779594594.378905,,,UDP,1500,"1779594594.378905 IP (tos 0x0, ttl 64, id 37253, offset 0, flags [+], proto UDP (17), length 1500)"
1779594594.473408,,,UDP,31,"1779594594.473408 IP (tos 0x0, ttl 64, id 45309, offset 0, flags [DF], proto UDP (17), length 31)"
1779594594.474908,,,UDP,1500,"1779594594.474908 IP (tos 0x0, ttl 64, id 37256, offset 0, flags [+], proto UDP (17), length 1500)"
1779594594.475453,,,UDP,31,"1779594594.475453 IP (tos 0x0, ttl 64, id 45311, offset 0, flags [DF], proto UDP (17), length 31)"
1779594594.475855,,,UDP,1500,"1779594594.475855 IP (tos 0x0, ttl 64, id 37257, offset 0, flags [+], proto UDP (17), length 1500)"
1779594594.476415,,,UDP,31,"1779594594.476415 IP (tos 0x0, ttl 64, id 45312, offset 0, flags [DF], proto UDP (17), length 31)"
1779594594.476552,,,UDP,1500,"1779594594.476552 IP (tos 0x0, ttl 64, id 37258, offset 0, flags [+], proto UDP (17), length 1500)"
1779594594.477147,,,UDP,1500,"1779594594.477147 IP (tos 0x0, ttl 64, id 37259, offset 0, flags [+], proto UDP (17), length 1500)"
1779594594.477475,,,UDP,31,"1779594594.477475 IP (tos 0x0, ttl 64, id 45313, offset 0, flags [DF], proto UDP (17), length 31)"
1779594594.477745,,,UDP,1500,"1779594594.477745 IP (tos 0x0, ttl 64, id 37260, offset 0, flags [+], proto UDP (17), length 1500)"
1779594594.478289,,,UDP,1500,"1779594594.478289 IP (tos 0x0, ttl 64, id 37261, offset 0, flags [+], proto UDP (17), length 1500)"
1779594594.478938,,,UDP,31,"1779594594.478938 IP (tos 0x0, ttl 64, id 45314, offset 0, flags [DF], proto UDP (17), length 31)"
1779594594.479734,,,UDP,1500,"1779594594.479734 IP (tos 0x0, ttl 64, id 37262, offset 0, flags [+], proto UDP (17), length 1500)"
1779594594.480244,,,UDP,31,"1779594594.480244 IP (tos 0x0, ttl 64, id 45315, offset 0, flags [DF], proto UDP (17), length 31)"
1779594594.575996,,,UDP,31,"1779594594.575996 IP (tos 0x0, ttl 64, id 45336, offset 0, flags [DF], proto UDP (17), length 31)"
1779594594.576793,,,UDP,31,"1779594594.576793 IP (tos 0x0, ttl 64, id 45337, offset 0, flags [DF], proto UDP (17), length 31)"
1779594594.577209,,,UDP,31,"1779594594.577209 IP (tos 0x0, ttl 64, id 45338, offset 0, flags [DF], proto UDP (17), length 31)"
1779594594.577812,,,UDP,31,"1779594594.577812 IP (tos 0x0, ttl 64, id 45339, offset 0, flags [DF], proto UDP (17), length 31)"
1779594594.578382,,,UDP,31,"1779594594.578382 IP (tos 0x0, ttl 64, id 45340, offset 0, flags [DF], proto UDP (17), length 31)"
1779594594.579010,,,UDP,31,"1779594594.579010 IP (tos 0x0, ttl 64, id 45341, offset 0, flags [DF], proto UDP (17), length 31)"
1779594594.580664,,,UDP,31,"1779594594.580664 IP (tos 0x0, ttl 64, id 45342, offset 0, flags [DF], proto UDP (17), length 31)"
1779594594.626130,,,UDP,1500,"1779594594.626130 IP (tos 0x0, ttl 64, id 37270, offset 0, flags [+], proto UDP (17), length 1500)"
1779594594.627566,,,UDP,1500,"1779594594.627566 IP (tos 0x0, ttl 64, id 37271, offset 0, flags [+], proto UDP (17), length 1500)"
1779594594.628658,,,UDP,1500,"1779594594.628658 IP (tos 0x0, ttl 64, id 37272, offset 0, flags [+], proto UDP (17), length 1500)"
1779594594.629635,,,UDP,1500,"1779594594.629635 IP (tos 0x0, ttl 64, id 37273, offset 0, flags [+], proto UDP (17), length 1500)"
1779594594.630862,,,UDP,1500,"1779594594.630862 IP (tos 0x0, ttl 64, id 37274, offset 0, flags [+], proto UDP (17), length 1500)"
1779594594.632075,,,UDP,1500,"1779594594.632075 IP (tos 0x0, ttl 64, id 37275, offset 0, flags [+], proto UDP (17), length 1500)"
1779594594.633573,,,UDP,1500,"1779594594.633573 IP (tos 0x0, ttl 64, id 37276, offset 0, flags [+], proto UDP (17), length 1500)"
1779594594.634763,,,UDP,1500,"1779594594.634763 IP (tos 0x0, ttl 64, id 37277, offset 0, flags [+], proto UDP (17), length 1500)"
1779594594.727655,,,UDP,31,"1779594594.727655 IP (tos 0x0, ttl 64, id 45367, offset 0, flags [DF], proto UDP (17), length 31)"
1779594594.728785,,,UDP,31,"1779594594.728785 IP (tos 0x0, ttl 64, id 45368, offset 0, flags [DF], proto UDP (17), length 31)"
1779594594.729103,,,UDP,1500,"1779594594.729103 IP (tos 0x0, ttl 64, id 37293, offset 0, flags [+], proto UDP (17), length 1500)"
1779594594.729733,,,UDP,31,"1779594594.729733 IP (tos 0x0, ttl 64, id 45369, offset 0, flags [DF], proto UDP (17), length 31)"
1779594594.729943,,,UDP,1500,"1779594594.729943 IP (tos 0x0, ttl 64, id 37294, offset 0, flags [+], proto UDP (17), length 1500)"
1779594594.730577,,,UDP,1500,"1779594594.730577 IP (tos 0x0, ttl 64, id 37295, offset 0, flags [+], proto UDP (17), length 1500)"
1779594594.731898,,,UDP,31,"1779594594.731898 IP (tos 0x0, ttl 64, id 45371, offset 0, flags [DF], proto UDP (17), length 31)"
1779594594.732430,,,UDP,1500,"1779594594.732430 IP (tos 0x0, ttl 64, id 37296, offset 0, flags [+], proto UDP (17), length 1500)"
1779594594.732886,,,UDP,1500,"1779594594.732886 IP (tos 0x0, ttl 64, id 37297, offset 0, flags [+], proto UDP (17), length 1500)"
1779594594.733214,,,UDP,31,"1779594594.733214 IP (tos 0x0, ttl 64, id 45372, offset 0, flags [DF], proto UDP (17), length 31)"
1779594594.733883,,,UDP,1500,"1779594594.733883 IP (tos 0x0, ttl 64, id 37298, offset 0, flags [+], proto UDP (17), length 1500)"
1779594594.734801,,,UDP,31,"1779594594.734801 IP (tos 0x0, ttl 64, id 45373, offset 0, flags [DF], proto UDP (17), length 31)"
1779594594.735539,,,UDP,1500,"1779594594.735539 IP (tos 0x0, ttl 64, id 37299, offset 0, flags [+], proto UDP (17), length 1500)"
1779594594.830111,,,UDP,31,"1779594594.830111 IP (tos 0x0, ttl 64, id 45379, offset 0, flags [DF], proto UDP (17), length 31)"
1779594594.830725,,,UDP,31,"1779594594.830725 IP (tos 0x0, ttl 64, id 45380, offset 0, flags [DF], proto UDP (17), length 31)"
1779594594.831235,,,UDP,31,"1779594594.831235 IP (tos 0x0, ttl 64, id 45381, offset 0, flags [DF], proto UDP (17), length 31)"
1779594594.831833,,,UDP,1500,"1779594594.831833 IP (tos 0x0, ttl 64, id 37321, offset 0, flags [+], proto UDP (17), length 1500)"
1779594594.832795,,,UDP,1500,"1779594594.832795 IP (tos 0x0, ttl 64, id 37322, offset 0, flags [+], proto UDP (17), length 1500)"
1779594594.833290,,,UDP,31,"1779594594.833290 IP (tos 0x0, ttl 64, id 45382, offset 0, flags [DF], proto UDP (17), length 31)"
1779594594.833534,,,UDP,1500,"1779594594.833534 IP (tos 0x0, ttl 64, id 37323, offset 0, flags [+], proto UDP (17), length 1500)"
1779594594.833634,,,UDP,31,"1779594594.833634 IP (tos 0x0, ttl 64, id 45383, offset 0, flags [DF], proto UDP (17), length 31)"
1779594594.834247,,,UDP,1500,"1779594594.834247 IP (tos 0x0, ttl 64, id 37324, offset 0, flags [+], proto UDP (17), length 1500)"
1779594594.834405,,,UDP,31,"1779594594.834405 IP (tos 0x0, ttl 64, id 45384, offset 0, flags [DF], proto UDP (17), length 31)"
1779594594.834926,,,UDP,1500,"1779594594.834926 IP (tos 0x0, ttl 64, id 37325, offset 0, flags [+], proto UDP (17), length 1500)"
1779594594.835793,,,UDP,1500,"1779594594.835793 IP (tos 0x0, ttl 64, id 37326, offset 0, flags [+], proto UDP (17), length 1500)"
1779594594.836141,,,UDP,31,"1779594594.836141 IP (tos 0x0, ttl 64, id 45385, offset 0, flags [DF], proto UDP (17), length 31)"
1779594594.836804,,,UDP,1500,"1779594594.836804 IP (tos 0x0, ttl 64, id 37327, offset 0, flags [+], proto UDP (17), length 1500)"
1779594594.837447,,,UDP,1500,"1779594594.837447 IP (tos 0x0, ttl 64, id 37328, offset 0, flags [+], proto UDP (17), length 1500)"
1779594594.933049,,,UDP,31,"1779594594.933049 IP (tos 0x0, ttl 64, id 45404, offset 0, flags [DF], proto UDP (17), length 31)"
1779594594.933482,,,UDP,31,"1779594594.933482 IP (tos 0x0, ttl 64, id 45405, offset 0, flags [DF], proto UDP (17), length 31)"
1779594594.933930,,,UDP,1500,"1779594594.933930 IP (tos 0x0, ttl 64, id 37335, offset 0, flags [+], proto UDP (17), length 1500)"
1779594594.934163,,,UDP,31,"1779594594.934163 IP (tos 0x0, ttl 64, id 45406, offset 0, flags [DF], proto UDP (17), length 31)"
1779594594.934526,,,UDP,1500,"1779594594.934526 IP (tos 0x0, ttl 64, id 37336, offset 0, flags [+], proto UDP (17), length 1500)"
1779594594.934934,,,UDP,31,"1779594594.934934 IP (tos 0x0, ttl 64, id 45407, offset 0, flags [DF], proto UDP (17), length 31)"
1779594594.935041,,,UDP,1500,"1779594594.935041 IP (tos 0x0, ttl 64, id 37337, offset 0, flags [+], proto UDP (17), length 1500)"
1779594594.935664,,,UDP,1500,"1779594594.935664 IP (tos 0x0, ttl 64, id 37338, offset 0, flags [+], proto UDP (17), length 1500)"
1779594594.936030,,,UDP,31,"1779594594.936030 IP (tos 0x0, ttl 64, id 45408, offset 0, flags [DF], proto UDP (17), length 31)"
1779594594.936275,,,UDP,31,"1779594594.936275 IP (tos 0x0, ttl 64, id 45409, offset 0, flags [DF], proto UDP (17), length 31)"
1779594594.936944,,,UDP,1500,"1779594594.936944 IP (tos 0x0, ttl 64, id 37339, offset 0, flags [+], proto UDP (17), length 1500)"
1779594594.937291,,,UDP,31,"1779594594.937291 IP (tos 0x0, ttl 64, id 45410, offset 0, flags [DF], proto UDP (17), length 31)"
1779594594.937700,,,UDP,1500,"1779594594.937700 IP (tos 0x0, ttl 64, id 37340, offset 0, flags [+], proto UDP (17), length 1500)"
1779594594.938206,,,UDP,1500,"1779594594.938206 IP (tos 0x0, ttl 64, id 37341, offset 0, flags [+], proto UDP (17), length 1500)"
1779594595.035219,,,UDP,31,"1779594595.035219 IP (tos 0x0, ttl 64, id 45435, offset 0, flags [DF], proto UDP (17), length 31)"
1779594595.035816,,,UDP,31,"1779594595.035816 IP (tos 0x0, ttl 64, id 45436, offset 0, flags [DF], proto UDP (17), length 31)"
1779594595.036153,,,UDP,1500,"1779594595.036153 IP (tos 0x0, ttl 64, id 37347, offset 0, flags [+], proto UDP (17), length 1500)"
1779594595.036338,,,UDP,31,"1779594595.036338 IP (tos 0x0, ttl 64, id 45437, offset 0, flags [DF], proto UDP (17), length 31)"
1779594595.036765,,,UDP,1500,"1779594595.036765 IP (tos 0x0, ttl 64, id 37348, offset 0, flags [+], proto UDP (17), length 1500)"
1779594595.037316,,,UDP,1500,"1779594595.037316 IP (tos 0x0, ttl 64, id 37349, offset 0, flags [+], proto UDP (17), length 1500)"
1779594595.037879,,,UDP,1500,"1779594595.037879 IP (tos 0x0, ttl 64, id 37350, offset 0, flags [+], proto UDP (17), length 1500)"
1779594595.038230,,,UDP,31,"1779594595.038230 IP (tos 0x0, ttl 64, id 45439, offset 0, flags [DF], proto UDP (17), length 31)"
1779594595.038411,,,UDP,1500,"1779594595.038411 IP (tos 0x0, ttl 64, id 37351, offset 0, flags [+], proto UDP (17), length 1500)"
1779594595.057149,,,UDP,1500,"1779594595.057149 IP (tos 0x0, ttl 64, id 37356, offset 0, flags [+], proto UDP (17), length 1500)"
1779594595.058395,,,UDP,1500,"1779594595.058395 IP (tos 0x0, ttl 64, id 37357, offset 0, flags [+], proto UDP (17), length 1500)"
1779594595.137165,,,UDP,31,"1779594595.137165 IP (tos 0x0, ttl 64, id 45453, offset 0, flags [DF], proto UDP (17), length 31)"
1779594595.137542,,,UDP,31,"1779594595.137542 IP (tos 0x0, ttl 64, id 45454, offset 0, flags [DF], proto UDP (17), length 31)"
1779594595.137995,,,UDP,31,"1779594595.137995 IP (tos 0x0, ttl 64, id 45455, offset 0, flags [DF], proto UDP (17), length 31)"
1779594595.138442,,,UDP,31,"1779594595.138442 IP (tos 0x0, ttl 64, id 45456, offset 0, flags [DF], proto UDP (17), length 31)"
1779594595.138874,,,UDP,1500,"1779594595.138874 IP (tos 0x0, ttl 64, id 37377, offset 0, flags [+], proto UDP (17), length 1500)"
1779594595.140244,,,UDP,1500,"1779594595.140244 IP (tos 0x0, ttl 64, id 37378, offset 0, flags [+], proto UDP (17), length 1500)"
1779594595.141387,,,UDP,1500,"1779594595.141387 IP (tos 0x0, ttl 64, id 37379, offset 0, flags [+], proto UDP (17), length 1500)"
1779594595.142199,,,UDP,1500,"1779594595.142199 IP (tos 0x0, ttl 64, id 37380, offset 0, flags [+], proto UDP (17), length 1500)"
1779594595.143204,,,UDP,1500,"1779594595.143204 IP (tos 0x0, ttl 64, id 37381, offset 0, flags [+], proto UDP (17), length 1500)"
1779594595.158411,,,UDP,31,"1779594595.158411 IP (tos 0x0, ttl 64, id 45458, offset 0, flags [DF], proto UDP (17), length 31)"
1779594595.159149,,,UDP,31,"1779594595.159149 IP (tos 0x0, ttl 64, id 45459, offset 0, flags [DF], proto UDP (17), length 31)"
1779594595.159906,,,UDP,1500,"1779594595.159906 IP (tos 0x0, ttl 64, id 37385, offset 0, flags [+], proto UDP (17), length 1500)"
1779594595.161165,,,UDP,1500,"1779594595.161165 IP (tos 0x0, ttl 64, id 37386, offset 0, flags [+], proto UDP (17), length 1500)"
1779594595.162048,,,UDP,1500,"1779594595.162048 IP (tos 0x0, ttl 64, id 37387, offset 0, flags [+], proto UDP (17), length 1500)"
1779594595.241244,,,UDP,31,"1779594595.241244 IP (tos 0x0, ttl 64, id 45461, offset 0, flags [DF], proto UDP (17), length 31)"
1779594595.242223,,,UDP,31,"1779594595.242223 IP (tos 0x0, ttl 64, id 45462, offset 0, flags [DF], proto UDP (17), length 31)"
1779594595.243080,,,UDP,31,"1779594595.243080 IP (tos 0x0, ttl 64, id 45463, offset 0, flags [DF], proto UDP (17), length 31)"
1779594595.243193,,,UDP,1500,"1779594595.243193 IP (tos 0x0, ttl 64, id 37406, offset 0, flags [+], proto UDP (17), length 1500)"
1779594595.244593,,,UDP,1500,"1779594595.244593 IP (tos 0x0, ttl 64, id 37407, offset 0, flags [+], proto UDP (17), length 1500)"
1779594595.245712,,,UDP,1500,"1779594595.245712 IP (tos 0x0, ttl 64, id 37408, offset 0, flags [+], proto UDP (17), length 1500)"
1779594595.246828,,,UDP,1500,"1779594595.246828 IP (tos 0x0, ttl 64, id 37409, offset 0, flags [+], proto UDP (17), length 1500)"
1779594595.260803,,,UDP,31,"1779594595.260803 IP (tos 0x0, ttl 64, id 45467, offset 0, flags [DF], proto UDP (17), length 31)"
1779594595.261764,,,UDP,1500,"1779594595.261764 IP (tos 0x0, ttl 64, id 37413, offset 0, flags [+], proto UDP (17), length 1500)"
1779594595.261895,,,UDP,31,"1779594595.261895 IP (tos 0x0, ttl 64, id 45468, offset 0, flags [DF], proto UDP (17), length 31)"
1779594595.262398,,,UDP,1500,"1779594595.262398 IP (tos 0x0, ttl 64, id 37414, offset 0, flags [+], proto UDP (17), length 1500)"
1779594595.262700,,,UDP,31,"1779594595.262700 IP (tos 0x0, ttl 64, id 45469, offset 0, flags [DF], proto UDP (17), length 31)"
1779594595.263131,,,UDP,1500,"1779594595.263131 IP (tos 0x0, ttl 64, id 37415, offset 0, flags [+], proto UDP (17), length 1500)"
1779594595.263822,,,UDP,1500,"1779594595.263822 IP (tos 0x0, ttl 64, id 37416, offset 0, flags [+], proto UDP (17), length 1500)"
1779594595.344679,,,UDP,31,"1779594595.344679 IP (tos 0x0, ttl 64, id 45484, offset 0, flags [DF], proto UDP (17), length 31)"
1779594595.346020,,,UDP,1500,"1779594595.346020 IP (tos 0x0, ttl 64, id 37430, offset 0, flags [+], proto UDP (17), length 1500)"
1779594595.346776,,,UDP,31,"1779594595.346776 IP (tos 0x0, ttl 64, id 45486, offset 0, flags [DF], proto UDP (17), length 31)"
1779594595.347781,,,UDP,31,"1779594595.347781 IP (tos 0x0, ttl 64, id 45487, offset 0, flags [DF], proto UDP (17), length 31)"
1779594595.348202,,,UDP,1500,"1779594595.348202 IP (tos 0x0, ttl 64, id 37431, offset 0, flags [+], proto UDP (17), length 1500)"
1779594595.349176,,,UDP,1500,"1779594595.349176 IP (tos 0x0, ttl 64, id 37432, offset 0, flags [+], proto UDP (17), length 1500)"
1779594595.350218,,,UDP,1500,"1779594595.350218 IP (tos 0x0, ttl 64, id 37433, offset 0, flags [+], proto UDP (17), length 1500)"
1779594595.362397,,,UDP,31,"1779594595.362397 IP (tos 0x0, ttl 64, id 45490, offset 0, flags [DF], proto UDP (17), length 31)"
1779594595.362952,,,UDP,31,"1779594595.362952 IP (tos 0x0, ttl 64, id 45491, offset 0, flags [DF], proto UDP (17), length 31)"
1779594595.363840,,,UDP,1500,"1779594595.363840 IP (tos 0x0, ttl 64, id 37436, offset 0, flags [+], proto UDP (17), length 1500)"
1779594595.364258,,,UDP,31,"1779594595.364258 IP (tos 0x0, ttl 64, id 45493, offset 0, flags [DF], proto UDP (17), length 31)"
1779594595.364996,,,UDP,1500,"1779594595.364996 IP (tos 0x0, ttl 64, id 37437, offset 0, flags [+], proto UDP (17), length 1500)"
1779594595.365566,,,UDP,1500,"1779594595.365566 IP (tos 0x0, ttl 64, id 37438, offset 0, flags [+], proto UDP (17), length 1500)"
1779594595.366187,,,UDP,1500,"1779594595.366187 IP (tos 0x0, ttl 64, id 37439, offset 0, flags [+], proto UDP (17), length 1500)"
1779594595.447402,,,UDP,31,"1779594595.447402 IP (tos 0x0, ttl 64, id 45514, offset 0, flags [DF], proto UDP (17), length 31)"
1779594595.449201,,,UDP,1500,"1779594595.449201 IP (tos 0x0, ttl 64, id 37459, offset 0, flags [+], proto UDP (17), length 1500)"
1779594595.449421,,,UDP,31,"1779594595.449421 IP (tos 0x0, ttl 64, id 45515, offset 0, flags [DF], proto UDP (17), length 31)"
1779594595.451583,,,UDP,1500,"1779594595.451583 IP (tos 0x0, ttl 64, id 37460, offset 0, flags [+], proto UDP (17), length 1500)"
1779594595.465689,,,UDP,31,"1779594595.465689 IP (tos 0x0, ttl 64, id 45521, offset 0, flags [DF], proto UDP (17), length 31)"
1779594595.466411,,,UDP,31,"1779594595.466411 IP (tos 0x0, ttl 64, id 45522, offset 0, flags [DF], proto UDP (17), length 31)"
1779594595.466728,,,UDP,31,"1779594595.466728 IP (tos 0x0, ttl 64, id 45523, offset 0, flags [DF], proto UDP (17), length 31)"
1779594595.467164,,,UDP,1500,"1779594595.467164 IP (tos 0x0, ttl 64, id 37461, offset 0, flags [+], proto UDP (17), length 1500)"
1779594595.468072,,,UDP,1500,"1779594595.468072 IP (tos 0x0, ttl 64, id 37462, offset 0, flags [+], proto UDP (17), length 1500)"
1779594595.468771,,,UDP,1500,"1779594595.468771 IP (tos 0x0, ttl 64, id 37463, offset 0, flags [+], proto UDP (17), length 1500)"
1779594595.469455,,,UDP,1500,"1779594595.469455 IP (tos 0x0, ttl 64, id 37464, offset 0, flags [+], proto UDP (17), length 1500)"
1779594595.470131,,,UDP,1500,"1779594595.470131 IP (tos 0x0, ttl 64, id 37465, offset 0, flags [+], proto UDP (17), length 1500)"
1779594595.470774,,,UDP,1500,"1779594595.470774 IP (tos 0x0, ttl 64, id 37466, offset 0, flags [+], proto UDP (17), length 1500)"
1779594595.551263,,,UDP,31,"1779594595.551263 IP (tos 0x0, ttl 64, id 45544, offset 0, flags [DF], proto UDP (17), length 31)"
1779594595.553187,,,UDP,31,"1779594595.553187 IP (tos 0x0, ttl 64, id 45545, offset 0, flags [DF], proto UDP (17), length 31)"
1779594595.553239,,,UDP,1500,"1779594595.553239 IP (tos 0x0, ttl 64, id 37471, offset 0, flags [+], proto UDP (17), length 1500)"
1779594595.555014,,,UDP,1500,"1779594595.555014 IP (tos 0x0, ttl 64, id 37472, offset 0, flags [+], proto UDP (17), length 1500)"
1779594595.569707,,,UDP,31,"1779594595.569707 IP (tos 0x0, ttl 64, id 45550, offset 0, flags [DF], proto UDP (17), length 31)"
1779594595.570181,,,UDP,31,"1779594595.570181 IP (tos 0x0, ttl 64, id 45551, offset 0, flags [DF], proto UDP (17), length 31)"
1779594595.570821,,,UDP,31,"1779594595.570821 IP (tos 0x0, ttl 64, id 45552, offset 0, flags [DF], proto UDP (17), length 31)"
1779594595.571351,,,UDP,31,"1779594595.571351 IP (tos 0x0, ttl 64, id 45553, offset 0, flags [DF], proto UDP (17), length 31)"
1779594595.571556,,,UDP,1500,"1779594595.571556 IP (tos 0x0, ttl 64, id 37475, offset 0, flags [+], proto UDP (17), length 1500)"
1779594595.572783,,,UDP,1500,"1779594595.572783 IP (tos 0x0, ttl 64, id 37476, offset 0, flags [+], proto UDP (17), length 1500)"
1779594595.573838,,,UDP,1500,"1779594595.573838 IP (tos 0x0, ttl 64, id 37477, offset 0, flags [+], proto UDP (17), length 1500)"
1779594595.574865,,,UDP,1500,"1779594595.574865 IP (tos 0x0, ttl 64, id 37478, offset 0, flags [+], proto UDP (17), length 1500)"
1779594595.576070,,,UDP,1500,"1779594595.576070 IP (tos 0x0, ttl 64, id 37479, offset 0, flags [+], proto UDP (17), length 1500)"
1779594595.577200,,,UDP,1500,"1779594595.577200 IP (tos 0x0, ttl 64, id 37480, offset 0, flags [+], proto UDP (17), length 1500)"
1779594595.654788,,,UDP,31,"1779594595.654788 IP (tos 0x0, ttl 64, id 45556, offset 0, flags [DF], proto UDP (17), length 31)"
1779594595.656287,,,UDP,31,"1779594595.656287 IP (tos 0x0, ttl 64, id 45557, offset 0, flags [DF], proto UDP (17), length 31)"
1779594595.656710,,,UDP,1500,"1779594595.656710 IP (tos 0x0, ttl 64, id 37481, offset 0, flags [+], proto UDP (17), length 1500)"
1779594595.658066,,,UDP,1500,"1779594595.658066 IP (tos 0x0, ttl 64, id 37482, offset 0, flags [+], proto UDP (17), length 1500)"
1779594595.673112,,,UDP,31,"1779594595.673112 IP (tos 0x0, ttl 64, id 45561, offset 0, flags [DF], proto UDP (17), length 31)"
1779594595.674888,,,UDP,1500,"1779594595.674888 IP (tos 0x0, ttl 64, id 37484, offset 0, flags [+], proto UDP (17), length 1500)"
1779594595.675065,,,UDP,31,"1779594595.675065 IP (tos 0x0, ttl 64, id 45563, offset 0, flags [DF], proto UDP (17), length 31)"
1779594595.675860,,,UDP,31,"1779594595.675860 IP (tos 0x0, ttl 64, id 45564, offset 0, flags [DF], proto UDP (17), length 31)"
1779594595.676587,,,UDP,1500,"1779594595.676587 IP (tos 0x0, ttl 64, id 37485, offset 0, flags [+], proto UDP (17), length 1500)"
1779594595.677177,,,UDP,31,"1779594595.677177 IP (tos 0x0, ttl 64, id 45565, offset 0, flags [DF], proto UDP (17), length 31)"
1779594595.677439,,,UDP,1500,"1779594595.677439 IP (tos 0x0, ttl 64, id 37486, offset 0, flags [+], proto UDP (17), length 1500)"
1779594595.677872,,,UDP,31,"1779594595.677872 IP (tos 0x0, ttl 64, id 45566, offset 0, flags [DF], proto UDP (17), length 31)"
1779594595.678552,,,UDP,1500,"1779594595.678552 IP (tos 0x0, ttl 64, id 37487, offset 0, flags [+], proto UDP (17), length 1500)"
1779594595.679338,,,UDP,1500,"1779594595.679338 IP (tos 0x0, ttl 64, id 37488, offset 0, flags [+], proto UDP (17), length 1500)"
1779594595.680122,,,UDP,1500,"1779594595.680122 IP (tos 0x0, ttl 64, id 37489, offset 0, flags [+], proto UDP (17), length 1500)"
1779594595.758109,,,UDP,31,"1779594595.758109 IP (tos 0x0, ttl 64, id 45570, offset 0, flags [DF], proto UDP (17), length 31)"
1779594595.759438,,,UDP,31,"1779594595.759438 IP (tos 0x0, ttl 64, id 45571, offset 0, flags [DF], proto UDP (17), length 31)"
1779594595.759858,,,UDP,1500,"1779594595.759858 IP (tos 0x0, ttl 64, id 37492, offset 0, flags [+], proto UDP (17), length 1500)"
1779594595.761267,,,UDP,1500,"1779594595.761267 IP (tos 0x0, ttl 64, id 37493, offset 0, flags [+], proto UDP (17), length 1500)"
1779594595.776428,,,UDP,31,"1779594595.776428 IP (tos 0x0, ttl 64, id 45572, offset 0, flags [DF], proto UDP (17), length 31)"
1779594595.777710,,,UDP,31,"1779594595.777710 IP (tos 0x0, ttl 64, id 45573, offset 0, flags [DF], proto UDP (17), length 31)"
1779594595.778205,,,UDP,1500,"1779594595.778205 IP (tos 0x0, ttl 64, id 37497, offset 0, flags [+], proto UDP (17), length 1500)"
1779594595.779428,,,UDP,31,"1779594595.779428 IP (tos 0x0, ttl 64, id 45575, offset 0, flags [DF], proto UDP (17), length 31)"
1779594595.779686,,,UDP,1500,"1779594595.779686 IP (tos 0x0, ttl 64, id 37498, offset 0, flags [+], proto UDP (17), length 1500)"
1779594595.780110,,,UDP,31,"1779594595.780110 IP (tos 0x0, ttl 64, id 45576, offset 0, flags [DF], proto UDP (17), length 31)"
1779594595.780813,,,UDP,31,"1779594595.780813 IP (tos 0x0, ttl 64, id 45577, offset 0, flags [DF], proto UDP (17), length 31)"
1779594595.780960,,,UDP,1500,"1779594595.780960 IP (tos 0x0, ttl 64, id 37499, offset 0, flags [+], proto UDP (17), length 1500)"
1779594595.782074,,,UDP,1500,"1779594595.782074 IP (tos 0x0, ttl 64, id 37500, offset 0, flags [+], proto UDP (17), length 1500)"
1779594595.783228,,,UDP,1500,"1779594595.783228 IP (tos 0x0, ttl 64, id 37501, offset 0, flags [+], proto UDP (17), length 1500)"
1779594595.784321,,,UDP,1500,"1779594595.784321 IP (tos 0x0, ttl 64, id 37502, offset 0, flags [+], proto UDP (17), length 1500)"
1779594595.861401,,,UDP,31,"1779594595.861401 IP (tos 0x0, ttl 64, id 45589, offset 0, flags [DF], proto UDP (17), length 31)"
1779594595.862144,,,UDP,1500,"1779594595.862144 IP (tos 0x0, ttl 64, id 37507, offset 0, flags [+], proto UDP (17), length 1500)"
1779594595.862195,,,UDP,31,"1779594595.862195 IP (tos 0x0, ttl 64, id 45590, offset 0, flags [DF], proto UDP (17), length 31)"
1779594595.862799,,,UDP,1500,"1779594595.862799 IP (tos 0x0, ttl 64, id 37508, offset 0, flags [+], proto UDP (17), length 1500)"
1779594595.879338,,,UDP,31,"1779594595.879338 IP (tos 0x0, ttl 64, id 45592, offset 0, flags [DF], proto UDP (17), length 31)"
1779594595.880028,,,UDP,1500,"1779594595.880028 IP (tos 0x0, ttl 64, id 37510, offset 0, flags [+], proto UDP (17), length 1500)"
1779594595.882224,,,UDP,31,"1779594595.882224 IP (tos 0x0, ttl 64, id 45594, offset 0, flags [DF], proto UDP (17), length 31)"
1779594595.882903,,,UDP,1500,"1779594595.882903 IP (tos 0x0, ttl 64, id 37511, offset 0, flags [+], proto UDP (17), length 1500)"
1779594595.883466,,,UDP,1500,"1779594595.883466 IP (tos 0x0, ttl 64, id 37512, offset 0, flags [+], proto UDP (17), length 1500)"
1779594595.884085,,,UDP,31,"1779594595.884085 IP (tos 0x0, ttl 64, id 45596, offset 0, flags [DF], proto UDP (17), length 31)"
1779594595.884622,,,UDP,1500,"1779594595.884622 IP (tos 0x0, ttl 64, id 37513, offset 0, flags [+], proto UDP (17), length 1500)"
1779594595.885041,,,UDP,31,"1779594595.885041 IP (tos 0x0, ttl 64, id 45597, offset 0, flags [DF], proto UDP (17), length 31)"
1779594595.885112,,,UDP,1500,"1779594595.885112 IP (tos 0x0, ttl 64, id 37514, offset 0, flags [+], proto UDP (17), length 1500)"
1779594595.885593,,,UDP,1500,"1779594595.885593 IP (tos 0x0, ttl 64, id 37515, offset 0, flags [+], proto UDP (17), length 1500)"
1779594595.963298,,,UDP,31,"1779594595.963298 IP (tos 0x0, ttl 64, id 45605, offset 0, flags [DF], proto UDP (17), length 31)"
1779594595.963311,,,UDP,31,"1779594595.963311 IP (tos 0x0, ttl 64, id 45606, offset 0, flags [DF], proto UDP (17), length 31)"
1779594595.964873,,,UDP,1500,"1779594595.964873 IP (tos 0x0, ttl 64, id 37521, offset 0, flags [+], proto UDP (17), length 1500)"
1779594595.965901,,,UDP,1500,"1779594595.965901 IP (tos 0x0, ttl 64, id 37522, offset 0, flags [+], proto UDP (17), length 1500)"
1779594595.980981,,,UDP,31,"1779594595.980981 IP (tos 0x0, ttl 64, id 45609, offset 0, flags [DF], proto UDP (17), length 31)"
1779594595.982584,,,UDP,1500,"1779594595.982584 IP (tos 0x0, ttl 64, id 37525, offset 0, flags [+], proto UDP (17), length 1500)"
1779594595.983540,,,UDP,31,"1779594595.983540 IP (tos 0x0, ttl 64, id 45610, offset 0, flags [DF], proto UDP (17), length 31)"
1779594595.983941,,,UDP,31,"1779594595.983941 IP (tos 0x0, ttl 64, id 45611, offset 0, flags [DF], proto UDP (17), length 31)"
1779594595.985066,,,UDP,31,"1779594595.985066 IP (tos 0x0, ttl 64, id 45612, offset 0, flags [DF], proto UDP (17), length 31)"
1779594595.985224,,,UDP,1500,"1779594595.985224 IP (tos 0x0, ttl 64, id 37526, offset 0, flags [+], proto UDP (17), length 1500)"
1779594595.985942,,,UDP,31,"1779594595.985942 IP (tos 0x0, ttl 64, id 45614, offset 0, flags [DF], proto UDP (17), length 31)"
1779594595.986488,,,UDP,1500,"1779594595.986488 IP (tos 0x0, ttl 64, id 37527, offset 0, flags [+], proto UDP (17), length 1500)"
1779594595.987422,,,UDP,1500,"1779594595.987422 IP (tos 0x0, ttl 64, id 37528, offset 0, flags [+], proto UDP (17), length 1500)"
1779594595.988447,,,UDP,1500,"1779594595.988447 IP (tos 0x0, ttl 64, id 37529, offset 0, flags [+], proto UDP (17), length 1500)"
1779594595.989380,,,UDP,1500,"1779594595.989380 IP (tos 0x0, ttl 64, id 37530, offset 0, flags [+], proto UDP (17), length 1500)"
1779594596.066095,,,UDP,31,"1779594596.066095 IP (tos 0x0, ttl 64, id 45627, offset 0, flags [DF], proto UDP (17), length 31)"
1779594596.067115,,,UDP,1500,"1779594596.067115 IP (tos 0x0, ttl 64, id 37538, offset 0, flags [+], proto UDP (17), length 1500)"
1779594596.088016,,,UDP,31,"1779594596.088016 IP (tos 0x0, ttl 64, id 45632, offset 0, flags [DF], proto UDP (17), length 31)"
1779594596.088656,,,UDP,31,"1779594596.088656 IP (tos 0x0, ttl 64, id 45633, offset 0, flags [DF], proto UDP (17), length 31)"
1779594596.089282,,,UDP,1500,"1779594596.089282 IP (tos 0x0, ttl 64, id 37539, offset 0, flags [+], proto UDP (17), length 1500)"
1779594596.089531,,,UDP,31,"1779594596.089531 IP (tos 0x0, ttl 64, id 45634, offset 0, flags [DF], proto UDP (17), length 31)"
1779594596.089999,,,UDP,31,"1779594596.089999 IP (tos 0x0, ttl 64, id 45635, offset 0, flags [DF], proto UDP (17), length 31)"
1779594596.090095,,,UDP,1500,"1779594596.090095 IP (tos 0x0, ttl 64, id 37540, offset 0, flags [+], proto UDP (17), length 1500)"
1779594596.090828,,,UDP,1500,"1779594596.090828 IP (tos 0x0, ttl 64, id 37541, offset 0, flags [+], proto UDP (17), length 1500)"
1779594596.091590,,,UDP,1500,"1779594596.091590 IP (tos 0x0, ttl 64, id 37542, offset 0, flags [+], proto UDP (17), length 1500)"
1779594596.092307,,,UDP,1500,"1779594596.092307 IP (tos 0x0, ttl 64, id 37543, offset 0, flags [+], proto UDP (17), length 1500)"
1779594596.092802,,,UDP,1500,"1779594596.092802 IP (tos 0x0, ttl 64, id 37544, offset 0, flags [+], proto UDP (17), length 1500)"
1779594596.093354,,,UDP,1500,"1779594596.093354 IP (tos 0x0, ttl 64, id 37545, offset 0, flags [+], proto UDP (17), length 1500)"
1779594596.168134,,,UDP,31,"1779594596.168134 IP (tos 0x0, ttl 64, id 45644, offset 0, flags [DF], proto UDP (17), length 31)"
1779594596.169819,,,UDP,1500,"1779594596.169819 IP (tos 0x0, ttl 64, id 37562, offset 0, flags [+], proto UDP (17), length 1500)"
1779594596.190438,,,UDP,31,"1779594596.190438 IP (tos 0x0, ttl 64, id 45647, offset 0, flags [DF], proto UDP (17), length 31)"
1779594596.191051,,,UDP,31,"1779594596.191051 IP (tos 0x0, ttl 64, id 45648, offset 0, flags [DF], proto UDP (17), length 31)"
1779594596.191535,,,UDP,31,"1779594596.191535 IP (tos 0x0, ttl 64, id 45649, offset 0, flags [DF], proto UDP (17), length 31)"
1779594596.192152,,,UDP,1500,"1779594596.192152 IP (tos 0x0, ttl 64, id 37564, offset 0, flags [+], proto UDP (17), length 1500)"
1779594596.192486,,,UDP,31,"1779594596.192486 IP (tos 0x0, ttl 64, id 45650, offset 0, flags [DF], proto UDP (17), length 31)"
1779594596.192875,,,UDP,31,"1779594596.192875 IP (tos 0x0, ttl 64, id 45651, offset 0, flags [DF], proto UDP (17), length 31)"
1779594596.193241,,,UDP,31,"1779594596.193241 IP (tos 0x0, ttl 64, id 45652, offset 0, flags [DF], proto UDP (17), length 31)"
1779594596.193903,,,UDP,31,"1779594596.193903 IP (tos 0x0, ttl 64, id 45653, offset 0, flags [DF], proto UDP (17), length 31)"
1779594596.194238,,,UDP,1500,"1779594596.194238 IP (tos 0x0, ttl 64, id 37565, offset 0, flags [+], proto UDP (17), length 1500)"
1779594596.195705,,,UDP,1500,"1779594596.195705 IP (tos 0x0, ttl 64, id 37566, offset 0, flags [+], proto UDP (17), length 1500)"
1779594596.196777,,,UDP,1500,"1779594596.196777 IP (tos 0x0, ttl 64, id 37567, offset 0, flags [+], proto UDP (17), length 1500)"
1779594596.197723,,,UDP,1500,"1779594596.197723 IP (tos 0x0, ttl 64, id 37568, offset 0, flags [+], proto UDP (17), length 1500)"
1779594596.198431,,,UDP,1500,"1779594596.198431 IP (tos 0x0, ttl 64, id 37569, offset 0, flags [+], proto UDP (17), length 1500)"
1779594596.199026,,,UDP,1500,"1779594596.199026 IP (tos 0x0, ttl 64, id 37570, offset 0, flags [+], proto UDP (17), length 1500)"
1779594596.271423,,,UDP,31,"1779594596.271423 IP (tos 0x0, ttl 64, id 45659, offset 0, flags [DF], proto UDP (17), length 31)"
1779594596.273489,,,UDP,1500,"1779594596.273489 IP (tos 0x0, ttl 64, id 37587, offset 0, flags [+], proto UDP (17), length 1500)"
1779594596.293665,,,UDP,31,"1779594596.293665 IP (tos 0x0, ttl 64, id 45665, offset 0, flags [DF], proto UDP (17), length 31)"
1779594596.294639,,,UDP,1500,"1779594596.294639 IP (tos 0x0, ttl 64, id 37590, offset 0, flags [+], proto UDP (17), length 1500)"
1779594596.296868,,,UDP,31,"1779594596.296868 IP (tos 0x0, ttl 64, id 45667, offset 0, flags [DF], proto UDP (17), length 31)"
1779594596.297702,,,UDP,31,"1779594596.297702 IP (tos 0x0, ttl 64, id 45668, offset 0, flags [DF], proto UDP (17), length 31)"
1779594596.297939,,,UDP,1500,"1779594596.297939 IP (tos 0x0, ttl 64, id 37591, offset 0, flags [+], proto UDP (17), length 1500)"
1779594596.298419,,,UDP,31,"1779594596.298419 IP (tos 0x0, ttl 64, id 45669, offset 0, flags [DF], proto UDP (17), length 31)"
1779594596.298655,,,UDP,1500,"1779594596.298655 IP (tos 0x0, ttl 64, id 37592, offset 0, flags [+], proto UDP (17), length 1500)"
1779594596.298952,,,UDP,31,"1779594596.298952 IP (tos 0x0, ttl 64, id 45670, offset 0, flags [DF], proto UDP (17), length 31)"
1779594596.299423,,,UDP,1500,"1779594596.299423 IP (tos 0x0, ttl 64, id 37593, offset 0, flags [+], proto UDP (17), length 1500)"
1779594596.299481,,,UDP,31,"1779594596.299481 IP (tos 0x0, ttl 64, id 45671, offset 0, flags [DF], proto UDP (17), length 31)"
1779594596.300204,,,UDP,1500,"1779594596.300204 IP (tos 0x0, ttl 64, id 37594, offset 0, flags [+], proto UDP (17), length 1500)"
1779594596.300926,,,UDP,1500,"1779594596.300926 IP (tos 0x0, ttl 64, id 37595, offset 0, flags [+], proto UDP (17), length 1500)"
1779594596.301653,,,UDP,1500,"1779594596.301653 IP (tos 0x0, ttl 64, id 37596, offset 0, flags [+], proto UDP (17), length 1500)"
1779594596.375173,,,UDP,31,"1779594596.375173 IP (tos 0x0, ttl 64, id 45676, offset 0, flags [DF], proto UDP (17), length 31)"
1779594596.376408,,,UDP,1500,"1779594596.376408 IP (tos 0x0, ttl 64, id 37600, offset 0, flags [+], proto UDP (17), length 1500)"
1779594596.395334,,,UDP,31,"1779594596.395334 IP (tos 0x0, ttl 64, id 45679, offset 0, flags [DF], proto UDP (17), length 31)"
1779594596.396502,,,UDP,1500,"1779594596.396502 IP (tos 0x0, ttl 64, id 37604, offset 0, flags [+], proto UDP (17), length 1500)"
1779594596.398652,,,UDP,31,"1779594596.398652 IP (tos 0x0, ttl 64, id 45680, offset 0, flags [DF], proto UDP (17), length 31)"
1779594596.399246,,,UDP,31,"1779594596.399246 IP (tos 0x0, ttl 64, id 45681, offset 0, flags [DF], proto UDP (17), length 31)"
1779594596.399540,,,UDP,1500,"1779594596.399540 IP (tos 0x0, ttl 64, id 37605, offset 0, flags [+], proto UDP (17), length 1500)"
1779594596.399995,,,UDP,31,"1779594596.399995 IP (tos 0x0, ttl 64, id 45682, offset 0, flags [DF], proto UDP (17), length 31)"
1779594596.400278,,,UDP,1500,"1779594596.400278 IP (tos 0x0, ttl 64, id 37606, offset 0, flags [+], proto UDP (17), length 1500)"
1779594596.400844,,,UDP,31,"1779594596.400844 IP (tos 0x0, ttl 64, id 45683, offset 0, flags [DF], proto UDP (17), length 31)"
1779594596.400928,,,UDP,1500,"1779594596.400928 IP (tos 0x0, ttl 64, id 37607, offset 0, flags [+], proto UDP (17), length 1500)"
1779594596.401475,,,UDP,31,"1779594596.401475 IP (tos 0x0, ttl 64, id 45684, offset 0, flags [DF], proto UDP (17), length 31)"
1779594596.402030,,,UDP,1500,"1779594596.402030 IP (tos 0x0, ttl 64, id 37608, offset 0, flags [+], proto UDP (17), length 1500)"
1779594596.402208,,,UDP,31,"1779594596.402208 IP (tos 0x0, ttl 64, id 45685, offset 0, flags [DF], proto UDP (17), length 31)"
1779594596.403177,,,UDP,1500,"1779594596.403177 IP (tos 0x0, ttl 64, id 37609, offset 0, flags [+], proto UDP (17), length 1500)"
1779594596.403757,,,UDP,1500,"1779594596.403757 IP (tos 0x0, ttl 64, id 37610, offset 0, flags [+], proto UDP (17), length 1500)"
1779594596.477568,,,UDP,31,"1779594596.477568 IP (tos 0x0, ttl 64, id 45701, offset 0, flags [DF], proto UDP (17), length 31)"
1779594596.497643,,,UDP,31,"1779594596.497643 IP (tos 0x0, ttl 64, id 45706, offset 0, flags [DF], proto UDP (17), length 31)"
1779594596.500145,,,UDP,31,"1779594596.500145 IP (tos 0x0, ttl 64, id 45707, offset 0, flags [DF], proto UDP (17), length 31)"
1779594596.500953,,,UDP,31,"1779594596.500953 IP (tos 0x0, ttl 64, id 45708, offset 0, flags [DF], proto UDP (17), length 31)"
1779594596.501521,,,UDP,31,"1779594596.501521 IP (tos 0x0, ttl 64, id 45709, offset 0, flags [DF], proto UDP (17), length 31)"
1779594596.501748,,,UDP,31,"1779594596.501748 IP (tos 0x0, ttl 64, id 45711, offset 0, flags [DF], proto UDP (17), length 31)"
1779594596.502215,,,UDP,31,"1779594596.502215 IP (tos 0x0, ttl 64, id 45712, offset 0, flags [DF], proto UDP (17), length 31)"
1779594596.502859,,,UDP,34,"1779594596.502859 IP (tos 0x0, ttl 64, id 37611, offset 0, flags [DF], proto UDP (17), length 34)"
1779594596.603150,,,UDP,35,"1779594596.603150 IP (tos 0x0, ttl 64, id 45715, offset 0, flags [DF], proto UDP (17), length 35)"
