timestamp_s,src,dst,protocolo,ip_len,info
1779587667.769037,,,TCP,60,"1779587667.769037 IP (tos 0x0, ttl 64, id 47591, offset 0, flags [DF], proto TCP (6), length 60)"
1779587667.819297,,,TCP,60,"1779587667.819297 IP (tos 0x0, ttl 64, id 0, offset 0, flags [DF], proto TCP (6), length 60)"
1779587667.819411,,,TCP,52,"1779587667.819411 IP (tos 0x0, ttl 64, id 47592, offset 0, flags [DF], proto TCP (6), length 52)"
1779587667.819727,,,TCP,88,"1779587667.819727 IP (tos 0x0, ttl 64, id 47593, offset 0, flags [DF], proto TCP (6), length 88)"
1779587667.824323,,,TCP,2948,"1779587667.824323 IP (tos 0x0, ttl 64, id 47594, offset 0, flags [DF], proto TCP (6), length 2948)"
1779587667.824945,,,TCP,2948,"1779587667.824945 IP (tos 0x0, ttl 64, id 47596, offset 0, flags [DF], proto TCP (6), length 2948)"
1779587667.824973,,,TCP,1500,"1779587667.824973 IP (tos 0x0, ttl 64, id 47598, offset 0, flags [DF], proto TCP (6), length 1500)"
1779587667.825575,,,TCP,2948,"1779587667.825575 IP (tos 0x0, ttl 64, id 47599, offset 0, flags [DF], proto TCP (6), length 2948)"
1779587667.825614,,,TCP,1500,"1779587667.825614 IP (tos 0x0, ttl 64, id 47601, offset 0, flags [DF], proto TCP (6), length 1500)"
1779587667.826167,,,TCP,1500,"1779587667.826167 IP (tos 0x0, ttl 64, id 47602, offset 0, flags [DF], proto TCP (6), length 1500)"
1779587667.870017,,,TCP,52,"1779587667.870017 IP (tos 0x0, ttl 64, id 64677, offset 0, flags [DF], proto TCP (6), length 52)"
1779587667.870114,,,TCP,2948,"1779587667.870114 IP (tos 0x0, ttl 64, id 47603, offset 0, flags [DF], proto TCP (6), length 2948)"
1779587667.874634,,,TCP,52,"1779587667.874634 IP (tos 0x0, ttl 64, id 64678, offset 0, flags [DF], proto TCP (6), length 52)"
1779587667.874750,,,TCP,2948,"1779587667.874750 IP (tos 0x0, ttl 64, id 47605, offset 0, flags [DF], proto TCP (6), length 2948)"
1779587667.874888,,,TCP,2948,"1779587667.874888 IP (tos 0x0, ttl 64, id 47607, offset 0, flags [DF], proto TCP (6), length 2948)"
1779587667.875045,,,TCP,52,"1779587667.875045 IP (tos 0x0, ttl 64, id 64679, offset 0, flags [DF], proto TCP (6), length 52)"
1779587667.875048,,,TCP,52,"1779587667.875048 IP (tos 0x0, ttl 64, id 64680, offset 0, flags [DF], proto TCP (6), length 52)"
1779587667.875120,,,TCP,2948,"1779587667.875120 IP (tos 0x0, ttl 64, id 47609, offset 0, flags [DF], proto TCP (6), length 2948)"
1779587667.875132,,,TCP,2948,"1779587667.875132 IP (tos 0x0, ttl 64, id 47611, offset 0, flags [DF], proto TCP (6), length 2948)"
1779587667.875148,,,TCP,2948,"1779587667.875148 IP (tos 0x0, ttl 64, id 47613, offset 0, flags [DF], proto TCP (6), length 2948)"
1779587667.875727,,,TCP,52,"1779587667.875727 IP (tos 0x0, ttl 64, id 64681, offset 0, flags [DF], proto TCP (6), length 52)"
1779587667.875735,,,TCP,52,"1779587667.875735 IP (tos 0x0, ttl 64, id 64682, offset 0, flags [DF], proto TCP (6), length 52)"
1779587667.875932,,,TCP,2948,"1779587667.875932 IP (tos 0x0, ttl 64, id 47615, offset 0, flags [DF], proto TCP (6), length 2948)"
1779587667.875955,,,TCP,2948,"1779587667.875955 IP (tos 0x0, ttl 64, id 47617, offset 0, flags [DF], proto TCP (6), length 2948)"
1779587667.876066,,,TCP,2948,"1779587667.876066 IP (tos 0x0, ttl 64, id 47619, offset 0, flags [DF], proto TCP (6), length 2948)"
1779587667.876253,,,TCP,52,"1779587667.876253 IP (tos 0x0, ttl 64, id 64683, offset 0, flags [DF], proto TCP (6), length 52)"
1779587667.876307,,,TCP,2948,"1779587667.876307 IP (tos 0x0, ttl 64, id 47621, offset 0, flags [DF], proto TCP (6), length 2948)"
1779587667.925269,,,TCP,52,"1779587667.925269 IP (tos 0x0, ttl 64, id 64685, offset 0, flags [DF], proto TCP (6), length 52)"
1779587667.925275,,,TCP,52,"1779587667.925275 IP (tos 0x0, ttl 64, id 64686, offset 0, flags [DF], proto TCP (6), length 52)"
1779587667.925276,,,TCP,52,"1779587667.925276 IP (tos 0x0, ttl 64, id 64687, offset 0, flags [DF], proto TCP (6), length 52)"
1779587667.925277,,,TCP,52,"1779587667.925277 IP (tos 0x0, ttl 64, id 64688, offset 0, flags [DF], proto TCP (6), length 52)"
1779587667.925278,,,TCP,52,"1779587667.925278 IP (tos 0x0, ttl 64, id 64689, offset 0, flags [DF], proto TCP (6), length 52)"
1779587667.925371,,,TCP,2948,"1779587667.925371 IP (tos 0x0, ttl 64, id 47623, offset 0, flags [DF], proto TCP (6), length 2948)"
1779587667.925517,,,TCP,2948,"1779587667.925517 IP (tos 0x0, ttl 64, id 47625, offset 0, flags [DF], proto TCP (6), length 2948)"
1779587667.925571,,,TCP,2948,"1779587667.925571 IP (tos 0x0, ttl 64, id 47627, offset 0, flags [DF], proto TCP (6), length 2948)"
1779587667.925577,,,TCP,2948,"1779587667.925577 IP (tos 0x0, ttl 64, id 47629, offset 0, flags [DF], proto TCP (6), length 2948)"
1779587667.925617,,,TCP,2948,"1779587667.925617 IP (tos 0x0, ttl 64, id 47631, offset 0, flags [DF], proto TCP (6), length 2948)"
1779587667.925620,,,TCP,2948,"1779587667.925620 IP (tos 0x0, ttl 64, id 47633, offset 0, flags [DF], proto TCP (6), length 2948)"
1779587667.925640,,,TCP,2948,"1779587667.925640 IP (tos 0x0, ttl 64, id 47635, offset 0, flags [DF], proto TCP (6), length 2948)"
1779587667.925642,,,TCP,2948,"1779587667.925642 IP (tos 0x0, ttl 64, id 47637, offset 0, flags [DF], proto TCP (6), length 2948)"
1779587667.925655,,,TCP,2948,"1779587667.925655 IP (tos 0x0, ttl 64, id 47639, offset 0, flags [DF], proto TCP (6), length 2948)"
1779587667.925660,,,TCP,2948,"1779587667.925660 IP (tos 0x0, ttl 64, id 47641, offset 0, flags [DF], proto TCP (6), length 2948)"
1779587667.925673,,,TCP,2948,"1779587667.925673 IP (tos 0x0, ttl 64, id 47643, offset 0, flags [DF], proto TCP (6), length 2948)"
1779587667.925681,,,TCP,2948,"1779587667.925681 IP (tos 0x0, ttl 64, id 47645, offset 0, flags [DF], proto TCP (6), length 2948)"
1779587667.926112,,,TCP,52,"1779587667.926112 IP (tos 0x0, ttl 64, id 64690, offset 0, flags [DF], proto TCP (6), length 52)"
1779587667.926119,,,TCP,52,"1779587667.926119 IP (tos 0x0, ttl 64, id 64691, offset 0, flags [DF], proto TCP (6), length 52)"
1779587667.926120,,,TCP,52,"1779587667.926120 IP (tos 0x0, ttl 64, id 64692, offset 0, flags [DF], proto TCP (6), length 52)"
1779587667.926359,,,TCP,2948,"1779587667.926359 IP (tos 0x0, ttl 64, id 47647, offset 0, flags [DF], proto TCP (6), length 2948)"
1779587667.926378,,,TCP,52,"1779587667.926378 IP (tos 0x0, ttl 64, id 64693, offset 0, flags [DF], proto TCP (6), length 52)"
1779587667.926379,,,TCP,2948,"1779587667.926379 IP (tos 0x0, ttl 64, id 47651, offset 0, flags [DF], proto TCP (6), length 2948)"
1779587667.926381,,,TCP,2948,"1779587667.926381 IP (tos 0x0, ttl 64, id 47649, offset 0, flags [DF], proto TCP (6), length 2948)"
1779587667.926404,,,TCP,2948,"1779587667.926404 IP (tos 0x0, ttl 64, id 47653, offset 0, flags [DF], proto TCP (6), length 2948)"
1779587667.926418,,,TCP,2948,"1779587667.926418 IP (tos 0x0, ttl 64, id 47655, offset 0, flags [DF], proto TCP (6), length 2948)"
1779587667.926426,,,TCP,2948,"1779587667.926426 IP (tos 0x0, ttl 64, id 47657, offset 0, flags [DF], proto TCP (6), length 2948)"
1779587667.926439,,,TCP,2948,"1779587667.926439 IP (tos 0x0, ttl 64, id 47659, offset 0, flags [DF], proto TCP (6), length 2948)"
1779587667.926446,,,TCP,2948,"1779587667.926446 IP (tos 0x0, ttl 64, id 47661, offset 0, flags [DF], proto TCP (6), length 2948)"
1779587667.975781,,,TCP,52,"1779587667.975781 IP (tos 0x0, ttl 64, id 64694, offset 0, flags [DF], proto TCP (6), length 52)"
1779587667.975789,,,TCP,52,"1779587667.975789 IP (tos 0x0, ttl 64, id 64695, offset 0, flags [DF], proto TCP (6), length 52)"
1779587667.975790,,,TCP,52,"1779587667.975790 IP (tos 0x0, ttl 64, id 64696, offset 0, flags [DF], proto TCP (6), length 52)"
1779587667.975790,,,TCP,52,"1779587667.975790 IP (tos 0x0, ttl 64, id 64697, offset 0, flags [DF], proto TCP (6), length 52)"
1779587667.975791,,,TCP,52,"1779587667.975791 IP (tos 0x0, ttl 64, id 64698, offset 0, flags [DF], proto TCP (6), length 52)"
1779587667.975792,,,TCP,52,"1779587667.975792 IP (tos 0x0, ttl 64, id 64699, offset 0, flags [DF], proto TCP (6), length 52)"
1779587667.975793,,,TCP,52,"1779587667.975793 IP (tos 0x0, ttl 64, id 64700, offset 0, flags [DF], proto TCP (6), length 52)"
1779587667.975793,,,TCP,52,"1779587667.975793 IP (tos 0x0, ttl 64, id 64701, offset 0, flags [DF], proto TCP (6), length 52)"
1779587667.975794,,,TCP,52,"1779587667.975794 IP (tos 0x0, ttl 64, id 64702, offset 0, flags [DF], proto TCP (6), length 52)"
1779587667.975801,,,TCP,52,"1779587667.975801 IP (tos 0x0, ttl 64, id 64703, offset 0, flags [DF], proto TCP (6), length 52)"
1779587667.975802,,,TCP,52,"1779587667.975802 IP (tos 0x0, ttl 64, id 64704, offset 0, flags [DF], proto TCP (6), length 52)"
1779587667.975803,,,TCP,52,"1779587667.975803 IP (tos 0x0, ttl 64, id 64705, offset 0, flags [DF], proto TCP (6), length 52)"
1779587667.976116,,,TCP,2948,"1779587667.976116 IP (tos 0x0, ttl 64, id 47663, offset 0, flags [DF], proto TCP (6), length 2948)"
1779587667.976239,,,TCP,2948,"1779587667.976239 IP (tos 0x0, ttl 64, id 47665, offset 0, flags [DF], proto TCP (6), length 2948)"
1779587667.976329,,,TCP,2948,"1779587667.976329 IP (tos 0x0, ttl 64, id 47667, offset 0, flags [DF], proto TCP (6), length 2948)"
1779587667.976373,,,TCP,2948,"1779587667.976373 IP (tos 0x0, ttl 64, id 47669, offset 0, flags [DF], proto TCP (6), length 2948)"
1779587667.976388,,,TCP,2948,"1779587667.976388 IP (tos 0x0, ttl 64, id 47671, offset 0, flags [DF], proto TCP (6), length 2948)"
1779587667.976401,,,TCP,2948,"1779587667.976401 IP (tos 0x0, ttl 64, id 47673, offset 0, flags [DF], proto TCP (6), length 2948)"
1779587667.976410,,,TCP,52,"1779587667.976410 IP (tos 0x0, ttl 64, id 64706, offset 0, flags [DF], proto TCP (6), length 52)"
1779587667.976413,,,TCP,2948,"1779587667.976413 IP (tos 0x0, ttl 64, id 47675, offset 0, flags [DF], proto TCP (6), length 2948)"
1779587667.976425,,,TCP,2948,"1779587667.976425 IP (tos 0x0, ttl 64, id 47677, offset 0, flags [DF], proto TCP (6), length 2948)"
1779587667.976427,,,TCP,52,"1779587667.976427 IP (tos 0x0, ttl 64, id 64707, offset 0, flags [DF], proto TCP (6), length 52)"
1779587667.976430,,,TCP,52,"1779587667.976430 IP (tos 0x0, ttl 64, id 64709, offset 0, flags [DF], proto TCP (6), length 52)"
1779587667.976431,,,TCP,52,"1779587667.976431 IP (tos 0x0, ttl 64, id 64710, offset 0, flags [DF], proto TCP (6), length 52)"
1779587667.976437,,,TCP,2948,"1779587667.976437 IP (tos 0x0, ttl 64, id 47679, offset 0, flags [DF], proto TCP (6), length 2948)"
1779587667.976449,,,TCP,2948,"1779587667.976449 IP (tos 0x0, ttl 64, id 47681, offset 0, flags [DF], proto TCP (6), length 2948)"
1779587667.976462,,,TCP,2948,"1779587667.976462 IP (tos 0x0, ttl 64, id 47683, offset 0, flags [DF], proto TCP (6), length 2948)"
1779587667.976472,,,TCP,2948,"1779587667.976472 IP (tos 0x0, ttl 64, id 47685, offset 0, flags [DF], proto TCP (6), length 2948)"
1779587667.976483,,,TCP,2948,"1779587667.976483 IP (tos 0x0, ttl 64, id 47687, offset 0, flags [DF], proto TCP (6), length 2948)"
1779587667.976494,,,TCP,2948,"1779587667.976494 IP (tos 0x0, ttl 64, id 47689, offset 0, flags [DF], proto TCP (6), length 2948)"
1779587667.976504,,,TCP,2948,"1779587667.976504 IP (tos 0x0, ttl 64, id 47691, offset 0, flags [DF], proto TCP (6), length 2948)"
1779587667.976516,,,TCP,2948,"1779587667.976516 IP (tos 0x0, ttl 64, id 47693, offset 0, flags [DF], proto TCP (6), length 2948)"
1779587667.976533,,,TCP,2948,"1779587667.976533 IP (tos 0x0, ttl 64, id 47695, offset 0, flags [DF], proto TCP (6), length 2948)"
1779587667.976550,,,TCP,2948,"1779587667.976550 IP (tos 0x0, ttl 64, id 47697, offset 0, flags [DF], proto TCP (6), length 2948)"
1779587667.976563,,,TCP,2948,"1779587667.976563 IP (tos 0x0, ttl 64, id 47699, offset 0, flags [DF], proto TCP (6), length 2948)"
1779587667.976576,,,TCP,2948,"1779587667.976576 IP (tos 0x0, ttl 64, id 47701, offset 0, flags [DF], proto TCP (6), length 2948)"
1779587667.976590,,,TCP,2948,"1779587667.976590 IP (tos 0x0, ttl 64, id 47703, offset 0, flags [DF], proto TCP (6), length 2948)"
1779587667.976605,,,TCP,2948,"1779587667.976605 IP (tos 0x0, ttl 64, id 47705, offset 0, flags [DF], proto TCP (6), length 2948)"
1779587667.976622,,,TCP,2948,"1779587667.976622 IP (tos 0x0, ttl 64, id 47707, offset 0, flags [DF], proto TCP (6), length 2948)"
1779587667.976638,,,TCP,2948,"1779587667.976638 IP (tos 0x0, ttl 64, id 47709, offset 0, flags [DF], proto TCP (6), length 2948)"
1779587667.976671,,,TCP,2948,"1779587667.976671 IP (tos 0x0, ttl 64, id 47711, offset 0, flags [DF], proto TCP (6), length 2948)"
1779587667.976687,,,TCP,2948,"1779587667.976687 IP (tos 0x0, ttl 64, id 47713, offset 0, flags [DF], proto TCP (6), length 2948)"
1779587667.976701,,,TCP,2948,"1779587667.976701 IP (tos 0x0, ttl 64, id 47715, offset 0, flags [DF], proto TCP (6), length 2948)"
1779587667.976721,,,TCP,2948,"1779587667.976721 IP (tos 0x0, ttl 64, id 47717, offset 0, flags [DF], proto TCP (6), length 2948)"
1779587667.976749,,,TCP,2948,"1779587667.976749 IP (tos 0x0, ttl 64, id 47719, offset 0, flags [DF], proto TCP (6), length 2948)"
1779587667.976771,,,TCP,2948,"1779587667.976771 IP (tos 0x0, ttl 64, id 47721, offset 0, flags [DF], proto TCP (6), length 2948)"
1779587667.976791,,,TCP,2948,"1779587667.976791 IP (tos 0x0, ttl 64, id 47723, offset 0, flags [DF], proto TCP (6), length 2948)"
1779587667.976807,,,TCP,2948,"1779587667.976807 IP (tos 0x0, ttl 64, id 47725, offset 0, flags [DF], proto TCP (6), length 2948)"
1779587667.976910,,,TCP,2948,"1779587667.976910 IP (tos 0x0, ttl 64, id 47727, offset 0, flags [DF], proto TCP (6), length 2948)"
1779587667.976941,,,TCP,2948,"1779587667.976941 IP (tos 0x0, ttl 64, id 47729, offset 0, flags [DF], proto TCP (6), length 2948)"
1779587668.026449,,,TCP,52,"1779587668.026449 IP (tos 0x0, ttl 64, id 64712, offset 0, flags [DF], proto TCP (6), length 52)"
1779587668.026456,,,TCP,52,"1779587668.026456 IP (tos 0x0, ttl 64, id 64713, offset 0, flags [DF], proto TCP (6), length 52)"
1779587668.026457,,,TCP,52,"1779587668.026457 IP (tos 0x0, ttl 64, id 64714, offset 0, flags [DF], proto TCP (6), length 52)"
1779587668.026458,,,TCP,52,"1779587668.026458 IP (tos 0x0, ttl 64, id 64715, offset 0, flags [DF], proto TCP (6), length 52)"
1779587668.026737,,,TCP,2948,"1779587668.026737 IP (tos 0x0, ttl 64, id 47731, offset 0, flags [DF], proto TCP (6), length 2948)"
1779587668.026776,,,TCP,52,"1779587668.026776 IP (tos 0x0, ttl 64, id 64717, offset 0, flags [DF], proto TCP (6), length 52)"
1779587668.026777,,,TCP,52,"1779587668.026777 IP (tos 0x0, ttl 64, id 64718, offset 0, flags [DF], proto TCP (6), length 52)"
1779587668.026778,,,TCP,52,"1779587668.026778 IP (tos 0x0, ttl 64, id 64719, offset 0, flags [DF], proto TCP (6), length 52)"
1779587668.026779,,,TCP,52,"1779587668.026779 IP (tos 0x0, ttl 64, id 64720, offset 0, flags [DF], proto TCP (6), length 52)"
1779587668.026780,,,TCP,52,"1779587668.026780 IP (tos 0x0, ttl 64, id 64721, offset 0, flags [DF], proto TCP (6), length 52)"
1779587668.026781,,,TCP,52,"1779587668.026781 IP (tos 0x0, ttl 64, id 64722, offset 0, flags [DF], proto TCP (6), length 52)"
1779587668.026782,,,TCP,52,"1779587668.026782 IP (tos 0x0, ttl 64, id 64723, offset 0, flags [DF], proto TCP (6), length 52)"
1779587668.026783,,,TCP,52,"1779587668.026783 IP (tos 0x0, ttl 64, id 64724, offset 0, flags [DF], proto TCP (6), length 52)"
1779587668.026783,,,TCP,52,"1779587668.026783 IP (tos 0x0, ttl 64, id 64725, offset 0, flags [DF], proto TCP (6), length 52)"
1779587668.026788,,,TCP,52,"1779587668.026788 IP (tos 0x0, ttl 64, id 64726, offset 0, flags [DF], proto TCP (6), length 52)"
1779587668.026789,,,TCP,52,"1779587668.026789 IP (tos 0x0, ttl 64, id 64727, offset 0, flags [DF], proto TCP (6), length 52)"
1779587668.026790,,,TCP,52,"1779587668.026790 IP (tos 0x0, ttl 64, id 64728, offset 0, flags [DF], proto TCP (6), length 52)"
1779587668.026791,,,TCP,52,"1779587668.026791 IP (tos 0x0, ttl 64, id 64729, offset 0, flags [DF], proto TCP (6), length 52)"
1779587668.026792,,,TCP,52,"1779587668.026792 IP (tos 0x0, ttl 64, id 64730, offset 0, flags [DF], proto TCP (6), length 52)"
1779587668.026793,,,TCP,52,"1779587668.026793 IP (tos 0x0, ttl 64, id 64731, offset 0, flags [DF], proto TCP (6), length 52)"
1779587668.026793,,,TCP,52,"1779587668.026793 IP (tos 0x0, ttl 64, id 64732, offset 0, flags [DF], proto TCP (6), length 52)"
1779587668.026795,,,TCP,52,"1779587668.026795 IP (tos 0x0, ttl 64, id 64734, offset 0, flags [DF], proto TCP (6), length 52)"
1779587668.026795,,,TCP,52,"1779587668.026795 IP (tos 0x0, ttl 64, id 64735, offset 0, flags [DF], proto TCP (6), length 52)"
1779587668.026805,,,TCP,52,"1779587668.026805 IP (tos 0x0, ttl 64, id 64736, offset 0, flags [DF], proto TCP (6), length 52)"
1779587668.026806,,,TCP,52,"1779587668.026806 IP (tos 0x0, ttl 64, id 64737, offset 0, flags [DF], proto TCP (6), length 52)"
1779587668.026807,,,TCP,52,"1779587668.026807 IP (tos 0x0, ttl 64, id 64738, offset 0, flags [DF], proto TCP (6), length 52)"
1779587668.026808,,,TCP,52,"1779587668.026808 IP (tos 0x0, ttl 64, id 64739, offset 0, flags [DF], proto TCP (6), length 52)"
1779587668.026809,,,TCP,52,"1779587668.026809 IP (tos 0x0, ttl 64, id 64740, offset 0, flags [DF], proto TCP (6), length 52)"
1779587668.026812,,,TCP,2948,"1779587668.026812 IP (tos 0x0, ttl 64, id 47733, offset 0, flags [DF], proto TCP (6), length 2948)"
1779587668.026898,,,TCP,2948,"1779587668.026898 IP (tos 0x0, ttl 64, id 47735, offset 0, flags [DF], proto TCP (6), length 2948)"
1779587668.026937,,,TCP,4396,"1779587668.026937 IP (tos 0x0, ttl 64, id 47737, offset 0, flags [DF], proto TCP (6), length 4396)"
1779587668.026953,,,TCP,4396,"1779587668.026953 IP (tos 0x0, ttl 64, id 47740, offset 0, flags [DF], proto TCP (6), length 4396)"
1779587668.026971,,,TCP,4396,"1779587668.026971 IP (tos 0x0, ttl 64, id 47743, offset 0, flags [DF], proto TCP (6), length 4396)"
1779587668.026985,,,TCP,4396,"1779587668.026985 IP (tos 0x0, ttl 64, id 47746, offset 0, flags [DF], proto TCP (6), length 4396)"
1779587668.026998,,,TCP,4396,"1779587668.026998 IP (tos 0x0, ttl 64, id 47749, offset 0, flags [DF], proto TCP (6), length 4396)"
1779587668.027014,,,TCP,4396,"1779587668.027014 IP (tos 0x0, ttl 64, id 47752, offset 0, flags [DF], proto TCP (6), length 4396)"
1779587668.027027,,,TCP,4396,"1779587668.027027 IP (tos 0x0, ttl 64, id 47755, offset 0, flags [DF], proto TCP (6), length 4396)"
1779587668.027063,,,TCP,5844,"1779587668.027063 IP (tos 0x0, ttl 64, id 47758, offset 0, flags [DF], proto TCP (6), length 5844)"
1779587668.027081,,,TCP,5844,"1779587668.027081 IP (tos 0x0, ttl 64, id 47762, offset 0, flags [DF], proto TCP (6), length 5844)"
1779587668.027097,,,TCP,5844,"1779587668.027097 IP (tos 0x0, ttl 64, id 47766, offset 0, flags [DF], proto TCP (6), length 5844)"
1779587668.027112,,,TCP,4396,"1779587668.027112 IP (tos 0x0, ttl 64, id 47770, offset 0, flags [DF], proto TCP (6), length 4396)"
1779587668.027130,,,TCP,5844,"1779587668.027130 IP (tos 0x0, ttl 64, id 47773, offset 0, flags [DF], proto TCP (6), length 5844)"
1779587668.027471,,,TCP,5844,"1779587668.027471 IP (tos 0x0, ttl 64, id 47777, offset 0, flags [DF], proto TCP (6), length 5844)"
1779587668.027501,,,TCP,5844,"1779587668.027501 IP (tos 0x0, ttl 64, id 47781, offset 0, flags [DF], proto TCP (6), length 5844)"
1779587668.027520,,,TCP,5844,"1779587668.027520 IP (tos 0x0, ttl 64, id 47785, offset 0, flags [DF], proto TCP (6), length 5844)"
1779587668.027628,,,TCP,5844,"1779587668.027628 IP (tos 0x0, ttl 64, id 47789, offset 0, flags [DF], proto TCP (6), length 5844)"
1779587668.027664,,,TCP,5844,"1779587668.027664 IP (tos 0x0, ttl 64, id 47793, offset 0, flags [DF], proto TCP (6), length 5844)"
1779587668.027679,,,TCP,5844,"1779587668.027679 IP (tos 0x0, ttl 64, id 47797, offset 0, flags [DF], proto TCP (6), length 5844)"
1779587668.027691,,,TCP,5844,"1779587668.027691 IP (tos 0x0, ttl 64, id 47801, offset 0, flags [DF], proto TCP (6), length 5844)"
1779587668.027702,,,TCP,1500,"1779587668.027702 IP (tos 0x0, ttl 64, id 47805, offset 0, flags [DF], proto TCP (6), length 1500)"
1779587668.027714,,,TCP,5844,"1779587668.027714 IP (tos 0x0, ttl 64, id 47806, offset 0, flags [DF], proto TCP (6), length 5844)"
1779587668.027726,,,TCP,5844,"1779587668.027726 IP (tos 0x0, ttl 64, id 47810, offset 0, flags [DF], proto TCP (6), length 5844)"
1779587668.027736,,,TCP,5844,"1779587668.027736 IP (tos 0x0, ttl 64, id 47814, offset 0, flags [DF], proto TCP (6), length 5844)"
1779587668.027748,,,TCP,5844,"1779587668.027748 IP (tos 0x0, ttl 64, id 47818, offset 0, flags [DF], proto TCP (6), length 5844)"
1779587668.027758,,,TCP,52,"1779587668.027758 IP (tos 0x0, ttl 64, id 64741, offset 0, flags [DF], proto TCP (6), length 52)"
1779587668.027763,,,TCP,5844,"1779587668.027763 IP (tos 0x0, ttl 64, id 47822, offset 0, flags [DF], proto TCP (6), length 5844)"
1779587668.027774,,,TCP,5844,"1779587668.027774 IP (tos 0x0, ttl 64, id 47826, offset 0, flags [DF], proto TCP (6), length 5844)"
1779587668.027785,,,TCP,5844,"1779587668.027785 IP (tos 0x0, ttl 64, id 47830, offset 0, flags [DF], proto TCP (6), length 5844)"
1779587668.027795,,,TCP,5844,"1779587668.027795 IP (tos 0x0, ttl 64, id 47834, offset 0, flags [DF], proto TCP (6), length 5844)"
1779587668.027821,,,TCP,7292,"1779587668.027821 IP (tos 0x0, ttl 64, id 47838, offset 0, flags [DF], proto TCP (6), length 7292)"
1779587668.027833,,,TCP,7292,"1779587668.027833 IP (tos 0x0, ttl 64, id 47843, offset 0, flags [DF], proto TCP (6), length 7292)"
1779587668.027843,,,TCP,4396,"1779587668.027843 IP (tos 0x0, ttl 64, id 47848, offset 0, flags [DF], proto TCP (6), length 4396)"
1779587668.027854,,,TCP,7292,"1779587668.027854 IP (tos 0x0, ttl 64, id 47851, offset 0, flags [DF], proto TCP (6), length 7292)"
1779587668.027874,,,TCP,7292,"1779587668.027874 IP (tos 0x0, ttl 64, id 47856, offset 0, flags [DF], proto TCP (6), length 7292)"
1779587668.027887,,,TCP,7292,"1779587668.027887 IP (tos 0x0, ttl 64, id 47861, offset 0, flags [DF], proto TCP (6), length 7292)"
1779587668.027897,,,TCP,7292,"1779587668.027897 IP (tos 0x0, ttl 64, id 47866, offset 0, flags [DF], proto TCP (6), length 7292)"
1779587668.027908,,,TCP,7292,"1779587668.027908 IP (tos 0x0, ttl 64, id 47871, offset 0, flags [DF], proto TCP (6), length 7292)"
1779587668.027919,,,TCP,4396,"1779587668.027919 IP (tos 0x0, ttl 64, id 47876, offset 0, flags [DF], proto TCP (6), length 4396)"
1779587668.077135,,,TCP,52,"1779587668.077135 IP (tos 0x0, ttl 64, id 64742, offset 0, flags [DF], proto TCP (6), length 52)"
1779587668.077141,,,TCP,52,"1779587668.077141 IP (tos 0x0, ttl 64, id 64743, offset 0, flags [DF], proto TCP (6), length 52)"
1779587668.077141,,,TCP,52,"1779587668.077141 IP (tos 0x0, ttl 64, id 64744, offset 0, flags [DF], proto TCP (6), length 52)"
1779587668.077142,,,TCP,52,"1779587668.077142 IP (tos 0x0, ttl 64, id 64745, offset 0, flags [DF], proto TCP (6), length 52)"
1779587668.077142,,,TCP,52,"1779587668.077142 IP (tos 0x0, ttl 64, id 64748, offset 0, flags [DF], proto TCP (6), length 52)"
1779587668.077143,,,TCP,52,"1779587668.077143 IP (tos 0x0, ttl 64, id 64749, offset 0, flags [DF], proto TCP (6), length 52)"
1779587668.077143,,,TCP,52,"1779587668.077143 IP (tos 0x0, ttl 64, id 64751, offset 0, flags [DF], proto TCP (6), length 52)"
1779587668.077144,,,TCP,52,"1779587668.077144 IP (tos 0x0, ttl 64, id 64752, offset 0, flags [DF], proto TCP (6), length 52)"
1779587668.077144,,,TCP,52,"1779587668.077144 IP (tos 0x0, ttl 64, id 64753, offset 0, flags [DF], proto TCP (6), length 52)"
1779587668.077147,,,TCP,52,"1779587668.077147 IP (tos 0x0, ttl 64, id 64754, offset 0, flags [DF], proto TCP (6), length 52)"
1779587668.077148,,,TCP,52,"1779587668.077148 IP (tos 0x0, ttl 64, id 64755, offset 0, flags [DF], proto TCP (6), length 52)"
1779587668.077409,,,TCP,5844,"1779587668.077409 IP (tos 0x0, ttl 64, id 47879, offset 0, flags [DF], proto TCP (6), length 5844)"
1779587668.077445,,,TCP,52,"1779587668.077445 IP (tos 0x0, ttl 64, id 64756, offset 0, flags [DF], proto TCP (6), length 52)"
1779587668.077449,,,TCP,7292,"1779587668.077449 IP (tos 0x0, ttl 64, id 47883, offset 0, flags [DF], proto TCP (6), length 7292)"
1779587668.077455,,,TCP,7292,"1779587668.077455 IP (tos 0x0, ttl 64, id 47888, offset 0, flags [DF], proto TCP (6), length 7292)"
1779587668.077486,,,TCP,4396,"1779587668.077486 IP (tos 0x0, ttl 64, id 47893, offset 0, flags [DF], proto TCP (6), length 4396)"
1779587668.077529,,,TCP,52,"1779587668.077529 IP (tos 0x0, ttl 64, id 64757, offset 0, flags [DF], proto TCP (6), length 52)"
1779587668.077533,,,TCP,10188,"1779587668.077533 IP (tos 0x0, ttl 64, id 47896, offset 0, flags [DF], proto TCP (6), length 10188)"
1779587668.077537,,,TCP,10188,"1779587668.077537 IP (tos 0x0, ttl 64, id 47903, offset 0, flags [DF], proto TCP (6), length 10188)"
1779587668.077587,,,TCP,10188,"1779587668.077587 IP (tos 0x0, ttl 64, id 47910, offset 0, flags [DF], proto TCP (6), length 10188)"
1779587668.077593,,,TCP,10188,"1779587668.077593 IP (tos 0x0, ttl 64, id 47917, offset 0, flags [DF], proto TCP (6), length 10188)"
1779587668.077624,,,TCP,10188,"1779587668.077624 IP (tos 0x0, ttl 64, id 47924, offset 0, flags [DF], proto TCP (6), length 10188)"
1779587668.077658,,,TCP,10188,"1779587668.077658 IP (tos 0x0, ttl 64, id 47931, offset 0, flags [DF], proto TCP (6), length 10188)"
1779587668.077669,,,TCP,4396,"1779587668.077669 IP (tos 0x0, ttl 64, id 47938, offset 0, flags [DF], proto TCP (6), length 4396)"
1779587668.077679,,,TCP,10188,"1779587668.077679 IP (tos 0x0, ttl 64, id 47941, offset 0, flags [DF], proto TCP (6), length 10188)"
1779587668.077761,,,TCP,10188,"1779587668.077761 IP (tos 0x0, ttl 64, id 47948, offset 0, flags [DF], proto TCP (6), length 10188)"
1779587668.077805,,,TCP,10188,"1779587668.077805 IP (tos 0x0, ttl 64, id 47955, offset 0, flags [DF], proto TCP (6), length 10188)"
1779587668.077868,,,TCP,10188,"1779587668.077868 IP (tos 0x0, ttl 64, id 47962, offset 0, flags [DF], proto TCP (6), length 10188)"
1779587668.077903,,,TCP,10188,"1779587668.077903 IP (tos 0x0, ttl 64, id 47969, offset 0, flags [DF], proto TCP (6), length 10188)"
1779587668.078368,,,TCP,52,"1779587668.078368 IP (tos 0x0, ttl 64, id 64758, offset 0, flags [DF], proto TCP (6), length 52)"
1779587668.078502,,,TCP,14532,"1779587668.078502 IP (tos 0x0, ttl 64, id 47976, offset 0, flags [DF], proto TCP (6), length 14532)"
1779587668.078523,,,TCP,15980,"1779587668.078523 IP (tos 0x0, ttl 64, id 47986, offset 0, flags [DF], proto TCP (6), length 15980)"
1779587668.078532,,,TCP,15980,"1779587668.078532 IP (tos 0x0, ttl 64, id 47997, offset 0, flags [DF], proto TCP (6), length 15980)"
1779587668.078575,,,TCP,15980,"1779587668.078575 IP (tos 0x0, ttl 64, id 48008, offset 0, flags [DF], proto TCP (6), length 15980)"
1779587668.078584,,,TCP,15980,"1779587668.078584 IP (tos 0x0, ttl 64, id 48019, offset 0, flags [DF], proto TCP (6), length 15980)"
1779587668.078606,,,TCP,1500,"1779587668.078606 IP (tos 0x0, ttl 64, id 48030, offset 0, flags [DF], proto TCP (6), length 1500)"
1779587668.078612,,,TCP,15980,"1779587668.078612 IP (tos 0x0, ttl 64, id 48031, offset 0, flags [DF], proto TCP (6), length 15980)"
1779587668.078618,,,TCP,15980,"1779587668.078618 IP (tos 0x0, ttl 64, id 48042, offset 0, flags [DF], proto TCP (6), length 15980)"
1779587668.078645,,,TCP,15980,"1779587668.078645 IP (tos 0x0, ttl 64, id 48053, offset 0, flags [DF], proto TCP (6), length 15980)"
1779587668.078663,,,TCP,15980,"1779587668.078663 IP (tos 0x0, ttl 64, id 48064, offset 0, flags [DF], proto TCP (6), length 15980)"
1779587668.078672,,,TCP,1500,"1779587668.078672 IP (tos 0x0, ttl 64, id 48075, offset 0, flags [DF], proto TCP (6), length 1500)"
1779587668.078683,,,TCP,15980,"1779587668.078683 IP (tos 0x0, ttl 64, id 48076, offset 0, flags [DF], proto TCP (6), length 15980)"
1779587668.078694,,,TCP,15980,"1779587668.078694 IP (tos 0x0, ttl 64, id 48087, offset 0, flags [DF], proto TCP (6), length 15980)"
1779587668.078867,,,TCP,15980,"1779587668.078867 IP (tos 0x0, ttl 64, id 48098, offset 0, flags [DF], proto TCP (6), length 15980)"
1779587668.078881,,,TCP,10564,"1779587668.078881 IP (tos 0x0, ttl 64, id 48109, offset 0, flags [DF], proto TCP (6), length 10564)"
1779587668.127525,,,TCP,52,"1779587668.127525 IP (tos 0x0, ttl 64, id 64760, offset 0, flags [DF], proto TCP (6), length 52)"
1779587668.127535,,,TCP,52,"1779587668.127535 IP (tos 0x0, ttl 64, id 64761, offset 0, flags [DF], proto TCP (6), length 52)"
1779587668.127538,,,TCP,52,"1779587668.127538 IP (tos 0x0, ttl 64, id 64762, offset 0, flags [DF], proto TCP (6), length 52)"
1779587668.127642,,,TCP,6916,"1779587668.127642 IP (tos 0x0, ttl 64, id 48117, offset 0, flags [DF], proto TCP (6), length 6916)"
1779587668.127699,,,TCP,52,"1779587668.127699 IP (tos 0x0, ttl 64, id 64763, offset 0, flags [DF], proto TCP (6), length 52)"
1779587668.127701,,,TCP,52,"1779587668.127701 IP (tos 0x0, ttl 64, id 64764, offset 0, flags [DF], proto TCP (6), length 52)"
1779587668.127702,,,TCP,52,"1779587668.127702 IP (tos 0x0, ttl 64, id 64765, offset 0, flags [DF], proto TCP (6), length 52)"
1779587668.127702,,,TCP,52,"1779587668.127702 IP (tos 0x0, ttl 64, id 64766, offset 0, flags [DF], proto TCP (6), length 52)"
1779587668.127705,,,TCP,15980,"1779587668.127705 IP (tos 0x0, ttl 64, id 48122, offset 0, flags [DF], proto TCP (6), length 15980)"
1779587668.127723,,,TCP,15980,"1779587668.127723 IP (tos 0x0, ttl 64, id 48133, offset 0, flags [DF], proto TCP (6), length 15980)"
1779587668.127781,,,TCP,15980,"1779587668.127781 IP (tos 0x0, ttl 64, id 48144, offset 0, flags [DF], proto TCP (6), length 15980)"
1779587668.127788,,,TCP,52,"1779587668.127788 IP (tos 0x0, ttl 64, id 64767, offset 0, flags [DF], proto TCP (6), length 52)"
1779587668.127788,,,TCP,52,"1779587668.127788 IP (tos 0x0, ttl 64, id 64768, offset 0, flags [DF], proto TCP (6), length 52)"
1779587668.127792,,,TCP,17428,"1779587668.127792 IP (tos 0x0, ttl 64, id 48155, offset 0, flags [DF], proto TCP (6), length 17428)"
1779587668.127798,,,TCP,18876,"1779587668.127798 IP (tos 0x0, ttl 64, id 48167, offset 0, flags [DF], proto TCP (6), length 18876)"
1779587668.127831,,,TCP,18876,"1779587668.127831 IP (tos 0x0, ttl 64, id 48180, offset 0, flags [DF], proto TCP (6), length 18876)"
1779587668.127837,,,TCP,52,"1779587668.127837 IP (tos 0x0, ttl 64, id 64769, offset 0, flags [DF], proto TCP (6), length 52)"
1779587668.127842,,,TCP,20324,"1779587668.127842 IP (tos 0x0, ttl 64, id 48193, offset 0, flags [DF], proto TCP (6), length 20324)"
1779587668.127865,,,TCP,7292,"1779587668.127865 IP (tos 0x0, ttl 64, id 48207, offset 0, flags [DF], proto TCP (6), length 7292)"
1779587668.127870,,,TCP,20324,"1779587668.127870 IP (tos 0x0, ttl 64, id 48212, offset 0, flags [DF], proto TCP (6), length 20324)"
1779587668.127876,,,TCP,20324,"1779587668.127876 IP (tos 0x0, ttl 64, id 48226, offset 0, flags [DF], proto TCP (6), length 20324)"
1779587668.127892,,,TCP,52,"1779587668.127892 IP (tos 0x0, ttl 64, id 64770, offset 0, flags [DF], proto TCP (6), length 52)"
1779587668.127916,,,TCP,52,"1779587668.127916 IP (tos 0x0, ttl 64, id 64771, offset 0, flags [DF], proto TCP (6), length 52)"
1779587668.127946,,,TCP,20324,"1779587668.127946 IP (tos 0x0, ttl 64, id 48240, offset 0, flags [DF], proto TCP (6), length 20324)"
1779587668.127951,,,TCP,4396,"1779587668.127951 IP (tos 0x0, ttl 64, id 48254, offset 0, flags [DF], proto TCP (6), length 4396)"
1779587668.127957,,,TCP,20324,"1779587668.127957 IP (tos 0x0, ttl 64, id 48257, offset 0, flags [DF], proto TCP (6), length 20324)"
1779587668.127970,,,TCP,20324,"1779587668.127970 IP (tos 0x0, ttl 64, id 48271, offset 0, flags [DF], proto TCP (6), length 20324)"
1779587668.127975,,,TCP,20324,"1779587668.127975 IP (tos 0x0, ttl 64, id 48285, offset 0, flags [DF], proto TCP (6), length 20324)"
1779587668.127989,,,TCP,4396,"1779587668.127989 IP (tos 0x0, ttl 64, id 48299, offset 0, flags [DF], proto TCP (6), length 4396)"
1779587668.127994,,,TCP,21772,"1779587668.127994 IP (tos 0x0, ttl 64, id 48302, offset 0, flags [DF], proto TCP (6), length 21772)"
1779587668.128008,,,TCP,2948,"1779587668.128008 IP (tos 0x0, ttl 64, id 48317, offset 0, flags [DF], proto TCP (6), length 2948)"
1779587668.128011,,,TCP,276,"1779587668.128011 IP (tos 0x0, ttl 64, id 48319, offset 0, flags [DF], proto TCP (6), length 276)"
1779587668.128598,,,TCP,52,"1779587668.128598 IP (tos 0x0, ttl 64, id 64772, offset 0, flags [DF], proto TCP (6), length 52)"
1779587668.128602,,,TCP,52,"1779587668.128602 IP (tos 0x0, ttl 64, id 64773, offset 0, flags [DF], proto TCP (6), length 52)"
1779587668.128603,,,TCP,52,"1779587668.128603 IP (tos 0x0, ttl 64, id 64774, offset 0, flags [DF], proto TCP (6), length 52)"
1779587668.128604,,,TCP,52,"1779587668.128604 IP (tos 0x0, ttl 64, id 64775, offset 0, flags [DF], proto TCP (6), length 52)"
1779587668.128606,,,TCP,52,"1779587668.128606 IP (tos 0x0, ttl 64, id 64776, offset 0, flags [DF], proto TCP (6), length 52)"
1779587668.128697,,,TCP,52,"1779587668.128697 IP (tos 0x0, ttl 64, id 64777, offset 0, flags [DF], proto TCP (6), length 52)"
1779587668.128699,,,TCP,52,"1779587668.128699 IP (tos 0x0, ttl 64, id 64778, offset 0, flags [DF], proto TCP (6), length 52)"
1779587668.128699,,,TCP,52,"1779587668.128699 IP (tos 0x0, ttl 64, id 64779, offset 0, flags [DF], proto TCP (6), length 52)"
1779587668.128700,,,TCP,52,"1779587668.128700 IP (tos 0x0, ttl 64, id 64780, offset 0, flags [DF], proto TCP (6), length 52)"
1779587668.128700,,,TCP,52,"1779587668.128700 IP (tos 0x0, ttl 64, id 64781, offset 0, flags [DF], proto TCP (6), length 52)"
1779587668.128701,,,TCP,52,"1779587668.128701 IP (tos 0x0, ttl 64, id 64782, offset 0, flags [DF], proto TCP (6), length 52)"
1779587668.128747,,,TCP,52,"1779587668.128747 IP (tos 0x0, ttl 64, id 64784, offset 0, flags [DF], proto TCP (6), length 52)"
1779587668.128904,,,TCP,52,"1779587668.128904 IP (tos 0x0, ttl 64, id 64785, offset 0, flags [DF], proto TCP (6), length 52)"
1779587668.128906,,,TCP,52,"1779587668.128906 IP (tos 0x0, ttl 64, id 64786, offset 0, flags [DF], proto TCP (6), length 52)"
1779587668.165085,,,TCP,60,"1779587668.165085 IP (tos 0x0, ttl 64, id 65443, offset 0, flags [DF], proto TCP (6), length 60)"
1779587668.177762,,,TCP,52,"1779587668.177762 IP (tos 0x0, ttl 64, id 64787, offset 0, flags [DF], proto TCP (6), length 52)"
1779587668.177769,,,TCP,52,"1779587668.177769 IP (tos 0x0, ttl 64, id 64789, offset 0, flags [DF], proto TCP (6), length 52)"
1779587668.177865,,,TCP,52,"1779587668.177865 IP (tos 0x0, ttl 64, id 64790, offset 0, flags [DF], proto TCP (6), length 52)"
1779587668.177866,,,TCP,52,"1779587668.177866 IP (tos 0x0, ttl 64, id 64791, offset 0, flags [DF], proto TCP (6), length 52)"
1779587668.177866,,,TCP,52,"1779587668.177866 IP (tos 0x0, ttl 64, id 64792, offset 0, flags [DF], proto TCP (6), length 52)"
1779587668.177867,,,TCP,52,"1779587668.177867 IP (tos 0x0, ttl 64, id 64793, offset 0, flags [DF], proto TCP (6), length 52)"
1779587668.177872,,,TCP,52,"1779587668.177872 IP (tos 0x0, ttl 64, id 64794, offset 0, flags [DF], proto TCP (6), length 52)"
1779587668.177877,,,TCP,52,"1779587668.177877 IP (tos 0x0, ttl 64, id 64795, offset 0, flags [DF], proto TCP (6), length 52)"
1779587668.177879,,,TCP,52,"1779587668.177879 IP (tos 0x0, ttl 64, id 64796, offset 0, flags [DF], proto TCP (6), length 52)"
1779587668.177919,,,TCP,52,"1779587668.177919 IP (tos 0x0, ttl 64, id 64797, offset 0, flags [DF], proto TCP (6), length 52)"
1779587668.178981,,,TCP,52,"1779587668.178981 IP (tos 0x0, ttl 64, id 64798, offset 0, flags [DF], proto TCP (6), length 52)"
1779587668.218007,,,TCP,52,"1779587668.218007 IP (tos 0x0, ttl 64, id 64799, offset 0, flags [DF], proto TCP (6), length 52)"
1779587668.218212,,,TCP,52,"1779587668.218212 IP (tos 0x0, ttl 64, id 0, offset 0, flags [DF], proto TCP (6), length 52)"
1779587669.189897,,,TCP,60,"1779587669.189897 IP (tos 0x0, ttl 64, id 65444, offset 0, flags [DF], proto TCP (6), length 60)"
1779587669.239988,,,TCP,60,"1779587669.239988 IP (tos 0x0, ttl 64, id 0, offset 0, flags [DF], proto TCP (6), length 60)"
1779587669.239996,,,TCP,60,"1779587669.239996 IP (tos 0x0, ttl 64, id 0, offset 0, flags [DF], proto TCP (6), length 60)"
1779587669.240141,,,TCP,52,"1779587669.240141 IP (tos 0x0, ttl 64, id 65445, offset 0, flags [DF], proto TCP (6), length 52)"
1779587669.240469,,,TCP,52,"1779587669.240469 IP (tos 0x0, ttl 64, id 65446, offset 0, flags [DF], proto TCP (6), length 52)"
1779587669.240783,,,TCP,88,"1779587669.240783 IP (tos 0x0, ttl 64, id 65447, offset 0, flags [DF], proto TCP (6), length 88)"
1779587669.245057,,,TCP,2948,"1779587669.245057 IP (tos 0x0, ttl 64, id 65448, offset 0, flags [DF], proto TCP (6), length 2948)"
1779587669.245367,,,TCP,2948,"1779587669.245367 IP (tos 0x0, ttl 64, id 65450, offset 0, flags [DF], proto TCP (6), length 2948)"
1779587669.245382,,,TCP,1500,"1779587669.245382 IP (tos 0x0, ttl 64, id 65452, offset 0, flags [DF], proto TCP (6), length 1500)"
1779587669.245746,,,TCP,2948,"1779587669.245746 IP (tos 0x0, ttl 64, id 65453, offset 0, flags [DF], proto TCP (6), length 2948)"
1779587669.245761,,,TCP,1500,"1779587669.245761 IP (tos 0x0, ttl 64, id 65455, offset 0, flags [DF], proto TCP (6), length 1500)"
1779587669.246117,,,TCP,1500,"1779587669.246117 IP (tos 0x0, ttl 64, id 65456, offset 0, flags [DF], proto TCP (6), length 1500)"
1779587669.290964,,,TCP,52,"1779587669.290964 IP (tos 0x0, ttl 64, id 50652, offset 0, flags [DF], proto TCP (6), length 52)"
1779587669.291020,,,TCP,2948,"1779587669.291020 IP (tos 0x0, ttl 64, id 65457, offset 0, flags [DF], proto TCP (6), length 2948)"
1779587669.295156,,,TCP,52,"1779587669.295156 IP (tos 0x0, ttl 64, id 50653, offset 0, flags [DF], proto TCP (6), length 52)"
1779587669.295183,,,TCP,2948,"1779587669.295183 IP (tos 0x0, ttl 64, id 65459, offset 0, flags [DF], proto TCP (6), length 2948)"
1779587669.295211,,,TCP,2948,"1779587669.295211 IP (tos 0x0, ttl 64, id 65461, offset 0, flags [DF], proto TCP (6), length 2948)"
1779587669.295790,,,TCP,52,"1779587669.295790 IP (tos 0x0, ttl 64, id 50656, offset 0, flags [DF], proto TCP (6), length 52)"
1779587669.295792,,,TCP,52,"1779587669.295792 IP (tos 0x0, ttl 64, id 50657, offset 0, flags [DF], proto TCP (6), length 52)"
1779587669.295882,,,TCP,2948,"1779587669.295882 IP (tos 0x0, ttl 64, id 65463, offset 0, flags [DF], proto TCP (6), length 2948)"
1779587669.295927,,,TCP,2948,"1779587669.295927 IP (tos 0x0, ttl 64, id 65465, offset 0, flags [DF], proto TCP (6), length 2948)"
1779587669.295947,,,TCP,2948,"1779587669.295947 IP (tos 0x0, ttl 64, id 65467, offset 0, flags [DF], proto TCP (6), length 2948)"
1779587669.295950,,,TCP,2948,"1779587669.295950 IP (tos 0x0, ttl 64, id 65469, offset 0, flags [DF], proto TCP (6), length 2948)"
1779587669.295957,,,TCP,2948,"1779587669.295957 IP (tos 0x0, ttl 64, id 65471, offset 0, flags [DF], proto TCP (6), length 2948)"
1779587669.295959,,,TCP,2948,"1779587669.295959 IP (tos 0x0, ttl 64, id 65473, offset 0, flags [DF], proto TCP (6), length 2948)"
1779587669.296155,,,TCP,52,"1779587669.296155 IP (tos 0x0, ttl 64, id 50658, offset 0, flags [DF], proto TCP (6), length 52)"
1779587669.296176,,,TCP,2948,"1779587669.296176 IP (tos 0x0, ttl 64, id 65475, offset 0, flags [DF], proto TCP (6), length 2948)"
1779587669.341361,,,TCP,52,"1779587669.341361 IP (tos 0x0, ttl 64, id 50659, offset 0, flags [DF], proto TCP (6), length 52)"
1779587669.341414,,,TCP,2948,"1779587669.341414 IP (tos 0x0, ttl 64, id 65477, offset 0, flags [DF], proto TCP (6), length 2948)"
1779587669.341458,,,TCP,2948,"1779587669.341458 IP (tos 0x0, ttl 64, id 65479, offset 0, flags [DF], proto TCP (6), length 2948)"
1779587669.346109,,,TCP,52,"1779587669.346109 IP (tos 0x0, ttl 64, id 50662, offset 0, flags [DF], proto TCP (6), length 52)"
1779587669.346113,,,TCP,52,"1779587669.346113 IP (tos 0x0, ttl 64, id 50663, offset 0, flags [DF], proto TCP (6), length 52)"
1779587669.346114,,,TCP,52,"1779587669.346114 IP (tos 0x0, ttl 64, id 50664, offset 0, flags [DF], proto TCP (6), length 52)"
1779587669.346114,,,TCP,52,"1779587669.346114 IP (tos 0x0, ttl 64, id 50666, offset 0, flags [DF], proto TCP (6), length 52)"
1779587669.346114,,,TCP,52,"1779587669.346114 IP (tos 0x0, ttl 64, id 50667, offset 0, flags [DF], proto TCP (6), length 52)"
1779587669.346224,,,TCP,2948,"1779587669.346224 IP (tos 0x0, ttl 64, id 65481, offset 0, flags [DF], proto TCP (6), length 2948)"
1779587669.346259,,,TCP,52,"1779587669.346259 IP (tos 0x0, ttl 64, id 50668, offset 0, flags [DF], proto TCP (6), length 52)"
1779587669.346261,,,TCP,2948,"1779587669.346261 IP (tos 0x0, ttl 64, id 65483, offset 0, flags [DF], proto TCP (6), length 2948)"
1779587669.346322,,,TCP,2948,"1779587669.346322 IP (tos 0x0, ttl 64, id 65485, offset 0, flags [DF], proto TCP (6), length 2948)"
1779587669.346327,,,TCP,2948,"1779587669.346327 IP (tos 0x0, ttl 64, id 65487, offset 0, flags [DF], proto TCP (6), length 2948)"
1779587669.346352,,,TCP,2948,"1779587669.346352 IP (tos 0x0, ttl 64, id 65489, offset 0, flags [DF], proto TCP (6), length 2948)"
1779587669.346372,,,TCP,2948,"1779587669.346372 IP (tos 0x0, ttl 64, id 65491, offset 0, flags [DF], proto TCP (6), length 2948)"
1779587669.346412,,,TCP,2948,"1779587669.346412 IP (tos 0x0, ttl 64, id 65493, offset 0, flags [DF], proto TCP (6), length 2948)"
1779587669.346418,,,TCP,2948,"1779587669.346418 IP (tos 0x0, ttl 64, id 65495, offset 0, flags [DF], proto TCP (6), length 2948)"
1779587669.346424,,,TCP,2948,"1779587669.346424 IP (tos 0x0, ttl 64, id 65497, offset 0, flags [DF], proto TCP (6), length 2948)"
1779587669.346430,,,TCP,2948,"1779587669.346430 IP (tos 0x0, ttl 64, id 65499, offset 0, flags [DF], proto TCP (6), length 2948)"
1779587669.346437,,,TCP,2948,"1779587669.346437 IP (tos 0x0, ttl 64, id 65501, offset 0, flags [DF], proto TCP (6), length 2948)"
1779587669.346442,,,TCP,2948,"1779587669.346442 IP (tos 0x0, ttl 64, id 65503, offset 0, flags [DF], proto TCP (6), length 2948)"
1779587669.346485,,,TCP,2948,"1779587669.346485 IP (tos 0x0, ttl 64, id 65505, offset 0, flags [DF], proto TCP (6), length 2948)"
1779587669.346491,,,TCP,2948,"1779587669.346491 IP (tos 0x0, ttl 64, id 65507, offset 0, flags [DF], proto TCP (6), length 2948)"
1779587669.346497,,,TCP,2948,"1779587669.346497 IP (tos 0x0, ttl 64, id 65509, offset 0, flags [DF], proto TCP (6), length 2948)"
1779587669.346505,,,TCP,2948,"1779587669.346505 IP (tos 0x0, ttl 64, id 65511, offset 0, flags [DF], proto TCP (6), length 2948)"
1779587669.346512,,,TCP,2948,"1779587669.346512 IP (tos 0x0, ttl 64, id 65513, offset 0, flags [DF], proto TCP (6), length 2948)"
1779587669.346518,,,TCP,2948,"1779587669.346518 IP (tos 0x0, ttl 64, id 65515, offset 0, flags [DF], proto TCP (6), length 2948)"
1779587669.391638,,,TCP,52,"1779587669.391638 IP (tos 0x0, ttl 64, id 50669, offset 0, flags [DF], proto TCP (6), length 52)"
1779587669.391645,,,TCP,52,"1779587669.391645 IP (tos 0x0, ttl 64, id 50670, offset 0, flags [DF], proto TCP (6), length 52)"
1779587669.391745,,,TCP,2948,"1779587669.391745 IP (tos 0x0, ttl 64, id 65517, offset 0, flags [DF], proto TCP (6), length 2948)"
1779587669.391808,,,TCP,2948,"1779587669.391808 IP (tos 0x0, ttl 64, id 65519, offset 0, flags [DF], proto TCP (6), length 2948)"
1779587669.391833,,,TCP,2948,"1779587669.391833 IP (tos 0x0, ttl 64, id 65521, offset 0, flags [DF], proto TCP (6), length 2948)"
1779587669.391837,,,TCP,2948,"1779587669.391837 IP (tos 0x0, ttl 64, id 65523, offset 0, flags [DF], proto TCP (6), length 2948)"
1779587669.396536,,,TCP,52,"1779587669.396536 IP (tos 0x0, ttl 64, id 50671, offset 0, flags [DF], proto TCP (6), length 52)"
1779587669.396541,,,TCP,52,"1779587669.396541 IP (tos 0x0, ttl 64, id 50672, offset 0, flags [DF], proto TCP (6), length 52)"
1779587669.396541,,,TCP,52,"1779587669.396541 IP (tos 0x0, ttl 64, id 50673, offset 0, flags [DF], proto TCP (6), length 52)"
1779587669.396542,,,TCP,52,"1779587669.396542 IP (tos 0x0, ttl 64, id 50674, offset 0, flags [DF], proto TCP (6), length 52)"
1779587669.396543,,,TCP,52,"1779587669.396543 IP (tos 0x0, ttl 64, id 50677, offset 0, flags [DF], proto TCP (6), length 52)"
1779587669.396543,,,TCP,52,"1779587669.396543 IP (tos 0x0, ttl 64, id 50678, offset 0, flags [DF], proto TCP (6), length 52)"
1779587669.396544,,,TCP,52,"1779587669.396544 IP (tos 0x0, ttl 64, id 50680, offset 0, flags [DF], proto TCP (6), length 52)"
1779587669.396544,,,TCP,52,"1779587669.396544 IP (tos 0x0, ttl 64, id 50681, offset 0, flags [DF], proto TCP (6), length 52)"
1779587669.396545,,,TCP,52,"1779587669.396545 IP (tos 0x0, ttl 64, id 50682, offset 0, flags [DF], proto TCP (6), length 52)"
1779587669.396549,,,TCP,52,"1779587669.396549 IP (tos 0x0, ttl 64, id 50683, offset 0, flags [DF], proto TCP (6), length 52)"
1779587669.396550,,,TCP,52,"1779587669.396550 IP (tos 0x0, ttl 64, id 50684, offset 0, flags [DF], proto TCP (6), length 52)"
1779587669.396550,,,TCP,52,"1779587669.396550 IP (tos 0x0, ttl 64, id 50685, offset 0, flags [DF], proto TCP (6), length 52)"
1779587669.396551,,,TCP,52,"1779587669.396551 IP (tos 0x0, ttl 64, id 50686, offset 0, flags [DF], proto TCP (6), length 52)"
1779587669.396726,,,TCP,2948,"1779587669.396726 IP (tos 0x0, ttl 64, id 65525, offset 0, flags [DF], proto TCP (6), length 2948)"
1779587669.396778,,,TCP,2948,"1779587669.396778 IP (tos 0x0, ttl 64, id 65527, offset 0, flags [DF], proto TCP (6), length 2948)"
1779587669.396805,,,TCP,2948,"1779587669.396805 IP (tos 0x0, ttl 64, id 65529, offset 0, flags [DF], proto TCP (6), length 2948)"
1779587669.396810,,,TCP,2948,"1779587669.396810 IP (tos 0x0, ttl 64, id 65531, offset 0, flags [DF], proto TCP (6), length 2948)"
1779587669.396843,,,TCP,2948,"1779587669.396843 IP (tos 0x0, ttl 64, id 65533, offset 0, flags [DF], proto TCP (6), length 2948)"
1779587669.396872,,,TCP,2948,"1779587669.396872 IP (tos 0x0, ttl 64, id 65535, offset 0, flags [DF], proto TCP (6), length 2948)"
1779587669.396879,,,TCP,2948,"1779587669.396879 IP (tos 0x0, ttl 64, id 1, offset 0, flags [DF], proto TCP (6), length 2948)"
1779587669.396886,,,TCP,2948,"1779587669.396886 IP (tos 0x0, ttl 64, id 3, offset 0, flags [DF], proto TCP (6), length 2948)"
1779587669.396891,,,TCP,2948,"1779587669.396891 IP (tos 0x0, ttl 64, id 5, offset 0, flags [DF], proto TCP (6), length 2948)"
1779587669.396899,,,TCP,2948,"1779587669.396899 IP (tos 0x0, ttl 64, id 7, offset 0, flags [DF], proto TCP (6), length 2948)"
1779587669.396907,,,TCP,2948,"1779587669.396907 IP (tos 0x0, ttl 64, id 9, offset 0, flags [DF], proto TCP (6), length 2948)"
1779587669.396915,,,TCP,2948,"1779587669.396915 IP (tos 0x0, ttl 64, id 11, offset 0, flags [DF], proto TCP (6), length 2948)"
1779587669.396923,,,TCP,2948,"1779587669.396923 IP (tos 0x0, ttl 64, id 13, offset 0, flags [DF], proto TCP (6), length 2948)"
1779587669.396931,,,TCP,2948,"1779587669.396931 IP (tos 0x0, ttl 64, id 15, offset 0, flags [DF], proto TCP (6), length 2948)"
1779587669.396938,,,TCP,2948,"1779587669.396938 IP (tos 0x0, ttl 64, id 17, offset 0, flags [DF], proto TCP (6), length 2948)"
1779587669.396947,,,TCP,2948,"1779587669.396947 IP (tos 0x0, ttl 64, id 19, offset 0, flags [DF], proto TCP (6), length 2948)"
1779587669.396957,,,TCP,2948,"1779587669.396957 IP (tos 0x0, ttl 64, id 21, offset 0, flags [DF], proto TCP (6), length 2948)"
1779587669.396965,,,TCP,2948,"1779587669.396965 IP (tos 0x0, ttl 64, id 23, offset 0, flags [DF], proto TCP (6), length 2948)"
1779587669.396974,,,TCP,2948,"1779587669.396974 IP (tos 0x0, ttl 64, id 25, offset 0, flags [DF], proto TCP (6), length 2948)"
1779587669.396994,,,TCP,2948,"1779587669.396994 IP (tos 0x0, ttl 64, id 27, offset 0, flags [DF], proto TCP (6), length 2948)"
1779587669.397004,,,TCP,2948,"1779587669.397004 IP (tos 0x0, ttl 64, id 29, offset 0, flags [DF], proto TCP (6), length 2948)"
1779587669.397014,,,TCP,2948,"1779587669.397014 IP (tos 0x0, ttl 64, id 31, offset 0, flags [DF], proto TCP (6), length 2948)"
1779587669.397025,,,TCP,2948,"1779587669.397025 IP (tos 0x0, ttl 64, id 33, offset 0, flags [DF], proto TCP (6), length 2948)"
1779587669.397034,,,TCP,2948,"1779587669.397034 IP (tos 0x0, ttl 64, id 35, offset 0, flags [DF], proto TCP (6), length 2948)"
1779587669.397042,,,TCP,2948,"1779587669.397042 IP (tos 0x0, ttl 64, id 37, offset 0, flags [DF], proto TCP (6), length 2948)"
1779587669.397051,,,TCP,2948,"1779587669.397051 IP (tos 0x0, ttl 64, id 39, offset 0, flags [DF], proto TCP (6), length 2948)"
1779587669.397060,,,TCP,2948,"1779587669.397060 IP (tos 0x0, ttl 64, id 41, offset 0, flags [DF], proto TCP (6), length 2948)"
1779587669.397068,,,TCP,2948,"1779587669.397068 IP (tos 0x0, ttl 64, id 43, offset 0, flags [DF], proto TCP (6), length 2948)"
1779587669.397074,,,TCP,2948,"1779587669.397074 IP (tos 0x0, ttl 64, id 45, offset 0, flags [DF], proto TCP (6), length 2948)"
1779587669.397082,,,TCP,2948,"1779587669.397082 IP (tos 0x0, ttl 64, id 47, offset 0, flags [DF], proto TCP (6), length 2948)"
1779587669.397089,,,TCP,2948,"1779587669.397089 IP (tos 0x0, ttl 64, id 49, offset 0, flags [DF], proto TCP (6), length 2948)"
1779587669.397098,,,TCP,2948,"1779587669.397098 IP (tos 0x0, ttl 64, id 51, offset 0, flags [DF], proto TCP (6), length 2948)"
1779587669.397661,,,TCP,52,"1779587669.397661 IP (tos 0x0, ttl 64, id 50687, offset 0, flags [DF], proto TCP (6), length 52)"
1779587669.397862,,,TCP,2948,"1779587669.397862 IP (tos 0x0, ttl 64, id 53, offset 0, flags [DF], proto TCP (6), length 2948)"
1779587669.397904,,,TCP,2948,"1779587669.397904 IP (tos 0x0, ttl 64, id 55, offset 0, flags [DF], proto TCP (6), length 2948)"
1779587669.397963,,,TCP,2948,"1779587669.397963 IP (tos 0x0, ttl 64, id 57, offset 0, flags [DF], proto TCP (6), length 2948)"
1779587669.397968,,,TCP,2948,"1779587669.397968 IP (tos 0x0, ttl 64, id 59, offset 0, flags [DF], proto TCP (6), length 2948)"
1779587669.441878,,,TCP,52,"1779587669.441878 IP (tos 0x0, ttl 64, id 50688, offset 0, flags [DF], proto TCP (6), length 52)"
1779587669.441884,,,TCP,52,"1779587669.441884 IP (tos 0x0, ttl 64, id 50689, offset 0, flags [DF], proto TCP (6), length 52)"
1779587669.441885,,,TCP,52,"1779587669.441885 IP (tos 0x0, ttl 64, id 50690, offset 0, flags [DF], proto TCP (6), length 52)"
1779587669.441886,,,TCP,52,"1779587669.441886 IP (tos 0x0, ttl 64, id 50691, offset 0, flags [DF], proto TCP (6), length 52)"
1779587669.441997,,,TCP,2948,"1779587669.441997 IP (tos 0x0, ttl 64, id 61, offset 0, flags [DF], proto TCP (6), length 2948)"
1779587669.442080,,,TCP,2948,"1779587669.442080 IP (tos 0x0, ttl 64, id 63, offset 0, flags [DF], proto TCP (6), length 2948)"
1779587669.442178,,,TCP,2948,"1779587669.442178 IP (tos 0x0, ttl 64, id 65, offset 0, flags [DF], proto TCP (6), length 2948)"
1779587669.442191,,,TCP,2948,"1779587669.442191 IP (tos 0x0, ttl 64, id 67, offset 0, flags [DF], proto TCP (6), length 2948)"
1779587669.442214,,,TCP,2948,"1779587669.442214 IP (tos 0x0, ttl 64, id 69, offset 0, flags [DF], proto TCP (6), length 2948)"
1779587669.442217,,,TCP,2948,"1779587669.442217 IP (tos 0x0, ttl 64, id 71, offset 0, flags [DF], proto TCP (6), length 2948)"
1779587669.442231,,,TCP,2948,"1779587669.442231 IP (tos 0x0, ttl 64, id 73, offset 0, flags [DF], proto TCP (6), length 2948)"
1779587669.442236,,,TCP,2948,"1779587669.442236 IP (tos 0x0, ttl 64, id 75, offset 0, flags [DF], proto TCP (6), length 2948)"
1779587669.447053,,,TCP,52,"1779587669.447053 IP (tos 0x0, ttl 64, id 50692, offset 0, flags [DF], proto TCP (6), length 52)"
1779587669.447061,,,TCP,52,"1779587669.447061 IP (tos 0x0, ttl 64, id 50693, offset 0, flags [DF], proto TCP (6), length 52)"
1779587669.447062,,,TCP,52,"1779587669.447062 IP (tos 0x0, ttl 64, id 50694, offset 0, flags [DF], proto TCP (6), length 52)"
1779587669.447064,,,TCP,52,"1779587669.447064 IP (tos 0x0, ttl 64, id 50695, offset 0, flags [DF], proto TCP (6), length 52)"
1779587669.447064,,,TCP,52,"1779587669.447064 IP (tos 0x0, ttl 64, id 50696, offset 0, flags [DF], proto TCP (6), length 52)"
1779587669.447066,,,TCP,52,"1779587669.447066 IP (tos 0x0, ttl 64, id 50697, offset 0, flags [DF], proto TCP (6), length 52)"
1779587669.447067,,,TCP,52,"1779587669.447067 IP (tos 0x0, ttl 64, id 50698, offset 0, flags [DF], proto TCP (6), length 52)"
1779587669.447068,,,TCP,52,"1779587669.447068 IP (tos 0x0, ttl 64, id 50699, offset 0, flags [DF], proto TCP (6), length 52)"
1779587669.447069,,,TCP,52,"1779587669.447069 IP (tos 0x0, ttl 64, id 50700, offset 0, flags [DF], proto TCP (6), length 52)"
1779587669.447074,,,TCP,52,"1779587669.447074 IP (tos 0x0, ttl 64, id 50702, offset 0, flags [DF], proto TCP (6), length 52)"
1779587669.447075,,,TCP,52,"1779587669.447075 IP (tos 0x0, ttl 64, id 50703, offset 0, flags [DF], proto TCP (6), length 52)"
1779587669.447076,,,TCP,52,"1779587669.447076 IP (tos 0x0, ttl 64, id 50704, offset 0, flags [DF], proto TCP (6), length 52)"
1779587669.447076,,,TCP,52,"1779587669.447076 IP (tos 0x0, ttl 64, id 50706, offset 0, flags [DF], proto TCP (6), length 52)"
1779587669.447077,,,TCP,52,"1779587669.447077 IP (tos 0x0, ttl 64, id 50707, offset 0, flags [DF], proto TCP (6), length 52)"
1779587669.447078,,,TCP,52,"1779587669.447078 IP (tos 0x0, ttl 64, id 50708, offset 0, flags [DF], proto TCP (6), length 52)"
1779587669.447079,,,TCP,52,"1779587669.447079 IP (tos 0x0, ttl 64, id 50709, offset 0, flags [DF], proto TCP (6), length 52)"
1779587669.447080,,,TCP,52,"1779587669.447080 IP (tos 0x0, ttl 64, id 50710, offset 0, flags [DF], proto TCP (6), length 52)"
1779587669.447081,,,TCP,52,"1779587669.447081 IP (tos 0x0, ttl 64, id 50711, offset 0, flags [DF], proto TCP (6), length 52)"
1779587669.447090,,,TCP,52,"1779587669.447090 IP (tos 0x0, ttl 64, id 50712, offset 0, flags [DF], proto TCP (6), length 52)"
1779587669.447092,,,TCP,52,"1779587669.447092 IP (tos 0x0, ttl 64, id 50713, offset 0, flags [DF], proto TCP (6), length 52)"
1779587669.447093,,,TCP,52,"1779587669.447093 IP (tos 0x0, ttl 64, id 50715, offset 0, flags [DF], proto TCP (6), length 52)"
1779587669.447094,,,TCP,52,"1779587669.447094 IP (tos 0x0, ttl 64, id 50716, offset 0, flags [DF], proto TCP (6), length 52)"
1779587669.447095,,,TCP,52,"1779587669.447095 IP (tos 0x0, ttl 64, id 50717, offset 0, flags [DF], proto TCP (6), length 52)"
1779587669.447658,,,TCP,2948,"1779587669.447658 IP (tos 0x0, ttl 64, id 77, offset 0, flags [DF], proto TCP (6), length 2948)"
1779587669.447749,,,TCP,2948,"1779587669.447749 IP (tos 0x0, ttl 64, id 79, offset 0, flags [DF], proto TCP (6), length 2948)"
1779587669.447761,,,TCP,2948,"1779587669.447761 IP (tos 0x0, ttl 64, id 81, offset 0, flags [DF], proto TCP (6), length 2948)"
1779587669.447767,,,TCP,7292,"1779587669.447767 IP (tos 0x0, ttl 64, id 83, offset 0, flags [DF], proto TCP (6), length 7292)"
1779587669.447822,,,TCP,1500,"1779587669.447822 IP (tos 0x0, ttl 64, id 88, offset 0, flags [DF], proto TCP (6), length 1500)"
1779587669.447837,,,TCP,7292,"1779587669.447837 IP (tos 0x0, ttl 64, id 89, offset 0, flags [DF], proto TCP (6), length 7292)"
1779587669.447889,,,TCP,7292,"1779587669.447889 IP (tos 0x0, ttl 64, id 94, offset 0, flags [DF], proto TCP (6), length 7292)"
1779587669.447952,,,TCP,7292,"1779587669.447952 IP (tos 0x0, ttl 64, id 99, offset 0, flags [DF], proto TCP (6), length 7292)"
1779587669.447963,,,TCP,7292,"1779587669.447963 IP (tos 0x0, ttl 64, id 104, offset 0, flags [DF], proto TCP (6), length 7292)"
1779587669.447989,,,TCP,7292,"1779587669.447989 IP (tos 0x0, ttl 64, id 109, offset 0, flags [DF], proto TCP (6), length 7292)"
1779587669.448005,,,TCP,7292,"1779587669.448005 IP (tos 0x0, ttl 64, id 114, offset 0, flags [DF], proto TCP (6), length 7292)"
1779587669.448041,,,TCP,2948,"1779587669.448041 IP (tos 0x0, ttl 64, id 119, offset 0, flags [DF], proto TCP (6), length 2948)"
1779587669.448049,,,TCP,7292,"1779587669.448049 IP (tos 0x0, ttl 64, id 121, offset 0, flags [DF], proto TCP (6), length 7292)"
1779587669.448054,,,TCP,7292,"1779587669.448054 IP (tos 0x0, ttl 64, id 126, offset 0, flags [DF], proto TCP (6), length 7292)"
1779587669.448110,,,TCP,7292,"1779587669.448110 IP (tos 0x0, ttl 64, id 131, offset 0, flags [DF], proto TCP (6), length 7292)"
1779587669.448130,,,TCP,7292,"1779587669.448130 IP (tos 0x0, ttl 64, id 136, offset 0, flags [DF], proto TCP (6), length 7292)"
1779587669.448156,,,TCP,7292,"1779587669.448156 IP (tos 0x0, ttl 64, id 141, offset 0, flags [DF], proto TCP (6), length 7292)"
1779587669.448167,,,TCP,7292,"1779587669.448167 IP (tos 0x0, ttl 64, id 146, offset 0, flags [DF], proto TCP (6), length 7292)"
1779587669.448211,,,TCP,7292,"1779587669.448211 IP (tos 0x0, ttl 64, id 151, offset 0, flags [DF], proto TCP (6), length 7292)"
1779587669.448221,,,TCP,52,"1779587669.448221 IP (tos 0x0, ttl 64, id 50718, offset 0, flags [DF], proto TCP (6), length 52)"
1779587669.448224,,,TCP,7292,"1779587669.448224 IP (tos 0x0, ttl 64, id 156, offset 0, flags [DF], proto TCP (6), length 7292)"
1779587669.448274,,,TCP,7292,"1779587669.448274 IP (tos 0x0, ttl 64, id 161, offset 0, flags [DF], proto TCP (6), length 7292)"
1779587669.448280,,,TCP,8740,"1779587669.448280 IP (tos 0x0, ttl 64, id 166, offset 0, flags [DF], proto TCP (6), length 8740)"
1779587669.448284,,,TCP,8740,"1779587669.448284 IP (tos 0x0, ttl 64, id 172, offset 0, flags [DF], proto TCP (6), length 8740)"
1779587669.448307,,,TCP,8740,"1779587669.448307 IP (tos 0x0, ttl 64, id 178, offset 0, flags [DF], proto TCP (6), length 8740)"
1779587669.448310,,,TCP,8740,"1779587669.448310 IP (tos 0x0, ttl 64, id 184, offset 0, flags [DF], proto TCP (6), length 8740)"
1779587669.448321,,,TCP,8740,"1779587669.448321 IP (tos 0x0, ttl 64, id 190, offset 0, flags [DF], proto TCP (6), length 8740)"
1779587669.448324,,,TCP,8740,"1779587669.448324 IP (tos 0x0, ttl 64, id 196, offset 0, flags [DF], proto TCP (6), length 8740)"
1779587669.448347,,,TCP,8740,"1779587669.448347 IP (tos 0x0, ttl 64, id 202, offset 0, flags [DF], proto TCP (6), length 8740)"
1779587669.448349,,,TCP,4396,"1779587669.448349 IP (tos 0x0, ttl 64, id 208, offset 0, flags [DF], proto TCP (6), length 4396)"
1779587669.448351,,,TCP,8740,"1779587669.448351 IP (tos 0x0, ttl 64, id 211, offset 0, flags [DF], proto TCP (6), length 8740)"
1779587669.448358,,,TCP,5844,"1779587669.448358 IP (tos 0x0, ttl 64, id 217, offset 0, flags [DF], proto TCP (6), length 5844)"
1779587669.492305,,,TCP,52,"1779587669.492305 IP (tos 0x0, ttl 64, id 50719, offset 0, flags [DF], proto TCP (6), length 52)"
1779587669.492309,,,TCP,52,"1779587669.492309 IP (tos 0x0, ttl 64, id 50720, offset 0, flags [DF], proto TCP (6), length 52)"
1779587669.492309,,,TCP,52,"1779587669.492309 IP (tos 0x0, ttl 64, id 50721, offset 0, flags [DF], proto TCP (6), length 52)"
1779587669.492310,,,TCP,52,"1779587669.492310 IP (tos 0x0, ttl 64, id 50723, offset 0, flags [DF], proto TCP (6), length 52)"
1779587669.492310,,,TCP,52,"1779587669.492310 IP (tos 0x0, ttl 64, id 50724, offset 0, flags [DF], proto TCP (6), length 52)"
1779587669.492311,,,TCP,52,"1779587669.492311 IP (tos 0x0, ttl 64, id 50725, offset 0, flags [DF], proto TCP (6), length 52)"
1779587669.492450,,,TCP,5844,"1779587669.492450 IP (tos 0x0, ttl 64, id 221, offset 0, flags [DF], proto TCP (6), length 5844)"
1779587669.492480,,,TCP,8740,"1779587669.492480 IP (tos 0x0, ttl 64, id 225, offset 0, flags [DF], proto TCP (6), length 8740)"
1779587669.492484,,,TCP,8740,"1779587669.492484 IP (tos 0x0, ttl 64, id 231, offset 0, flags [DF], proto TCP (6), length 8740)"
1779587669.492534,,,TCP,8740,"1779587669.492534 IP (tos 0x0, ttl 64, id 237, offset 0, flags [DF], proto TCP (6), length 8740)"
1779587669.492537,,,TCP,8740,"1779587669.492537 IP (tos 0x0, ttl 64, id 243, offset 0, flags [DF], proto TCP (6), length 8740)"
1779587669.497822,,,TCP,52,"1779587669.497822 IP (tos 0x0, ttl 64, id 50727, offset 0, flags [DF], proto TCP (6), length 52)"
1779587669.497825,,,TCP,52,"1779587669.497825 IP (tos 0x0, ttl 64, id 50728, offset 0, flags [DF], proto TCP (6), length 52)"
1779587669.497825,,,TCP,52,"1779587669.497825 IP (tos 0x0, ttl 64, id 50729, offset 0, flags [DF], proto TCP (6), length 52)"
1779587669.497825,,,TCP,52,"1779587669.497825 IP (tos 0x0, ttl 64, id 50730, offset 0, flags [DF], proto TCP (6), length 52)"
1779587669.497906,,,TCP,8740,"1779587669.497906 IP (tos 0x0, ttl 64, id 249, offset 0, flags [DF], proto TCP (6), length 8740)"
1779587669.497973,,,TCP,52,"1779587669.497973 IP (tos 0x0, ttl 64, id 50731, offset 0, flags [DF], proto TCP (6), length 52)"
1779587669.497974,,,TCP,52,"1779587669.497974 IP (tos 0x0, ttl 64, id 50732, offset 0, flags [DF], proto TCP (6), length 52)"
1779587669.497975,,,TCP,52,"1779587669.497975 IP (tos 0x0, ttl 64, id 50733, offset 0, flags [DF], proto TCP (6), length 52)"
1779587669.497975,,,TCP,52,"1779587669.497975 IP (tos 0x0, ttl 64, id 50734, offset 0, flags [DF], proto TCP (6), length 52)"
1779587669.497976,,,TCP,52,"1779587669.497976 IP (tos 0x0, ttl 64, id 50735, offset 0, flags [DF], proto TCP (6), length 52)"
1779587669.497978,,,TCP,1500,"1779587669.497978 IP (tos 0x0, ttl 64, id 255, offset 0, flags [DF], proto TCP (6), length 1500)"
1779587669.497984,,,TCP,8740,"1779587669.497984 IP (tos 0x0, ttl 64, id 256, offset 0, flags [DF], proto TCP (6), length 8740)"
1779587669.497989,,,TCP,10188,"1779587669.497989 IP (tos 0x0, ttl 64, id 262, offset 0, flags [DF], proto TCP (6), length 10188)"
1779587669.498037,,,TCP,10188,"1779587669.498037 IP (tos 0x0, ttl 64, id 269, offset 0, flags [DF], proto TCP (6), length 10188)"
1779587669.498043,,,TCP,52,"1779587669.498043 IP (tos 0x0, ttl 64, id 50736, offset 0, flags [DF], proto TCP (6), length 52)"
1779587669.498043,,,TCP,52,"1779587669.498043 IP (tos 0x0, ttl 64, id 50737, offset 0, flags [DF], proto TCP (6), length 52)"
1779587669.498045,,,TCP,10188,"1779587669.498045 IP (tos 0x0, ttl 64, id 276, offset 0, flags [DF], proto TCP (6), length 10188)"
1779587669.498051,,,TCP,52,"1779587669.498051 IP (tos 0x0, ttl 64, id 50738, offset 0, flags [DF], proto TCP (6), length 52)"
1779587669.498076,,,TCP,10188,"1779587669.498076 IP (tos 0x0, ttl 64, id 283, offset 0, flags [DF], proto TCP (6), length 10188)"
1779587669.498080,,,TCP,52,"1779587669.498080 IP (tos 0x0, ttl 64, id 50739, offset 0, flags [DF], proto TCP (6), length 52)"
1779587669.498081,,,TCP,52,"1779587669.498081 IP (tos 0x0, ttl 64, id 50740, offset 0, flags [DF], proto TCP (6), length 52)"
1779587669.498083,,,TCP,11636,"1779587669.498083 IP (tos 0x0, ttl 64, id 290, offset 0, flags [DF], proto TCP (6), length 11636)"
1779587669.498098,,,TCP,4396,"1779587669.498098 IP (tos 0x0, ttl 64, id 298, offset 0, flags [DF], proto TCP (6), length 4396)"
1779587669.498101,,,TCP,11636,"1779587669.498101 IP (tos 0x0, ttl 64, id 301, offset 0, flags [DF], proto TCP (6), length 11636)"
1779587669.498104,,,TCP,11636,"1779587669.498104 IP (tos 0x0, ttl 64, id 309, offset 0, flags [DF], proto TCP (6), length 11636)"
1779587669.498114,,,TCP,11636,"1779587669.498114 IP (tos 0x0, ttl 64, id 317, offset 0, flags [DF], proto TCP (6), length 11636)"
1779587669.498117,,,TCP,11636,"1779587669.498117 IP (tos 0x0, ttl 64, id 325, offset 0, flags [DF], proto TCP (6), length 11636)"
1779587669.498123,,,TCP,52,"1779587669.498123 IP (tos 0x0, ttl 64, id 50741, offset 0, flags [DF], proto TCP (6), length 52)"
1779587669.498135,,,TCP,11636,"1779587669.498135 IP (tos 0x0, ttl 64, id 333, offset 0, flags [DF], proto TCP (6), length 11636)"
1779587669.498141,,,TCP,52,"1779587669.498141 IP (tos 0x0, ttl 64, id 50742, offset 0, flags [DF], proto TCP (6), length 52)"
1779587669.498142,,,TCP,7292,"1779587669.498142 IP (tos 0x0, ttl 64, id 341, offset 0, flags [DF], proto TCP (6), length 7292)"
1779587669.498145,,,TCP,13084,"1779587669.498145 IP (tos 0x0, ttl 64, id 346, offset 0, flags [DF], proto TCP (6), length 13084)"
1779587669.498156,,,TCP,13084,"1779587669.498156 IP (tos 0x0, ttl 64, id 355, offset 0, flags [DF], proto TCP (6), length 13084)"
1779587669.498159,,,TCP,13084,"1779587669.498159 IP (tos 0x0, ttl 64, id 364, offset 0, flags [DF], proto TCP (6), length 13084)"
1779587669.498192,,,TCP,52,"1779587669.498192 IP (tos 0x0, ttl 64, id 50744, offset 0, flags [DF], proto TCP (6), length 52)"
1779587669.498211,,,TCP,13084,"1779587669.498211 IP (tos 0x0, ttl 64, id 373, offset 0, flags [DF], proto TCP (6), length 13084)"
1779587669.498216,,,TCP,13084,"1779587669.498216 IP (tos 0x0, ttl 64, id 382, offset 0, flags [DF], proto TCP (6), length 13084)"
1779587669.498222,,,TCP,52,"1779587669.498222 IP (tos 0x0, ttl 64, id 50745, offset 0, flags [DF], proto TCP (6), length 52)"
1779587669.498236,,,TCP,13084,"1779587669.498236 IP (tos 0x0, ttl 64, id 391, offset 0, flags [DF], proto TCP (6), length 13084)"
1779587669.498239,,,TCP,52,"1779587669.498239 IP (tos 0x0, ttl 64, id 50746, offset 0, flags [DF], proto TCP (6), length 52)"
1779587669.498241,,,TCP,13084,"1779587669.498241 IP (tos 0x0, ttl 64, id 400, offset 0, flags [DF], proto TCP (6), length 13084)"
1779587669.498252,,,TCP,14532,"1779587669.498252 IP (tos 0x0, ttl 64, id 409, offset 0, flags [DF], proto TCP (6), length 14532)"
1779587669.498298,,,TCP,52,"1779587669.498298 IP (tos 0x0, ttl 64, id 50747, offset 0, flags [DF], proto TCP (6), length 52)"
1779587669.498319,,,TCP,14532,"1779587669.498319 IP (tos 0x0, ttl 64, id 419, offset 0, flags [DF], proto TCP (6), length 14532)"
1779587669.498646,,,TCP,52,"1779587669.498646 IP (tos 0x0, ttl 64, id 50748, offset 0, flags [DF], proto TCP (6), length 52)"
1779587669.498704,,,TCP,10188,"1779587669.498704 IP (tos 0x0, ttl 64, id 429, offset 0, flags [DF], proto TCP (6), length 10188)"
1779587669.498716,,,TCP,17428,"1779587669.498716 IP (tos 0x0, ttl 64, id 436, offset 0, flags [DF], proto TCP (6), length 17428)"
1779587669.498723,,,TCP,17428,"1779587669.498723 IP (tos 0x0, ttl 64, id 448, offset 0, flags [DF], proto TCP (6), length 17428)"
1779587669.498745,,,TCP,17428,"1779587669.498745 IP (tos 0x0, ttl 64, id 460, offset 0, flags [DF], proto TCP (6), length 17428)"
1779587669.498751,,,TCP,13084,"1779587669.498751 IP (tos 0x0, ttl 64, id 472, offset 0, flags [DF], proto TCP (6), length 13084)"
1779587669.498754,,,TCP,17428,"1779587669.498754 IP (tos 0x0, ttl 64, id 481, offset 0, flags [DF], proto TCP (6), length 17428)"
1779587669.498769,,,TCP,17428,"1779587669.498769 IP (tos 0x0, ttl 64, id 493, offset 0, flags [DF], proto TCP (6), length 17428)"
1779587669.498771,,,TCP,17428,"1779587669.498771 IP (tos 0x0, ttl 64, id 505, offset 0, flags [DF], proto TCP (6), length 17428)"
1779587669.498782,,,TCP,13084,"1779587669.498782 IP (tos 0x0, ttl 64, id 517, offset 0, flags [DF], proto TCP (6), length 13084)"
1779587669.498786,,,TCP,17428,"1779587669.498786 IP (tos 0x0, ttl 64, id 526, offset 0, flags [DF], proto TCP (6), length 17428)"
1779587669.498806,,,TCP,4396,"1779587669.498806 IP (tos 0x0, ttl 64, id 538, offset 0, flags [DF], proto TCP (6), length 4396)"
1779587669.542539,,,TCP,52,"1779587669.542539 IP (tos 0x0, ttl 64, id 50749, offset 0, flags [DF], proto TCP (6), length 52)"
1779587669.542543,,,TCP,52,"1779587669.542543 IP (tos 0x0, ttl 64, id 50750, offset 0, flags [DF], proto TCP (6), length 52)"
1779587669.542545,,,TCP,52,"1779587669.542545 IP (tos 0x0, ttl 64, id 50752, offset 0, flags [DF], proto TCP (6), length 52)"
1779587669.542545,,,TCP,52,"1779587669.542545 IP (tos 0x0, ttl 64, id 50753, offset 0, flags [DF], proto TCP (6), length 52)"
1779587669.542617,,,TCP,11636,"1779587669.542617 IP (tos 0x0, ttl 64, id 541, offset 0, flags [DF], proto TCP (6), length 11636)"
1779587669.542655,,,TCP,17428,"1779587669.542655 IP (tos 0x0, ttl 64, id 549, offset 0, flags [DF], proto TCP (6), length 17428)"
1779587669.542674,,,TCP,14532,"1779587669.542674 IP (tos 0x0, ttl 64, id 561, offset 0, flags [DF], proto TCP (6), length 14532)"
1779587669.542677,,,TCP,18876,"1779587669.542677 IP (tos 0x0, ttl 64, id 571, offset 0, flags [DF], proto TCP (6), length 18876)"
1779587669.542681,,,TCP,18876,"1779587669.542681 IP (tos 0x0, ttl 64, id 584, offset 0, flags [DF], proto TCP (6), length 18876)"
1779587669.548000,,,TCP,52,"1779587669.548000 IP (tos 0x0, ttl 64, id 50754, offset 0, flags [DF], proto TCP (6), length 52)"
1779587669.548003,,,TCP,52,"1779587669.548003 IP (tos 0x0, ttl 64, id 50755, offset 0, flags [DF], proto TCP (6), length 52)"
1779587669.548004,,,TCP,52,"1779587669.548004 IP (tos 0x0, ttl 64, id 50756, offset 0, flags [DF], proto TCP (6), length 52)"
1779587669.548004,,,TCP,52,"1779587669.548004 IP (tos 0x0, ttl 64, id 50757, offset 0, flags [DF], proto TCP (6), length 52)"
1779587669.548100,,,TCP,17428,"1779587669.548100 IP (tos 0x0, ttl 64, id 597, offset 0, flags [DF], proto TCP (6), length 17428)"
1779587669.548135,,,TCP,52,"1779587669.548135 IP (tos 0x0, ttl 64, id 50758, offset 0, flags [DF], proto TCP (6), length 52)"
1779587669.548136,,,TCP,52,"1779587669.548136 IP (tos 0x0, ttl 64, id 50759, offset 0, flags [DF], proto TCP (6), length 52)"
1779587669.548137,,,TCP,52,"1779587669.548137 IP (tos 0x0, ttl 64, id 50760, offset 0, flags [DF], proto TCP (6), length 52)"
1779587669.548137,,,TCP,52,"1779587669.548137 IP (tos 0x0, ttl 64, id 50761, offset 0, flags [DF], proto TCP (6), length 52)"
1779587669.548137,,,TCP,52,"1779587669.548137 IP (tos 0x0, ttl 64, id 50762, offset 0, flags [DF], proto TCP (6), length 52)"
1779587669.548138,,,TCP,52,"1779587669.548138 IP (tos 0x0, ttl 64, id 50763, offset 0, flags [DF], proto TCP (6), length 52)"
1779587669.548138,,,TCP,52,"1779587669.548138 IP (tos 0x0, ttl 64, id 50765, offset 0, flags [DF], proto TCP (6), length 52)"
1779587669.548139,,,TCP,52,"1779587669.548139 IP (tos 0x0, ttl 64, id 50766, offset 0, flags [DF], proto TCP (6), length 52)"
1779587669.548145,,,TCP,10188,"1779587669.548145 IP (tos 0x0, ttl 64, id 609, offset 0, flags [DF], proto TCP (6), length 10188)"
1779587669.548151,,,TCP,52,"1779587669.548151 IP (tos 0x0, ttl 64, id 50767, offset 0, flags [DF], proto TCP (6), length 52)"
1779587669.548151,,,TCP,52,"1779587669.548151 IP (tos 0x0, ttl 64, id 50768, offset 0, flags [DF], proto TCP (6), length 52)"
1779587669.548152,,,TCP,52,"1779587669.548152 IP (tos 0x0, ttl 64, id 50769, offset 0, flags [DF], proto TCP (6), length 52)"
1779587669.548154,,,TCP,20324,"1779587669.548154 IP (tos 0x0, ttl 64, id 616, offset 0, flags [DF], proto TCP (6), length 20324)"
1779587669.548206,,,TCP,8964,"1779587669.548206 IP (tos 0x0, ttl 64, id 630, offset 0, flags [DF], proto TCP (6), length 8964)"
1779587669.548212,,,TCP,52,"1779587669.548212 IP (tos 0x0, ttl 64, id 50770, offset 0, flags [DF], proto TCP (6), length 52)"
1779587669.548212,,,TCP,52,"1779587669.548212 IP (tos 0x0, ttl 64, id 50771, offset 0, flags [DF], proto TCP (6), length 52)"
1779587669.548224,,,TCP,52,"1779587669.548224 IP (tos 0x0, ttl 64, id 50772, offset 0, flags [DF], proto TCP (6), length 52)"
1779587669.548224,,,TCP,52,"1779587669.548224 IP (tos 0x0, ttl 64, id 50773, offset 0, flags [DF], proto TCP (6), length 52)"
1779587669.548244,,,TCP,52,"1779587669.548244 IP (tos 0x0, ttl 64, id 50774, offset 0, flags [DF], proto TCP (6), length 52)"
1779587669.548244,,,TCP,52,"1779587669.548244 IP (tos 0x0, ttl 64, id 50775, offset 0, flags [DF], proto TCP (6), length 52)"
1779587669.548258,,,TCP,52,"1779587669.548258 IP (tos 0x0, ttl 64, id 50776, offset 0, flags [DF], proto TCP (6), length 52)"
1779587669.548341,,,TCP,52,"1779587669.548341 IP (tos 0x0, ttl 64, id 50777, offset 0, flags [DF], proto TCP (6), length 52)"
1779587669.548751,,,TCP,52,"1779587669.548751 IP (tos 0x0, ttl 64, id 50778, offset 0, flags [DF], proto TCP (6), length 52)"
1779587669.549329,,,TCP,52,"1779587669.549329 IP (tos 0x0, ttl 64, id 50779, offset 0, flags [DF], proto TCP (6), length 52)"
1779587669.550046,,,TCP,60,"1779587669.550046 IP (tos 0x0, ttl 64, id 48351, offset 0, flags [DF], proto TCP (6), length 60)"
1779587669.592760,,,TCP,52,"1779587669.592760 IP (tos 0x0, ttl 64, id 50780, offset 0, flags [DF], proto TCP (6), length 52)"
1779587669.592766,,,TCP,52,"1779587669.592766 IP (tos 0x0, ttl 64, id 50781, offset 0, flags [DF], proto TCP (6), length 52)"
1779587669.592766,,,TCP,52,"1779587669.592766 IP (tos 0x0, ttl 64, id 50782, offset 0, flags [DF], proto TCP (6), length 52)"
1779587669.592767,,,TCP,52,"1779587669.592767 IP (tos 0x0, ttl 64, id 50783, offset 0, flags [DF], proto TCP (6), length 52)"
1779587669.592767,,,TCP,52,"1779587669.592767 IP (tos 0x0, ttl 64, id 50784, offset 0, flags [DF], proto TCP (6), length 52)"
1779587669.598221,,,TCP,52,"1779587669.598221 IP (tos 0x0, ttl 64, id 50785, offset 0, flags [DF], proto TCP (6), length 52)"
1779587669.598227,,,TCP,52,"1779587669.598227 IP (tos 0x0, ttl 64, id 50786, offset 0, flags [DF], proto TCP (6), length 52)"
1779587669.598228,,,TCP,52,"1779587669.598228 IP (tos 0x0, ttl 64, id 50787, offset 0, flags [DF], proto TCP (6), length 52)"
1779587669.598230,,,TCP,52,"1779587669.598230 IP (tos 0x0, ttl 64, id 50788, offset 0, flags [DF], proto TCP (6), length 52)"
1779587669.600172,,,TCP,60,"1779587669.600172 IP (tos 0x0, ttl 64, id 0, offset 0, flags [DF], proto TCP (6), length 60)"
1779587669.600313,,,TCP,52,"1779587669.600313 IP (tos 0x0, ttl 64, id 48352, offset 0, flags [DF], proto TCP (6), length 52)"
1779587669.600492,,,TCP,88,"1779587669.600492 IP (tos 0x0, ttl 64, id 48353, offset 0, flags [DF], proto TCP (6), length 88)"
1779587669.603543,,,TCP,2948,"1779587669.603543 IP (tos 0x0, ttl 64, id 48354, offset 0, flags [DF], proto TCP (6), length 2948)"
1779587669.603925,,,TCP,2948,"1779587669.603925 IP (tos 0x0, ttl 64, id 48356, offset 0, flags [DF], proto TCP (6), length 2948)"
1779587669.603946,,,TCP,1500,"1779587669.603946 IP (tos 0x0, ttl 64, id 48358, offset 0, flags [DF], proto TCP (6), length 1500)"
1779587669.604309,,,TCP,2948,"1779587669.604309 IP (tos 0x0, ttl 64, id 48359, offset 0, flags [DF], proto TCP (6), length 2948)"
1779587669.604333,,,TCP,1500,"1779587669.604333 IP (tos 0x0, ttl 64, id 48361, offset 0, flags [DF], proto TCP (6), length 1500)"
1779587669.604743,,,TCP,1500,"1779587669.604743 IP (tos 0x0, ttl 64, id 48362, offset 0, flags [DF], proto TCP (6), length 1500)"
1779587669.608664,,,TCP,52,"1779587669.608664 IP (tos 0x0, ttl 64, id 50789, offset 0, flags [DF], proto TCP (6), length 52)"
1779587669.608785,,,TCP,52,"1779587669.608785 IP (tos 0x0, ttl 64, id 0, offset 0, flags [DF], proto TCP (6), length 52)"
1779587669.650588,,,TCP,52,"1779587669.650588 IP (tos 0x0, ttl 64, id 59055, offset 0, flags [DF], proto TCP (6), length 52)"
1779587669.650650,,,TCP,2948,"1779587669.650650 IP (tos 0x0, ttl 64, id 48363, offset 0, flags [DF], proto TCP (6), length 2948)"
1779587669.654022,,,TCP,52,"1779587669.654022 IP (tos 0x0, ttl 64, id 59057, offset 0, flags [DF], proto TCP (6), length 52)"
1779587669.654027,,,TCP,52,"1779587669.654027 IP (tos 0x0, ttl 64, id 59058, offset 0, flags [DF], proto TCP (6), length 52)"
1779587669.654085,,,TCP,2948,"1779587669.654085 IP (tos 0x0, ttl 64, id 48365, offset 0, flags [DF], proto TCP (6), length 2948)"
1779587669.654127,,,TCP,2948,"1779587669.654127 IP (tos 0x0, ttl 64, id 48367, offset 0, flags [DF], proto TCP (6), length 2948)"
1779587669.654183,,,TCP,2948,"1779587669.654183 IP (tos 0x0, ttl 64, id 48369, offset 0, flags [DF], proto TCP (6), length 2948)"
1779587669.654189,,,TCP,2948,"1779587669.654189 IP (tos 0x0, ttl 64, id 48371, offset 0, flags [DF], proto TCP (6), length 2948)"
1779587669.654196,,,TCP,2948,"1779587669.654196 IP (tos 0x0, ttl 64, id 48373, offset 0, flags [DF], proto TCP (6), length 2948)"
1779587669.654360,,,TCP,52,"1779587669.654360 IP (tos 0x0, ttl 64, id 59059, offset 0, flags [DF], proto TCP (6), length 52)"
1779587669.654362,,,TCP,52,"1779587669.654362 IP (tos 0x0, ttl 64, id 59060, offset 0, flags [DF], proto TCP (6), length 52)"
1779587669.654429,,,TCP,2948,"1779587669.654429 IP (tos 0x0, ttl 64, id 48375, offset 0, flags [DF], proto TCP (6), length 2948)"
1779587669.654437,,,TCP,2948,"1779587669.654437 IP (tos 0x0, ttl 64, id 48377, offset 0, flags [DF], proto TCP (6), length 2948)"
1779587669.654445,,,TCP,2948,"1779587669.654445 IP (tos 0x0, ttl 64, id 48379, offset 0, flags [DF], proto TCP (6), length 2948)"
1779587669.700884,,,TCP,52,"1779587669.700884 IP (tos 0x0, ttl 64, id 59062, offset 0, flags [DF], proto TCP (6), length 52)"
1779587669.700990,,,TCP,2948,"1779587669.700990 IP (tos 0x0, ttl 64, id 48381, offset 0, flags [DF], proto TCP (6), length 2948)"
1779587669.701076,,,TCP,2948,"1779587669.701076 IP (tos 0x0, ttl 64, id 48383, offset 0, flags [DF], proto TCP (6), length 2948)"
1779587669.701103,,,TCP,2948,"1779587669.701103 IP (tos 0x0, ttl 64, id 48385, offset 0, flags [DF], proto TCP (6), length 2948)"
1779587669.704223,,,TCP,52,"1779587669.704223 IP (tos 0x0, ttl 64, id 59063, offset 0, flags [DF], proto TCP (6), length 52)"
1779587669.704226,,,TCP,52,"1779587669.704226 IP (tos 0x0, ttl 64, id 59064, offset 0, flags [DF], proto TCP (6), length 52)"
1779587669.704227,,,TCP,52,"1779587669.704227 IP (tos 0x0, ttl 64, id 59065, offset 0, flags [DF], proto TCP (6), length 52)"
1779587669.704228,,,TCP,52,"1779587669.704228 IP (tos 0x0, ttl 64, id 59067, offset 0, flags [DF], proto TCP (6), length 52)"
1779587669.704298,,,TCP,2948,"1779587669.704298 IP (tos 0x0, ttl 64, id 48387, offset 0, flags [DF], proto TCP (6), length 2948)"
1779587669.704368,,,TCP,2948,"1779587669.704368 IP (tos 0x0, ttl 64, id 48389, offset 0, flags [DF], proto TCP (6), length 2948)"
1779587669.704403,,,TCP,2948,"1779587669.704403 IP (tos 0x0, ttl 64, id 48391, offset 0, flags [DF], proto TCP (6), length 2948)"
1779587669.704406,,,TCP,2948,"1779587669.704406 IP (tos 0x0, ttl 64, id 48393, offset 0, flags [DF], proto TCP (6), length 2948)"
1779587669.704423,,,TCP,2948,"1779587669.704423 IP (tos 0x0, ttl 64, id 48395, offset 0, flags [DF], proto TCP (6), length 2948)"
1779587669.704426,,,TCP,2948,"1779587669.704426 IP (tos 0x0, ttl 64, id 48397, offset 0, flags [DF], proto TCP (6), length 2948)"
1779587669.704455,,,TCP,2948,"1779587669.704455 IP (tos 0x0, ttl 64, id 48399, offset 0, flags [DF], proto TCP (6), length 2948)"
1779587669.704458,,,TCP,2948,"1779587669.704458 IP (tos 0x0, ttl 64, id 48401, offset 0, flags [DF], proto TCP (6), length 2948)"
1779587669.704459,,,TCP,52,"1779587669.704459 IP (tos 0x0, ttl 64, id 59068, offset 0, flags [DF], proto TCP (6), length 52)"
1779587669.704465,,,TCP,52,"1779587669.704465 IP (tos 0x0, ttl 64, id 59069, offset 0, flags [DF], proto TCP (6), length 52)"
1779587669.704466,,,TCP,52,"1779587669.704466 IP (tos 0x0, ttl 64, id 59070, offset 0, flags [DF], proto TCP (6), length 52)"
1779587669.704473,,,TCP,2948,"1779587669.704473 IP (tos 0x0, ttl 64, id 48403, offset 0, flags [DF], proto TCP (6), length 2948)"
1779587669.704475,,,TCP,2948,"1779587669.704475 IP (tos 0x0, ttl 64, id 48405, offset 0, flags [DF], proto TCP (6), length 2948)"
1779587669.704623,,,TCP,2948,"1779587669.704623 IP (tos 0x0, ttl 64, id 48407, offset 0, flags [DF], proto TCP (6), length 2948)"
1779587669.704627,,,TCP,2948,"1779587669.704627 IP (tos 0x0, ttl 64, id 48409, offset 0, flags [DF], proto TCP (6), length 2948)"
1779587669.704669,,,TCP,2948,"1779587669.704669 IP (tos 0x0, ttl 64, id 48411, offset 0, flags [DF], proto TCP (6), length 2948)"
1779587669.704697,,,TCP,2948,"1779587669.704697 IP (tos 0x0, ttl 64, id 48413, offset 0, flags [DF], proto TCP (6), length 2948)"
1779587669.704709,,,TCP,2948,"1779587669.704709 IP (tos 0x0, ttl 64, id 48415, offset 0, flags [DF], proto TCP (6), length 2948)"
1779587669.704720,,,TCP,2948,"1779587669.704720 IP (tos 0x0, ttl 64, id 48417, offset 0, flags [DF], proto TCP (6), length 2948)"
1779587669.751215,,,TCP,52,"1779587669.751215 IP (tos 0x0, ttl 64, id 59071, offset 0, flags [DF], proto TCP (6), length 52)"
1779587669.751222,,,TCP,52,"1779587669.751222 IP (tos 0x0, ttl 64, id 59072, offset 0, flags [DF], proto TCP (6), length 52)"
1779587669.751223,,,TCP,52,"1779587669.751223 IP (tos 0x0, ttl 64, id 59073, offset 0, flags [DF], proto TCP (6), length 52)"
1779587669.751345,,,TCP,2948,"1779587669.751345 IP (tos 0x0, ttl 64, id 48419, offset 0, flags [DF], proto TCP (6), length 2948)"
1779587669.751373,,,TCP,2948,"1779587669.751373 IP (tos 0x0, ttl 64, id 48421, offset 0, flags [DF], proto TCP (6), length 2948)"
1779587669.751417,,,TCP,2948,"1779587669.751417 IP (tos 0x0, ttl 64, id 48423, offset 0, flags [DF], proto TCP (6), length 2948)"
1779587669.751422,,,TCP,2948,"1779587669.751422 IP (tos 0x0, ttl 64, id 48425, offset 0, flags [DF], proto TCP (6), length 2948)"
1779587669.751442,,,TCP,2948,"1779587669.751442 IP (tos 0x0, ttl 64, id 48427, offset 0, flags [DF], proto TCP (6), length 2948)"
1779587669.751446,,,TCP,2948,"1779587669.751446 IP (tos 0x0, ttl 64, id 48429, offset 0, flags [DF], proto TCP (6), length 2948)"
1779587669.754436,,,TCP,52,"1779587669.754436 IP (tos 0x0, ttl 64, id 59074, offset 0, flags [DF], proto TCP (6), length 52)"
1779587669.754440,,,TCP,52,"1779587669.754440 IP (tos 0x0, ttl 64, id 59075, offset 0, flags [DF], proto TCP (6), length 52)"
1779587669.754445,,,TCP,52,"1779587669.754445 IP (tos 0x0, ttl 64, id 59076, offset 0, flags [DF], proto TCP (6), length 52)"
1779587669.754446,,,TCP,52,"1779587669.754446 IP (tos 0x0, ttl 64, id 59077, offset 0, flags [DF], proto TCP (6), length 52)"
1779587669.754446,,,TCP,52,"1779587669.754446 IP (tos 0x0, ttl 64, id 59078, offset 0, flags [DF], proto TCP (6), length 52)"
1779587669.754447,,,TCP,52,"1779587669.754447 IP (tos 0x0, ttl 64, id 59079, offset 0, flags [DF], proto TCP (6), length 52)"
1779587669.754661,,,TCP,2948,"1779587669.754661 IP (tos 0x0, ttl 64, id 48431, offset 0, flags [DF], proto TCP (6), length 2948)"
1779587669.754668,,,TCP,2948,"1779587669.754668 IP (tos 0x0, ttl 64, id 48433, offset 0, flags [DF], proto TCP (6), length 2948)"
1779587669.754677,,,TCP,52,"1779587669.754677 IP (tos 0x0, ttl 64, id 59080, offset 0, flags [DF], proto TCP (6), length 52)"
1779587669.754678,,,TCP,52,"1779587669.754678 IP (tos 0x0, ttl 64, id 59081, offset 0, flags [DF], proto TCP (6), length 52)"
1779587669.754701,,,TCP,52,"1779587669.754701 IP (tos 0x0, ttl 64, id 59082, offset 0, flags [DF], proto TCP (6), length 52)"
1779587669.754736,,,TCP,2948,"1779587669.754736 IP (tos 0x0, ttl 64, id 48435, offset 0, flags [DF], proto TCP (6), length 2948)"
1779587669.754738,,,TCP,2948,"1779587669.754738 IP (tos 0x0, ttl 64, id 48437, offset 0, flags [DF], proto TCP (6), length 2948)"
1779587669.754749,,,TCP,2948,"1779587669.754749 IP (tos 0x0, ttl 64, id 48439, offset 0, flags [DF], proto TCP (6), length 2948)"
1779587669.754751,,,TCP,2948,"1779587669.754751 IP (tos 0x0, ttl 64, id 48441, offset 0, flags [DF], proto TCP (6), length 2948)"
1779587669.754784,,,TCP,2948,"1779587669.754784 IP (tos 0x0, ttl 64, id 48443, offset 0, flags [DF], proto TCP (6), length 2948)"
1779587669.754820,,,TCP,2948,"1779587669.754820 IP (tos 0x0, ttl 64, id 48445, offset 0, flags [DF], proto TCP (6), length 2948)"
1779587669.754833,,,TCP,2948,"1779587669.754833 IP (tos 0x0, ttl 64, id 48447, offset 0, flags [DF], proto TCP (6), length 2948)"
1779587669.754845,,,TCP,2948,"1779587669.754845 IP (tos 0x0, ttl 64, id 48449, offset 0, flags [DF], proto TCP (6), length 2948)"
1779587669.754856,,,TCP,2948,"1779587669.754856 IP (tos 0x0, ttl 64, id 48451, offset 0, flags [DF], proto TCP (6), length 2948)"
1779587669.754877,,,TCP,2948,"1779587669.754877 IP (tos 0x0, ttl 64, id 48453, offset 0, flags [DF], proto TCP (6), length 2948)"
1779587669.754889,,,TCP,2948,"1779587669.754889 IP (tos 0x0, ttl 64, id 48455, offset 0, flags [DF], proto TCP (6), length 2948)"
1779587669.754900,,,TCP,2948,"1779587669.754900 IP (tos 0x0, ttl 64, id 48457, offset 0, flags [DF], proto TCP (6), length 2948)"
1779587669.754911,,,TCP,2948,"1779587669.754911 IP (tos 0x0, ttl 64, id 48459, offset 0, flags [DF], proto TCP (6), length 2948)"
1779587669.754924,,,TCP,2948,"1779587669.754924 IP (tos 0x0, ttl 64, id 48461, offset 0, flags [DF], proto TCP (6), length 2948)"
1779587669.754947,,,TCP,2948,"1779587669.754947 IP (tos 0x0, ttl 64, id 48463, offset 0, flags [DF], proto TCP (6), length 2948)"
1779587669.754959,,,TCP,2948,"1779587669.754959 IP (tos 0x0, ttl 64, id 48465, offset 0, flags [DF], proto TCP (6), length 2948)"
1779587669.754971,,,TCP,2948,"1779587669.754971 IP (tos 0x0, ttl 64, id 48467, offset 0, flags [DF], proto TCP (6), length 2948)"
1779587669.754983,,,TCP,2948,"1779587669.754983 IP (tos 0x0, ttl 64, id 48469, offset 0, flags [DF], proto TCP (6), length 2948)"
1779587669.754994,,,TCP,2948,"1779587669.754994 IP (tos 0x0, ttl 64, id 48471, offset 0, flags [DF], proto TCP (6), length 2948)"
1779587669.755005,,,TCP,2948,"1779587669.755005 IP (tos 0x0, ttl 64, id 48473, offset 0, flags [DF], proto TCP (6), length 2948)"
1779587669.755017,,,TCP,2948,"1779587669.755017 IP (tos 0x0, ttl 64, id 48475, offset 0, flags [DF], proto TCP (6), length 2948)"
1779587669.755028,,,TCP,2948,"1779587669.755028 IP (tos 0x0, ttl 64, id 48477, offset 0, flags [DF], proto TCP (6), length 2948)"
1779587669.755039,,,TCP,2948,"1779587669.755039 IP (tos 0x0, ttl 64, id 48479, offset 0, flags [DF], proto TCP (6), length 2948)"
1779587669.755119,,,TCP,2948,"1779587669.755119 IP (tos 0x0, ttl 64, id 48481, offset 0, flags [DF], proto TCP (6), length 2948)"
1779587669.755413,,,TCP,52,"1779587669.755413 IP (tos 0x0, ttl 64, id 59083, offset 0, flags [DF], proto TCP (6), length 52)"
1779587669.755490,,,TCP,2948,"1779587669.755490 IP (tos 0x0, ttl 64, id 48483, offset 0, flags [DF], proto TCP (6), length 2948)"
1779587669.755503,,,TCP,2948,"1779587669.755503 IP (tos 0x0, ttl 64, id 48485, offset 0, flags [DF], proto TCP (6), length 2948)"
1779587669.755523,,,TCP,2948,"1779587669.755523 IP (tos 0x0, ttl 64, id 48487, offset 0, flags [DF], proto TCP (6), length 2948)"
1779587669.755529,,,TCP,2948,"1779587669.755529 IP (tos 0x0, ttl 64, id 48489, offset 0, flags [DF], proto TCP (6), length 2948)"
1779587669.755546,,,TCP,2948,"1779587669.755546 IP (tos 0x0, ttl 64, id 48491, offset 0, flags [DF], proto TCP (6), length 2948)"
1779587669.755551,,,TCP,2948,"1779587669.755551 IP (tos 0x0, ttl 64, id 48493, offset 0, flags [DF], proto TCP (6), length 2948)"
1779587669.801486,,,TCP,52,"1779587669.801486 IP (tos 0x0, ttl 64, id 59084, offset 0, flags [DF], proto TCP (6), length 52)"
1779587669.801491,,,TCP,52,"1779587669.801491 IP (tos 0x0, ttl 64, id 59085, offset 0, flags [DF], proto TCP (6), length 52)"
1779587669.801492,,,TCP,52,"1779587669.801492 IP (tos 0x0, ttl 64, id 59086, offset 0, flags [DF], proto TCP (6), length 52)"
1779587669.801493,,,TCP,52,"1779587669.801493 IP (tos 0x0, ttl 64, id 59087, offset 0, flags [DF], proto TCP (6), length 52)"
1779587669.801493,,,TCP,52,"1779587669.801493 IP (tos 0x0, ttl 64, id 59088, offset 0, flags [DF], proto TCP (6), length 52)"
1779587669.801652,,,TCP,4396,"1779587669.801652 IP (tos 0x0, ttl 64, id 48495, offset 0, flags [DF], proto TCP (6), length 4396)"
1779587669.801677,,,TCP,2948,"1779587669.801677 IP (tos 0x0, ttl 64, id 48498, offset 0, flags [DF], proto TCP (6), length 2948)"
1779587669.801682,,,TCP,4396,"1779587669.801682 IP (tos 0x0, ttl 64, id 48500, offset 0, flags [DF], proto TCP (6), length 4396)"
1779587669.801715,,,TCP,4396,"1779587669.801715 IP (tos 0x0, ttl 64, id 48503, offset 0, flags [DF], proto TCP (6), length 4396)"
1779587669.801719,,,TCP,4396,"1779587669.801719 IP (tos 0x0, ttl 64, id 48506, offset 0, flags [DF], proto TCP (6), length 4396)"
1779587669.801732,,,TCP,4396,"1779587669.801732 IP (tos 0x0, ttl 64, id 48509, offset 0, flags [DF], proto TCP (6), length 4396)"
1779587669.801737,,,TCP,4396,"1779587669.801737 IP (tos 0x0, ttl 64, id 48512, offset 0, flags [DF], proto TCP (6), length 4396)"
1779587669.801746,,,TCP,4396,"1779587669.801746 IP (tos 0x0, ttl 64, id 48515, offset 0, flags [DF], proto TCP (6), length 4396)"
1779587669.803308,,,TCP,1500,"1779587669.803308 IP (tos 0x0, ttl 64, id 48518, offset 0, flags [DF], proto TCP (6), length 1500)"
1779587669.804893,,,TCP,52,"1779587669.804893 IP (tos 0x0, ttl 64, id 59089, offset 0, flags [DF], proto TCP (6), length 52)"
1779587669.804898,,,TCP,52,"1779587669.804898 IP (tos 0x0, ttl 64, id 59090, offset 0, flags [DF], proto TCP (6), length 52)"
1779587669.804898,,,TCP,52,"1779587669.804898 IP (tos 0x0, ttl 64, id 59091, offset 0, flags [DF], proto TCP (6), length 52)"
1779587669.804899,,,TCP,52,"1779587669.804899 IP (tos 0x0, ttl 64, id 59092, offset 0, flags [DF], proto TCP (6), length 52)"
1779587669.804900,,,TCP,52,"1779587669.804900 IP (tos 0x0, ttl 64, id 59093, offset 0, flags [DF], proto TCP (6), length 52)"
1779587669.804901,,,TCP,52,"1779587669.804901 IP (tos 0x0, ttl 64, id 59094, offset 0, flags [DF], proto TCP (6), length 52)"
1779587669.804901,,,TCP,52,"1779587669.804901 IP (tos 0x0, ttl 64, id 59096, offset 0, flags [DF], proto TCP (6), length 52)"
1779587669.804902,,,TCP,52,"1779587669.804902 IP (tos 0x0, ttl 64, id 59097, offset 0, flags [DF], proto TCP (6), length 52)"
1779587669.804903,,,TCP,52,"1779587669.804903 IP (tos 0x0, ttl 64, id 59098, offset 0, flags [DF], proto TCP (6), length 52)"
1779587669.804908,,,TCP,52,"1779587669.804908 IP (tos 0x0, ttl 64, id 59099, offset 0, flags [DF], proto TCP (6), length 52)"
1779587669.804909,,,TCP,52,"1779587669.804909 IP (tos 0x0, ttl 64, id 59101, offset 0, flags [DF], proto TCP (6), length 52)"
1779587669.804910,,,TCP,52,"1779587669.804910 IP (tos 0x0, ttl 64, id 59102, offset 0, flags [DF], proto TCP (6), length 52)"
1779587669.804926,,,TCP,52,"1779587669.804926 IP (tos 0x0, ttl 64, id 59103, offset 0, flags [DF], proto TCP (6), length 52)"
1779587669.805091,,,TCP,4396,"1779587669.805091 IP (tos 0x0, ttl 64, id 48519, offset 0, flags [DF], proto TCP (6), length 4396)"
1779587669.805097,,,TCP,4396,"1779587669.805097 IP (tos 0x0, ttl 64, id 48522, offset 0, flags [DF], proto TCP (6), length 4396)"
1779587669.805111,,,TCP,52,"1779587669.805111 IP (tos 0x0, ttl 64, id 59104, offset 0, flags [DF], proto TCP (6), length 52)"
1779587669.805113,,,TCP,52,"1779587669.805113 IP (tos 0x0, ttl 64, id 59105, offset 0, flags [DF], proto TCP (6), length 52)"
1779587669.805113,,,TCP,52,"1779587669.805113 IP (tos 0x0, ttl 64, id 59106, offset 0, flags [DF], proto TCP (6), length 52)"
1779587669.805114,,,TCP,52,"1779587669.805114 IP (tos 0x0, ttl 64, id 59107, offset 0, flags [DF], proto TCP (6), length 52)"
1779587669.805114,,,TCP,52,"1779587669.805114 IP (tos 0x0, ttl 64, id 59108, offset 0, flags [DF], proto TCP (6), length 52)"
1779587669.805115,,,TCP,52,"1779587669.805115 IP (tos 0x0, ttl 64, id 59109, offset 0, flags [DF], proto TCP (6), length 52)"
1779587669.805115,,,TCP,52,"1779587669.805115 IP (tos 0x0, ttl 64, id 59110, offset 0, flags [DF], proto TCP (6), length 52)"
1779587669.805116,,,TCP,52,"1779587669.805116 IP (tos 0x0, ttl 64, id 59111, offset 0, flags [DF], proto TCP (6), length 52)"
1779587669.805117,,,TCP,52,"1779587669.805117 IP (tos 0x0, ttl 64, id 59112, offset 0, flags [DF], proto TCP (6), length 52)"
1779587669.805121,,,TCP,52,"1779587669.805121 IP (tos 0x0, ttl 64, id 59113, offset 0, flags [DF], proto TCP (6), length 52)"
1779587669.805124,,,TCP,4396,"1779587669.805124 IP (tos 0x0, ttl 64, id 48525, offset 0, flags [DF], proto TCP (6), length 4396)"
1779587669.805127,,,TCP,5844,"1779587669.805127 IP (tos 0x0, ttl 64, id 48528, offset 0, flags [DF], proto TCP (6), length 5844)"
1779587669.805136,,,TCP,1500,"1779587669.805136 IP (tos 0x0, ttl 64, id 48532, offset 0, flags [DF], proto TCP (6), length 1500)"
1779587669.805146,,,TCP,5844,"1779587669.805146 IP (tos 0x0, ttl 64, id 48533, offset 0, flags [DF], proto TCP (6), length 5844)"
1779587669.805151,,,TCP,5844,"1779587669.805151 IP (tos 0x0, ttl 64, id 48537, offset 0, flags [DF], proto TCP (6), length 5844)"
1779587669.805155,,,TCP,5844,"1779587669.805155 IP (tos 0x0, ttl 64, id 48541, offset 0, flags [DF], proto TCP (6), length 5844)"
1779587669.805159,,,TCP,5844,"1779587669.805159 IP (tos 0x0, ttl 64, id 48545, offset 0, flags [DF], proto TCP (6), length 5844)"
1779587669.805163,,,TCP,5844,"1779587669.805163 IP (tos 0x0, ttl 64, id 48549, offset 0, flags [DF], proto TCP (6), length 5844)"
1779587669.805167,,,TCP,5844,"1779587669.805167 IP (tos 0x0, ttl 64, id 48553, offset 0, flags [DF], proto TCP (6), length 5844)"
1779587669.805171,,,TCP,5844,"1779587669.805171 IP (tos 0x0, ttl 64, id 48557, offset 0, flags [DF], proto TCP (6), length 5844)"
1779587669.805174,,,TCP,52,"1779587669.805174 IP (tos 0x0, ttl 64, id 59114, offset 0, flags [DF], proto TCP (6), length 52)"
1779587669.805175,,,TCP,5844,"1779587669.805175 IP (tos 0x0, ttl 64, id 48561, offset 0, flags [DF], proto TCP (6), length 5844)"
1779587669.805179,,,TCP,1500,"1779587669.805179 IP (tos 0x0, ttl 64, id 48565, offset 0, flags [DF], proto TCP (6), length 1500)"
1779587669.805183,,,TCP,5844,"1779587669.805183 IP (tos 0x0, ttl 64, id 48566, offset 0, flags [DF], proto TCP (6), length 5844)"
1779587669.805191,,,TCP,5844,"1779587669.805191 IP (tos 0x0, ttl 64, id 48570, offset 0, flags [DF], proto TCP (6), length 5844)"
1779587669.805195,,,TCP,5844,"1779587669.805195 IP (tos 0x0, ttl 64, id 48574, offset 0, flags [DF], proto TCP (6), length 5844)"
1779587669.805206,,,TCP,7292,"1779587669.805206 IP (tos 0x0, ttl 64, id 48578, offset 0, flags [DF], proto TCP (6), length 7292)"
1779587669.805211,,,TCP,7292,"1779587669.805211 IP (tos 0x0, ttl 64, id 48583, offset 0, flags [DF], proto TCP (6), length 7292)"
1779587669.805215,,,TCP,7292,"1779587669.805215 IP (tos 0x0, ttl 64, id 48588, offset 0, flags [DF], proto TCP (6), length 7292)"
1779587669.805219,,,TCP,7292,"1779587669.805219 IP (tos 0x0, ttl 64, id 48593, offset 0, flags [DF], proto TCP (6), length 7292)"
1779587669.805224,,,TCP,7292,"1779587669.805224 IP (tos 0x0, ttl 64, id 48598, offset 0, flags [DF], proto TCP (6), length 7292)"
1779587669.805228,,,TCP,7292,"1779587669.805228 IP (tos 0x0, ttl 64, id 48603, offset 0, flags [DF], proto TCP (6), length 7292)"
1779587669.805231,,,TCP,4396,"1779587669.805231 IP (tos 0x0, ttl 64, id 48608, offset 0, flags [DF], proto TCP (6), length 4396)"
1779587669.805236,,,TCP,7292,"1779587669.805236 IP (tos 0x0, ttl 64, id 48611, offset 0, flags [DF], proto TCP (6), length 7292)"
1779587669.805240,,,TCP,7292,"1779587669.805240 IP (tos 0x0, ttl 64, id 48616, offset 0, flags [DF], proto TCP (6), length 7292)"
1779587669.805608,,,TCP,52,"1779587669.805608 IP (tos 0x0, ttl 64, id 59116, offset 0, flags [DF], proto TCP (6), length 52)"
1779587669.805610,,,TCP,52,"1779587669.805610 IP (tos 0x0, ttl 64, id 59117, offset 0, flags [DF], proto TCP (6), length 52)"
1779587669.805611,,,TCP,52,"1779587669.805611 IP (tos 0x0, ttl 64, id 59118, offset 0, flags [DF], proto TCP (6), length 52)"
1779587669.805611,,,TCP,52,"1779587669.805611 IP (tos 0x0, ttl 64, id 59119, offset 0, flags [DF], proto TCP (6), length 52)"
1779587669.805612,,,TCP,52,"1779587669.805612 IP (tos 0x0, ttl 64, id 59120, offset 0, flags [DF], proto TCP (6), length 52)"
1779587669.805655,,,TCP,7292,"1779587669.805655 IP (tos 0x0, ttl 64, id 48621, offset 0, flags [DF], proto TCP (6), length 7292)"
1779587669.805664,,,TCP,7292,"1779587669.805664 IP (tos 0x0, ttl 64, id 48626, offset 0, flags [DF], proto TCP (6), length 7292)"
1779587669.805684,,,TCP,7292,"1779587669.805684 IP (tos 0x0, ttl 64, id 48631, offset 0, flags [DF], proto TCP (6), length 7292)"
1779587669.805687,,,TCP,7292,"1779587669.805687 IP (tos 0x0, ttl 64, id 48636, offset 0, flags [DF], proto TCP (6), length 7292)"
1779587669.805694,,,TCP,7292,"1779587669.805694 IP (tos 0x0, ttl 64, id 48641, offset 0, flags [DF], proto TCP (6), length 7292)"
1779587669.805696,,,TCP,1500,"1779587669.805696 IP (tos 0x0, ttl 64, id 48646, offset 0, flags [DF], proto TCP (6), length 1500)"
1779587669.851833,,,TCP,52,"1779587669.851833 IP (tos 0x0, ttl 64, id 59122, offset 0, flags [DF], proto TCP (6), length 52)"
1779587669.851837,,,TCP,52,"1779587669.851837 IP (tos 0x0, ttl 64, id 59123, offset 0, flags [DF], proto TCP (6), length 52)"
1779587669.851838,,,TCP,52,"1779587669.851838 IP (tos 0x0, ttl 64, id 59124, offset 0, flags [DF], proto TCP (6), length 52)"
1779587669.851838,,,TCP,52,"1779587669.851838 IP (tos 0x0, ttl 64, id 59125, offset 0, flags [DF], proto TCP (6), length 52)"
1779587669.851839,,,TCP,52,"1779587669.851839 IP (tos 0x0, ttl 64, id 59126, offset 0, flags [DF], proto TCP (6), length 52)"
1779587669.851839,,,TCP,52,"1779587669.851839 IP (tos 0x0, ttl 64, id 59127, offset 0, flags [DF], proto TCP (6), length 52)"
1779587669.851839,,,TCP,52,"1779587669.851839 IP (tos 0x0, ttl 64, id 59128, offset 0, flags [DF], proto TCP (6), length 52)"
1779587669.852034,,,TCP,8740,"1779587669.852034 IP (tos 0x0, ttl 64, id 48647, offset 0, flags [DF], proto TCP (6), length 8740)"
1779587669.852062,,,TCP,8740,"1779587669.852062 IP (tos 0x0, ttl 64, id 48662, offset 0, flags [DF], proto TCP (6), length 8740)"
1779587669.852072,,,TCP,4396,"1779587669.852072 IP (tos 0x0, ttl 64, id 48653, offset 0, flags [DF], proto TCP (6), length 4396)"
1779587669.852080,,,TCP,8740,"1779587669.852080 IP (tos 0x0, ttl 64, id 48656, offset 0, flags [DF], proto TCP (6), length 8740)"
1779587669.852084,,,TCP,8740,"1779587669.852084 IP (tos 0x0, ttl 64, id 48668, offset 0, flags [DF], proto TCP (6), length 8740)"
1779587669.852091,,,TCP,8740,"1779587669.852091 IP (tos 0x0, ttl 64, id 48674, offset 0, flags [DF], proto TCP (6), length 8740)"
1779587669.852097,,,TCP,8740,"1779587669.852097 IP (tos 0x0, ttl 64, id 48680, offset 0, flags [DF], proto TCP (6), length 8740)"
1779587669.852103,,,TCP,8740,"1779587669.852103 IP (tos 0x0, ttl 64, id 48686, offset 0, flags [DF], proto TCP (6), length 8740)"
1779587669.853289,,,TCP,1500,"1779587669.853289 IP (tos 0x0, ttl 64, id 48692, offset 0, flags [DF], proto TCP (6), length 1500)"
1779587669.853365,,,TCP,52,"1779587669.853365 IP (tos 0x0, ttl 64, id 59129, offset 0, flags [DF], proto TCP (6), length 52)"
1779587669.854808,,,TCP,2948,"1779587669.854808 IP (tos 0x0, ttl 64, id 48693, offset 0, flags [DF], proto TCP (6), length 2948)"
1779587669.855183,,,TCP,52,"1779587669.855183 IP (tos 0x0, ttl 64, id 59130, offset 0, flags [DF], proto TCP (6), length 52)"
1779587669.855249,,,TCP,8740,"1779587669.855249 IP (tos 0x0, ttl 64, id 48695, offset 0, flags [DF], proto TCP (6), length 8740)"
1779587669.855260,,,TCP,52,"1779587669.855260 IP (tos 0x0, ttl 64, id 59131, offset 0, flags [DF], proto TCP (6), length 52)"
1779587669.855260,,,TCP,52,"1779587669.855260 IP (tos 0x0, ttl 64, id 59132, offset 0, flags [DF], proto TCP (6), length 52)"
1779587669.855261,,,TCP,52,"1779587669.855261 IP (tos 0x0, ttl 64, id 59133, offset 0, flags [DF], proto TCP (6), length 52)"
1779587669.855261,,,TCP,52,"1779587669.855261 IP (tos 0x0, ttl 64, id 59134, offset 0, flags [DF], proto TCP (6), length 52)"
1779587669.855262,,,TCP,52,"1779587669.855262 IP (tos 0x0, ttl 64, id 59135, offset 0, flags [DF], proto TCP (6), length 52)"
1779587669.855262,,,TCP,52,"1779587669.855262 IP (tos 0x0, ttl 64, id 59136, offset 0, flags [DF], proto TCP (6), length 52)"
1779587669.855263,,,TCP,52,"1779587669.855263 IP (tos 0x0, ttl 64, id 59137, offset 0, flags [DF], proto TCP (6), length 52)"
1779587669.855263,,,TCP,52,"1779587669.855263 IP (tos 0x0, ttl 64, id 59138, offset 0, flags [DF], proto TCP (6), length 52)"
1779587669.855264,,,TCP,52,"1779587669.855264 IP (tos 0x0, ttl 64, id 59139, offset 0, flags [DF], proto TCP (6), length 52)"
1779587669.855268,,,TCP,52,"1779587669.855268 IP (tos 0x0, ttl 64, id 59140, offset 0, flags [DF], proto TCP (6), length 52)"
1779587669.855268,,,TCP,52,"1779587669.855268 IP (tos 0x0, ttl 64, id 59141, offset 0, flags [DF], proto TCP (6), length 52)"
1779587669.855269,,,TCP,52,"1779587669.855269 IP (tos 0x0, ttl 64, id 59142, offset 0, flags [DF], proto TCP (6), length 52)"
1779587669.855269,,,TCP,52,"1779587669.855269 IP (tos 0x0, ttl 64, id 59143, offset 0, flags [DF], proto TCP (6), length 52)"
1779587669.855270,,,TCP,52,"1779587669.855270 IP (tos 0x0, ttl 64, id 59144, offset 0, flags [DF], proto TCP (6), length 52)"
1779587669.855333,,,TCP,10188,"1779587669.855333 IP (tos 0x0, ttl 64, id 48701, offset 0, flags [DF], proto TCP (6), length 10188)"
1779587669.855338,,,TCP,10188,"1779587669.855338 IP (tos 0x0, ttl 64, id 48708, offset 0, flags [DF], proto TCP (6), length 10188)"
1779587669.855353,,,TCP,10188,"1779587669.855353 IP (tos 0x0, ttl 64, id 48715, offset 0, flags [DF], proto TCP (6), length 10188)"
1779587669.855357,,,TCP,11636,"1779587669.855357 IP (tos 0x0, ttl 64, id 48722, offset 0, flags [DF], proto TCP (6), length 11636)"
1779587669.855361,,,TCP,11636,"1779587669.855361 IP (tos 0x0, ttl 64, id 48730, offset 0, flags [DF], proto TCP (6), length 11636)"
1779587669.855373,,,TCP,11636,"1779587669.855373 IP (tos 0x0, ttl 64, id 48738, offset 0, flags [DF], proto TCP (6), length 11636)"
1779587669.855377,,,TCP,11636,"1779587669.855377 IP (tos 0x0, ttl 64, id 48746, offset 0, flags [DF], proto TCP (6), length 11636)"
1779587669.855388,,,TCP,11636,"1779587669.855388 IP (tos 0x0, ttl 64, id 48754, offset 0, flags [DF], proto TCP (6), length 11636)"
1779587669.855391,,,TCP,11636,"1779587669.855391 IP (tos 0x0, ttl 64, id 48762, offset 0, flags [DF], proto TCP (6), length 11636)"
1779587669.855403,,,TCP,11636,"1779587669.855403 IP (tos 0x0, ttl 64, id 48770, offset 0, flags [DF], proto TCP (6), length 11636)"
1779587669.855407,,,TCP,11636,"1779587669.855407 IP (tos 0x0, ttl 64, id 48778, offset 0, flags [DF], proto TCP (6), length 11636)"
1779587669.855420,,,TCP,7292,"1779587669.855420 IP (tos 0x0, ttl 64, id 48786, offset 0, flags [DF], proto TCP (6), length 7292)"
1779587669.855712,,,TCP,52,"1779587669.855712 IP (tos 0x0, ttl 64, id 59145, offset 0, flags [DF], proto TCP (6), length 52)"
1779587669.855714,,,TCP,52,"1779587669.855714 IP (tos 0x0, ttl 64, id 59146, offset 0, flags [DF], proto TCP (6), length 52)"
1779587669.855714,,,TCP,52,"1779587669.855714 IP (tos 0x0, ttl 64, id 59147, offset 0, flags [DF], proto TCP (6), length 52)"
1779587669.855841,,,TCP,52,"1779587669.855841 IP (tos 0x0, ttl 64, id 59148, offset 0, flags [DF], proto TCP (6), length 52)"
1779587669.855849,,,TCP,14532,"1779587669.855849 IP (tos 0x0, ttl 64, id 48791, offset 0, flags [DF], proto TCP (6), length 14532)"
1779587669.855863,,,TCP,14532,"1779587669.855863 IP (tos 0x0, ttl 64, id 48801, offset 0, flags [DF], proto TCP (6), length 14532)"
1779587669.855888,,,TCP,14532,"1779587669.855888 IP (tos 0x0, ttl 64, id 48811, offset 0, flags [DF], proto TCP (6), length 14532)"
1779587669.855901,,,TCP,14532,"1779587669.855901 IP (tos 0x0, ttl 64, id 48821, offset 0, flags [DF], proto TCP (6), length 14532)"
1779587669.855907,,,TCP,7292,"1779587669.855907 IP (tos 0x0, ttl 64, id 48831, offset 0, flags [DF], proto TCP (6), length 7292)"
1779587669.855914,,,TCP,14532,"1779587669.855914 IP (tos 0x0, ttl 64, id 48836, offset 0, flags [DF], proto TCP (6), length 14532)"
1779587669.855921,,,TCP,14532,"1779587669.855921 IP (tos 0x0, ttl 64, id 48846, offset 0, flags [DF], proto TCP (6), length 14532)"
1779587669.855927,,,TCP,14532,"1779587669.855927 IP (tos 0x0, ttl 64, id 48856, offset 0, flags [DF], proto TCP (6), length 14532)"
1779587669.855969,,,TCP,14532,"1779587669.855969 IP (tos 0x0, ttl 64, id 48866, offset 0, flags [DF], proto TCP (6), length 14532)"
1779587669.855976,,,TCP,7292,"1779587669.855976 IP (tos 0x0, ttl 64, id 48876, offset 0, flags [DF], proto TCP (6), length 7292)"
1779587669.855982,,,TCP,14532,"1779587669.855982 IP (tos 0x0, ttl 64, id 48881, offset 0, flags [DF], proto TCP (6), length 14532)"
1779587669.855987,,,TCP,14532,"1779587669.855987 IP (tos 0x0, ttl 64, id 48891, offset 0, flags [DF], proto TCP (6), length 14532)"
1779587669.855996,,,TCP,15980,"1779587669.855996 IP (tos 0x0, ttl 64, id 48901, offset 0, flags [DF], proto TCP (6), length 15980)"
1779587669.856002,,,TCP,15980,"1779587669.856002 IP (tos 0x0, ttl 64, id 48912, offset 0, flags [DF], proto TCP (6), length 15980)"
1779587669.856005,,,TCP,4396,"1779587669.856005 IP (tos 0x0, ttl 64, id 48923, offset 0, flags [DF], proto TCP (6), length 4396)"
1779587669.856013,,,TCP,15980,"1779587669.856013 IP (tos 0x0, ttl 64, id 48926, offset 0, flags [DF], proto TCP (6), length 15980)"
1779587669.856018,,,TCP,15980,"1779587669.856018 IP (tos 0x0, ttl 64, id 48937, offset 0, flags [DF], proto TCP (6), length 15980)"
1779587669.856023,,,TCP,4396,"1779587669.856023 IP (tos 0x0, ttl 64, id 48948, offset 0, flags [DF], proto TCP (6), length 4396)"
1779587669.902151,,,TCP,64,"1779587669.902151 IP (tos 0x0, ttl 64, id 59150, offset 0, flags [DF], proto TCP (6), length 64)"
1779587669.902154,,,TCP,64,"1779587669.902154 IP (tos 0x0, ttl 64, id 59151, offset 0, flags [DF], proto TCP (6), length 64)"
1779587669.902154,,,TCP,52,"1779587669.902154 IP (tos 0x0, ttl 64, id 59152, offset 0, flags [DF], proto TCP (6), length 52)"
1779587669.902155,,,TCP,52,"1779587669.902155 IP (tos 0x0, ttl 64, id 59153, offset 0, flags [DF], proto TCP (6), length 52)"
1779587669.902155,,,TCP,52,"1779587669.902155 IP (tos 0x0, ttl 64, id 59154, offset 0, flags [DF], proto TCP (6), length 52)"
1779587669.902155,,,TCP,52,"1779587669.902155 IP (tos 0x0, ttl 64, id 59155, offset 0, flags [DF], proto TCP (6), length 52)"
1779587669.902156,,,TCP,52,"1779587669.902156 IP (tos 0x0, ttl 64, id 59156, offset 0, flags [DF], proto TCP (6), length 52)"
1779587669.902235,,,TCP,4396,"1779587669.902235 IP (tos 0x0, ttl 64, id 48951, offset 0, flags [DF], proto TCP (6), length 4396)"
1779587669.902242,,,TCP,8740,"1779587669.902242 IP (tos 0x0, ttl 64, id 48954, offset 0, flags [DF], proto TCP (6), length 8740)"
1779587669.902275,,,TCP,15980,"1779587669.902275 IP (tos 0x0, ttl 64, id 48960, offset 0, flags [DF], proto TCP (6), length 15980)"
1779587669.902300,,,TCP,4396,"1779587669.902300 IP (tos 0x0, ttl 64, id 48971, offset 0, flags [DF], proto TCP (6), length 4396)"
1779587669.902304,,,TCP,18876,"1779587669.902304 IP (tos 0x0, ttl 64, id 48974, offset 0, flags [DF], proto TCP (6), length 18876)"
1779587669.902330,,,TCP,18876,"1779587669.902330 IP (tos 0x0, ttl 64, id 48987, offset 0, flags [DF], proto TCP (6), length 18876)"
1779587669.902344,,,TCP,18876,"1779587669.902344 IP (tos 0x0, ttl 64, id 49000, offset 0, flags [DF], proto TCP (6), length 18876)"
1779587669.902353,,,TCP,8740,"1779587669.902353 IP (tos 0x0, ttl 64, id 49013, offset 0, flags [DF], proto TCP (6), length 8740)"
1779587669.902357,,,TCP,18876,"1779587669.902357 IP (tos 0x0, ttl 64, id 49019, offset 0, flags [DF], proto TCP (6), length 18876)"
1779587669.904849,,,TCP,52,"1779587669.904849 IP (tos 0x0, ttl 64, id 59158, offset 0, flags [DF], proto TCP (6), length 52)"
1779587669.904885,,,TCP,8740,"1779587669.904885 IP (tos 0x0, ttl 64, id 49032, offset 0, flags [DF], proto TCP (6), length 8740)"
1779587669.905291,,,TCP,52,"1779587669.905291 IP (tos 0x0, ttl 64, id 59159, offset 0, flags [DF], proto TCP (6), length 52)"
1779587669.905353,,,TCP,52,"1779587669.905353 IP (tos 0x0, ttl 64, id 59160, offset 0, flags [DF], proto TCP (6), length 52)"
1779587669.905354,,,TCP,52,"1779587669.905354 IP (tos 0x0, ttl 64, id 59161, offset 0, flags [DF], proto TCP (6), length 52)"
1779587669.905380,,,TCP,18876,"1779587669.905380 IP (tos 0x0, ttl 64, id 49038, offset 0, flags [DF], proto TCP (6), length 18876)"
1779587669.905388,,,TCP,52,"1779587669.905388 IP (tos 0x0, ttl 64, id 59162, offset 0, flags [DF], proto TCP (6), length 52)"
1779587669.905388,,,TCP,52,"1779587669.905388 IP (tos 0x0, ttl 64, id 59165, offset 0, flags [DF], proto TCP (6), length 52)"
1779587669.905416,,,TCP,18876,"1779587669.905416 IP (tos 0x0, ttl 64, id 49051, offset 0, flags [DF], proto TCP (6), length 18876)"
1779587669.905426,,,TCP,52,"1779587669.905426 IP (tos 0x0, ttl 64, id 59167, offset 0, flags [DF], proto TCP (6), length 52)"
1779587669.905427,,,TCP,52,"1779587669.905427 IP (tos 0x0, ttl 64, id 59168, offset 0, flags [DF], proto TCP (6), length 52)"
1779587669.905428,,,TCP,52,"1779587669.905428 IP (tos 0x0, ttl 64, id 59169, offset 0, flags [DF], proto TCP (6), length 52)"
1779587669.905428,,,TCP,52,"1779587669.905428 IP (tos 0x0, ttl 64, id 59170, offset 0, flags [DF], proto TCP (6), length 52)"
1779587669.905431,,,TCP,52,"1779587669.905431 IP (tos 0x0, ttl 64, id 59171, offset 0, flags [DF], proto TCP (6), length 52)"
1779587669.905481,,,TCP,18876,"1779587669.905481 IP (tos 0x0, ttl 64, id 49064, offset 0, flags [DF], proto TCP (6), length 18876)"
1779587669.905486,,,TCP,6068,"1779587669.905486 IP (tos 0x0, ttl 64, id 49077, offset 0, flags [DF], proto TCP (6), length 6068)"
1779587669.905873,,,TCP,52,"1779587669.905873 IP (tos 0x0, ttl 64, id 59172, offset 0, flags [DF], proto TCP (6), length 52)"
1779587669.905874,,,TCP,52,"1779587669.905874 IP (tos 0x0, ttl 64, id 59173, offset 0, flags [DF], proto TCP (6), length 52)"
1779587669.905900,,,TCP,52,"1779587669.905900 IP (tos 0x0, ttl 64, id 59174, offset 0, flags [DF], proto TCP (6), length 52)"
1779587669.905907,,,TCP,52,"1779587669.905907 IP (tos 0x0, ttl 64, id 59175, offset 0, flags [DF], proto TCP (6), length 52)"
1779587669.905948,,,TCP,52,"1779587669.905948 IP (tos 0x0, ttl 64, id 59177, offset 0, flags [DF], proto TCP (6), length 52)"
1779587669.905949,,,TCP,52,"1779587669.905949 IP (tos 0x0, ttl 64, id 59178, offset 0, flags [DF], proto TCP (6), length 52)"
1779587669.934574,,,TCP,60,"1779587669.934574 IP (tos 0x0, ttl 64, id 6118, offset 0, flags [DF], proto TCP (6), length 60)"
1779587669.952314,,,TCP,64,"1779587669.952314 IP (tos 0x0, ttl 64, id 59180, offset 0, flags [DF], proto TCP (6), length 64)"
1779587669.952319,,,TCP,52,"1779587669.952319 IP (tos 0x0, ttl 64, id 59181, offset 0, flags [DF], proto TCP (6), length 52)"
1779587669.952320,,,TCP,52,"1779587669.952320 IP (tos 0x0, ttl 64, id 59182, offset 0, flags [DF], proto TCP (6), length 52)"
1779587669.952321,,,TCP,52,"1779587669.952321 IP (tos 0x0, ttl 64, id 59183, offset 0, flags [DF], proto TCP (6), length 52)"
1779587669.952322,,,TCP,52,"1779587669.952322 IP (tos 0x0, ttl 64, id 59184, offset 0, flags [DF], proto TCP (6), length 52)"
1779587669.952394,,,TCP,52,"1779587669.952394 IP (tos 0x0, ttl 64, id 59185, offset 0, flags [DF], proto TCP (6), length 52)"
1779587669.952395,,,TCP,52,"1779587669.952395 IP (tos 0x0, ttl 64, id 59186, offset 0, flags [DF], proto TCP (6), length 52)"
1779587669.952395,,,TCP,52,"1779587669.952395 IP (tos 0x0, ttl 64, id 59188, offset 0, flags [DF], proto TCP (6), length 52)"
1779587669.954972,,,TCP,52,"1779587669.954972 IP (tos 0x0, ttl 64, id 59189, offset 0, flags [DF], proto TCP (6), length 52)"
1779587669.955460,,,TCP,52,"1779587669.955460 IP (tos 0x0, ttl 64, id 59190, offset 0, flags [DF], proto TCP (6), length 52)"
1779587669.955461,,,TCP,52,"1779587669.955461 IP (tos 0x0, ttl 64, id 59191, offset 0, flags [DF], proto TCP (6), length 52)"
1779587669.955514,,,TCP,52,"1779587669.955514 IP (tos 0x0, ttl 64, id 59192, offset 0, flags [DF], proto TCP (6), length 52)"
1779587669.969250,,,TCP,52,"1779587669.969250 IP (tos 0x0, ttl 64, id 59194, offset 0, flags [DF], proto TCP (6), length 52)"
1779587669.969366,,,TCP,52,"1779587669.969366 IP (tos 0x0, ttl 64, id 49082, offset 0, flags [DF], proto TCP (6), length 52)"
1779587669.984775,,,TCP,60,"1779587669.984775 IP (tos 0x0, ttl 64, id 0, offset 0, flags [DF], proto TCP (6), length 60)"
1779587669.984976,,,TCP,52,"1779587669.984976 IP (tos 0x0, ttl 64, id 6119, offset 0, flags [DF], proto TCP (6), length 52)"
1779587669.985247,,,TCP,88,"1779587669.985247 IP (tos 0x0, ttl 64, id 6120, offset 0, flags [DF], proto TCP (6), length 88)"
1779587669.990108,,,TCP,2948,"1779587669.990108 IP (tos 0x0, ttl 64, id 6121, offset 0, flags [DF], proto TCP (6), length 2948)"
1779587669.990701,,,TCP,2948,"1779587669.990701 IP (tos 0x0, ttl 64, id 6123, offset 0, flags [DF], proto TCP (6), length 2948)"
1779587669.990737,,,TCP,1500,"1779587669.990737 IP (tos 0x0, ttl 64, id 6125, offset 0, flags [DF], proto TCP (6), length 1500)"
1779587669.991448,,,TCP,2948,"1779587669.991448 IP (tos 0x0, ttl 64, id 6126, offset 0, flags [DF], proto TCP (6), length 2948)"
1779587669.991502,,,TCP,1500,"1779587669.991502 IP (tos 0x0, ttl 64, id 6128, offset 0, flags [DF], proto TCP (6), length 1500)"
1779587669.992132,,,TCP,1500,"1779587669.992132 IP (tos 0x0, ttl 64, id 6129, offset 0, flags [DF], proto TCP (6), length 1500)"
1779587670.035506,,,TCP,52,"1779587670.035506 IP (tos 0x0, ttl 64, id 11843, offset 0, flags [DF], proto TCP (6), length 52)"
1779587670.035585,,,TCP,2948,"1779587670.035585 IP (tos 0x0, ttl 64, id 6130, offset 0, flags [DF], proto TCP (6), length 2948)"
1779587670.040178,,,TCP,52,"1779587670.040178 IP (tos 0x0, ttl 64, id 11844, offset 0, flags [DF], proto TCP (6), length 52)"
1779587670.040239,,,TCP,2948,"1779587670.040239 IP (tos 0x0, ttl 64, id 6132, offset 0, flags [DF], proto TCP (6), length 2948)"
1779587670.040283,,,TCP,2948,"1779587670.040283 IP (tos 0x0, ttl 64, id 6134, offset 0, flags [DF], proto TCP (6), length 2948)"
1779587670.040867,,,TCP,52,"1779587670.040867 IP (tos 0x0, ttl 64, id 11845, offset 0, flags [DF], proto TCP (6), length 52)"
1779587670.040870,,,TCP,52,"1779587670.040870 IP (tos 0x0, ttl 64, id 11846, offset 0, flags [DF], proto TCP (6), length 52)"
1779587670.040918,,,TCP,2948,"1779587670.040918 IP (tos 0x0, ttl 64, id 6136, offset 0, flags [DF], proto TCP (6), length 2948)"
1779587670.040926,,,TCP,2948,"1779587670.040926 IP (tos 0x0, ttl 64, id 6138, offset 0, flags [DF], proto TCP (6), length 2948)"
1779587670.040934,,,TCP,2948,"1779587670.040934 IP (tos 0x0, ttl 64, id 6140, offset 0, flags [DF], proto TCP (6), length 2948)"
1779587670.041624,,,TCP,52,"1779587670.041624 IP (tos 0x0, ttl 64, id 11847, offset 0, flags [DF], proto TCP (6), length 52)"
1779587670.041629,,,TCP,52,"1779587670.041629 IP (tos 0x0, ttl 64, id 11848, offset 0, flags [DF], proto TCP (6), length 52)"
1779587670.041754,,,TCP,2948,"1779587670.041754 IP (tos 0x0, ttl 64, id 6142, offset 0, flags [DF], proto TCP (6), length 2948)"
1779587670.041767,,,TCP,2948,"1779587670.041767 IP (tos 0x0, ttl 64, id 6144, offset 0, flags [DF], proto TCP (6), length 2948)"
1779587670.041791,,,TCP,2948,"1779587670.041791 IP (tos 0x0, ttl 64, id 6146, offset 0, flags [DF], proto TCP (6), length 2948)"
1779587670.042165,,,TCP,52,"1779587670.042165 IP (tos 0x0, ttl 64, id 11849, offset 0, flags [DF], proto TCP (6), length 52)"
1779587670.042230,,,TCP,2948,"1779587670.042230 IP (tos 0x0, ttl 64, id 6148, offset 0, flags [DF], proto TCP (6), length 2948)"
1779587670.085748,,,TCP,52,"1779587670.085748 IP (tos 0x0, ttl 64, id 11850, offset 0, flags [DF], proto TCP (6), length 52)"
1779587670.085847,,,TCP,2948,"1779587670.085847 IP (tos 0x0, ttl 64, id 6150, offset 0, flags [DF], proto TCP (6), length 2948)"
1779587670.085926,,,TCP,2948,"1779587670.085926 IP (tos 0x0, ttl 64, id 6152, offset 0, flags [DF], proto TCP (6), length 2948)"
1779587670.090383,,,TCP,52,"1779587670.090383 IP (tos 0x0, ttl 64, id 11851, offset 0, flags [DF], proto TCP (6), length 52)"
1779587670.090388,,,TCP,52,"1779587670.090388 IP (tos 0x0, ttl 64, id 11852, offset 0, flags [DF], proto TCP (6), length 52)"
1779587670.090455,,,TCP,2948,"1779587670.090455 IP (tos 0x0, ttl 64, id 6154, offset 0, flags [DF], proto TCP (6), length 2948)"
1779587670.090522,,,TCP,2948,"1779587670.090522 IP (tos 0x0, ttl 64, id 6156, offset 0, flags [DF], proto TCP (6), length 2948)"
1779587670.090838,,,TCP,2948,"1779587670.090838 IP (tos 0x0, ttl 64, id 6158, offset 0, flags [DF], proto TCP (6), length 2948)"
1779587670.090847,,,TCP,2948,"1779587670.090847 IP (tos 0x0, ttl 64, id 6160, offset 0, flags [DF], proto TCP (6), length 2948)"
1779587670.091039,,,TCP,52,"1779587670.091039 IP (tos 0x0, ttl 64, id 11853, offset 0, flags [DF], proto TCP (6), length 52)"
1779587670.091043,,,TCP,52,"1779587670.091043 IP (tos 0x0, ttl 64, id 11854, offset 0, flags [DF], proto TCP (6), length 52)"
1779587670.091043,,,TCP,52,"1779587670.091043 IP (tos 0x0, ttl 64, id 11855, offset 0, flags [DF], proto TCP (6), length 52)"
1779587670.091108,,,TCP,2948,"1779587670.091108 IP (tos 0x0, ttl 64, id 6162, offset 0, flags [DF], proto TCP (6), length 2948)"
1779587670.091114,,,TCP,2948,"1779587670.091114 IP (tos 0x0, ttl 64, id 6164, offset 0, flags [DF], proto TCP (6), length 2948)"
1779587670.091132,,,TCP,2948,"1779587670.091132 IP (tos 0x0, ttl 64, id 6166, offset 0, flags [DF], proto TCP (6), length 2948)"
1779587670.091136,,,TCP,2948,"1779587670.091136 IP (tos 0x0, ttl 64, id 6168, offset 0, flags [DF], proto TCP (6), length 2948)"
1779587670.091150,,,TCP,2948,"1779587670.091150 IP (tos 0x0, ttl 64, id 6170, offset 0, flags [DF], proto TCP (6), length 2948)"
1779587670.091153,,,TCP,2948,"1779587670.091153 IP (tos 0x0, ttl 64, id 6172, offset 0, flags [DF], proto TCP (6), length 2948)"
1779587670.091921,,,TCP,52,"1779587670.091921 IP (tos 0x0, ttl 64, id 11857, offset 0, flags [DF], proto TCP (6), length 52)"
1779587670.091925,,,TCP,52,"1779587670.091925 IP (tos 0x0, ttl 64, id 11858, offset 0, flags [DF], proto TCP (6), length 52)"
1779587670.092021,,,TCP,2948,"1779587670.092021 IP (tos 0x0, ttl 64, id 6174, offset 0, flags [DF], proto TCP (6), length 2948)"
1779587670.092032,,,TCP,2948,"1779587670.092032 IP (tos 0x0, ttl 64, id 6176, offset 0, flags [DF], proto TCP (6), length 2948)"
1779587670.092075,,,TCP,2948,"1779587670.092075 IP (tos 0x0, ttl 64, id 6178, offset 0, flags [DF], proto TCP (6), length 2948)"
1779587670.092080,,,TCP,2948,"1779587670.092080 IP (tos 0x0, ttl 64, id 6180, offset 0, flags [DF], proto TCP (6), length 2948)"
1779587670.092096,,,TCP,2948,"1779587670.092096 IP (tos 0x0, ttl 64, id 6182, offset 0, flags [DF], proto TCP (6), length 2948)"
1779587670.092099,,,TCP,2948,"1779587670.092099 IP (tos 0x0, ttl 64, id 6184, offset 0, flags [DF], proto TCP (6), length 2948)"
1779587670.092307,,,TCP,52,"1779587670.092307 IP (tos 0x0, ttl 64, id 11859, offset 0, flags [DF], proto TCP (6), length 52)"
1779587670.092355,,,TCP,2948,"1779587670.092355 IP (tos 0x0, ttl 64, id 6186, offset 0, flags [DF], proto TCP (6), length 2948)"
1779587670.092364,,,TCP,2948,"1779587670.092364 IP (tos 0x0, ttl 64, id 6188, offset 0, flags [DF], proto TCP (6), length 2948)"
1779587670.136151,,,TCP,52,"1779587670.136151 IP (tos 0x0, ttl 64, id 11860, offset 0, flags [DF], proto TCP (6), length 52)"
1779587670.136156,,,TCP,52,"1779587670.136156 IP (tos 0x0, ttl 64, id 11861, offset 0, flags [DF], proto TCP (6), length 52)"
1779587670.136227,,,TCP,2948,"1779587670.136227 IP (tos 0x0, ttl 64, id 6190, offset 0, flags [DF], proto TCP (6), length 2948)"
1779587670.136284,,,TCP,2948,"1779587670.136284 IP (tos 0x0, ttl 64, id 6192, offset 0, flags [DF], proto TCP (6), length 2948)"
1779587670.136339,,,TCP,2948,"1779587670.136339 IP (tos 0x0, ttl 64, id 6194, offset 0, flags [DF], proto TCP (6), length 2948)"
1779587670.136396,,,TCP,2948,"1779587670.136396 IP (tos 0x0, ttl 64, id 6196, offset 0, flags [DF], proto TCP (6), length 2948)"
1779587670.140692,,,TCP,52,"1779587670.140692 IP (tos 0x0, ttl 64, id 11862, offset 0, flags [DF], proto TCP (6), length 52)"
1779587670.140785,,,TCP,2948,"1779587670.140785 IP (tos 0x0, ttl 64, id 6198, offset 0, flags [DF], proto TCP (6), length 2948)"
1779587670.140890,,,TCP,52,"1779587670.140890 IP (tos 0x0, ttl 64, id 11863, offset 0, flags [DF], proto TCP (6), length 52)"
1779587670.140895,,,TCP,2948,"1779587670.140895 IP (tos 0x0, ttl 64, id 6200, offset 0, flags [DF], proto TCP (6), length 2948)"
1779587670.140952,,,TCP,2948,"1779587670.140952 IP (tos 0x0, ttl 64, id 6202, offset 0, flags [DF], proto TCP (6), length 2948)"
1779587670.140959,,,TCP,2948,"1779587670.140959 IP (tos 0x0, ttl 64, id 6204, offset 0, flags [DF], proto TCP (6), length 2948)"
1779587670.141451,,,TCP,52,"1779587670.141451 IP (tos 0x0, ttl 64, id 11864, offset 0, flags [DF], proto TCP (6), length 52)"
1779587670.141493,,,TCP,2948,"1779587670.141493 IP (tos 0x0, ttl 64, id 6206, offset 0, flags [DF], proto TCP (6), length 2948)"
1779587670.141499,,,TCP,2948,"1779587670.141499 IP (tos 0x0, ttl 64, id 6208, offset 0, flags [DF], proto TCP (6), length 2948)"
1779587670.141514,,,TCP,2948,"1779587670.141514 IP (tos 0x0, ttl 64, id 6210, offset 0, flags [DF], proto TCP (6), length 2948)"
1779587670.141516,,,TCP,2948,"1779587670.141516 IP (tos 0x0, ttl 64, id 6212, offset 0, flags [DF], proto TCP (6), length 2948)"
1779587670.141524,,,TCP,2948,"1779587670.141524 IP (tos 0x0, ttl 64, id 6214, offset 0, flags [DF], proto TCP (6), length 2948)"
1779587670.141526,,,TCP,2948,"1779587670.141526 IP (tos 0x0, ttl 64, id 6216, offset 0, flags [DF], proto TCP (6), length 2948)"
1779587670.141534,,,TCP,2948,"1779587670.141534 IP (tos 0x0, ttl 64, id 6218, offset 0, flags [DF], proto TCP (6), length 2948)"
1779587670.141536,,,TCP,2948,"1779587670.141536 IP (tos 0x0, ttl 64, id 6220, offset 0, flags [DF], proto TCP (6), length 2948)"
1779587670.141543,,,TCP,2948,"1779587670.141543 IP (tos 0x0, ttl 64, id 6222, offset 0, flags [DF], proto TCP (6), length 2948)"
1779587670.141545,,,TCP,2948,"1779587670.141545 IP (tos 0x0, ttl 64, id 6224, offset 0, flags [DF], proto TCP (6), length 2948)"
1779587670.141676,,,TCP,2948,"1779587670.141676 IP (tos 0x0, ttl 64, id 6226, offset 0, flags [DF], proto TCP (6), length 2948)"
1779587670.141683,,,TCP,2948,"1779587670.141683 IP (tos 0x0, ttl 64, id 6228, offset 0, flags [DF], proto TCP (6), length 2948)"
1779587670.141703,,,TCP,2948,"1779587670.141703 IP (tos 0x0, ttl 64, id 6230, offset 0, flags [DF], proto TCP (6), length 2948)"
1779587670.141706,,,TCP,2948,"1779587670.141706 IP (tos 0x0, ttl 64, id 6232, offset 0, flags [DF], proto TCP (6), length 2948)"
1779587670.141721,,,TCP,2948,"1779587670.141721 IP (tos 0x0, ttl 64, id 6234, offset 0, flags [DF], proto TCP (6), length 2948)"
1779587670.141725,,,TCP,2948,"1779587670.141725 IP (tos 0x0, ttl 64, id 6236, offset 0, flags [DF], proto TCP (6), length 2948)"
1779587670.142107,,,TCP,52,"1779587670.142107 IP (tos 0x0, ttl 64, id 11865, offset 0, flags [DF], proto TCP (6), length 52)"
1779587670.142110,,,TCP,52,"1779587670.142110 IP (tos 0x0, ttl 64, id 11866, offset 0, flags [DF], proto TCP (6), length 52)"
1779587670.142111,,,TCP,52,"1779587670.142111 IP (tos 0x0, ttl 64, id 11867, offset 0, flags [DF], proto TCP (6), length 52)"
1779587670.142112,,,TCP,52,"1779587670.142112 IP (tos 0x0, ttl 64, id 11868, offset 0, flags [DF], proto TCP (6), length 52)"
1779587670.142200,,,TCP,2948,"1779587670.142200 IP (tos 0x0, ttl 64, id 6238, offset 0, flags [DF], proto TCP (6), length 2948)"
1779587670.142213,,,TCP,52,"1779587670.142213 IP (tos 0x0, ttl 64, id 11870, offset 0, flags [DF], proto TCP (6), length 52)"
1779587670.142217,,,TCP,2948,"1779587670.142217 IP (tos 0x0, ttl 64, id 6240, offset 0, flags [DF], proto TCP (6), length 2948)"
1779587670.142243,,,TCP,2948,"1779587670.142243 IP (tos 0x0, ttl 64, id 6242, offset 0, flags [DF], proto TCP (6), length 2948)"
1779587670.142276,,,TCP,2948,"1779587670.142276 IP (tos 0x0, ttl 64, id 6244, offset 0, flags [DF], proto TCP (6), length 2948)"
1779587670.142284,,,TCP,2948,"1779587670.142284 IP (tos 0x0, ttl 64, id 6246, offset 0, flags [DF], proto TCP (6), length 2948)"
1779587670.142286,,,TCP,2948,"1779587670.142286 IP (tos 0x0, ttl 64, id 6248, offset 0, flags [DF], proto TCP (6), length 2948)"
1779587670.142294,,,TCP,2948,"1779587670.142294 IP (tos 0x0, ttl 64, id 6250, offset 0, flags [DF], proto TCP (6), length 2948)"
1779587670.142296,,,TCP,2948,"1779587670.142296 IP (tos 0x0, ttl 64, id 6252, offset 0, flags [DF], proto TCP (6), length 2948)"
1779587670.142304,,,TCP,2948,"1779587670.142304 IP (tos 0x0, ttl 64, id 6254, offset 0, flags [DF], proto TCP (6), length 2948)"
1779587670.142306,,,TCP,2948,"1779587670.142306 IP (tos 0x0, ttl 64, id 6256, offset 0, flags [DF], proto TCP (6), length 2948)"
1779587670.142314,,,TCP,2948,"1779587670.142314 IP (tos 0x0, ttl 64, id 6258, offset 0, flags [DF], proto TCP (6), length 2948)"
1779587670.142316,,,TCP,2948,"1779587670.142316 IP (tos 0x0, ttl 64, id 6260, offset 0, flags [DF], proto TCP (6), length 2948)"
1779587670.142395,,,TCP,52,"1779587670.142395 IP (tos 0x0, ttl 64, id 11871, offset 0, flags [DF], proto TCP (6), length 52)"
1779587670.142396,,,TCP,52,"1779587670.142396 IP (tos 0x0, ttl 64, id 11872, offset 0, flags [DF], proto TCP (6), length 52)"
1779587670.142427,,,TCP,4396,"1779587670.142427 IP (tos 0x0, ttl 64, id 6262, offset 0, flags [DF], proto TCP (6), length 4396)"
1779587670.142431,,,TCP,2948,"1779587670.142431 IP (tos 0x0, ttl 64, id 6265, offset 0, flags [DF], proto TCP (6), length 2948)"
1779587670.142434,,,TCP,4396,"1779587670.142434 IP (tos 0x0, ttl 64, id 6267, offset 0, flags [DF], proto TCP (6), length 4396)"
1779587670.186383,,,TCP,52,"1779587670.186383 IP (tos 0x0, ttl 64, id 11873, offset 0, flags [DF], proto TCP (6), length 52)"
1779587670.186389,,,TCP,52,"1779587670.186389 IP (tos 0x0, ttl 64, id 11874, offset 0, flags [DF], proto TCP (6), length 52)"
1779587670.186498,,,TCP,4396,"1779587670.186498 IP (tos 0x0, ttl 64, id 6270, offset 0, flags [DF], proto TCP (6), length 4396)"
1779587670.186573,,,TCP,52,"1779587670.186573 IP (tos 0x0, ttl 64, id 11876, offset 0, flags [DF], proto TCP (6), length 52)"
1779587670.186578,,,TCP,4396,"1779587670.186578 IP (tos 0x0, ttl 64, id 6273, offset 0, flags [DF], proto TCP (6), length 4396)"
1779587670.186644,,,TCP,4396,"1779587670.186644 IP (tos 0x0, ttl 64, id 6276, offset 0, flags [DF], proto TCP (6), length 4396)"
1779587670.186650,,,TCP,4396,"1779587670.186650 IP (tos 0x0, ttl 64, id 6279, offset 0, flags [DF], proto TCP (6), length 4396)"
1779587670.186684,,,TCP,4396,"1779587670.186684 IP (tos 0x0, ttl 64, id 6282, offset 0, flags [DF], proto TCP (6), length 4396)"
1779587670.190982,,,TCP,52,"1779587670.190982 IP (tos 0x0, ttl 64, id 11877, offset 0, flags [DF], proto TCP (6), length 52)"
1779587670.190984,,,TCP,52,"1779587670.190984 IP (tos 0x0, ttl 64, id 11878, offset 0, flags [DF], proto TCP (6), length 52)"
1779587670.190985,,,TCP,52,"1779587670.190985 IP (tos 0x0, ttl 64, id 11880, offset 0, flags [DF], proto TCP (6), length 52)"
1779587670.191041,,,TCP,4396,"1779587670.191041 IP (tos 0x0, ttl 64, id 6285, offset 0, flags [DF], proto TCP (6), length 4396)"
1779587670.191090,,,TCP,4396,"1779587670.191090 IP (tos 0x0, ttl 64, id 6288, offset 0, flags [DF], proto TCP (6), length 4396)"
1779587670.191117,,,TCP,4396,"1779587670.191117 IP (tos 0x0, ttl 64, id 6291, offset 0, flags [DF], proto TCP (6), length 4396)"
1779587670.191121,,,TCP,4396,"1779587670.191121 IP (tos 0x0, ttl 64, id 6294, offset 0, flags [DF], proto TCP (6), length 4396)"
1779587670.191130,,,TCP,4396,"1779587670.191130 IP (tos 0x0, ttl 64, id 6297, offset 0, flags [DF], proto TCP (6), length 4396)"
1779587670.191588,,,TCP,52,"1779587670.191588 IP (tos 0x0, ttl 64, id 11881, offset 0, flags [DF], proto TCP (6), length 52)"
1779587670.191591,,,TCP,52,"1779587670.191591 IP (tos 0x0, ttl 64, id 11882, offset 0, flags [DF], proto TCP (6), length 52)"
1779587670.191591,,,TCP,52,"1779587670.191591 IP (tos 0x0, ttl 64, id 11883, offset 0, flags [DF], proto TCP (6), length 52)"
1779587670.191592,,,TCP,52,"1779587670.191592 IP (tos 0x0, ttl 64, id 11884, offset 0, flags [DF], proto TCP (6), length 52)"
1779587670.191593,,,TCP,52,"1779587670.191593 IP (tos 0x0, ttl 64, id 11885, offset 0, flags [DF], proto TCP (6), length 52)"
1779587670.191593,,,TCP,52,"1779587670.191593 IP (tos 0x0, ttl 64, id 11886, offset 0, flags [DF], proto TCP (6), length 52)"
1779587670.191675,,,TCP,4396,"1779587670.191675 IP (tos 0x0, ttl 64, id 6300, offset 0, flags [DF], proto TCP (6), length 4396)"
1779587670.191684,,,TCP,4396,"1779587670.191684 IP (tos 0x0, ttl 64, id 6303, offset 0, flags [DF], proto TCP (6), length 4396)"
1779587670.191714,,,TCP,4396,"1779587670.191714 IP (tos 0x0, ttl 64, id 6306, offset 0, flags [DF], proto TCP (6), length 4396)"
1779587670.191718,,,TCP,5844,"1779587670.191718 IP (tos 0x0, ttl 64, id 6309, offset 0, flags [DF], proto TCP (6), length 5844)"
1779587670.191721,,,TCP,5844,"1779587670.191721 IP (tos 0x0, ttl 64, id 6313, offset 0, flags [DF], proto TCP (6), length 5844)"
1779587670.191745,,,TCP,5844,"1779587670.191745 IP (tos 0x0, ttl 64, id 6317, offset 0, flags [DF], proto TCP (6), length 5844)"
1779587670.191763,,,TCP,5844,"1779587670.191763 IP (tos 0x0, ttl 64, id 6321, offset 0, flags [DF], proto TCP (6), length 5844)"
1779587670.192067,,,TCP,52,"1779587670.192067 IP (tos 0x0, ttl 64, id 11887, offset 0, flags [DF], proto TCP (6), length 52)"
1779587670.192133,,,TCP,5844,"1779587670.192133 IP (tos 0x0, ttl 64, id 6325, offset 0, flags [DF], proto TCP (6), length 5844)"
1779587670.192143,,,TCP,5844,"1779587670.192143 IP (tos 0x0, ttl 64, id 6329, offset 0, flags [DF], proto TCP (6), length 5844)"
1779587670.192172,,,TCP,5844,"1779587670.192172 IP (tos 0x0, ttl 64, id 6333, offset 0, flags [DF], proto TCP (6), length 5844)"
1779587670.192176,,,TCP,5844,"1779587670.192176 IP (tos 0x0, ttl 64, id 6337, offset 0, flags [DF], proto TCP (6), length 5844)"
1779587670.192207,,,TCP,5844,"1779587670.192207 IP (tos 0x0, ttl 64, id 6341, offset 0, flags [DF], proto TCP (6), length 5844)"
1779587670.192214,,,TCP,5844,"1779587670.192214 IP (tos 0x0, ttl 64, id 6345, offset 0, flags [DF], proto TCP (6), length 5844)"
1779587670.192242,,,TCP,52,"1779587670.192242 IP (tos 0x0, ttl 64, id 11889, offset 0, flags [DF], proto TCP (6), length 52)"
1779587670.192260,,,TCP,5844,"1779587670.192260 IP (tos 0x0, ttl 64, id 6349, offset 0, flags [DF], proto TCP (6), length 5844)"
1779587670.192269,,,TCP,5844,"1779587670.192269 IP (tos 0x0, ttl 64, id 6353, offset 0, flags [DF], proto TCP (6), length 5844)"
1779587670.192297,,,TCP,52,"1779587670.192297 IP (tos 0x0, ttl 64, id 11890, offset 0, flags [DF], proto TCP (6), length 52)"
1779587670.192299,,,TCP,52,"1779587670.192299 IP (tos 0x0, ttl 64, id 11891, offset 0, flags [DF], proto TCP (6), length 52)"
1779587670.192300,,,TCP,52,"1779587670.192300 IP (tos 0x0, ttl 64, id 11892, offset 0, flags [DF], proto TCP (6), length 52)"
1779587670.192304,,,TCP,52,"1779587670.192304 IP (tos 0x0, ttl 64, id 11893, offset 0, flags [DF], proto TCP (6), length 52)"
1779587670.192305,,,TCP,52,"1779587670.192305 IP (tos 0x0, ttl 64, id 11894, offset 0, flags [DF], proto TCP (6), length 52)"
1779587670.192317,,,TCP,52,"1779587670.192317 IP (tos 0x0, ttl 64, id 11895, offset 0, flags [DF], proto TCP (6), length 52)"
1779587670.192324,,,TCP,52,"1779587670.192324 IP (tos 0x0, ttl 64, id 11896, offset 0, flags [DF], proto TCP (6), length 52)"
1779587670.192325,,,TCP,52,"1779587670.192325 IP (tos 0x0, ttl 64, id 11897, offset 0, flags [DF], proto TCP (6), length 52)"
1779587670.192326,,,TCP,52,"1779587670.192326 IP (tos 0x0, ttl 64, id 11898, offset 0, flags [DF], proto TCP (6), length 52)"
1779587670.192327,,,TCP,52,"1779587670.192327 IP (tos 0x0, ttl 64, id 11899, offset 0, flags [DF], proto TCP (6), length 52)"
1779587670.192544,,,TCP,52,"1779587670.192544 IP (tos 0x0, ttl 64, id 11900, offset 0, flags [DF], proto TCP (6), length 52)"
1779587670.192547,,,TCP,52,"1779587670.192547 IP (tos 0x0, ttl 64, id 11902, offset 0, flags [DF], proto TCP (6), length 52)"
1779587670.192611,,,TCP,5844,"1779587670.192611 IP (tos 0x0, ttl 64, id 6357, offset 0, flags [DF], proto TCP (6), length 5844)"
1779587670.192630,,,TCP,5844,"1779587670.192630 IP (tos 0x0, ttl 64, id 6361, offset 0, flags [DF], proto TCP (6), length 5844)"
1779587670.192639,,,TCP,1500,"1779587670.192639 IP (tos 0x0, ttl 64, id 6365, offset 0, flags [DF], proto TCP (6), length 1500)"
1779587670.192703,,,TCP,7292,"1779587670.192703 IP (tos 0x0, ttl 64, id 6366, offset 0, flags [DF], proto TCP (6), length 7292)"
1779587670.192727,,,TCP,7292,"1779587670.192727 IP (tos 0x0, ttl 64, id 6371, offset 0, flags [DF], proto TCP (6), length 7292)"
1779587670.192738,,,TCP,7292,"1779587670.192738 IP (tos 0x0, ttl 64, id 6376, offset 0, flags [DF], proto TCP (6), length 7292)"
1779587670.192749,,,TCP,7292,"1779587670.192749 IP (tos 0x0, ttl 64, id 6381, offset 0, flags [DF], proto TCP (6), length 7292)"
1779587670.192758,,,TCP,7292,"1779587670.192758 IP (tos 0x0, ttl 64, id 6386, offset 0, flags [DF], proto TCP (6), length 7292)"
1779587670.192767,,,TCP,7292,"1779587670.192767 IP (tos 0x0, ttl 64, id 6391, offset 0, flags [DF], proto TCP (6), length 7292)"
1779587670.192776,,,TCP,7292,"1779587670.192776 IP (tos 0x0, ttl 64, id 6396, offset 0, flags [DF], proto TCP (6), length 7292)"
1779587670.192785,,,TCP,7292,"1779587670.192785 IP (tos 0x0, ttl 64, id 6401, offset 0, flags [DF], proto TCP (6), length 7292)"
1779587670.192793,,,TCP,7292,"1779587670.192793 IP (tos 0x0, ttl 64, id 6406, offset 0, flags [DF], proto TCP (6), length 7292)"
1779587670.192808,,,TCP,8740,"1779587670.192808 IP (tos 0x0, ttl 64, id 6411, offset 0, flags [DF], proto TCP (6), length 8740)"
1779587670.192818,,,TCP,8740,"1779587670.192818 IP (tos 0x0, ttl 64, id 6417, offset 0, flags [DF], proto TCP (6), length 8740)"
1779587670.192828,,,TCP,8740,"1779587670.192828 IP (tos 0x0, ttl 64, id 6423, offset 0, flags [DF], proto TCP (6), length 8740)"
1779587670.193071,,,TCP,1500,"1779587670.193071 IP (tos 0x0, ttl 64, id 6429, offset 0, flags [DF], proto TCP (6), length 1500)"
1779587670.236658,,,TCP,52,"1779587670.236658 IP (tos 0x0, ttl 64, id 11903, offset 0, flags [DF], proto TCP (6), length 52)"
1779587670.236668,,,TCP,52,"1779587670.236668 IP (tos 0x0, ttl 64, id 11904, offset 0, flags [DF], proto TCP (6), length 52)"
1779587670.236671,,,TCP,52,"1779587670.236671 IP (tos 0x0, ttl 64, id 11905, offset 0, flags [DF], proto TCP (6), length 52)"
1779587670.236672,,,TCP,52,"1779587670.236672 IP (tos 0x0, ttl 64, id 11906, offset 0, flags [DF], proto TCP (6), length 52)"
1779587670.236850,,,TCP,8740,"1779587670.236850 IP (tos 0x0, ttl 64, id 6430, offset 0, flags [DF], proto TCP (6), length 8740)"
1779587670.236930,,,TCP,52,"1779587670.236930 IP (tos 0x0, ttl 64, id 11907, offset 0, flags [DF], proto TCP (6), length 52)"
1779587670.236936,,,TCP,8740,"1779587670.236936 IP (tos 0x0, ttl 64, id 6436, offset 0, flags [DF], proto TCP (6), length 8740)"
1779587670.236970,,,TCP,8740,"1779587670.236970 IP (tos 0x0, ttl 64, id 6442, offset 0, flags [DF], proto TCP (6), length 8740)"
1779587670.236977,,,TCP,8740,"1779587670.236977 IP (tos 0x0, ttl 64, id 6448, offset 0, flags [DF], proto TCP (6), length 8740)"
1779587670.237002,,,TCP,2948,"1779587670.237002 IP (tos 0x0, ttl 64, id 6454, offset 0, flags [DF], proto TCP (6), length 2948)"
1779587670.241184,,,TCP,52,"1779587670.241184 IP (tos 0x0, ttl 64, id 11908, offset 0, flags [DF], proto TCP (6), length 52)"
1779587670.241187,,,TCP,52,"1779587670.241187 IP (tos 0x0, ttl 64, id 11910, offset 0, flags [DF], proto TCP (6), length 52)"
1779587670.241188,,,TCP,52,"1779587670.241188 IP (tos 0x0, ttl 64, id 11911, offset 0, flags [DF], proto TCP (6), length 52)"
1779587670.241254,,,TCP,8740,"1779587670.241254 IP (tos 0x0, ttl 64, id 6456, offset 0, flags [DF], proto TCP (6), length 8740)"
1779587670.241264,,,TCP,10188,"1779587670.241264 IP (tos 0x0, ttl 64, id 6462, offset 0, flags [DF], proto TCP (6), length 10188)"
1779587670.241272,,,TCP,52,"1779587670.241272 IP (tos 0x0, ttl 64, id 11912, offset 0, flags [DF], proto TCP (6), length 52)"
1779587670.241273,,,TCP,10188,"1779587670.241273 IP (tos 0x0, ttl 64, id 6469, offset 0, flags [DF], proto TCP (6), length 10188)"
1779587670.241285,,,TCP,10188,"1779587670.241285 IP (tos 0x0, ttl 64, id 6476, offset 0, flags [DF], proto TCP (6), length 10188)"
1779587670.241288,,,TCP,10188,"1779587670.241288 IP (tos 0x0, ttl 64, id 6483, offset 0, flags [DF], proto TCP (6), length 10188)"
1779587670.241722,,,TCP,52,"1779587670.241722 IP (tos 0x0, ttl 64, id 11913, offset 0, flags [DF], proto TCP (6), length 52)"
1779587670.242102,,,TCP,52,"1779587670.242102 IP (tos 0x0, ttl 64, id 11915, offset 0, flags [DF], proto TCP (6), length 52)"
1779587670.242135,,,TCP,11636,"1779587670.242135 IP (tos 0x0, ttl 64, id 6490, offset 0, flags [DF], proto TCP (6), length 11636)"
1779587670.242150,,,TCP,4396,"1779587670.242150 IP (tos 0x0, ttl 64, id 6498, offset 0, flags [DF], proto TCP (6), length 4396)"
1779587670.242152,,,TCP,11636,"1779587670.242152 IP (tos 0x0, ttl 64, id 6501, offset 0, flags [DF], proto TCP (6), length 11636)"
1779587670.242154,,,TCP,11636,"1779587670.242154 IP (tos 0x0, ttl 64, id 6509, offset 0, flags [DF], proto TCP (6), length 11636)"
1779587670.242161,,,TCP,11636,"1779587670.242161 IP (tos 0x0, ttl 64, id 6517, offset 0, flags [DF], proto TCP (6), length 11636)"
1779587670.242163,,,TCP,11636,"1779587670.242163 IP (tos 0x0, ttl 64, id 6525, offset 0, flags [DF], proto TCP (6), length 11636)"
1779587670.242588,,,TCP,52,"1779587670.242588 IP (tos 0x0, ttl 64, id 11916, offset 0, flags [DF], proto TCP (6), length 52)"
1779587670.242613,,,TCP,13084,"1779587670.242613 IP (tos 0x0, ttl 64, id 6533, offset 0, flags [DF], proto TCP (6), length 13084)"
1779587670.242656,,,TCP,5844,"1779587670.242656 IP (tos 0x0, ttl 64, id 6542, offset 0, flags [DF], proto TCP (6), length 5844)"
1779587670.242662,,,TCP,13084,"1779587670.242662 IP (tos 0x0, ttl 64, id 6546, offset 0, flags [DF], proto TCP (6), length 13084)"
1779587670.242664,,,TCP,13084,"1779587670.242664 IP (tos 0x0, ttl 64, id 6555, offset 0, flags [DF], proto TCP (6), length 13084)"
1779587670.242668,,,TCP,52,"1779587670.242668 IP (tos 0x0, ttl 64, id 11918, offset 0, flags [DF], proto TCP (6), length 52)"
1779587670.242669,,,TCP,52,"1779587670.242669 IP (tos 0x0, ttl 64, id 11919, offset 0, flags [DF], proto TCP (6), length 52)"
1779587670.242690,,,TCP,13084,"1779587670.242690 IP (tos 0x0, ttl 64, id 6564, offset 0, flags [DF], proto TCP (6), length 13084)"
1779587670.242693,,,TCP,13084,"1779587670.242693 IP (tos 0x0, ttl 64, id 6573, offset 0, flags [DF], proto TCP (6), length 13084)"
1779587670.242698,,,TCP,13084,"1779587670.242698 IP (tos 0x0, ttl 64, id 6582, offset 0, flags [DF], proto TCP (6), length 13084)"
1779587670.242700,,,TCP,13084,"1779587670.242700 IP (tos 0x0, ttl 64, id 6591, offset 0, flags [DF], proto TCP (6), length 13084)"
1779587670.242707,,,TCP,13084,"1779587670.242707 IP (tos 0x0, ttl 64, id 6600, offset 0, flags [DF], proto TCP (6), length 13084)"
1779587670.242709,,,TCP,13084,"1779587670.242709 IP (tos 0x0, ttl 64, id 6609, offset 0, flags [DF], proto TCP (6), length 13084)"
1779587670.242735,,,TCP,52,"1779587670.242735 IP (tos 0x0, ttl 64, id 11920, offset 0, flags [DF], proto TCP (6), length 52)"
1779587670.242754,,,TCP,14532,"1779587670.242754 IP (tos 0x0, ttl 64, id 6618, offset 0, flags [DF], proto TCP (6), length 14532)"
1779587670.242758,,,TCP,52,"1779587670.242758 IP (tos 0x0, ttl 64, id 11922, offset 0, flags [DF], proto TCP (6), length 52)"
1779587670.242759,,,TCP,52,"1779587670.242759 IP (tos 0x0, ttl 64, id 11923, offset 0, flags [DF], proto TCP (6), length 52)"
1779587670.242778,,,TCP,11636,"1779587670.242778 IP (tos 0x0, ttl 64, id 6628, offset 0, flags [DF], proto TCP (6), length 11636)"
1779587670.242781,,,TCP,14532,"1779587670.242781 IP (tos 0x0, ttl 64, id 6636, offset 0, flags [DF], proto TCP (6), length 14532)"
1779587670.242806,,,TCP,14532,"1779587670.242806 IP (tos 0x0, ttl 64, id 6646, offset 0, flags [DF], proto TCP (6), length 14532)"
1779587670.242811,,,TCP,52,"1779587670.242811 IP (tos 0x0, ttl 64, id 11924, offset 0, flags [DF], proto TCP (6), length 52)"
1779587670.242812,,,TCP,52,"1779587670.242812 IP (tos 0x0, ttl 64, id 11925, offset 0, flags [DF], proto TCP (6), length 52)"
1779587670.242812,,,TCP,52,"1779587670.242812 IP (tos 0x0, ttl 64, id 11926, offset 0, flags [DF], proto TCP (6), length 52)"
1779587670.242812,,,TCP,52,"1779587670.242812 IP (tos 0x0, ttl 64, id 11927, offset 0, flags [DF], proto TCP (6), length 52)"
1779587670.242835,,,TCP,14532,"1779587670.242835 IP (tos 0x0, ttl 64, id 6656, offset 0, flags [DF], proto TCP (6), length 14532)"
1779587670.242838,,,TCP,15980,"1779587670.242838 IP (tos 0x0, ttl 64, id 6666, offset 0, flags [DF], proto TCP (6), length 15980)"
1779587670.242841,,,TCP,52,"1779587670.242841 IP (tos 0x0, ttl 64, id 11930, offset 0, flags [DF], proto TCP (6), length 52)"
1779587670.242855,,,TCP,5844,"1779587670.242855 IP (tos 0x0, ttl 64, id 6677, offset 0, flags [DF], proto TCP (6), length 5844)"
1779587670.242860,,,TCP,15980,"1779587670.242860 IP (tos 0x0, ttl 64, id 6681, offset 0, flags [DF], proto TCP (6), length 15980)"
1779587670.242868,,,TCP,17428,"1779587670.242868 IP (tos 0x0, ttl 64, id 6692, offset 0, flags [DF], proto TCP (6), length 17428)"
1779587670.242873,,,TCP,17428,"1779587670.242873 IP (tos 0x0, ttl 64, id 6704, offset 0, flags [DF], proto TCP (6), length 17428)"
1779587670.242883,,,TCP,14532,"1779587670.242883 IP (tos 0x0, ttl 64, id 6716, offset 0, flags [DF], proto TCP (6), length 14532)"
1779587670.242995,,,TCP,52,"1779587670.242995 IP (tos 0x0, ttl 64, id 11931, offset 0, flags [DF], proto TCP (6), length 52)"
1779587670.243018,,,TCP,17428,"1779587670.243018 IP (tos 0x0, ttl 64, id 6726, offset 0, flags [DF], proto TCP (6), length 17428)"
1779587670.243190,,,TCP,52,"1779587670.243190 IP (tos 0x0, ttl 64, id 11932, offset 0, flags [DF], proto TCP (6), length 52)"
1779587670.243217,,,TCP,17428,"1779587670.243217 IP (tos 0x0, ttl 64, id 6738, offset 0, flags [DF], proto TCP (6), length 17428)"
1779587670.268446,,,TCP,60,"1779587670.268446 IP (tos 0x0, ttl 64, id 13393, offset 0, flags [DF], proto TCP (6), length 60)"
1779587670.286987,,,TCP,52,"1779587670.286987 IP (tos 0x0, ttl 64, id 11933, offset 0, flags [DF], proto TCP (6), length 52)"
1779587670.286991,,,TCP,52,"1779587670.286991 IP (tos 0x0, ttl 64, id 11934, offset 0, flags [DF], proto TCP (6), length 52)"
1779587670.286993,,,TCP,52,"1779587670.286993 IP (tos 0x0, ttl 64, id 11935, offset 0, flags [DF], proto TCP (6), length 52)"
1779587670.286993,,,TCP,52,"1779587670.286993 IP (tos 0x0, ttl 64, id 11936, offset 0, flags [DF], proto TCP (6), length 52)"
1779587670.287073,,,TCP,17428,"1779587670.287073 IP (tos 0x0, ttl 64, id 6750, offset 0, flags [DF], proto TCP (6), length 17428)"
1779587670.287110,,,TCP,52,"1779587670.287110 IP (tos 0x0, ttl 64, id 11937, offset 0, flags [DF], proto TCP (6), length 52)"
1779587670.287112,,,TCP,13084,"1779587670.287112 IP (tos 0x0, ttl 64, id 6762, offset 0, flags [DF], proto TCP (6), length 13084)"
1779587670.287118,,,TCP,18876,"1779587670.287118 IP (tos 0x0, ttl 64, id 6771, offset 0, flags [DF], proto TCP (6), length 18876)"
1779587670.287133,,,TCP,18876,"1779587670.287133 IP (tos 0x0, ttl 64, id 6784, offset 0, flags [DF], proto TCP (6), length 18876)"
1779587670.291306,,,TCP,52,"1779587670.291306 IP (tos 0x0, ttl 64, id 11938, offset 0, flags [DF], proto TCP (6), length 52)"
1779587670.291309,,,TCP,52,"1779587670.291309 IP (tos 0x0, ttl 64, id 11939, offset 0, flags [DF], proto TCP (6), length 52)"
1779587670.291310,,,TCP,52,"1779587670.291310 IP (tos 0x0, ttl 64, id 11940, offset 0, flags [DF], proto TCP (6), length 52)"
1779587670.291378,,,TCP,18876,"1779587670.291378 IP (tos 0x0, ttl 64, id 6797, offset 0, flags [DF], proto TCP (6), length 18876)"
1779587670.291387,,,TCP,8740,"1779587670.291387 IP (tos 0x0, ttl 64, id 6810, offset 0, flags [DF], proto TCP (6), length 8740)"
1779587670.291391,,,TCP,20324,"1779587670.291391 IP (tos 0x0, ttl 64, id 6816, offset 0, flags [DF], proto TCP (6), length 20324)"
1779587670.291508,,,TCP,52,"1779587670.291508 IP (tos 0x0, ttl 64, id 11941, offset 0, flags [DF], proto TCP (6), length 52)"
1779587670.291541,,,TCP,20324,"1779587670.291541 IP (tos 0x0, ttl 64, id 6830, offset 0, flags [DF], proto TCP (6), length 20324)"
1779587670.291547,,,TCP,1724,"1779587670.291547 IP (tos 0x0, ttl 64, id 6844, offset 0, flags [DF], proto TCP (6), length 1724)"
1779587670.292256,,,TCP,52,"1779587670.292256 IP (tos 0x0, ttl 64, id 11942, offset 0, flags [DF], proto TCP (6), length 52)"
1779587670.292878,,,TCP,52,"1779587670.292878 IP (tos 0x0, ttl 64, id 11943, offset 0, flags [DF], proto TCP (6), length 52)"
1779587670.292879,,,TCP,52,"1779587670.292879 IP (tos 0x0, ttl 64, id 11944, offset 0, flags [DF], proto TCP (6), length 52)"
1779587670.292880,,,TCP,52,"1779587670.292880 IP (tos 0x0, ttl 64, id 11945, offset 0, flags [DF], proto TCP (6), length 52)"
1779587670.292880,,,TCP,52,"1779587670.292880 IP (tos 0x0, ttl 64, id 11946, offset 0, flags [DF], proto TCP (6), length 52)"
1779587670.292881,,,TCP,52,"1779587670.292881 IP (tos 0x0, ttl 64, id 11947, offset 0, flags [DF], proto TCP (6), length 52)"
1779587670.292881,,,TCP,52,"1779587670.292881 IP (tos 0x0, ttl 64, id 11948, offset 0, flags [DF], proto TCP (6), length 52)"
1779587670.292881,,,TCP,52,"1779587670.292881 IP (tos 0x0, ttl 64, id 11949, offset 0, flags [DF], proto TCP (6), length 52)"
1779587670.293116,,,TCP,52,"1779587670.293116 IP (tos 0x0, ttl 64, id 11950, offset 0, flags [DF], proto TCP (6), length 52)"
1779587670.293443,,,TCP,52,"1779587670.293443 IP (tos 0x0, ttl 64, id 11951, offset 0, flags [DF], proto TCP (6), length 52)"
1779587670.318534,,,TCP,60,"1779587670.318534 IP (tos 0x0, ttl 64, id 0, offset 0, flags [DF], proto TCP (6), length 60)"
1779587670.318623,,,TCP,52,"1779587670.318623 IP (tos 0x0, ttl 64, id 13394, offset 0, flags [DF], proto TCP (6), length 52)"
1779587670.318972,,,TCP,88,"1779587670.318972 IP (tos 0x0, ttl 64, id 13395, offset 0, flags [DF], proto TCP (6), length 88)"
1779587670.321342,,,TCP,2948,"1779587670.321342 IP (tos 0x0, ttl 64, id 13396, offset 0, flags [DF], proto TCP (6), length 2948)"
1779587670.321809,,,TCP,2948,"1779587670.321809 IP (tos 0x0, ttl 64, id 13398, offset 0, flags [DF], proto TCP (6), length 2948)"
1779587670.321842,,,TCP,1500,"1779587670.321842 IP (tos 0x0, ttl 64, id 13400, offset 0, flags [DF], proto TCP (6), length 1500)"
1779587670.322211,,,TCP,2948,"1779587670.322211 IP (tos 0x0, ttl 64, id 13401, offset 0, flags [DF], proto TCP (6), length 2948)"
1779587670.322239,,,TCP,1500,"1779587670.322239 IP (tos 0x0, ttl 64, id 13403, offset 0, flags [DF], proto TCP (6), length 1500)"
1779587670.322491,,,TCP,1500,"1779587670.322491 IP (tos 0x0, ttl 64, id 13404, offset 0, flags [DF], proto TCP (6), length 1500)"
1779587670.337248,,,TCP,52,"1779587670.337248 IP (tos 0x0, ttl 64, id 11952, offset 0, flags [DF], proto TCP (6), length 52)"
1779587670.337252,,,TCP,52,"1779587670.337252 IP (tos 0x0, ttl 64, id 11953, offset 0, flags [DF], proto TCP (6), length 52)"
1779587670.337253,,,TCP,52,"1779587670.337253 IP (tos 0x0, ttl 64, id 11954, offset 0, flags [DF], proto TCP (6), length 52)"
1779587670.341483,,,TCP,52,"1779587670.341483 IP (tos 0x0, ttl 64, id 11956, offset 0, flags [DF], proto TCP (6), length 52)"
1779587670.341484,,,TCP,52,"1779587670.341484 IP (tos 0x0, ttl 64, id 11957, offset 0, flags [DF], proto TCP (6), length 52)"
1779587670.341485,,,TCP,52,"1779587670.341485 IP (tos 0x0, ttl 64, id 11958, offset 0, flags [DF], proto TCP (6), length 52)"
1779587670.341570,,,TCP,52,"1779587670.341570 IP (tos 0x0, ttl 64, id 11959, offset 0, flags [DF], proto TCP (6), length 52)"
1779587670.341641,,,TCP,52,"1779587670.341641 IP (tos 0x0, ttl 64, id 11960, offset 0, flags [DF], proto TCP (6), length 52)"
1779587670.369154,,,TCP,52,"1779587670.369154 IP (tos 0x0, ttl 64, id 53543, offset 0, flags [DF], proto TCP (6), length 52)"
1779587670.369248,,,TCP,2948,"1779587670.369248 IP (tos 0x0, ttl 64, id 13405, offset 0, flags [DF], proto TCP (6), length 2948)"
1779587670.371462,,,TCP,52,"1779587670.371462 IP (tos 0x0, ttl 64, id 53544, offset 0, flags [DF], proto TCP (6), length 52)"
1779587670.371511,,,TCP,2948,"1779587670.371511 IP (tos 0x0, ttl 64, id 13407, offset 0, flags [DF], proto TCP (6), length 2948)"
1779587670.371581,,,TCP,2948,"1779587670.371581 IP (tos 0x0, ttl 64, id 13409, offset 0, flags [DF], proto TCP (6), length 2948)"
1779587670.371887,,,TCP,52,"1779587670.371887 IP (tos 0x0, ttl 64, id 53545, offset 0, flags [DF], proto TCP (6), length 52)"
1779587670.371935,,,TCP,2948,"1779587670.371935 IP (tos 0x0, ttl 64, id 13411, offset 0, flags [DF], proto TCP (6), length 2948)"
1779587670.371944,,,TCP,2948,"1779587670.371944 IP (tos 0x0, ttl 64, id 13413, offset 0, flags [DF], proto TCP (6), length 2948)"
1779587670.372287,,,TCP,52,"1779587670.372287 IP (tos 0x0, ttl 64, id 53547, offset 0, flags [DF], proto TCP (6), length 52)"
1779587670.372290,,,TCP,52,"1779587670.372290 IP (tos 0x0, ttl 64, id 53548, offset 0, flags [DF], proto TCP (6), length 52)"
1779587670.372404,,,TCP,2948,"1779587670.372404 IP (tos 0x0, ttl 64, id 13415, offset 0, flags [DF], proto TCP (6), length 2948)"
1779587670.372418,,,TCP,2948,"1779587670.372418 IP (tos 0x0, ttl 64, id 13417, offset 0, flags [DF], proto TCP (6), length 2948)"
1779587670.372443,,,TCP,2948,"1779587670.372443 IP (tos 0x0, ttl 64, id 13419, offset 0, flags [DF], proto TCP (6), length 2948)"
1779587670.372448,,,TCP,2948,"1779587670.372448 IP (tos 0x0, ttl 64, id 13421, offset 0, flags [DF], proto TCP (6), length 2948)"
1779587670.372559,,,TCP,52,"1779587670.372559 IP (tos 0x0, ttl 64, id 53549, offset 0, flags [DF], proto TCP (6), length 52)"
1779587670.372598,,,TCP,2948,"1779587670.372598 IP (tos 0x0, ttl 64, id 13423, offset 0, flags [DF], proto TCP (6), length 2948)"
1779587670.419534,,,TCP,52,"1779587670.419534 IP (tos 0x0, ttl 64, id 53550, offset 0, flags [DF], proto TCP (6), length 52)"
1779587670.419641,,,TCP,2948,"1779587670.419641 IP (tos 0x0, ttl 64, id 13425, offset 0, flags [DF], proto TCP (6), length 2948)"
1779587670.419728,,,TCP,2948,"1779587670.419728 IP (tos 0x0, ttl 64, id 13427, offset 0, flags [DF], proto TCP (6), length 2948)"
1779587670.421737,,,TCP,52,"1779587670.421737 IP (tos 0x0, ttl 64, id 53551, offset 0, flags [DF], proto TCP (6), length 52)"
1779587670.421742,,,TCP,52,"1779587670.421742 IP (tos 0x0, ttl 64, id 53552, offset 0, flags [DF], proto TCP (6), length 52)"
1779587670.421821,,,TCP,2948,"1779587670.421821 IP (tos 0x0, ttl 64, id 13429, offset 0, flags [DF], proto TCP (6), length 2948)"
1779587670.421899,,,TCP,2948,"1779587670.421899 IP (tos 0x0, ttl 64, id 13431, offset 0, flags [DF], proto TCP (6), length 2948)"
1779587670.421934,,,TCP,2948,"1779587670.421934 IP (tos 0x0, ttl 64, id 13433, offset 0, flags [DF], proto TCP (6), length 2948)"
1779587670.421937,,,TCP,2948,"1779587670.421937 IP (tos 0x0, ttl 64, id 13435, offset 0, flags [DF], proto TCP (6), length 2948)"
1779587670.421964,,,TCP,52,"1779587670.421964 IP (tos 0x0, ttl 64, id 53553, offset 0, flags [DF], proto TCP (6), length 52)"
1779587670.421965,,,TCP,52,"1779587670.421965 IP (tos 0x0, ttl 64, id 53554, offset 0, flags [DF], proto TCP (6), length 52)"
1779587670.422071,,,TCP,2948,"1779587670.422071 IP (tos 0x0, ttl 64, id 13437, offset 0, flags [DF], proto TCP (6), length 2948)"
1779587670.422134,,,TCP,2948,"1779587670.422134 IP (tos 0x0, ttl 64, id 13439, offset 0, flags [DF], proto TCP (6), length 2948)"
1779587670.422136,,,TCP,2948,"1779587670.422136 IP (tos 0x0, ttl 64, id 13441, offset 0, flags [DF], proto TCP (6), length 2948)"
1779587670.422175,,,TCP,2948,"1779587670.422175 IP (tos 0x0, ttl 64, id 13443, offset 0, flags [DF], proto TCP (6), length 2948)"
1779587670.422497,,,TCP,52,"1779587670.422497 IP (tos 0x0, ttl 64, id 53555, offset 0, flags [DF], proto TCP (6), length 52)"
1779587670.422501,,,TCP,52,"1779587670.422501 IP (tos 0x0, ttl 64, id 53556, offset 0, flags [DF], proto TCP (6), length 52)"
1779587670.422502,,,TCP,52,"1779587670.422502 IP (tos 0x0, ttl 64, id 53557, offset 0, flags [DF], proto TCP (6), length 52)"
1779587670.422502,,,TCP,52,"1779587670.422502 IP (tos 0x0, ttl 64, id 53558, offset 0, flags [DF], proto TCP (6), length 52)"
1779587670.422586,,,TCP,2948,"1779587670.422586 IP (tos 0x0, ttl 64, id 13445, offset 0, flags [DF], proto TCP (6), length 2948)"
1779587670.422598,,,TCP,2948,"1779587670.422598 IP (tos 0x0, ttl 64, id 13447, offset 0, flags [DF], proto TCP (6), length 2948)"
1779587670.422626,,,TCP,52,"1779587670.422626 IP (tos 0x0, ttl 64, id 53559, offset 0, flags [DF], proto TCP (6), length 52)"
1779587670.422638,,,TCP,2948,"1779587670.422638 IP (tos 0x0, ttl 64, id 13449, offset 0, flags [DF], proto TCP (6), length 2948)"
1779587670.422644,,,TCP,2948,"1779587670.422644 IP (tos 0x0, ttl 64, id 13451, offset 0, flags [DF], proto TCP (6), length 2948)"
1779587670.422664,,,TCP,2948,"1779587670.422664 IP (tos 0x0, ttl 64, id 13453, offset 0, flags [DF], proto TCP (6), length 2948)"
1779587670.422671,,,TCP,2948,"1779587670.422671 IP (tos 0x0, ttl 64, id 13455, offset 0, flags [DF], proto TCP (6), length 2948)"
1779587670.422690,,,TCP,2948,"1779587670.422690 IP (tos 0x0, ttl 64, id 13457, offset 0, flags [DF], proto TCP (6), length 2948)"
1779587670.422695,,,TCP,2948,"1779587670.422695 IP (tos 0x0, ttl 64, id 13459, offset 0, flags [DF], proto TCP (6), length 2948)"
1779587670.422713,,,TCP,2948,"1779587670.422713 IP (tos 0x0, ttl 64, id 13461, offset 0, flags [DF], proto TCP (6), length 2948)"
1779587670.422719,,,TCP,2948,"1779587670.422719 IP (tos 0x0, ttl 64, id 13463, offset 0, flags [DF], proto TCP (6), length 2948)"
1779587670.469895,,,TCP,52,"1779587670.469895 IP (tos 0x0, ttl 64, id 53560, offset 0, flags [DF], proto TCP (6), length 52)"
1779587670.469899,,,TCP,52,"1779587670.469899 IP (tos 0x0, ttl 64, id 53561, offset 0, flags [DF], proto TCP (6), length 52)"
1779587670.470007,,,TCP,2948,"1779587670.470007 IP (tos 0x0, ttl 64, id 13465, offset 0, flags [DF], proto TCP (6), length 2948)"
1779587670.470040,,,TCP,2948,"1779587670.470040 IP (tos 0x0, ttl 64, id 13467, offset 0, flags [DF], proto TCP (6), length 2948)"
1779587670.470054,,,TCP,2948,"1779587670.470054 IP (tos 0x0, ttl 64, id 13469, offset 0, flags [DF], proto TCP (6), length 2948)"
1779587670.470057,,,TCP,2948,"1779587670.470057 IP (tos 0x0, ttl 64, id 13471, offset 0, flags [DF], proto TCP (6), length 2948)"
1779587670.471987,,,TCP,52,"1779587670.471987 IP (tos 0x0, ttl 64, id 53562, offset 0, flags [DF], proto TCP (6), length 52)"
1779587670.471990,,,TCP,52,"1779587670.471990 IP (tos 0x0, ttl 64, id 53563, offset 0, flags [DF], proto TCP (6), length 52)"
1779587670.471990,,,TCP,52,"1779587670.471990 IP (tos 0x0, ttl 64, id 53564, offset 0, flags [DF], proto TCP (6), length 52)"
1779587670.471991,,,TCP,52,"1779587670.471991 IP (tos 0x0, ttl 64, id 53565, offset 0, flags [DF], proto TCP (6), length 52)"
1779587670.472041,,,TCP,2948,"1779587670.472041 IP (tos 0x0, ttl 64, id 13473, offset 0, flags [DF], proto TCP (6), length 2948)"
1779587670.472093,,,TCP,52,"1779587670.472093 IP (tos 0x0, ttl 64, id 53566, offset 0, flags [DF], proto TCP (6), length 52)"
1779587670.472096,,,TCP,2948,"1779587670.472096 IP (tos 0x0, ttl 64, id 13475, offset 0, flags [DF], proto TCP (6), length 2948)"
1779587670.472121,,,TCP,2948,"1779587670.472121 IP (tos 0x0, ttl 64, id 13477, offset 0, flags [DF], proto TCP (6), length 2948)"
1779587670.472124,,,TCP,1500,"1779587670.472124 IP (tos 0x0, ttl 64, id 13479, offset 0, flags [DF], proto TCP (6), length 1500)"
1779587670.472127,,,TCP,2948,"1779587670.472127 IP (tos 0x0, ttl 64, id 13480, offset 0, flags [DF], proto TCP (6), length 2948)"
1779587670.472139,,,TCP,2948,"1779587670.472139 IP (tos 0x0, ttl 64, id 13482, offset 0, flags [DF], proto TCP (6), length 2948)"
1779587670.472142,,,TCP,2948,"1779587670.472142 IP (tos 0x0, ttl 64, id 13484, offset 0, flags [DF], proto TCP (6), length 2948)"
1779587670.472156,,,TCP,2948,"1779587670.472156 IP (tos 0x0, ttl 64, id 13486, offset 0, flags [DF], proto TCP (6), length 2948)"
1779587670.472163,,,TCP,52,"1779587670.472163 IP (tos 0x0, ttl 64, id 53567, offset 0, flags [DF], proto TCP (6), length 52)"
1779587670.472165,,,TCP,52,"1779587670.472165 IP (tos 0x0, ttl 64, id 53568, offset 0, flags [DF], proto TCP (6), length 52)"
1779587670.472167,,,TCP,2948,"1779587670.472167 IP (tos 0x0, ttl 64, id 13488, offset 0, flags [DF], proto TCP (6), length 2948)"
1779587670.472202,,,TCP,2948,"1779587670.472202 IP (tos 0x0, ttl 64, id 13490, offset 0, flags [DF], proto TCP (6), length 2948)"
1779587670.472205,,,TCP,52,"1779587670.472205 IP (tos 0x0, ttl 64, id 53569, offset 0, flags [DF], proto TCP (6), length 52)"
1779587670.472207,,,TCP,2948,"1779587670.472207 IP (tos 0x0, ttl 64, id 13492, offset 0, flags [DF], proto TCP (6), length 2948)"
1779587670.472219,,,TCP,2948,"1779587670.472219 IP (tos 0x0, ttl 64, id 13494, offset 0, flags [DF], proto TCP (6), length 2948)"
1779587670.472222,,,TCP,2948,"1779587670.472222 IP (tos 0x0, ttl 64, id 13496, offset 0, flags [DF], proto TCP (6), length 2948)"
1779587670.472232,,,TCP,2948,"1779587670.472232 IP (tos 0x0, ttl 64, id 13498, offset 0, flags [DF], proto TCP (6), length 2948)"
1779587670.472234,,,TCP,2948,"1779587670.472234 IP (tos 0x0, ttl 64, id 13500, offset 0, flags [DF], proto TCP (6), length 2948)"
1779587670.472240,,,TCP,2948,"1779587670.472240 IP (tos 0x0, ttl 64, id 13502, offset 0, flags [DF], proto TCP (6), length 2948)"
1779587670.472659,,,TCP,52,"1779587670.472659 IP (tos 0x0, ttl 64, id 53570, offset 0, flags [DF], proto TCP (6), length 52)"
1779587670.472662,,,TCP,52,"1779587670.472662 IP (tos 0x0, ttl 64, id 53571, offset 0, flags [DF], proto TCP (6), length 52)"
1779587670.472663,,,TCP,52,"1779587670.472663 IP (tos 0x0, ttl 64, id 53572, offset 0, flags [DF], proto TCP (6), length 52)"
1779587670.472663,,,TCP,52,"1779587670.472663 IP (tos 0x0, ttl 64, id 53573, offset 0, flags [DF], proto TCP (6), length 52)"
1779587670.472730,,,TCP,2948,"1779587670.472730 IP (tos 0x0, ttl 64, id 13504, offset 0, flags [DF], proto TCP (6), length 2948)"
1779587670.472740,,,TCP,52,"1779587670.472740 IP (tos 0x0, ttl 64, id 53574, offset 0, flags [DF], proto TCP (6), length 52)"
1779587670.472740,,,TCP,52,"1779587670.472740 IP (tos 0x0, ttl 64, id 53575, offset 0, flags [DF], proto TCP (6), length 52)"
1779587670.472741,,,TCP,52,"1779587670.472741 IP (tos 0x0, ttl 64, id 53576, offset 0, flags [DF], proto TCP (6), length 52)"
1779587670.472741,,,TCP,52,"1779587670.472741 IP (tos 0x0, ttl 64, id 53577, offset 0, flags [DF], proto TCP (6), length 52)"
1779587670.472741,,,TCP,52,"1779587670.472741 IP (tos 0x0, ttl 64, id 53578, offset 0, flags [DF], proto TCP (6), length 52)"
1779587670.472742,,,TCP,52,"1779587670.472742 IP (tos 0x0, ttl 64, id 53579, offset 0, flags [DF], proto TCP (6), length 52)"
1779587670.472743,,,TCP,2948,"1779587670.472743 IP (tos 0x0, ttl 64, id 13506, offset 0, flags [DF], proto TCP (6), length 2948)"
1779587670.472772,,,TCP,2948,"1779587670.472772 IP (tos 0x0, ttl 64, id 13508, offset 0, flags [DF], proto TCP (6), length 2948)"
1779587670.472775,,,TCP,2948,"1779587670.472775 IP (tos 0x0, ttl 64, id 13510, offset 0, flags [DF], proto TCP (6), length 2948)"
1779587670.472789,,,TCP,1500,"1779587670.472789 IP (tos 0x0, ttl 64, id 13512, offset 0, flags [DF], proto TCP (6), length 1500)"
1779587670.472792,,,TCP,4396,"1779587670.472792 IP (tos 0x0, ttl 64, id 13513, offset 0, flags [DF], proto TCP (6), length 4396)"
1779587670.472795,,,TCP,4396,"1779587670.472795 IP (tos 0x0, ttl 64, id 13516, offset 0, flags [DF], proto TCP (6), length 4396)"
1779587670.472804,,,TCP,4396,"1779587670.472804 IP (tos 0x0, ttl 64, id 13519, offset 0, flags [DF], proto TCP (6), length 4396)"
1779587670.472806,,,TCP,4396,"1779587670.472806 IP (tos 0x0, ttl 64, id 13522, offset 0, flags [DF], proto TCP (6), length 4396)"
1779587670.472816,,,TCP,4396,"1779587670.472816 IP (tos 0x0, ttl 64, id 13525, offset 0, flags [DF], proto TCP (6), length 4396)"
1779587670.472819,,,TCP,4396,"1779587670.472819 IP (tos 0x0, ttl 64, id 13528, offset 0, flags [DF], proto TCP (6), length 4396)"
1779587670.472828,,,TCP,4396,"1779587670.472828 IP (tos 0x0, ttl 64, id 13531, offset 0, flags [DF], proto TCP (6), length 4396)"
1779587670.472829,,,TCP,4396,"1779587670.472829 IP (tos 0x0, ttl 64, id 13534, offset 0, flags [DF], proto TCP (6), length 4396)"
1779587670.472848,,,TCP,4396,"1779587670.472848 IP (tos 0x0, ttl 64, id 13537, offset 0, flags [DF], proto TCP (6), length 4396)"
1779587670.472850,,,TCP,4396,"1779587670.472850 IP (tos 0x0, ttl 64, id 13540, offset 0, flags [DF], proto TCP (6), length 4396)"
1779587670.472856,,,TCP,2948,"1779587670.472856 IP (tos 0x0, ttl 64, id 13543, offset 0, flags [DF], proto TCP (6), length 2948)"
1779587670.520248,,,TCP,52,"1779587670.520248 IP (tos 0x0, ttl 64, id 53580, offset 0, flags [DF], proto TCP (6), length 52)"
1779587670.520255,,,TCP,52,"1779587670.520255 IP (tos 0x0, ttl 64, id 53581, offset 0, flags [DF], proto TCP (6), length 52)"
1779587670.520255,,,TCP,52,"1779587670.520255 IP (tos 0x0, ttl 64, id 53582, offset 0, flags [DF], proto TCP (6), length 52)"
1779587670.520256,,,TCP,52,"1779587670.520256 IP (tos 0x0, ttl 64, id 53583, offset 0, flags [DF], proto TCP (6), length 52)"
1779587670.520515,,,TCP,1500,"1779587670.520515 IP (tos 0x0, ttl 64, id 13545, offset 0, flags [DF], proto TCP (6), length 1500)"
1779587670.520587,,,TCP,4396,"1779587670.520587 IP (tos 0x0, ttl 64, id 13552, offset 0, flags [DF], proto TCP (6), length 4396)"
1779587670.520589,,,TCP,4396,"1779587670.520589 IP (tos 0x0, ttl 64, id 13546, offset 0, flags [DF], proto TCP (6), length 4396)"
1779587670.520600,,,TCP,4396,"1779587670.520600 IP (tos 0x0, ttl 64, id 13549, offset 0, flags [DF], proto TCP (6), length 4396)"
1779587670.520625,,,TCP,4396,"1779587670.520625 IP (tos 0x0, ttl 64, id 13555, offset 0, flags [DF], proto TCP (6), length 4396)"
1779587670.520642,,,TCP,4396,"1779587670.520642 IP (tos 0x0, ttl 64, id 13558, offset 0, flags [DF], proto TCP (6), length 4396)"
1779587670.522179,,,TCP,52,"1779587670.522179 IP (tos 0x0, ttl 64, id 53584, offset 0, flags [DF], proto TCP (6), length 52)"
1779587670.522183,,,TCP,52,"1779587670.522183 IP (tos 0x0, ttl 64, id 53585, offset 0, flags [DF], proto TCP (6), length 52)"
1779587670.522183,,,TCP,52,"1779587670.522183 IP (tos 0x0, ttl 64, id 53586, offset 0, flags [DF], proto TCP (6), length 52)"
1779587670.522184,,,TCP,52,"1779587670.522184 IP (tos 0x0, ttl 64, id 53587, offset 0, flags [DF], proto TCP (6), length 52)"
1779587670.522185,,,TCP,52,"1779587670.522185 IP (tos 0x0, ttl 64, id 53588, offset 0, flags [DF], proto TCP (6), length 52)"
1779587670.522186,,,TCP,52,"1779587670.522186 IP (tos 0x0, ttl 64, id 53590, offset 0, flags [DF], proto TCP (6), length 52)"
1779587670.522187,,,TCP,52,"1779587670.522187 IP (tos 0x0, ttl 64, id 53591, offset 0, flags [DF], proto TCP (6), length 52)"
1779587670.522190,,,TCP,52,"1779587670.522190 IP (tos 0x0, ttl 64, id 53592, offset 0, flags [DF], proto TCP (6), length 52)"
1779587670.522304,,,TCP,4396,"1779587670.522304 IP (tos 0x0, ttl 64, id 13561, offset 0, flags [DF], proto TCP (6), length 4396)"
1779587670.522322,,,TCP,52,"1779587670.522322 IP (tos 0x0, ttl 64, id 53593, offset 0, flags [DF], proto TCP (6), length 52)"
1779587670.522323,,,TCP,52,"1779587670.522323 IP (tos 0x0, ttl 64, id 53594, offset 0, flags [DF], proto TCP (6), length 52)"
1779587670.522324,,,TCP,52,"1779587670.522324 IP (tos 0x0, ttl 64, id 53595, offset 0, flags [DF], proto TCP (6), length 52)"
1779587670.522325,,,TCP,52,"1779587670.522325 IP (tos 0x0, ttl 64, id 53596, offset 0, flags [DF], proto TCP (6), length 52)"
1779587670.522326,,,TCP,52,"1779587670.522326 IP (tos 0x0, ttl 64, id 53597, offset 0, flags [DF], proto TCP (6), length 52)"
1779587670.522327,,,TCP,52,"1779587670.522327 IP (tos 0x0, ttl 64, id 53598, offset 0, flags [DF], proto TCP (6), length 52)"
1779587670.522328,,,TCP,52,"1779587670.522328 IP (tos 0x0, ttl 64, id 53599, offset 0, flags [DF], proto TCP (6), length 52)"
1779587670.522336,,,TCP,4396,"1779587670.522336 IP (tos 0x0, ttl 64, id 13564, offset 0, flags [DF], proto TCP (6), length 4396)"
1779587670.522366,,,TCP,4396,"1779587670.522366 IP (tos 0x0, ttl 64, id 13567, offset 0, flags [DF], proto TCP (6), length 4396)"
1779587670.522379,,,TCP,4396,"1779587670.522379 IP (tos 0x0, ttl 64, id 13570, offset 0, flags [DF], proto TCP (6), length 4396)"
1779587670.522404,,,TCP,5844,"1779587670.522404 IP (tos 0x0, ttl 64, id 13573, offset 0, flags [DF], proto TCP (6), length 5844)"
1779587670.522417,,,TCP,2948,"1779587670.522417 IP (tos 0x0, ttl 64, id 13577, offset 0, flags [DF], proto TCP (6), length 2948)"
1779587670.522430,,,TCP,5844,"1779587670.522430 IP (tos 0x0, ttl 64, id 13579, offset 0, flags [DF], proto TCP (6), length 5844)"
1779587670.522442,,,TCP,5844,"1779587670.522442 IP (tos 0x0, ttl 64, id 13583, offset 0, flags [DF], proto TCP (6), length 5844)"
1779587670.522456,,,TCP,5844,"1779587670.522456 IP (tos 0x0, ttl 64, id 13587, offset 0, flags [DF], proto TCP (6), length 5844)"
1779587670.522577,,,TCP,5844,"1779587670.522577 IP (tos 0x0, ttl 64, id 13591, offset 0, flags [DF], proto TCP (6), length 5844)"
1779587670.522596,,,TCP,5844,"1779587670.522596 IP (tos 0x0, ttl 64, id 13595, offset 0, flags [DF], proto TCP (6), length 5844)"
1779587670.522611,,,TCP,5844,"1779587670.522611 IP (tos 0x0, ttl 64, id 13599, offset 0, flags [DF], proto TCP (6), length 5844)"
1779587670.522624,,,TCP,5844,"1779587670.522624 IP (tos 0x0, ttl 64, id 13603, offset 0, flags [DF], proto TCP (6), length 5844)"
1779587670.522712,,,TCP,5844,"1779587670.522712 IP (tos 0x0, ttl 64, id 13607, offset 0, flags [DF], proto TCP (6), length 5844)"
1779587670.522745,,,TCP,5844,"1779587670.522745 IP (tos 0x0, ttl 64, id 13611, offset 0, flags [DF], proto TCP (6), length 5844)"
1779587670.522769,,,TCP,52,"1779587670.522769 IP (tos 0x0, ttl 64, id 53600, offset 0, flags [DF], proto TCP (6), length 52)"
1779587670.522780,,,TCP,52,"1779587670.522780 IP (tos 0x0, ttl 64, id 53601, offset 0, flags [DF], proto TCP (6), length 52)"
1779587670.522784,,,TCP,52,"1779587670.522784 IP (tos 0x0, ttl 64, id 53602, offset 0, flags [DF], proto TCP (6), length 52)"
1779587670.522785,,,TCP,52,"1779587670.522785 IP (tos 0x0, ttl 64, id 53603, offset 0, flags [DF], proto TCP (6), length 52)"
1779587670.522823,,,TCP,52,"1779587670.522823 IP (tos 0x0, ttl 64, id 53604, offset 0, flags [DF], proto TCP (6), length 52)"
1779587670.522824,,,TCP,52,"1779587670.522824 IP (tos 0x0, ttl 64, id 53605, offset 0, flags [DF], proto TCP (6), length 52)"
1779587670.522825,,,TCP,52,"1779587670.522825 IP (tos 0x0, ttl 64, id 53606, offset 0, flags [DF], proto TCP (6), length 52)"
1779587670.522826,,,TCP,52,"1779587670.522826 IP (tos 0x0, ttl 64, id 53607, offset 0, flags [DF], proto TCP (6), length 52)"
1779587670.522827,,,TCP,52,"1779587670.522827 IP (tos 0x0, ttl 64, id 53608, offset 0, flags [DF], proto TCP (6), length 52)"
1779587670.522861,,,TCP,5844,"1779587670.522861 IP (tos 0x0, ttl 64, id 13615, offset 0, flags [DF], proto TCP (6), length 5844)"
1779587670.522876,,,TCP,5844,"1779587670.522876 IP (tos 0x0, ttl 64, id 13619, offset 0, flags [DF], proto TCP (6), length 5844)"
1779587670.522902,,,TCP,1500,"1779587670.522902 IP (tos 0x0, ttl 64, id 13623, offset 0, flags [DF], proto TCP (6), length 1500)"
1779587670.522916,,,TCP,7292,"1779587670.522916 IP (tos 0x0, ttl 64, id 13624, offset 0, flags [DF], proto TCP (6), length 7292)"
1779587670.522928,,,TCP,7292,"1779587670.522928 IP (tos 0x0, ttl 64, id 13629, offset 0, flags [DF], proto TCP (6), length 7292)"
1779587670.522940,,,TCP,7292,"1779587670.522940 IP (tos 0x0, ttl 64, id 13634, offset 0, flags [DF], proto TCP (6), length 7292)"
1779587670.522951,,,TCP,7292,"1779587670.522951 IP (tos 0x0, ttl 64, id 13639, offset 0, flags [DF], proto TCP (6), length 7292)"
1779587670.522966,,,TCP,7292,"1779587670.522966 IP (tos 0x0, ttl 64, id 13644, offset 0, flags [DF], proto TCP (6), length 7292)"
1779587670.522979,,,TCP,7292,"1779587670.522979 IP (tos 0x0, ttl 64, id 13649, offset 0, flags [DF], proto TCP (6), length 7292)"
1779587670.522990,,,TCP,7292,"1779587670.522990 IP (tos 0x0, ttl 64, id 13654, offset 0, flags [DF], proto TCP (6), length 7292)"
1779587670.523000,,,TCP,7292,"1779587670.523000 IP (tos 0x0, ttl 64, id 13659, offset 0, flags [DF], proto TCP (6), length 7292)"
1779587670.523049,,,TCP,52,"1779587670.523049 IP (tos 0x0, ttl 64, id 53609, offset 0, flags [DF], proto TCP (6), length 52)"
1779587670.523091,,,TCP,7292,"1779587670.523091 IP (tos 0x0, ttl 64, id 13664, offset 0, flags [DF], proto TCP (6), length 7292)"
1779587670.523096,,,TCP,8740,"1779587670.523096 IP (tos 0x0, ttl 64, id 13669, offset 0, flags [DF], proto TCP (6), length 8740)"
1779587670.523099,,,TCP,8740,"1779587670.523099 IP (tos 0x0, ttl 64, id 13675, offset 0, flags [DF], proto TCP (6), length 8740)"
1779587670.523119,,,TCP,8740,"1779587670.523119 IP (tos 0x0, ttl 64, id 13681, offset 0, flags [DF], proto TCP (6), length 8740)"
1779587670.523124,,,TCP,8740,"1779587670.523124 IP (tos 0x0, ttl 64, id 13687, offset 0, flags [DF], proto TCP (6), length 8740)"
1779587670.523141,,,TCP,8740,"1779587670.523141 IP (tos 0x0, ttl 64, id 13693, offset 0, flags [DF], proto TCP (6), length 8740)"
1779587670.523145,,,TCP,8740,"1779587670.523145 IP (tos 0x0, ttl 64, id 13699, offset 0, flags [DF], proto TCP (6), length 8740)"
1779587670.570730,,,TCP,52,"1779587670.570730 IP (tos 0x0, ttl 64, id 53610, offset 0, flags [DF], proto TCP (6), length 52)"
1779587670.570734,,,TCP,52,"1779587670.570734 IP (tos 0x0, ttl 64, id 53611, offset 0, flags [DF], proto TCP (6), length 52)"
1779587670.570734,,,TCP,64,"1779587670.570734 IP (tos 0x0, ttl 64, id 53612, offset 0, flags [DF], proto TCP (6), length 64)"
1779587670.570734,,,TCP,52,"1779587670.570734 IP (tos 0x0, ttl 64, id 53613, offset 0, flags [DF], proto TCP (6), length 52)"
1779587670.570735,,,TCP,52,"1779587670.570735 IP (tos 0x0, ttl 64, id 53614, offset 0, flags [DF], proto TCP (6), length 52)"
1779587670.570736,,,TCP,52,"1779587670.570736 IP (tos 0x0, ttl 64, id 53615, offset 0, flags [DF], proto TCP (6), length 52)"
1779587670.570826,,,TCP,2948,"1779587670.570826 IP (tos 0x0, ttl 64, id 13705, offset 0, flags [DF], proto TCP (6), length 2948)"
1779587670.570877,,,TCP,8740,"1779587670.570877 IP (tos 0x0, ttl 64, id 13707, offset 0, flags [DF], proto TCP (6), length 8740)"
1779587670.570883,,,TCP,4396,"1779587670.570883 IP (tos 0x0, ttl 64, id 13713, offset 0, flags [DF], proto TCP (6), length 4396)"
1779587670.570910,,,TCP,1500,"1779587670.570910 IP (tos 0x0, ttl 64, id 13716, offset 0, flags [DF], proto TCP (6), length 1500)"
1779587670.570912,,,TCP,8740,"1779587670.570912 IP (tos 0x0, ttl 64, id 13717, offset 0, flags [DF], proto TCP (6), length 8740)"
1779587670.570914,,,TCP,8740,"1779587670.570914 IP (tos 0x0, ttl 64, id 13723, offset 0, flags [DF], proto TCP (6), length 8740)"
1779587670.570920,,,TCP,8740,"1779587670.570920 IP (tos 0x0, ttl 64, id 13729, offset 0, flags [DF], proto TCP (6), length 8740)"
1779587670.571976,,,TCP,2948,"1779587670.571976 IP (tos 0x0, ttl 64, id 13735, offset 0, flags [DF], proto TCP (6), length 2948)"
1779587670.572419,,,TCP,52,"1779587670.572419 IP (tos 0x0, ttl 64, id 53616, offset 0, flags [DF], proto TCP (6), length 52)"
1779587670.572423,,,TCP,52,"1779587670.572423 IP (tos 0x0, ttl 64, id 53617, offset 0, flags [DF], proto TCP (6), length 52)"
1779587670.572424,,,TCP,52,"1779587670.572424 IP (tos 0x0, ttl 64, id 53618, offset 0, flags [DF], proto TCP (6), length 52)"
1779587670.572424,,,TCP,52,"1779587670.572424 IP (tos 0x0, ttl 64, id 53619, offset 0, flags [DF], proto TCP (6), length 52)"
1779587670.572428,,,TCP,52,"1779587670.572428 IP (tos 0x0, ttl 64, id 53620, offset 0, flags [DF], proto TCP (6), length 52)"
1779587670.572428,,,TCP,52,"1779587670.572428 IP (tos 0x0, ttl 64, id 53621, offset 0, flags [DF], proto TCP (6), length 52)"
1779587670.572510,,,TCP,8740,"1779587670.572510 IP (tos 0x0, ttl 64, id 13737, offset 0, flags [DF], proto TCP (6), length 8740)"
1779587670.572519,,,TCP,52,"1779587670.572519 IP (tos 0x0, ttl 64, id 53622, offset 0, flags [DF], proto TCP (6), length 52)"
1779587670.572520,,,TCP,52,"1779587670.572520 IP (tos 0x0, ttl 64, id 53623, offset 0, flags [DF], proto TCP (6), length 52)"
1779587670.572521,,,TCP,52,"1779587670.572521 IP (tos 0x0, ttl 64, id 53624, offset 0, flags [DF], proto TCP (6), length 52)"
1779587670.572522,,,TCP,8740,"1779587670.572522 IP (tos 0x0, ttl 64, id 13743, offset 0, flags [DF], proto TCP (6), length 8740)"
1779587670.572526,,,TCP,10188,"1779587670.572526 IP (tos 0x0, ttl 64, id 13749, offset 0, flags [DF], proto TCP (6), length 10188)"
1779587670.572554,,,TCP,8740,"1779587670.572554 IP (tos 0x0, ttl 64, id 13756, offset 0, flags [DF], proto TCP (6), length 8740)"
1779587670.572558,,,TCP,10188,"1779587670.572558 IP (tos 0x0, ttl 64, id 13762, offset 0, flags [DF], proto TCP (6), length 10188)"
1779587670.572561,,,TCP,10188,"1779587670.572561 IP (tos 0x0, ttl 64, id 13769, offset 0, flags [DF], proto TCP (6), length 10188)"
1779587670.572594,,,TCP,52,"1779587670.572594 IP (tos 0x0, ttl 64, id 53625, offset 0, flags [DF], proto TCP (6), length 52)"
1779587670.572638,,,TCP,10188,"1779587670.572638 IP (tos 0x0, ttl 64, id 13776, offset 0, flags [DF], proto TCP (6), length 10188)"
1779587670.572650,,,TCP,52,"1779587670.572650 IP (tos 0x0, ttl 64, id 53626, offset 0, flags [DF], proto TCP (6), length 52)"
1779587670.572651,,,TCP,52,"1779587670.572651 IP (tos 0x0, ttl 64, id 53627, offset 0, flags [DF], proto TCP (6), length 52)"
1779587670.572671,,,TCP,10188,"1779587670.572671 IP (tos 0x0, ttl 64, id 13783, offset 0, flags [DF], proto TCP (6), length 10188)"
1779587670.572679,,,TCP,10188,"1779587670.572679 IP (tos 0x0, ttl 64, id 13790, offset 0, flags [DF], proto TCP (6), length 10188)"
1779587670.572692,,,TCP,11636,"1779587670.572692 IP (tos 0x0, ttl 64, id 13797, offset 0, flags [DF], proto TCP (6), length 11636)"
1779587670.572699,,,TCP,2948,"1779587670.572699 IP (tos 0x0, ttl 64, id 13805, offset 0, flags [DF], proto TCP (6), length 2948)"
1779587670.572705,,,TCP,11636,"1779587670.572705 IP (tos 0x0, ttl 64, id 13807, offset 0, flags [DF], proto TCP (6), length 11636)"
1779587670.572733,,,TCP,52,"1779587670.572733 IP (tos 0x0, ttl 64, id 53629, offset 0, flags [DF], proto TCP (6), length 52)"
1779587670.572748,,,TCP,11636,"1779587670.572748 IP (tos 0x0, ttl 64, id 13815, offset 0, flags [DF], proto TCP (6), length 11636)"
1779587670.572756,,,TCP,52,"1779587670.572756 IP (tos 0x0, ttl 64, id 53630, offset 0, flags [DF], proto TCP (6), length 52)"
1779587670.572759,,,TCP,11636,"1779587670.572759 IP (tos 0x0, ttl 64, id 13823, offset 0, flags [DF], proto TCP (6), length 11636)"
1779587670.572770,,,TCP,11636,"1779587670.572770 IP (tos 0x0, ttl 64, id 13831, offset 0, flags [DF], proto TCP (6), length 11636)"
1779587670.572905,,,TCP,52,"1779587670.572905 IP (tos 0x0, ttl 64, id 53631, offset 0, flags [DF], proto TCP (6), length 52)"
1779587670.572912,,,TCP,52,"1779587670.572912 IP (tos 0x0, ttl 64, id 53632, offset 0, flags [DF], proto TCP (6), length 52)"
1779587670.572914,,,TCP,52,"1779587670.572914 IP (tos 0x0, ttl 64, id 53633, offset 0, flags [DF], proto TCP (6), length 52)"
1779587670.572962,,,TCP,11636,"1779587670.572962 IP (tos 0x0, ttl 64, id 13839, offset 0, flags [DF], proto TCP (6), length 11636)"
1779587670.572970,,,TCP,52,"1779587670.572970 IP (tos 0x0, ttl 64, id 53634, offset 0, flags [DF], proto TCP (6), length 52)"
1779587670.572971,,,TCP,52,"1779587670.572971 IP (tos 0x0, ttl 64, id 53635, offset 0, flags [DF], proto TCP (6), length 52)"
1779587670.572971,,,TCP,52,"1779587670.572971 IP (tos 0x0, ttl 64, id 53636, offset 0, flags [DF], proto TCP (6), length 52)"
1779587670.572972,,,TCP,52,"1779587670.572972 IP (tos 0x0, ttl 64, id 53637, offset 0, flags [DF], proto TCP (6), length 52)"
1779587670.572974,,,TCP,7292,"1779587670.572974 IP (tos 0x0, ttl 64, id 13847, offset 0, flags [DF], proto TCP (6), length 7292)"
1779587670.572977,,,TCP,13084,"1779587670.572977 IP (tos 0x0, ttl 64, id 13852, offset 0, flags [DF], proto TCP (6), length 13084)"
1779587670.573003,,,TCP,13084,"1779587670.573003 IP (tos 0x0, ttl 64, id 13861, offset 0, flags [DF], proto TCP (6), length 13084)"
1779587670.573008,,,TCP,13084,"1779587670.573008 IP (tos 0x0, ttl 64, id 13870, offset 0, flags [DF], proto TCP (6), length 13084)"
1779587670.573019,,,TCP,13084,"1779587670.573019 IP (tos 0x0, ttl 64, id 13879, offset 0, flags [DF], proto TCP (6), length 13084)"
1779587670.573023,,,TCP,13084,"1779587670.573023 IP (tos 0x0, ttl 64, id 13888, offset 0, flags [DF], proto TCP (6), length 13084)"
1779587670.574134,,,TCP,8740,"1779587670.574134 IP (tos 0x0, ttl 64, id 13897, offset 0, flags [DF], proto TCP (6), length 8740)"
1779587670.621015,,,TCP,52,"1779587670.621015 IP (tos 0x0, ttl 64, id 53639, offset 0, flags [DF], proto TCP (6), length 52)"
1779587670.621020,,,TCP,52,"1779587670.621020 IP (tos 0x0, ttl 64, id 53640, offset 0, flags [DF], proto TCP (6), length 52)"
1779587670.621021,,,TCP,64,"1779587670.621021 IP (tos 0x0, ttl 64, id 53641, offset 0, flags [DF], proto TCP (6), length 64)"
1779587670.621021,,,TCP,52,"1779587670.621021 IP (tos 0x0, ttl 64, id 53642, offset 0, flags [DF], proto TCP (6), length 52)"
1779587670.621022,,,TCP,52,"1779587670.621022 IP (tos 0x0, ttl 64, id 53643, offset 0, flags [DF], proto TCP (6), length 52)"
1779587670.621022,,,TCP,52,"1779587670.621022 IP (tos 0x0, ttl 64, id 53644, offset 0, flags [DF], proto TCP (6), length 52)"
1779587670.621023,,,TCP,52,"1779587670.621023 IP (tos 0x0, ttl 64, id 53645, offset 0, flags [DF], proto TCP (6), length 52)"
1779587670.621122,,,TCP,15980,"1779587670.621122 IP (tos 0x0, ttl 64, id 13903, offset 0, flags [DF], proto TCP (6), length 15980)"
1779587670.621176,,,TCP,15980,"1779587670.621176 IP (tos 0x0, ttl 64, id 13914, offset 0, flags [DF], proto TCP (6), length 15980)"
1779587670.621197,,,TCP,15980,"1779587670.621197 IP (tos 0x0, ttl 64, id 13925, offset 0, flags [DF], proto TCP (6), length 15980)"
1779587670.621199,,,TCP,8740,"1779587670.621199 IP (tos 0x0, ttl 64, id 13936, offset 0, flags [DF], proto TCP (6), length 8740)"
1779587670.621230,,,TCP,17428,"1779587670.621230 IP (tos 0x0, ttl 64, id 13942, offset 0, flags [DF], proto TCP (6), length 17428)"
1779587670.621249,,,TCP,17428,"1779587670.621249 IP (tos 0x0, ttl 64, id 13954, offset 0, flags [DF], proto TCP (6), length 17428)"
1779587670.621255,,,TCP,17428,"1779587670.621255 IP (tos 0x0, ttl 64, id 13966, offset 0, flags [DF], proto TCP (6), length 17428)"
1779587670.621269,,,TCP,13084,"1779587670.621269 IP (tos 0x0, ttl 64, id 13978, offset 0, flags [DF], proto TCP (6), length 13084)"
1779587670.621274,,,TCP,17428,"1779587670.621274 IP (tos 0x0, ttl 64, id 13987, offset 0, flags [DF], proto TCP (6), length 17428)"
1779587670.621279,,,TCP,17428,"1779587670.621279 IP (tos 0x0, ttl 64, id 13999, offset 0, flags [DF], proto TCP (6), length 17428)"
1779587670.621506,,,TCP,17428,"1779587670.621506 IP (tos 0x0, ttl 64, id 14011, offset 0, flags [DF], proto TCP (6), length 17428)"
1779587670.621517,,,TCP,13084,"1779587670.621517 IP (tos 0x0, ttl 64, id 14023, offset 0, flags [DF], proto TCP (6), length 13084)"
1779587670.621525,,,TCP,17428,"1779587670.621525 IP (tos 0x0, ttl 64, id 14032, offset 0, flags [DF], proto TCP (6), length 17428)"
1779587670.621547,,,TCP,17428,"1779587670.621547 IP (tos 0x0, ttl 64, id 14044, offset 0, flags [DF], proto TCP (6), length 17428)"
1779587670.621555,,,TCP,17428,"1779587670.621555 IP (tos 0x0, ttl 64, id 14056, offset 0, flags [DF], proto TCP (6), length 17428)"
1779587670.621566,,,TCP,13084,"1779587670.621566 IP (tos 0x0, ttl 64, id 14068, offset 0, flags [DF], proto TCP (6), length 13084)"
1779587670.622048,,,TCP,52,"1779587670.622048 IP (tos 0x0, ttl 64, id 53646, offset 0, flags [DF], proto TCP (6), length 52)"
1779587670.622570,,,TCP,52,"1779587670.622570 IP (tos 0x0, ttl 64, id 53647, offset 0, flags [DF], proto TCP (6), length 52)"
1779587670.622572,,,TCP,52,"1779587670.622572 IP (tos 0x0, ttl 64, id 53648, offset 0, flags [DF], proto TCP (6), length 52)"
1779587670.622573,,,TCP,52,"1779587670.622573 IP (tos 0x0, ttl 64, id 53649, offset 0, flags [DF], proto TCP (6), length 52)"
1779587670.622573,,,TCP,52,"1779587670.622573 IP (tos 0x0, ttl 64, id 53650, offset 0, flags [DF], proto TCP (6), length 52)"
1779587670.622574,,,TCP,52,"1779587670.622574 IP (tos 0x0, ttl 64, id 53651, offset 0, flags [DF], proto TCP (6), length 52)"
1779587670.622579,,,TCP,52,"1779587670.622579 IP (tos 0x0, ttl 64, id 53652, offset 0, flags [DF], proto TCP (6), length 52)"
1779587670.622696,,,TCP,18876,"1779587670.622696 IP (tos 0x0, ttl 64, id 14077, offset 0, flags [DF], proto TCP (6), length 18876)"
1779587670.622712,,,TCP,52,"1779587670.622712 IP (tos 0x0, ttl 64, id 53653, offset 0, flags [DF], proto TCP (6), length 52)"
1779587670.622713,,,TCP,52,"1779587670.622713 IP (tos 0x0, ttl 64, id 53654, offset 0, flags [DF], proto TCP (6), length 52)"
1779587670.622713,,,TCP,52,"1779587670.622713 IP (tos 0x0, ttl 64, id 53655, offset 0, flags [DF], proto TCP (6), length 52)"
1779587670.622714,,,TCP,52,"1779587670.622714 IP (tos 0x0, ttl 64, id 53656, offset 0, flags [DF], proto TCP (6), length 52)"
1779587670.622714,,,TCP,52,"1779587670.622714 IP (tos 0x0, ttl 64, id 53657, offset 0, flags [DF], proto TCP (6), length 52)"
1779587670.622714,,,TCP,52,"1779587670.622714 IP (tos 0x0, ttl 64, id 53658, offset 0, flags [DF], proto TCP (6), length 52)"
1779587670.622717,,,TCP,18876,"1779587670.622717 IP (tos 0x0, ttl 64, id 14090, offset 0, flags [DF], proto TCP (6), length 18876)"
1779587670.622745,,,TCP,18876,"1779587670.622745 IP (tos 0x0, ttl 64, id 14103, offset 0, flags [DF], proto TCP (6), length 18876)"
1779587670.622749,,,TCP,8740,"1779587670.622749 IP (tos 0x0, ttl 64, id 14116, offset 0, flags [DF], proto TCP (6), length 8740)"
1779587670.622761,,,TCP,1724,"1779587670.622761 IP (tos 0x0, ttl 64, id 14122, offset 0, flags [DF], proto TCP (6), length 1724)"
1779587670.622765,,,TCP,52,"1779587670.622765 IP (tos 0x0, ttl 64, id 53659, offset 0, flags [DF], proto TCP (6), length 52)"
1779587670.622765,,,TCP,52,"1779587670.622765 IP (tos 0x0, ttl 64, id 53660, offset 0, flags [DF], proto TCP (6), length 52)"
1779587670.622864,,,TCP,52,"1779587670.622864 IP (tos 0x0, ttl 64, id 53661, offset 0, flags [DF], proto TCP (6), length 52)"
1779587670.623044,,,TCP,52,"1779587670.623044 IP (tos 0x0, ttl 64, id 53662, offset 0, flags [DF], proto TCP (6), length 52)"
1779587670.623046,,,TCP,52,"1779587670.623046 IP (tos 0x0, ttl 64, id 53663, offset 0, flags [DF], proto TCP (6), length 52)"
1779587670.623046,,,TCP,52,"1779587670.623046 IP (tos 0x0, ttl 64, id 53664, offset 0, flags [DF], proto TCP (6), length 52)"
1779587670.623047,,,TCP,52,"1779587670.623047 IP (tos 0x0, ttl 64, id 53665, offset 0, flags [DF], proto TCP (6), length 52)"
1779587670.623047,,,TCP,52,"1779587670.623047 IP (tos 0x0, ttl 64, id 53666, offset 0, flags [DF], proto TCP (6), length 52)"
1779587670.623047,,,TCP,52,"1779587670.623047 IP (tos 0x0, ttl 64, id 53667, offset 0, flags [DF], proto TCP (6), length 52)"
1779587670.623048,,,TCP,52,"1779587670.623048 IP (tos 0x0, ttl 64, id 53668, offset 0, flags [DF], proto TCP (6), length 52)"
1779587670.624187,,,TCP,52,"1779587670.624187 IP (tos 0x0, ttl 64, id 53669, offset 0, flags [DF], proto TCP (6), length 52)"
1779587670.671371,,,TCP,52,"1779587670.671371 IP (tos 0x0, ttl 64, id 53670, offset 0, flags [DF], proto TCP (6), length 52)"
1779587670.671375,,,TCP,52,"1779587670.671375 IP (tos 0x0, ttl 64, id 53671, offset 0, flags [DF], proto TCP (6), length 52)"
1779587670.671376,,,TCP,52,"1779587670.671376 IP (tos 0x0, ttl 64, id 53672, offset 0, flags [DF], proto TCP (6), length 52)"
1779587670.671376,,,TCP,52,"1779587670.671376 IP (tos 0x0, ttl 64, id 53673, offset 0, flags [DF], proto TCP (6), length 52)"
1779587670.671376,,,TCP,52,"1779587670.671376 IP (tos 0x0, ttl 64, id 53674, offset 0, flags [DF], proto TCP (6), length 52)"
1779587670.671377,,,TCP,52,"1779587670.671377 IP (tos 0x0, ttl 64, id 53676, offset 0, flags [DF], proto TCP (6), length 52)"
1779587670.671377,,,TCP,52,"1779587670.671377 IP (tos 0x0, ttl 64, id 53677, offset 0, flags [DF], proto TCP (6), length 52)"
1779587670.671377,,,TCP,52,"1779587670.671377 IP (tos 0x0, ttl 64, id 53678, offset 0, flags [DF], proto TCP (6), length 52)"
1779587670.671492,,,TCP,52,"1779587670.671492 IP (tos 0x0, ttl 64, id 53679, offset 0, flags [DF], proto TCP (6), length 52)"
1779587670.671637,,,TCP,52,"1779587670.671637 IP (tos 0x0, ttl 64, id 53682, offset 0, flags [DF], proto TCP (6), length 52)"
1779587670.671641,,,TCP,52,"1779587670.671641 IP (tos 0x0, ttl 64, id 53684, offset 0, flags [DF], proto TCP (6), length 52)"
1779587670.671641,,,TCP,52,"1779587670.671641 IP (tos 0x0, ttl 64, id 53685, offset 0, flags [DF], proto TCP (6), length 52)"
1779587670.672807,,,TCP,52,"1779587670.672807 IP (tos 0x0, ttl 64, id 53686, offset 0, flags [DF], proto TCP (6), length 52)"
1779587670.672811,,,TCP,52,"1779587670.672811 IP (tos 0x0, ttl 64, id 53687, offset 0, flags [DF], proto TCP (6), length 52)"
1779587670.672811,,,TCP,52,"1779587670.672811 IP (tos 0x0, ttl 64, id 53688, offset 0, flags [DF], proto TCP (6), length 52)"
1779587670.673196,,,TCP,52,"1779587670.673196 IP (tos 0x0, ttl 64, id 53690, offset 0, flags [DF], proto TCP (6), length 52)"
1779587670.695941,,,TCP,52,"1779587670.695941 IP (tos 0x0, ttl 64, id 53691, offset 0, flags [DF], proto TCP (6), length 52)"
1779587670.696147,,,TCP,52,"1779587670.696147 IP (tos 0x0, ttl 64, id 0, offset 0, flags [DF], proto TCP (6), length 52)"
1779587671.384117,,,TCP,52,"1779587671.384117 IP (tos 0x0, ttl 64, id 11964, offset 0, flags [DF], proto TCP (6), length 52)"
1779587671.384422,,,TCP,52,"1779587671.384422 IP (tos 0x0, ttl 64, id 0, offset 0, flags [DF], proto TCP (6), length 52)"
